wavenumber,PMMA 10ppm-1,PMMA 10ppm-2,PMMA 10ppm-3,PMMA 50ppm-1,PMMA 50ppm-2,PMMA 50ppm-3,PMMA 100ppm-1,PMMA 100ppm-2,PMMA 100ppm-3,PMMA 200ppm-1,PMMA 200ppm-2,PMMA 200ppm-3
376.82,162.36,230.48,209.82,332.21,384.6,364.37,306.86,313.72,284.78,351.18,350.44,305.34
378.98,130.5,125.05,152.21,294.31,334.14,280.54,249.46,218.57,200.84,239.62,218.33,216.54
381.15,124.66,84.28,144.3,262.18,288.1,240.13,224.47,178.15,147.97,175.57,152.7,178.54
383.32,122.75,124.07,76.83,254.42,258.42,229.06,193.81,183.38,129.75,123,117.51,172.3
385.48,123.11,115.83,109.11,262.7,223.77,245.67,160.15,151.93,130.19,152.9,110.11,174.81
387.64,119.39,106.18,108.66,281.34,220.47,259.96,149.49,167.47,161.27,147.28,149.49,174.09
389.8,132.05,117.91,132.08,288.13,202.98,268.7,206.61,200.43,195.45,158.25,187.75,171.9
391.96,127.31,113.24,116.62,268.96,234.17,232.46,202.39,257.71,228.95,127.69,199.79,201.8
394.12,117.72,158.39,89.64,252.38,223.94,200.12,257.72,268.2,238.31,174.84,187.17,216.68
396.28,126.29,167.37,86.48,181.38,194.29,182.67,245.61,239.23,246.22,228.01,214.55,226.21
398.44,142.9,144.39,76.04,189.2,189.11,155.68,254.26,240.01,245.88,207.43,193.15,170.61
400.6,107.92,79.01,56.54,185.38,172.27,136.03,191.92,186.11,190.86,119.33,144.85,98.43
402.75,54.18,18.51,67.75,235.03,194.24,152.5,170.67,195.64,169.26,61.15,85.78,101.45
404.91,40.15,32.56,87.01,205.83,154.66,142.75,161.2,155.25,155.75,80.89,87.27,78.67
407.06,49.35,26.38,82.32,160.1,131.55,129.13,147.83,120.96,165.99,74.46,57.63,95.09
409.21,62.08,40.34,80.67,130.52,93.91,84.62,127.56,73.75,146.66,48.03,43.55,30.3
411.36,56.86,40.53,57.08,91.73,76.05,75.23,113.39,51.3,126.75,0.88,44.03,22.18
413.51,75.02,50.04,72.2,103.09,69,90.62,117.66,105.61,130.59,28.36,81.75,46.2
415.66,103.33,62.43,100.82,101.36,69.51,74.24,138.13,145.78,126.63,77.79,122.45,47.29
417.81,94.03,64.87,122.82,101.77,74.48,57.31,141.38,181.37,85.42,91.44,103.36,68.1
419.96,77.56,112.14,142.31,60.76,56.02,59.94,110.83,149.16,56.08,63.96,74.28,21.9
422.11,52.02,137.35,118.75,43.77,44.91,82.24,66.27,101.26,35.04,34.46,67.97,20.81
424.25,96.87,130.95,122.24,46.26,44.93,116.98,63.14,59.44,69.42,20.81,48.49,0
426.4,121.11,108.93,92.78,49.88,50.73,79.18,63.44,64.37,121.21,26.01,72.28,33.04
428.54,108.5,114.73,57.89,34.74,47.77,96.26,67.62,87.17,135.2,5.19,32.42,38.7
430.68,58.39,134.7,35.09,18.05,68.05,69.24,109,83.49,150.72,51.65,52.26,105.93
432.82,23.27,124.95,31.9,23.52,110.67,75.88,124.69,89.45,140.21,47.83,53.81,126.96
434.97,12.33,71.24,31.9,10.55,101.18,28.31,113.82,48.5,118.78,77.43,53.81,152.2
437.11,1.82,28.67,12.37,10.55,51.6,18.99,38.56,39.1,66.57,30.98,33.98,84.97
439.24,10.67,3.67,15.9,0,0,2.42,2.59,4.12,13.06,29.6,0,30.89
441.38,10.67,0,15.9,0,0,0,0,0,0,0,0,0
443.52,9.99,0,17.88,0,0,0,0,0,0,0,0,0
445.65,22.37,9.42,1.98,27.42,0,0,12.63,0,0,7.72,0,0
447.79,55.9,29.95,44.44,35.13,11.56,36.04,53.74,80.71,32.69,34.81,63.02,13.58
449.92,72.95,29.95,43.14,35.13,11.56,37.51,104.36,117.77,91.77,37.36,69.32,30.42
452.05,51.73,20.53,74.05,7.7,11.56,37.51,111.54,126.52,136.28,29.64,109.64,30.42
454.19,18.2,0,31.59,0,0,1.47,100.37,49.83,113.1,27.15,46.61,16.85
456.32,0,13.51,32.68,0,0,0,51.06,12.78,71.78,33,86.54,0.71
458.45,14.38,15.57,2.16,0,14.45,0,49.5,28.36,50.87,33,46.23,7.28
460.57,14.38,15.57,2.16,0,14.45,0,23.58,42.24,48.25,8.4,46.23,7.28
462.7,14.38,2.05,0.39,0,14.45,0,22.28,42.24,30.49,0,0,6.57
464.83,0,0,0,0,0,0,4.02,17.91,6.9,0,0,0
466.95,0,0,0,0,0,0,0,4.23,0,0,0,0
469.08,0,0,0,0,0,0,0,32.24,0,0,0,0
471.2,0,0,0,0,0,0,0,32.24,0,0,0,0
473.32,0,0,0,0,0,0,0,28.01,0,0,0,0
475.45,0,0,0,0,0,0,0,0,0,0,0,0
477.57,0,0,0,0,0,0,0,0,0,0,0,0
479.69,0,0,0,0,0,0,0,0,0,0,0,0
481.8,0,0,0,0,0,0,0,0,0,0,0,0
483.92,0,0,0,0,0,0,0,0,0,0,0,0
486.04,0,0,0,0,0,0,0,0,0,0,0,0
488.15,0,0,0,0,0,0,0,0,0,0,0,0
490.27,0,0,0,0,0,0,0,0,0,0,0,0
492.38,0,0,0,0,0,0,0,0,0,0,0,0
494.49,0,0,0,0,0,0,0,0,0,0,0,0
496.61,0,0,0,0,0,0,0,0,0,0,0,0
498.72,0,0,0,0,0,0,0,0,0,0,0,0
500.83,0,0,16.28,6.04,0,0,0,0.62,0,0,27.92,0
502.93,0,0,16.28,6.04,0,0,0,0.62,0,0,27.92,0
505.04,0,0,16.28,6.04,0,0,0,0.62,0,0,27.92,0
507.15,0,0,0,0,0,0,0,0,0,0,0,0
509.25,0,0,0,0,0,0,0,0,0,0,0,0
511.36,0,0,0,0,0,0,0,0,0,0,0,0
513.46,0,0,0,0,0,0,0,0,0,0,0,0
515.56,0,0,0,0,0,0,0,0,0,0,0,0
517.66,0,0,0,0,0,0,0,0,0,0,0,0
519.76,0,0,0,0,0,0,0,0,0,0,0,0
521.86,0,0,0,0,0,0,0,0,0,0,0,0
523.96,0,0,0,0,0,0,0,0,0,0,0,0
526.06,0,0,0,0,0,0,0,0,0,0,0,0
528.16,0,0,0,0,0,0,0,0,0,0,0,0
530.25,0,0,0,0,0,0,0,0,0,0,0,0
532.35,0,0,0,0,0,0,0,0,0,0,0,0
534.44,0,0,0,0,0,0,0,0,0,0,0,0
536.53,0,0,0,0,0,0,0,0,0,0,0,0
538.62,0,0,0,0,0,0,0,0,0,0,0,0
540.71,0,0,0,0,0,0,0,0,0,0,0,0
542.8,0,0,0,0,0,0,0,0,0,0,0,0
544.89,0,0,0,0,0,0,19.25,12.38,3.55,37.79,0,56.03
546.98,34.26,0,0,0,0,0,80.16,69.46,54.16,117.24,129.74,150.9
549.06,34.26,0,0,8.8,11.29,0,163.41,137.25,105.52,209.75,251.66,226.68
551.15,34.26,0,13.5,8.8,26.51,0,199.12,222.73,156.76,274.28,357.16,273.4
553.23,0,0,13.5,8.8,26.51,0,178,232.04,159.84,269.13,373.69,256.74
555.32,0,0,13.5,0,15.22,6.98,115.39,201.19,153.08,287.32,320.85,259.38
557.4,0,0,0,0,0,6.98,86.95,109.51,119.83,239.5,255.33,240.64
559.48,0,0,0,0,0,6.98,47.16,43.11,66.14,208.46,129.22,164.98
561.56,0,0,0,0,0,0,26.52,6.17,21.53,97.76,94.54,139.05
563.64,0,0,0,0,0,0,10.93,11.99,35.1,86.26,138.6,86.86
565.72,0,0,0,0,0,0,10.93,30.4,61.32,127.86,173.75,139.4
567.8,0,0,0,0,0,0,10.93,30.4,61.32,143.11,214.43,106.46
569.87,0,13.37,0,0,0,0,0,18.41,26.22,158.7,138.86,103.92
571.95,0,13.37,0,0,0,0,0,0,0,73.84,83.56,48.83
574.02,0,13.37,0,0,0,0,0,0,0,58.59,56.27,29.28
576.09,0,0,0,0,0,0,0,0,0,0,47.79,0
578.17,0,0,0,0,0,0,0,0,0,0,47.79,0
580.24,0,0,0,0,0,0,0,0,0,0,0,0
582.31,0,0,0,0,0,0,0,0,0,0,0,0
584.38,0,0,0,0,0,0,0,0,0,0,0,0
586.45,0,0,0,0,0,0,0,0,0,0,0,0
588.51,0,0,0,0,0,0,0,0,0,0,0,0
590.58,0,0,0,0,0,0,0,0,0,0,2.63,0
592.64,0,8.99,0,0,3.56,7.38,0,0,0,41.37,69.69,32.93
594.71,0,26.25,3.18,48.01,20.6,51.3,9.77,37.58,28.05,139.59,196.59,151.31
596.77,9.75,80.7,11.96,71.35,56.05,82.01,77.79,117.06,99.35,270.63,338.64,337.42
598.83,17.18,84.6,37.58,103.94,66.94,118.39,158.29,224.35,176.81,400.4,469.32,466.59
600.89,17.76,76.14,35.67,80.9,77.13,93.08,225.96,278,238.18,417.94,497.75,472.17
602.95,39.32,38.64,40.05,97.19,77.31,108.41,245.59,284.92,242.48,458.24,478.59,435.8
605.01,38.64,25.75,14.43,64.6,62.87,64.65,216.26,222.56,195.16,353.74,348.29,364.62
607.07,51.04,16.96,20.97,74.07,49.9,50.49,182.33,180.91,136.9,334.46,268.17,279.94
609.13,19.72,33.7,7.81,43.64,14.27,31.75,159.11,153.64,131.34,260.38,233.91,194.77
611.18,43.29,58.34,15.27,69.27,21.18,55.6,193.28,181.09,143.83,309.5,244.84,222.77
613.24,42.83,80.93,36.94,67.24,57.37,53.92,256.39,235.48,210.93,354.05,276.18,345.83
615.29,81.59,69.15,67.14,107.98,82.38,45.65,286.23,241.25,214.07,374.14,292.04,334.4
617.35,81.3,71.78,67.64,148.15,111.08,49.14,269.78,256.73,210.59,363.44,337.75,299.48
619.4,94.98,62.71,57.44,143.63,60.63,66.6,225.27,183.15,178.71,305.49,289.2,209.95
621.45,92.97,57.61,44.88,125.09,58.61,49.7,187.04,153.84,141.77,259.3,241.06,213.15
623.5,71.38,52.93,69.4,59.3,43.35,22.36,144.19,67.58,120.2,184.32,165.44,178.86
625.55,88.32,39.4,71.44,60.72,50.74,2.14,82.07,47.8,67.79,135.64,141.45,106.05
627.6,109.56,94.56,104.12,81.46,75.65,16.82,53.66,12.21,41.98,131.39,108.87,106.76
629.64,158.12,112.68,104.78,124.2,111.21,30.68,57.85,59.31,38.44,133.24,103.69,87.21
631.69,170.65,189.15,114.07,110.23,141.4,82.91,101.42,79.34,63.5,201.5,122.26,162.17
633.73,183.38,181.11,135.22,138.13,146.47,131.74,165.05,152.63,124.38,244.07,194.45,184.29
635.78,184.64,168.93,157.22,184.9,154.39,168.76,197.83,165.31,185.41,305.29,198.27,230.35
637.82,197.21,171.39,230.87,270.66,210.96,219.42,279.89,244.59,277.38,329.93,275.16,272.47
639.86,207.64,193.05,236.38,264.27,275.73,249.61,298.78,283.37,305.17,362.21,313.01,332.54
641.9,259.05,270.01,278.19,292.87,309.47,309.77,342.61,349.74,338.55,417.25,421.59,405
643.94,277.99,280.5,259.87,307.67,267.74,278.12,333.59,374.94,334.43,432.26,456.14,433.74
645.98,252.13,255.19,262.4,292,235.55,243.67,296.41,331.29,321.13,345.58,402.98,410.43
648.02,199.81,171.41,220.46,206.2,203.21,169.74,209.38,221.47,222.64,248.54,283.78,296.73
650.06,154.57,127.71,196.94,121.49,179.63,103.23,101.73,86.34,95.79,142.37,120.09,152.19
652.09,127.86,121.21,133.95,85.65,111.24,72.91,28.8,17.93,9.99,87.28,36.81,36.27
654.13,110.36,115.23,102.82,53.35,54.05,54.12,8.96,0,0,36.14,0.32,1.29
656.16,99.94,122.68,81.44,71.79,68.61,49.38,0,14.92,0,0,0,0
658.2,76.61,68.91,77.47,49.65,70.59,22.09,11.88,19.66,0,0,0,25.03
660.23,36.79,57.98,69.04,49.65,73.43,3.77,11.88,19.66,0,0,0,25.03
662.26,5.26,21.79,78.69,0,43.69,14.78,17.53,4.74,0,0,0,25.03
664.29,20.2,60.23,88.65,0,24.55,13.06,5.65,2.48,8.2,0,0,0
666.32,24.15,91.33,112.58,21.49,18.76,25.86,39.92,59.73,44.82,73.86,31.44,29.86
668.34,55.1,81.63,79.04,38.6,5.09,32.3,102.58,86.63,61.1,73.86,83.36,58.66
670.37,34.89,43.2,59.59,55.79,19.93,30.25,102.58,84.15,52.9,73.86,83.36,58.66
672.4,30.94,7.29,20.21,34.3,14.84,17.45,68.32,26.91,16.28,0,51.92,28.79
674.42,0,2.74,18.15,23.08,14.84,0,13.34,0,0,0,0,0
676.45,27.23,2.74,45.29,27.06,3.91,1.34,22.01,39.03,10.71,0,0,0
678.47,96.39,35.86,77.18,64.1,3.91,1.34,30.25,41.9,32.25,0,0,0
680.49,101.27,33.12,74.16,59.25,3.91,1.34,16.92,41.9,32.25,0,0,0
682.51,74.04,38.06,47.44,56.05,0,0,8.24,2.87,21.54,0,0,0
684.53,33.34,51.84,33.7,40.15,31.63,64.77,42.38,49.49,83.13,20.51,34.6,0
686.55,52.16,107.06,46.49,66.11,57.82,101.1,79.27,103.76,103.7,43.96,59.19,44.38
688.57,86.29,115.46,54.03,79.16,66.7,101.1,79.27,110.28,112.17,43.96,59.19,72.34
690.58,70.41,84.4,49.44,70.41,49.33,65.76,83.43,116.9,54.1,27.48,27.58,72.34
692.6,66.96,31.42,45.94,50.07,34.05,49.49,46.53,62.63,55.39,4.04,6.14,27.96
694.61,32.83,18.08,43.63,19.05,25.17,49.49,46.53,56.11,46.92,4.04,6.14,0
696.63,20.26,2.24,30.07,6.67,10.94,34.27,0,4.08,21.87,0,3.15,0
698.64,33.64,0,26.05,22.14,36.78,14.2,50.31,28.03,32.17,0,2.45,8.99
700.65,62.33,42.51,57.78,71.56,46.17,31.43,87.13,94.41,94.09,51.56,19.18,36
702.66,62.33,68.91,87.16,111.42,46.13,46.22,163.58,124.28,125.89,66.88,32.37,51.84
704.67,64.1,115.89,96.85,128.25,44,59.34,138.7,119.52,142.42,74.68,34.62,51.59
706.68,41.18,81.76,79.18,101.05,34.62,60.18,108.08,89.68,113.87,55.91,27.26,24.58
708.69,68.67,82.84,100.7,99.04,80.8,82.54,49.29,110.34,96.47,115.42,51.51,10.98
710.69,87.27,84.89,111.88,90.68,100.13,118.53,26.42,107.92,84.99,137.01,62.82,18.41
712.7,129.97,102.37,123.14,83.4,134.75,144.27,20.22,72.53,55.56,104.22,53.45,31.8
714.7,112.87,117.05,101.26,46.97,130.02,143.2,2.57,21.64,43.93,29.39,16.01,29.57
716.71,106.65,90.93,81.59,38.08,85.47,118.98,1.05,4.87,6.72,0,0,13.39
718.71,74.4,84.13,58.56,23.13,65.9,75.18,1.05,3.7,2.78,0.3,0,0
720.71,117.25,54.75,69.95,43.95,27.07,60.67,1.05,0,6.6,3.46,0,5.43
722.71,125.2,99.12,107.1,71.52,71.31,85.9,54.87,31.61,29.87,37.29,0,39.21
724.71,182.79,191.14,168.89,153.08,132.2,153.31,130.75,109.48,125.71,97.13,72.08,126.97
726.71,203.26,218.37,200.88,170.81,185.27,192.37,196.43,144.06,167.98,147.93,128.94,168.76
728.71,179.37,185.91,196.19,181.85,211.64,194.39,191.93,156.99,179.5,146.79,172.19,203.92
730.7,140.36,146.65,178.36,157.41,212.2,180.93,152.91,91.07,133.84,131.6,125.27,157.02
732.7,118.11,130.82,144.95,168.72,202.18,122.55,90.27,56.48,103.88,77.65,97.84,125.93
734.69,124.4,108.19,93.99,132.55,135.67,118.35,51.12,23.75,81.06,75.26,71.35,93.11
736.69,89.6,36.37,61.88,98.13,88.91,80.23,15,33.05,35.95,30.31,46.2,85.78
738.68,41.3,12.21,57.07,69.68,75.45,63.79,11.97,33.05,17.05,30.31,16.77,79.48
740.67,3.16,1.85,77.56,45.53,82.18,17.16,34.59,33.76,37.67,0,0,43.35
742.66,12.01,1.85,54.7,56.69,55.32,2.93,48.59,12.51,32.61,0,0,9.84
744.65,8.86,1.85,20.49,33.85,25.31,2.93,48.59,12.51,32.61,0,0,0
746.64,8.86,0,0,33.85,5.07,1.61,14.75,0,0,0,0,0
748.63,0,0,0,0,38.77,0,30.2,3.18,0,0,0,0
750.61,0,0,0,1.43,57.33,0,46.8,3.18,23.78,0,0,0
752.6,0,0,0,31.84,61.72,0,62.91,49.11,29.29,0,0,0
754.58,0,0,0,31.84,25.15,0,57.81,45.93,29.29,0,0,0
756.57,0,0,0,42.99,4.4,0,57.86,91.2,23.97,0,0,0
758.55,0,0,0,12.58,0.04,0,48.72,45.28,18.46,0,0,0
760.53,22.47,27.11,19.65,44.2,0.04,59.84,83.96,84.39,69.03,24.58,10.22,12.89
762.51,22.47,27.7,19.65,31.62,14.81,64.56,78.34,84.5,75.7,24.58,51.85,35.48
764.49,29.23,64.46,23.65,66.72,41.46,74.83,97.76,95.84,90.76,42.56,68.28,83.48
766.47,21.38,40.31,19.56,69.49,77.74,81.5,52.55,83.36,66.5,31.23,102.01,95.71
768.45,57.45,64.14,19.56,86.4,109.43,105.48,90.6,66.8,63.5,47.71,90.11,93.64
770.42,123.12,74.18,15.56,115.98,109.97,120.97,88.47,79.73,70.98,65.72,80.81,66.49
772.4,147.45,112.2,29.62,153.2,122.81,91.09,86.26,92.57,83.72,83.45,40.56,85.05
774.37,164.65,152.09,69.92,183.27,161.84,128.73,92.2,108.24,110.6,123.78,71.57,95.86
776.34,126.73,165.85,121.81,175.87,206.38,168.22,117.62,135.71,129.3,159.39,86.84,155.26
778.32,105.12,180.92,136.93,140.76,190.22,217.68,146.97,140.44,111.24,184.06,112.16,170.36
780.29,138.39,168.87,166.58,159.18,199.58,187.98,161.46,158.65,118,184.99,117.74,198.71
782.26,154.98,179.14,130.22,158.56,179.57,195.92,150.21,153.45,131.69,150.65,180.36,144.43
784.23,205.89,165.72,128.17,156.57,190.53,155.82,155.56,173.85,179.62,146.69,206.36,127.18
786.19,162,154.5,58.21,161.1,187.34,173.9,117.72,172.39,182.04,128.67,207.28,133.85
788.16,159.43,119.27,107.68,159.93,220.77,166.61,144.13,184.85,199.38,157.37,201.25,201.22
790.13,138.08,138.24,87.68,183.28,264.06,192.17,147.7,185.79,211.53,138.01,208.14,190.17
792.09,145.15,171.97,133.54,194.38,229.76,237.48,211.63,192.43,196.38,201.8,189.19,170.93
794.06,138.09,189.91,132.5,201.33,217.64,207.63,203.04,194.56,160.37,190.54,145.83,77.59
796.02,134.36,155.83,150.11,182.57,205.15,177.41,194.05,167.27,134.28,187.99,118.5,70.3
797.98,108.39,134.85,137.81,131.23,189.07,137.27,100.42,121.35,164.23,107.26,75.33,58.48
799.94,104.62,161.74,135.38,143.07,209.51,168.97,126.61,149.91,217.99,123.47,144.41,176.93
801.9,109.07,220.49,156.48,179.09,220.13,221.53,168.27,200.28,283.56,183.62,177.75,248.95
803.86,197.61,245.68,218.68,343.86,363.16,330.49,307.97,339.69,374.82,302.59,341.58,398.77
805.82,261.47,273.85,266.19,430.6,472.48,418.08,399.93,407.68,464.01,457.6,467.1,527.62
807.78,334.65,272.34,338.02,549.63,574.77,526.64,539.48,503.93,541.12,653.66,724.66,758.16
809.73,317.71,352.7,345.05,564.17,577.9,539.7,629.18,584.66,652.04,857.33,931.48,908.62
811.69,315.86,378.82,341.84,561.13,553.11,579.84,687.57,686.76,727.66,977.48,1092.78,1007.54
813.64,288.33,396.92,299.27,522.38,524.62,531.95,666.89,720.12,748.2,969.33,1068.78,1008.83
815.6,274.9,312.78,249.13,413.05,442.86,466.79,601.91,683.84,630.78,820.68,866.59,874.92
817.55,242.9,236.41,185.75,338.12,337.52,372.37,506.64,564.59,540.38,617.18,619.54,666.81
819.5,217,157.46,145.8,270.26,264.57,309.69,445.39,475.38,440.69,436.17,444.31,440.5
821.45,185.08,133.16,118.82,230.7,197.26,296.3,375.74,399.09,367.91,342.86,324.1,353.55
823.4,117.35,108.63,113.28,209.88,170.01,247.65,341.45,364.17,302.5,273.38,199.71,280.4
825.35,50,85.74,90.71,149.02,145.73,234.63,268.09,315.84,259.01,234.93,93.68,210.61
827.29,21.6,38.28,133.23,129.23,181.52,194.68,242.1,263.2,240.22,175.64,45.13,130.29
829.24,21.6,28.92,100.85,99.19,174.39,154.46,197.13,170.94,185.8,103.83,25.03,101.76
831.18,57.58,70.65,77.89,142.22,137.32,121.32,212.21,157.7,198.07,51.5,4.82,96.37
833.13,42.58,67.21,52.81,158.43,113.11,99.37,212.09,136.95,200.15,52.77,10.13,110.23
835.07,42.58,48.13,48.3,145.61,117.85,114.03,217.9,189.45,208.15,66.41,10.13,108.77
837.01,22.21,7.7,57.17,133.75,145.22,150.33,224.96,199.87,184.08,105.08,23.11,117.66
838.95,21.39,7.7,30.92,130.07,136.45,111.14,221.17,203.1,179.48,59.63,52.07,77.46
840.89,21.39,39.9,61.16,178.13,112.41,113.69,209.74,178.7,186.57,87.71,52.07,42.48
842.83,5.78,37.55,77.64,133.82,122.33,70.2,181.57,146.56,190.92,47.5,47.85,50.1
844.77,4.03,37.55,98.44,100.13,108.54,109.66,163.66,150.33,198.2,47.5,18.67,95.07
846.71,44.47,39.37,74.89,98.08,119.05,159.43,166,152.7,201.39,11.69,45.97,141.32
848.64,90.01,96.49,80.09,133.43,91.29,222.59,159.37,171.09,234.61,55.02,73.61,143.1
850.58,154.33,126.05,80.95,188.41,158.83,276.05,186.33,172.08,244.42,127.59,140.95,136.57
852.51,208.19,126.83,152.67,183.57,251.22,290.02,242.11,195.54,275.37,186.55,163.87,175.62
854.44,232.26,121.8,157.93,188.25,279.79,289.51,253.69,210.82,248.8,208.43,183.7,173.57
856.37,243.54,144.32,185.4,193.77,275.2,279.84,235.75,193.9,238.03,188.23,146.11,191.43
858.31,220.47,128.82,157.18,184.26,259.25,293.8,203.74,202.24,238.86,185.73,145.55,140.63
860.23,181.39,137.97,148.27,194.04,291.58,289.39,211.64,198.16,214.6,138.26,134,132.19
862.16,161.73,129.55,133.79,172.56,282.66,285.38,223.91,203.79,231.37,135.59,111.59,106.53
864.09,103.29,155.66,150.84,204.27,266.25,260.22,193.33,189.22,216.62,145.52,125.76,142.12
866.02,73.61,117.87,143.65,187.37,233.24,211.79,182.44,149.02,241.9,123.26,117.07,113.83
867.94,44.24,74.22,92.16,165.11,178.85,214.33,180.81,140.41,203.1,73.55,117.72,102.55
869.87,31.46,23.46,60.16,96.02,89.3,176.38,169.99,112.94,171.44,0,53.9,32.48
871.79,30.61,9.06,48.03,68.45,27.02,179.94,130.97,129.28,121.92,16.92,17.9,27.42
873.71,0,9.06,63.72,71.73,25.52,142.68,99.11,131.77,107.55,16.92,1.95,0
875.64,0,9.06,28.48,75.08,25.52,120.82,71.6,98.19,59.32,16.92,1.95,0
877.56,0,0,15.69,94.28,25.52,84.15,72.24,55.52,77.11,0,1.95,0
879.48,0,0,0,55.08,0,39.21,47.92,8.8,50.94,0,0,0
881.39,0,0,0,43.31,0,17.06,38.06,8.8,50.94,0,0,0
883.31,0,0,0,5.2,0,1.85,12.39,0,7.41,0,0,0
885.23,0,0,0,5.2,0,14.89,0,0,0,0,0,0
887.14,0,0,0,0,0,14.89,0,0,0,0,0,0
889.06,0,0,0,0,0,14.89,0,0,0,0,0,0
890.97,0,0,0,17.53,0,0,0,4.3,0,0,0,0
892.88,0,0,0,17.53,0,0,0,4.3,0,0,0,0
894.8,0,0,0,17.94,0,0,0,4.3,0,0,0,0
896.71,0,0,0,19.73,18.8,14.72,0,32.17,0,0,0,0
898.62,0,0,0,51.21,41.05,14.72,0,32.17,41.75,0,0,0
900.52,0,0,0,53.69,41.05,14.72,16.08,52.78,64.61,34.69,4.32,0
902.43,3.86,0,0,34.37,22.25,18.6,32.22,20.61,74.68,34.69,4.32,0
904.34,39.53,0,0,43.66,27.74,32.81,73.21,50.93,66.68,44.78,6.44,12.37
906.24,39.53,0,0,51.68,47.23,66.75,77.1,50.84,84.04,18.46,19.87,35.12
908.15,35.67,0,0,65.09,51.19,69.17,95.92,79.9,106.32,33.14,50.95,56.96
910.05,0,0,13.95,48.91,34.88,74.44,59.2,61.88,117.08,47.75,65.63,56.89
911.95,0,22.87,13.95,67.81,53.64,86.78,49.86,97.88,114.86,113.48,52.09,82.93
913.86,17.91,24.56,13.95,58.88,53.24,87.63,23.98,132.36,90.79,100.79,55.12,104.2
915.76,30.83,26.2,19.59,79.91,43.81,68.16,65.03,166.43,46.28,111.78,38.83,120.14
917.66,33.13,6.95,19.59,94.9,6.33,44.92,74.33,136.08,65.38,37.68,95.88,110.75
919.55,15.22,15.12,19.59,106.96,5.58,47.75,83.33,84.1,104.17,46.15,87.05,97.15
921.45,23.77,13.48,0,80.2,3.59,51.04,64.81,71.59,143.46,10.45,86.55,68.91
923.35,27.42,9.86,0,63.51,12.09,41.45,52.64,73.11,115.42,30.39,72.06,53.3
925.24,27.42,0,0,65.21,9.28,33.26,43.84,74,68.35,31.68,46.78,43.81
927.14,5.94,0,10.36,46.35,9.28,54.47,17.04,40.15,29.06,32.48,46.78,43.81
929.03,0,0,10.36,31.19,1.65,50.75,13.97,12.45,17.78,12.55,0,30.21
930.92,0,0,10.36,12.94,7.9,34.23,16.38,0,20.71,0.81,0,10.2
932.81,0,0,0,12.94,7.9,15.64,16.38,7.11,31.13,0,0,10.2
934.7,0,0,0,0,13.69,7.01,23.62,20.69,13.35,0,0,6.16
936.59,0,0.28,0,7.82,7.44,7.01,24.11,42.08,10.42,0,0,8.74
938.48,0,0.28,0,7.82,14.14,8.07,25,52.29,9.07,8.51,0,8.74
940.37,10.82,0.35,0,7.82,44.91,26.08,13.07,54.09,9.07,14.38,0,2.58
942.25,10.82,10.97,5.52,37.03,44.91,48.02,7.43,32.7,9.07,14.38,0,5.64
944.14,10.82,10.97,27.85,56.31,59.48,43.5,6.55,15.38,23.69,5.87,0,11.75
946.02,0,10.9,27.85,56.31,39.33,31.27,6.55,10.82,23.69,14.05,0,29.91
947.91,0,3.02,22.33,21.61,57.87,9.33,0,10.82,30.84,32.5,0,24.26
949.79,6.28,3.02,0.93,29.19,59.31,25.67,43.99,26.29,14.22,89.71,8.26,49.2
951.67,6.28,3.02,2.68,47.29,61.47,18.8,57.42,21.94,14.54,84.03,10.64,63.24
953.55,6.28,0,2.68,70.12,49.82,34.71,58.41,30.87,34.42,65.58,65.63,79.41
955.43,0,0,1.75,66.34,39.56,15.91,60.87,30.69,54,26.58,83.54,88.77
957.31,0,11.65,0,60.3,46.03,39.92,78.7,72.21,107.94,36.02,133.23,97.24
959.18,0,11.65,0,38.32,49.24,24.01,94.56,89.09,134.57,103.57,131.7,106.48
961.06,0,18.31,0.72,15.23,59.4,24.01,101.33,118.23,135.46,171.13,164.17,97.72
962.94,0,6.67,0.72,3.17,65.07,0,98.25,108.5,117.82,183.59,154.19,104.5
964.81,0,6.67,0.72,0,54.98,0,122.75,123.69,77.09,146.38,121.21,114.61
966.68,0,0,0,0,32.37,0,69.52,79.27,49.57,60.61,62.78,82.97
968.55,0,0,0,0,0,0,41.35,41.01,12.94,30.34,20.69,35.52
970.43,0,0,0,0,0,0,0,0,0,0,0.22,0
972.3,0,0,0,0,0,0,0,0,0,0,0,0
974.16,0,0,0,0,0,0,0,0,0,0,0,0
976.03,0,0,0,0,0,0,0,0,0,0,0,0
977.9,0,0,0,18.74,0,0,14.98,0,24.26,56.39,11.88,23.75
979.76,0,0,0,41.94,0,0,14.98,27.63,49.82,56.39,28.3,67.06
981.63,0,0,0,82.72,23.1,0,14.98,64.75,71.79,94.13,103.43,101.4
983.49,0,5.88,9.17,63.98,42.53,0,26.44,72.49,65.35,99.37,133.17,132.53
985.36,0,5.88,9.17,71.81,67.1,11.1,34.72,75.68,84.62,179.38,192.69,178.08
987.22,4.1,5.88,10.18,77.92,74.05,25.33,56.86,47.79,87.13,219.39,227.54,244.62
989.08,49.53,1.11,2.87,112.27,54.62,35.92,62.3,40.05,81.67,228.84,262.15,242.93
990.94,73.44,1.11,28.72,126.18,64.38,49.59,78.1,28.88,63.91,183.07,264.53,228
992.8,82.65,33.26,36.47,101.04,81.42,63.88,80.49,47.3,66.73,183.29,250.9,235.06
994.66,60.61,67.98,72.31,73.96,112.31,60.56,108.24,80.96,96.58,198.95,263.04,301.88
996.51,74.11,121.4,71.02,72.07,130.59,73.75,125.79,81.88,130.24,252.5,296.4,354.57
998.37,143.15,148.52,153.59,140.01,167.71,99.79,163.82,98.27,131.04,237.92,283.29,350.47
1000.22,150.49,143.95,150.13,132.74,159.44,98.11,156.44,114.59,116.42,194.35,262.51,319.69
1002.08,161.15,165.69,165.65,93.92,110.47,79.71,173.97,135.82,113.05,162.09,222.72,269.89
1003.93,99.9,106.42,79.93,16.16,38.89,25.16,135.87,130.08,106.05,98.69,187.69,187.52
1005.78,69.16,75.16,55.74,16.16,16.26,19.56,90.57,80.11,78.44,73.76,153.88,98.31
1007.63,32.42,2.84,15.66,11.95,12.64,0,31.39,38.31,21.09,34.48,134.71,21.48
1009.48,11.33,2.84,21.64,0,0,0,6.95,0,0,34.48,92.09,0
1011.33,11.33,2.84,11.58,0,0,0,0,0,0,16.25,58.31,0
1013.18,0,0,11.58,0,0,0,0,0,0,0,5.59,0
1015.03,0,0,0,0,0,0,0,0,0,0,0,0
1016.87,0,0,0,0,0,0,0,0,0,0,0,0
1018.72,0,0,0,0,0,0,0,0,0,0,0,0
1020.56,0,0,0,0,0,0,0,0,0,0,0,0
1022.4,0,0,0,0,0,0,0,0,0,0,0,0
1024.24,0,0,0,0,0,0,0,0,0,0,0,0
1026.08,0,0,0,0,0,0,0,0,0,0,0,0
1027.92,0,0,0,0,0,0,0,0,0,0,0,0
1029.76,0,0,0,0,0,0,0,0,0,0,0,0
1031.6,0,0,0,0,0,0,0,0,0,0,0,0
1033.44,0,0,0,0,0,0,0,0,0,0,0,0
1035.27,0,0,0,0,0,0,0,0,0,0,0,0
1037.11,0,0,0,0,0,0,0,0,0,0,0,0
1038.94,0,0,0,0,0,0,0,0,0,0,0,0
1040.77,0,0,0,0,0,0,0,0,0,0,0,0
1042.6,0,0,0,0,0,0,0,0,0,0,0,0
1044.43,0,0,0,0,0,0,0,0,0,0,0,0
1046.26,0,0,0,0,0,0,0,0,0,0,0,0
1048.09,0,0,0,0,0,0,0,0,0,0,0,0
1049.92,0,0,0,0,0,0,0,0,0,0,0,0
1051.75,0,0,0,0,0,0,0,0,0,0,0,0
1053.57,0,0,0,0,0,0,0,0,0,0,0,0
1055.4,0,0,0,0,0,0,0,0,0,0,0,0
1057.22,0,0,0,0,0,0,0,0,0,0,0,0
1059.04,0,0,0,0,0,0,0,0,0,0,0,0
1060.86,0,0,0,0,0,0,0,0,0,0,0,0
1062.68,0,0,0,0,0,0,0,0,0,0,0,0
1064.5,0,0,0,0,0,0,0,0,0,0,0,0
1066.32,0,0,0,0,0,0,0,0,0,0,0,0
1068.14,0,0,0,0,0,0,0,0,0,0,0,0
1069.96,0,0,0,0,0,0,0,0,0,0,0,0
1071.77,0,0,0,0,0,0,0,0,0,0,0,0
1073.58,0,0,0,0,0,0,0,0,0,0,0,0
1075.4,0,0,0,0,0,0,0,0,0,0,0,0
1077.21,0,0,0,0,0,0,0,0,0,0,0,0
1079.02,0,0,0,0,0,0,0,0,0,0,0,0
1080.83,0,0,0,0,0,0,0,0,0,0,0,0
1082.64,0,0,0,0,0,0,0,0,0,0,0,0
1084.45,0,0,0,0,0,0,0,0,0,0,0,0
1086.26,0,0,0,0,0,0,0,0,0,0,0,0
1088.06,0,0,0,0,0,0,0,0,0,0,0,0
1089.87,0,0,0,0,0,0,0,0,0,0,0,0
1091.67,0,0,0,0,0,0,0,0,0,0,0,0
1093.48,0,0,0,0,0,0,0,0,0,0,0,0
1095.28,0,0,0,0,0,0,0,0,0,0,0,0
1097.08,0,0,0,0,0,0,0,0,0,0,0,0
1098.88,0,0,0,0,0,0,0,0,0,0,0,0
1100.68,0,0,0,0,0,0,0,0,0,0,0,0
1102.48,0,0,0,0,0,0,0,0,0,0,0,0
1104.27,0,0,0,0,0,0,0,0,0,0,0,0
1106.07,0,0,0,0,0,0,0,0,0,0,0,0
1107.86,0,0,0,0,0,0,0,0,0,0,0,0
1109.66,0,0,0,0,0,0,0,0,0,0,0,0
1111.45,0,6.29,0,0,2.13,0,0,0,0,0,0,0
1113.24,0,9.41,0,0,2.13,0,0,0,0,0,0,0
1115.03,11.2,9.41,4.14,0,2.13,0,0,0,0,0,0,0
1116.82,27.38,3.12,4.14,0,0,0,0,0,0,19.96,0,0
1118.61,30.8,0.31,4.14,0,0,33.79,0,0,0,19.96,0,0
1120.4,70.17,7,0,0,0,48.51,0,0,0,19.96,0,1.85
1122.19,84.39,20.09,28.82,0,9.8,55.85,0,0,10.8,0,0,14.42
1123.97,108.91,51.96,63.95,0,9.8,39.36,0,0,10.8,0,0,14.42
1125.76,115.06,122.46,99.64,0,9.82,58.81,0,0,10.8,25.96,28.62,12.57
1127.54,131.3,194.37,124.22,0.72,0.4,105.99,8.64,0,0,72.58,43.1,23.73
1129.33,159.71,233.8,156.98,23.64,21.6,112,8.64,0,0,110.01,48.89,62.7
1131.11,187.32,211.75,197.93,38.69,41.19,89.85,8.64,2.24,21.32,110.19,20.27,109.5
1132.89,232.56,208.33,223.51,88.39,57.71,49.64,0,2.24,53.6,110,36.3,149.63
1134.67,249.32,226.1,240.6,127.24,100.07,69.26,20.51,23.92,76.17,149.32,81.84,160.94
1136.45,237.71,225.5,214.33,146.71,105.38,78.16,20.51,23.44,60.05,167.93,99.36,177.2
1138.23,233.95,217.76,195.91,128.68,110.85,89.89,32.79,49.06,44.08,164.05,137.03,144.3
1140,231.82,232.98,164.11,118.26,82.59,119.9,24.29,45.3,37.68,120.46,110.98,161.02
1141.78,237.44,225.6,156.39,85.22,98.73,119.63,57.14,107.56,55.31,113.6,152,162.46
1143.55,228.02,218.52,120.97,85.13,94.8,115.63,53.58,120.41,59.19,129.7,127.31,167.86
1145.33,220.23,141.07,92.51,33.77,97.82,42.69,107.92,149.17,56.99,165.08,128.23,139.87
1147.1,187.4,104.25,51.34,32.29,62.79,46.58,110.19,116.84,56.03,165.08,119.1,127.17
1148.87,131.53,37.5,26.21,4.69,47.69,35.09,109.7,107.1,79.99,135.37,120.93,114.08
1150.64,87.3,35.94,21.64,22.92,34.21,72.09,76.45,69.6,82.86,112.61,144.7,131.61
1152.41,48.36,37.34,26.35,37.49,49,65.48,62.46,78.36,60.98,102.8,142.42,99.09
1154.18,53.49,43.71,48.72,32.8,48.18,69.59,65.82,56.14,34.79,104.39,155.21,98.95
1155.95,60.26,70.15,28.57,14.57,23.33,59.97,40.1,73.5,49.18,122.26,145.28,96.43
1157.72,95.42,80.66,68.05,34.91,2.54,48.41,50.4,56.88,49.18,155.86,135.74,143.64
1159.48,80.33,96.91,72.61,58.33,22.1,76.57,60.06,64.96,53.29,181.19,123.92,178.9
1161.25,54.61,44.88,88.81,72.29,35.68,54.45,52.67,38.41,32.76,160.24,122.83,167.89
1163.01,35.88,31.16,43.13,40.01,64.53,81.27,21.25,25.09,44.23,112.58,129.36,145.16
1164.77,32.78,46.4,45.34,16.59,89.03,58.03,0,23.36,22.17,124.2,127.16,117.37
1166.53,32.78,67.51,29.73,16.08,88.36,65.28,0,23.36,11.47,123.32,98.47,94.75
1168.3,15.61,58.97,29.73,24.62,103.07,81.26,0,15.45,0,161.5,136.5,91.18
1170.06,33.28,21.1,47.05,40.41,70.61,87.73,0,2.61,6.95,138.52,102.03,75.78
1171.81,68.37,27.41,50.98,27.39,90.43,79.48,4.11,9.81,9.26,185.48,137.51,97.32
1173.57,117.63,64.7,57.28,27.32,64.85,74.17,4.11,17.2,9.26,199.06,119.26,116.81
1175.33,101.51,88.46,34.14,11.52,92.88,59.14,4.11,17.2,2.93,197.91,147.96,163.57
1177.08,104.46,84.75,80.39,46.44,108.63,58.15,0,10,0.62,171.82,160.37,201.72
1178.84,80.38,88.34,114.27,41.63,113.99,30.44,0.82,0,6.58,178.01,152.4,221.81
1180.59,91.36,81.32,106.89,54.19,97.39,32.78,0.82,0,13.55,206.92,148.15,215.95
1182.34,53.31,57.63,80.46,18.84,49.74,51.06,0.82,19.37,19.77,174.1,180.18,203.37
1184.1,22.31,16.75,47.54,22.51,67.25,46.83,0,19.37,20.12,120.46,136.36,161.95
1185.85,0,0,31.62,9.95,41.68,33.49,0,19.37,12.53,82.31,102.31,116.02
1187.6,0,0,7.26,9.95,40.86,11.92,0,0,6.31,52.42,12.12,55.82
1189.35,0,0,0,0,0,0,0,0,0,34.1,0,17.48
1191.09,0,0,0,0,0,0,0,0,0,0,0,7.29
1192.84,0,0,0,0,0,0,0,0,0,0,0,0
1194.58,0,0,0,0,0,0,0,0,0,0,0,0
1196.33,0,0,0,0,0,0,0,0,0,0,0,0
1198.07,0,0,0,0,0,0,0,0,0,0,0,0
1199.82,0,0,0,0,0,0,0,0,0,0,0,0
1201.56,0,0,0,0,0,0,0,0,0,4.47,5.92,0
1203.3,0,3.23,0,0,0,0,0,0,0,4.47,14.51,17.44
1205.04,29.75,3.23,0,53.27,0,0,0,0,0,21.2,47.01,29.35
1206.78,32.03,3.63,29.01,92.96,0,0,0,0,0,38.88,84.85,35.43
1208.51,32.1,29.81,29.01,95.63,3.48,0,0,0,0,53.36,86.5,17.99
1210.25,2.35,72.02,29.01,59.83,3.48,0,0,9.46,0,47.58,80.21,45.74
1211.98,0.21,99.54,17.15,35.63,3.48,0,0,9.46,0,61.07,66.85,74.42
1213.72,33.24,160.24,26.68,51.93,0,9.63,2.35,9.46,2.59,96.38,106.64,119.39
1215.45,66.65,134.68,76.62,46.94,11.72,9.63,2.35,0,2.86,125.07,118.81,102.27
1217.18,125.7,176.06,66.61,66.88,33.69,31.57,11.86,0,2.86,132.03,126.58,83.42
1218.92,129.48,135.18,73.33,50.21,33.69,42.34,9.51,9.67,0.27,111.03,113.07,73.61
1220.65,124.32,181.69,58.45,58.59,54.9,50.87,28.76,27.47,18.79,134.08,87.93,95.51
1222.38,83.89,158.6,93.3,34.34,32.93,28.93,19.25,30.86,18.79,106.83,111.16,90.78
1224.1,59.52,109.38,90.88,32.04,32.93,11.84,30.38,21.19,18.79,120.97,89.44,78.1
1225.83,67.89,55.41,66.86,11.19,0,13.46,11.13,3.39,0,88.15,104.09,44.79
1227.56,75.09,9.19,32.67,0,0,13.46,11.13,0,0,104.48,64.57,45.63
1229.28,80.36,27.32,18.83,0,0,10.15,0,0,0,74.85,49.76,43.51
1231.01,61.91,23.88,40.32,23.02,4.11,0.25,32.21,8.64,25.7,65.82,53.21,40.66
1232.73,53.97,51.04,48.32,23.02,26.5,0.25,32.21,29.8,69.16,104.27,40.47,86.29
1234.45,42.31,70.38,48.32,26.6,26.5,0.25,44.84,40.05,69.93,133.33,74.64,101.51
1236.17,69.15,75.23,21.1,21.51,43.91,0,51.53,71.84,65.77,153.19,104.32,128.55
1237.9,61.28,56.36,31.17,21.51,21.52,0,51.6,92.56,55.52,143.99,131.92,83.86
1239.61,82.69,58.45,73.17,34.95,23.02,0,48.78,106.18,69.84,129.05,128.12,93.75
1241.33,69.94,61.7,67.87,17.02,1.5,0,32.09,78.93,75.64,139.26,102.79,73.13
1243.05,104.36,53.41,42.22,30.96,1.5,2.97,59.87,57.49,63.9,146.28,109.29,101.32
1244.77,126.39,55.12,0.22,31.32,10.69,2.97,76.89,76.62,96.74,153.9,135.38,73.11
1246.48,133.04,60.44,39.96,57.47,46.78,15.66,94.82,95.66,102.49,145.78,142.06,118.15
1248.2,178.3,112.42,87.16,45.37,84.83,37.66,89.33,127.62,141.81,154.58,180.99,141.79
1249.91,172.62,92.42,120.06,68.3,85.93,37.66,92.19,104.93,112.5,166.76,186.63,210.46
1251.62,157.45,109.92,108.15,78.06,104.19,24.97,98.18,122.03,111.98,208.75,175.42,227.95
1253.33,112.33,100.14,60.73,76.22,73.83,19.87,76.87,129.83,80.15,181.77,126.91,214.47
1255.04,107.27,137.76,59.94,71.74,66.85,39.19,74.9,134.32,95.68,150.16,111.77,194.02
1256.75,143.27,117.43,110.2,35.82,46.57,90.41,55.96,101.16,93.89,112.92,127.32,160.27
1258.46,125.21,114.38,148.65,84.95,61.9,105.67,77.93,61.9,64.93,113.93,136.81,157.45
1260.17,122.44,102.28,170.14,74.04,59.49,88.2,111.14,50.56,51.96,163.2,141.21,113.88
1261.87,88.94,98.79,128.24,88.53,50.35,39.65,100.92,66.8,46.24,117.06,144.2,72.57
1263.58,101.39,137.25,114.62,62.49,27.34,33.71,101.29,78.61,96.52,104.51,138.78,61.85
1265.28,113.45,165.65,90.61,38.37,35.06,31.87,41.89,67,92.28,58.22,87.42,86.37
1266.99,105.89,181.78,111.33,42.64,10.13,38.9,36.18,53.41,82.07,94.95,54.28,99.94
1268.69,133.73,142.29,134.76,68.61,17.4,17.65,63.5,59.84,77.21,116.38,71.85,102.19
1270.39,85.62,105.97,112.03,74.06,26.37,20.71,101.61,91.41,85.82,128.62,113.08,73.59
1272.09,114.13,102.49,75.46,58.01,36.51,11,126.85,121.77,108.23,127.01,138.59,100.47
1273.79,65.57,82.61,65.17,21.55,29.23,3.06,87.33,107.7,62.81,106.31,121.02,107.26
1275.49,106.07,67.68,76.49,26.36,10.14,15.31,76.73,101.88,75.7,108.2,94.37,114.98
1277.18,73.29,42.18,97.31,23.66,0,33.13,50.58,60.53,50.39,114.56,53.86,72.37
1278.88,54.9,23.93,59.34,11.06,0,33.13,39.42,37.52,57.83,75.57,16.38,25.57
1280.57,14.4,13.94,63.93,0,16.95,17.82,32.65,9.94,20.23,42.87,13.92,0
1282.27,25.12,15.39,42.24,0,16.95,9.68,40.9,18.98,55.98,16.31,18.83,0
1283.96,38.99,15.39,67.9,0,30.51,13.71,64.32,41.15,70.53,25.94,36.88,18.43
1285.65,58.41,39,54.76,0,31.96,13.71,88.72,86.94,90.44,46.01,38.95,37.01
1287.34,49.17,81.44,81.45,13.5,31.96,17.24,70.09,100.59,42.74,49.09,38.16,46.64
1289.03,74.43,81.44,55.79,14.25,32.37,13.21,51.42,85.37,46.24,61.64,19.88,34.69
1290.72,89.4,73.1,86.37,14.25,30.16,52.44,34.77,67.51,26.43,81.22,31.59,46.42
1292.41,91.21,73.59,76.1,20.35,73.23,73.65,73.06,70.44,36.81,134.93,94.77,73.3
1294.1,85.28,109.06,110.62,37.39,99.1,107.5,96.11,98.62,36.7,143.89,137.48,103.42
1295.78,81.41,111.54,121.34,69.8,132.34,107.68,112.51,85.81,56.61,162.55,151.93,126.9
1297.47,125.81,105.96,135.67,85.47,130.18,116.78,112.49,112.24,96.76,146.78,124.62,179.29
1299.15,130.04,123.87,140.5,71.28,104.5,98.71,110.59,111.14,92.71,149.14,113.12,219.48
1300.84,133.54,156.06,156.93,76.36,62.41,70.56,108.94,132.95,84.24,178.42,141.19,201.92
1302.52,131.42,167.63,151.74,83.48,78.37,53.45,126.97,77.44,71.45,184.72,163.95,164.72
1304.2,148.24,175.47,136.5,88.2,86.92,74.26,111.91,74.84,104.24,203.6,224.29,117.42
1305.88,156.67,127.91,95.19,66.84,139.06,97.01,96.09,66.81,119.6,178.72,209.21,136.37
1307.56,127.47,99.74,82.93,31.85,82.2,80.79,70.28,62.42,97.31,154.2,182.82,109.01
1309.24,87,38.52,102.38,56.23,62.09,44.2,80.17,28.9,67.38,138.36,98.44,104.34
1310.91,69.34,38.22,77.33,40.1,2.61,10.5,51.22,0,51.57,89.66,53.2,83.47
1312.59,38.57,16.02,57.43,32.69,6.16,0.3,20.72,0,36.23,81.08,32.76,88.39
1314.26,24.8,16.02,13.89,19.97,5.61,0.3,24.77,0,12.04,72.08,63.89,95.56
1315.94,10.4,0,12.89,22.39,5.61,0,44.9,0,9.07,64.55,55.79,61.25
1317.61,17.43,0,0,22.39,2.05,5.66,51.17,15.75,8.95,34,50.51,31.99
1319.28,17.43,10.73,0,2.42,0,5.66,26.4,15.75,8.95,6.45,24.92,27.77
1320.95,7.04,16.37,0,0,0,5.66,6.27,28,0,0.19,51.83,36.29
1322.62,0,16.37,0,0,0,0,0.74,29.93,0,0.19,39.62,36.29
1324.29,0,5.63,0,3.4,0,0,12.64,37.05,0,0.19,26.9,8.52
1325.96,0,0,0,3.4,0,0,15.94,24.79,0,7.87,0,0
1327.63,0,0,0,3.4,0,0,15.21,7.11,0,7.87,0,0
1329.29,0,0,0,0,0,0,3.3,0,0,7.87,0,0
1330.96,0,0,0,0,0,0,19.18,0,0.59,0,0,17.06
1332.62,0,0,0,0,0,0,34.89,0,0.59,19.78,18.58,40.91
1334.28,15.03,21.5,0,0,0,0,34.89,1.94,0.59,25.52,18.58,40.91
1335.95,15.03,21.5,0,11.75,0,0,26.94,1.94,3.16,25.52,44.06,23.85
1337.61,15.03,21.5,0,11.75,0,0,11.23,1.94,5.38,5.74,25.48,0
1339.27,0,0,0,11.75,0,0,11.23,0,5.38,0,25.48,0
1340.92,0,31.83,34.58,0,0,0,4.76,6.97,2.22,24.84,16.1,0
1342.58,0,39.32,43.33,4.46,0.94,0,15.31,6.97,0,41,49.67,24.6
1344.24,20.94,68.46,45.93,7.23,0.94,8.87,15.31,31.71,0,71.81,49.67,40.24
1345.89,20.94,36.63,11.35,32.1,0.94,14.44,37.78,38.66,0,77.21,33.57,40.24
1347.55,20.94,30.21,2.6,43.64,0,14.44,27.23,40.08,0,61.05,20.56,20.95
1349.2,0,21.17,0,48.87,0,5.56,37.51,18.83,0,30.24,56.61,5.31
1350.86,13.57,21.17,0.26,24,0,0,10.28,6.04,0,18.56,56.61,5.31
1352.51,16.74,20.1,0.26,8.01,0,0,10.28,4.62,0,18.56,36.05,0
1354.16,16.74,0,0.26,0,0,0,2.6,1.12,3.18,18.56,0,0
1355.81,3.17,0,0,0,0,0,2.6,0.38,3.18,0,0,0
1357.46,0,0,0,0,0,0,2.6,0.38,6.92,0,0,0
1359.1,0,0,0,0,0,0,0,0.38,3.74,0,0,0
1360.75,0,0,0,0,0,0,0,1.35,3.74,0,0,0
1362.4,0,0,0,0,0,0,0,1.35,0,0,0,0
1364.04,0,0,0,0,0,0,0,1.35,0,0,0,0
1365.68,0,0,0,0,0,0,0,0,0,0,0,0
1367.33,0,0,0,0,0,0,0,0,0,0,0,0
1368.97,0,0,0,0,0,0,0,6.17,0,0,0,0
1370.61,0,0,0,0,0,0,0,6.17,0,0,0,0
1372.25,0,0,0,9.11,0,0,16.79,6.17,0,0,0,0
1373.89,5.88,0,20.89,9.11,0,0,16.79,10.58,0,0,0,0
1375.53,5.88,0,38.32,27.35,0,0,16.79,10.58,0,0,0,0
1377.16,24.45,0,80.42,18.24,0,0,0,10.58,1.57,0,2.18,8.62
1378.8,18.57,0,72.08,18.24,0,0,0,0,1.57,3.1,2.18,8.62
1380.43,19.75,0,54.65,0,0,0,0,0,1.57,3.1,2.18,8.62
1382.07,9.09,0,12.55,17.84,0,0,0,0,0,3.1,0,0
1383.7,9.09,0,0,17.84,0,0,0,0,0,6.64,0,0
1385.33,7.9,0,0,17.84,0,0,0,0,0,11.65,0,0
1386.96,0,8.28,9.34,0,5,0,9.48,0,0,11.65,27.03,1.95
1388.59,0,8.28,9.34,0,16.98,0,9.48,0,0,5.01,47.7,1.95
1390.22,0,8.28,9.34,0,16.98,0,9.48,29.25,0,0.99,65.13,22.45
1391.85,0,0,0,0,11.98,0,0,29.25,0,0.99,38.1,20.51
1393.47,0,0,0,0,0,0,0,29.25,0,0.99,17.43,20.51
1395.1,0,0,0,0,0,0,0,0,0,0,0,0
1396.72,0,0,0,0,0,0,0,0,0,0,0,0
1398.35,0,0,0,0,0,0,0,0,0,0,0,0
1399.97,0,0,0,0,0,0,0,0,0,0,0,0
1401.59,0,0,0,0,0,0,0,0,0,0,0,0
1403.21,0,0,0,0,0,0,0,0,0,0,0,0
1404.83,0,0,0,0,0,0,0,0,0,0,0,0
1406.45,0,0,0,0,0,0,0,0,0,0,0,0
1408.07,0,0,0,0,0,0,0,0,0,0,0,0
1409.68,0,0,0,0,0,0,0,0,0,0,0,0
1411.3,0,0,0,0,0,0,0,0,0,0,0,0
1412.91,0,0,0,0,0,0,0,0,0,0,0,0
1414.53,0,0,0,0,0,0,0,0,0,0,0,0
1416.14,0,0,0,0,0,0,0,0,0,0,0,0
1417.75,0,0,0,0,0,0,0,0,0,0,0,0
1419.36,0,0,0,0,0,0,0,0,0,0,0,0
1420.97,0,0,0,0,0,0,0,0,0,0,0,0
1422.58,0,0,0,0,0,0,0.4,0,0,0,0,0
1424.19,0,0,0,0,0,0,0.4,1.92,0,0,0,0
1425.79,0,0,0,0,7.07,0,0.4,1.92,0,0,0,0
1427.4,0,12.87,9.35,0,7.07,0,24.49,16.26,18.53,0,9.21,9.14
1429,0,12.87,9.35,0,7.07,0,28.64,15.95,18.53,12.49,23.92,22.04
1430.6,0,38.36,23.37,14.1,0,23.67,63.58,39.62,33.24,41.74,41.9,22.04
1432.21,0,32.35,14.02,29.12,9.82,44.17,78.47,55.99,42.72,61.09,92.61,40.87
1433.81,0,35.93,14.02,29.12,68.51,57.85,113.15,105.82,79.05,60.7,112.09,93.46
1435.41,31.67,27.53,21.52,56.34,114.52,92.16,120.96,123.44,128.11,91.08,157.67,121.93
1437.01,57.15,32.49,21.52,60.25,158.6,127.49,152.1,155.4,151.18,132.45,177.24,189.96
1438.61,89.68,32.69,42.13,109.35,144.92,164.4,191.14,172.92,188.47,198.36,210.02,203.53
1440.2,77.27,36.36,38.04,119.3,163.7,192.1,229.63,227.57,208.89,230.7,194.24,297.87
1441.8,76.21,70.72,79.08,168.6,166.17,205.82,269.8,269.88,250.99,297.36,217.77,338.87
1443.4,79.62,88.88,127.49,208.7,194.44,212.68,296.41,303.65,288.53,349.12,284.75,374.3
1444.99,91.38,116.73,173.91,225.49,228.73,216.55,316.04,323.43,305.42,381.87,366.37,372.72
1446.58,100.83,117.27,161.36,227.63,241.7,213.11,310.67,339.55,332.98,399.6,422.99,392.8
1448.18,84.19,137.39,160.39,205.68,231.25,244.24,317.2,367.56,334.11,410.21,431.81,431.09
1449.77,102.58,129.19,149.1,234.08,213.81,230.73,324.74,349.58,361.58,428.8,473.29,442.04
1451.36,125.76,110.13,177.95,266.94,234.18,236.01,323.06,327.72,360.5,439.82,463.86,450.42
1452.95,152.74,140.53,184.26,312.93,268.33,252.42,346.83,338.31,382.54,465.94,498.87,455.89
1454.53,184.51,171.07,214.38,352.38,262.29,278.96,328.72,354.02,367.7,479.49,463.97,497.14
1456.12,203.64,188.63,256.84,354.85,269.59,296.18,355.62,389.4,351.2,491.02,471.39,509.7
1457.71,238.57,199.31,262.11,377.12,250.02,286.53,332.64,347.57,329.15,486.98,459.57,503.36
1459.29,213.07,206.24,219.28,350.29,270.7,260.45,361.88,343.63,333.66,499.47,478.3,497.9
1460.88,235.48,256.41,217.03,355.04,282.94,278.95,348.02,333.26,337.07,496.84,489.56,496.65
1462.46,251.79,249.83,218.69,321.69,303.76,267.02,376.05,352.11,326.38,461.08,475.37,498.94
1464.04,267.91,244.37,263.15,350.46,288.04,277.88,340.53,365.74,307.13,421.75,464.94,484.99
1465.62,263.7,227.26,253.29,349.92,287.33,299.75,340.69,359.38,316.89,419.06,472.15,446.69
1467.2,281.07,249.4,233,351.96,277.86,334.53,297.4,356.59,305.22,421.25,453.91,427.27
1468.78,299.68,291.78,242.29,336.23,298.96,351.55,289.68,346.35,313.44,440.97,430.53,404.06
1470.36,295.86,277.72,221.49,354.07,283.64,313.48,261.85,318.67,269.22,401.56,370.7,381.05
1471.94,228.05,246.36,240.7,358.26,307.99,284.41,257.69,303,263.34,370.46,352.18,344.69
1473.52,208.16,218.56,207.49,346.68,295.25,278.92,273.43,268.89,225.69,317.56,345.86,292.87
1475.09,168.38,217.89,177.07,314.24,287.97,258.89,227.61,201.23,188.16,246.09,310.97,255.48
1476.67,173.63,200.24,142.33,280.14,242.37,282.87,200.47,149.58,180.63,227.27,279.06,251.74
1478.24,143.55,172.27,107.61,207.05,222.12,242.53,152.66,100.59,143.77,175.42,223.13,236.31
1479.81,110.83,147.66,125.91,167.64,200.21,262.2,159.19,132.28,145.92,144.55,182.18,197.87
1481.38,92.56,116.5,102,140.36,207.1,222,145.84,138.08,142.52,133.44,144.66,156.51
1482.95,96.64,92.68,114.44,181.1,198,239.48,142.49,176.21,160.45,148.64,177.44,171.81
1484.52,86.62,67.44,106.78,217.73,232.13,231.86,124.03,144.91,155.61,182.7,167.1,193.31
1486.09,98.62,90.55,112.81,243.38,269.94,233.25,114.58,132.61,144.45,185.41,194.74,207.13
1487.66,92.74,79.12,100.96,203.15,289.21,242.1,87.24,110.43,147.06,177.53,160.46,181.7
1489.22,84.68,82.92,53.84,173.82,244.38,242.86,64.46,94.8,154.24,168.19,161.05,149.48
1490.79,64.6,41.29,37.13,144.73,214.12,218.51,24.24,91.07,146.64,125.05,88.51,117.45
1492.35,25.98,17.5,16.65,164.87,168.43,151.39,27.24,45.32,109.94,72.72,31.34,90.63
1493.92,41.01,5.23,16.65,120.13,137.52,126.4,26.69,58.93,92.68,27.41,0.65,61.74
1495.48,15.03,5.23,5.79,100.85,102.74,95.19,28.93,20.93,51.54,0,0,35.43
1497.04,15.03,5.23,0,75.58,115.3,135.33,13.83,20.93,62.73,14.91,0,8.83
1498.6,0,0,0,64.99,120.88,115.82,8.73,8.98,65.93,14.91,0,8.83
1500.16,0,0,0,65.52,109.9,132.76,28.74,8.98,52.72,14.91,0,0
1501.72,2.75,0,20.17,86.06,86.94,124.04,39.43,26.12,35.37,0,0,0
1503.27,2.75,0,20.17,89.72,86.43,119.77,36.59,17.14,10.36,0,0,0
1504.83,6.37,0,20.17,82.05,96.27,118.18,21.39,37.65,12.31,0,2.26,0
1506.38,7.18,0,15.36,47.18,114.56,140.05,20.97,23.05,27.86,0,2.26,16.52
1507.94,7.18,0,16.46,58.2,125.74,138.48,46.74,23.05,37.06,0,2.26,16.52
1509.49,44.34,3.61,16.46,85.01,153.72,174.03,64.99,43.79,54.94,0,0,28.03
1511.04,50.17,12.43,6.68,114.82,170.7,169.25,65.9,60.86,35.16,0,3.39,11.51
1512.59,83.07,49.69,6.46,145.54,165.91,186.71,53.37,82.38,61.6,0,4.85,11.51
1514.14,46.36,83.78,30.31,155.48,137.69,187.39,52.07,45.23,54.93,0,4.85,4.36
1515.69,59.33,116.54,24.73,147.77,109.8,159.42,57.09,45.09,58.6,0,11.12,4.36
1517.24,59.97,90.31,42.43,154.4,126.26,167.12,78.12,32.94,60.27,0,9.67,4.36
1518.79,55.9,94.08,41.8,141.7,132.39,154.16,74.48,49.46,71.27,1.41,31.73,18.48
1520.34,46.44,52.5,47.01,123.56,143.09,182.43,74.4,46.53,89.49,1.41,22.06,18.48
1521.88,12.9,92.96,41.4,108.54,147.9,189.81,70.43,75.38,71.5,1.41,22.06,49.02
1523.42,12.9,53.09,31.79,125.86,144.72,187.87,56.12,75.9,69.84,0,0,30.54
1524.97,5.13,53.09,26.59,158.41,169.43,149.16,55.71,79.31,58.73,0,0,30.54
1526.51,20.45,23.35,25.44,163.86,154.71,144.34,25.4,60.93,75.18,6.65,0,5.63
1528.05,20.45,42.72,12.74,136.75,165.1,133.31,38.65,41.34,67.74,6.65,0,6.64
1529.59,15.32,54.49,12.74,139.43,178.94,152.39,30.01,43.85,75.41,7.89,0,19.58
1531.13,16.01,39.65,46.84,151.44,205.79,158.81,47.47,54.37,55.42,1.24,9.03,15.14
1532.67,25.1,18.67,58.38,164.24,221.42,160.34,56.94,72.32,80.86,24.48,9.03,25.78
1534.2,39.84,37.73,93.96,151.82,232.83,181.66,82.51,80.06,97.42,23.24,34.59,32.17
1535.74,31.98,46.34,63.18,145.3,235.14,169.87,93.98,86.01,112.2,23.24,48.26,37.09
1537.28,25.02,69.77,64.62,147.33,219.34,170.3,66.99,66.51,80.87,0,48.26,36.53
1538.81,55.17,51.73,52.51,174.82,204.98,159.52,64.12,57.13,63.65,0,22.7,18.38
1540.34,82.87,95.58,57.97,168.19,219.86,204.63,66.46,37.63,70.65,0,0,33.1
1541.88,89.81,95.65,95.65,160.79,213.29,222.3,95.7,64.03,89.54,12.05,0,22
1543.41,61.85,112.84,97.44,154.17,193.83,242.08,118.37,92.53,111.53,12.05,20.21,37.65
1544.94,69.23,79.69,114.23,170.22,186.71,209.87,123.04,113.36,132.19,40.14,38.72,34.27
1546.47,102.16,85.77,94.59,217.17,190.49,225.88,155.93,146.07,149.41,49.99,52.94,67.41
1547.99,126.32,98.41,90.16,213.33,226.82,261.11,157.04,156.01,156.84,116.72,52.34,83.75
1549.52,149.81,134.05,113.08,226.5,255.15,282.68,184.15,188.27,157.27,147.05,81.37,114.38
1551.05,132.86,149.91,117.21,192.89,289.7,280.47,173.14,167.09,172.93,162.24,86.58,136.2
1552.57,148.35,136.21,138.46,190.4,317.71,258.71,173.24,152.01,172.69,114.83,103.54,153.44
1554.1,145.51,139.85,131.38,201.24,299.37,278.28,188,149.93,173.11,92.39,102.46,137.3
1555.62,167,147.16,144.62,221.41,282.71,291.85,181.76,169.85,183.86,83.91,123.01,111.47
1557.14,166.04,204.35,178.76,249.81,247.6,319.98,203.73,202.98,206.5,106.27,144.41,144.16
1558.66,171.41,186.54,187.23,243.54,214.5,317.44,199.7,200.45,211.14,91.6,117.11,161.48
1560.18,172.9,212.18,178.15,255.04,225.83,308.68,207.45,191.68,181.88,62.98,102.55,148.21
1561.7,148.05,169.15,147.4,246.22,197.84,296.91,185.85,149.92,163.96,33.34,82.62,104.57
1563.22,112.64,144.89,140.76,247.83,225.62,277.6,171.03,130.92,158.8,29.77,93.09,97.35
1564.74,90.78,88.52,141.34,215.67,233.96,255.17,174.43,130.14,177.2,57.72,103.09,104.97
1566.25,90.36,67.93,112.69,177.29,230.73,203.84,170.27,138.14,168.71,73.73,84.15,86.34
1567.77,88.72,75.11,82.49,162.68,204.62,172.63,142.87,120.91,144.99,77.48,83.96,49.78
1569.28,109.08,86.62,50.28,160.41,153.84,175.09,104.81,120.67,134.26,66.19,48.53,42.85
1570.79,94.87,93.57,73.52,160.24,171.17,160.65,84.18,99.87,98.31,38.13,48.04,28.66
1572.31,107.99,101.52,82.42,131.74,190.5,159.88,104.89,134.06,136.35,46.2,49.83,58.44
1573.82,92.11,101.8,121.65,131.9,209.49,161.1,125.25,141.92,168.05,52.89,102.45,104.51
1575.33,100.34,131.51,134.32,136.17,174.26,191.43,159.72,188.88,209.86,66.14,119.61,124.32
1576.84,81.33,140.01,137.43,162.21,176.47,210.87,155.62,183.28,215.44,74.64,131.84,123.2
1578.34,64.1,130.27,132.32,138.7,127.45,180.75,140.96,162.11,166.13,76.53,84.15,96.16
1579.85,39.73,82.75,106.09,123.07,135.65,149.85,110.19,117.16,127.37,74.93,50.63,76.97
1581.36,36.82,45.67,92.29,99.88,80.62,108.72,79.18,62.32,81.04,36.9,7.17,42.84
1582.86,62.46,45.8,74.05,102.58,111.15,125.15,86.73,52.02,76.93,11.66,2.25,7.25
1584.37,77.33,44.15,87.03,74.16,94.23,92.79,83.49,60.28,67.04,0,6.83,4.5
1585.87,81.96,76.28,85.11,63.85,122.75,126.2,98.35,98.63,81.25,33.06,23.83,25.16
1587.37,81.46,98.28,86.74,87.42,133.48,150.5,133.43,121.87,117.01,77.69,73.64,64.31
1588.87,85.52,111.17,72.59,86.54,121.1,187.35,139.05,124.65,151.31,95.08,66.81,87.32
1590.37,102.9,83.05,61.43,92.32,114.04,153.86,118.33,111.43,131.61,62.02,56.11,66.66
1591.87,86.71,74.36,38.37,56.88,94.76,128.47,63.72,83.31,79.68,17.4,6.29,37.37
1593.37,72.96,98.45,33.08,84.87,102.25,105.52,44.54,75.62,74.19,0,6.56,9.86
1594.86,40.64,106.3,57.23,71.3,67.18,76.68,53.8,78.38,70.47,11.99,14.06,11.34
1596.36,55.43,102.92,84.15,84.84,52.88,54.61,72.16,97.9,98.52,31.33,43.47,14.6
1597.86,74.76,96.76,105.62,105.59,35.46,44.75,109.06,124.3,116.45,57.01,81.22,52.32
1599.35,85.64,87.47,81.97,115.22,56.25,59.11,143.85,152.58,136.92,68.48,92.8,83.26
1600.84,87.17,79.18,74.31,100.52,61.37,55.13,157.96,166.51,124.39,60.57,90.01,94.83
1602.33,88.92,51.76,53.86,85.69,89.38,65.02,161.95,178,138.07,34.89,55.39,78.58
1603.83,77.1,51.11,43.39,54.96,59.77,59.02,139.7,151.91,128.52,18.54,56.84,63.73
1605.32,63.15,36.68,38.92,57.45,43.09,35.98,143.34,148.04,145.51,36.71,70.14,73.39
1606.8,47.86,23.56,17.86,47.27,11.07,13.64,117.96,107.16,115.83,53.43,88.38,81.68
1608.29,35.7,11.67,17.86,42.12,11.07,0,86.8,74.26,81.99,46.32,61.55,64.1
1609.78,10.97,0.26,0,23.92,2.03,0,35.04,25.09,53.07,16.73,21.64,29.75
1611.27,0,0,0,0,0,0,1.95,0,15.8,0,0,0
1612.75,0,0,0,0,0,0,0,0,15.8,0,0,0
1614.23,0,0,0,0,0,0,0,0,0,0,0,0
1615.72,0,0,0,0,0,0,0,0,0,0,0,0
1617.2,0,0,0,0,0,0,0,0,0,0,0,0
1618.68,0,0,0,0,0,0,3.81,0.36,4.53,0,0,0
1620.16,0,0,1.5,0,0,0,3.81,19.84,20.8,0,0,0
1621.64,0,0,16.35,0,0,0,22.41,34.88,39.92,0,0,0.95
1623.12,0,0,16.35,0,0,0,18.6,34.51,44.13,0,0,0.95
1624.59,0,9.31,29.05,0,0,1.29,18.6,15.03,34.99,0,0,0.95
1626.07,0,9.31,14.21,0,0,1.29,0,0,15.87,0,0,0
1627.54,0,9.31,14.21,0,0,1.29,0,0,7.13,0,0,0
1629.02,0,0,0,0,0,0,0,0,0,0,0,0
1630.49,0,0,0,0,0,0,0,0,0,0,0,0
1631.96,0,0,0,0,0,0,0,0,0,0,0,0
1633.43,0,0,0,0,0,0,0,0,0,0,0,0
1634.9,12.61,0,0,0,0,0,0,0,0,0,0,0
1636.37,12.61,0,0,0,0,0,0,0,0,0,0,0
1637.84,12.61,0,0,0,0,0,0,0,0,0,0,0
1639.31,0,0,0,0,0,0,0,0,0,0,0,0
1640.77,0,0,0,0,0,0,0,0,0,0,0,0
1642.24,0,0,0,0,0,0,0,0,0,0,0,0
1643.7,0,0,0,0,0,0,0,0,0,0,0,0
1645.17,0,0,0,0,0,0,0,0,0,0,0,0
1646.63,0,0,0,0,0,0,0,0,0,0,0,0
1648.09,0,0,0,0,0,0,0,0,0,0,0,0
1649.55,0,0,0,0,0,0,0,0,0,0,0,0
1651.01,0,0,0,0,0,0,0,0,0,0,0,0
1652.46,0,0,0,0,0,0,0,0,0,0,0,0
1653.92,0,0,0,0,0,0,0,0,0,0,0,0
1655.38,0,0,0,0,0,0,0,0,0,0,0,0
1656.83,0,0,0,0,0,0,0,0,0,0,0,0
1658.29,0,0,0,0,0,0,0,0,0,0,0,0
1659.74,0,0,0,0,0,0,0,0,0,0,0,0
1661.19,0,0,0,0,0,0,0,0,0,0,0,0
1662.64,0,0,0,0,0,0,0,0,0,0,0,0
1664.09,0,0,0,0,0,0,0,0,0,0,0,0
1665.54,0,0,0,0,0,0,0,0,0,0,0,0
1666.99,0,0,0,0,0,0,0,0,0,0,0,0
1668.44,0,0,0,0,0,0,0,0,0,0,0,0
1669.88,0,0,0,0,0,0,0,0,0,0,0,0
1671.33,0,0,0,0,0,0,0,0,0,0,0,0
1672.77,0,0,0,0,0,0,0,0,0,0,0,0
1674.21,0,0,0,0,0,0,0,0,0,0,0,0
1675.66,0,0,0,0,0,0,0,0,0,0,0,0
1677.1,0,0,0,0,0,0,0,0,0,0,0,0
1678.54,0,0,0,0,0,0,0,0,0,0,0,0
1679.97,0,0,0,0,0,0,0,0,0,0,0,0
1681.41,0,0,0,0,0,0,0,0,0,0,0,0
1682.85,0,0,0,0,0,0,0,0,0,0,0,0
1684.29,0,0,0,0,0,0,0,0,0,0,0,0
1685.72,0,0,0,0,0,0,6.06,0,0,0,0,0
1687.15,0,0,0,0,0,0,6.06,0,0,0,0,0
1688.59,1.18,0,0,0,0,0,6.06,0,0,0,0,0
1690.02,1.18,0,0,0,0,0,0,0,0,0,0,0
1691.45,1.18,0,0,0,0,0,0,0,0,0,0,0
1692.88,2.56,0,0,0,0,0,0,0,0,0,0,0
1694.31,24.6,5.81,6.75,0,0,0,0,0,7.53,1.79,10.1,0
1695.74,24.6,5.81,6.75,0,0,0,0,0,7.53,1.79,10.1,0
1697.16,22.04,5.81,6.75,0,0,0,0,0,7.53,1.79,10.1,0
1698.59,0,0,0,0,0,0,0,0,0,0,0,0
1700.01,0,0,0,0,0,0,0,0,0,0,0,0
1701.44,0,0,0,0,0,0,0,0,0,0,0,0
1702.86,0,0,0,0,0,0,0,0,0,0,0,0
1704.28,0,0,0,0,0,0,0,0,0,0,0,0
1705.7,0,0,0,0,0,0,0,0,0,0,0,0
1707.12,0,0,0,0,0,0,0,0,0,0,0,0
1708.54,0,0,0,0,0,0,0,0,0,0,0,0
1709.96,0,0,0,0,0,0,0,0,0,0,0,0
1711.38,0,0,0,0,0,0,0,0,0,0,0,0
1712.79,0,0,0,0,0,0,0,0,0,0,0,0
1714.21,0,0,0,0,0,0,0,0,0,0,0,0
1715.62,0,0,0,0,0,0,0,0,0,0,0,0
1717.04,0,0,0,0,0,0,0,0,0,0,0,0
1718.45,0,0,0,0,0,0,0,0,0,0,13.3,0
1719.86,3.15,1.48,0,0,0,0,0,0,0,22.86,13.3,10.22
1721.27,3.15,1.48,0,0,0,0,0,0,0,30.69,13.3,10.22
1722.68,3.15,1.48,0,0,0,0,0,0,0,30.69,0,10.22
1724.08,0,0,0,0,0,0,0,0,0,7.83,0,0
1725.49,0,0,0,0,0,0,0,0,0,0,0,0
1726.9,0,0,0,0,0,0,0,0,0,0,5.18,13.77
1728.3,9.59,0,0,0,8.25,0,0,6.36,3.08,32.98,32.58,42.18
1729.71,9.59,0,1.85,0,8.25,0,0,6.36,3.08,41.23,57.95,68.32
1731.11,9.59,0,1.85,0,8.25,0,0,6.36,3.08,42.5,52.77,54.56
1732.51,0,0,1.85,0,0,0,0,0,0,9.52,32.72,34.8
1733.91,0,0,0,0,0,0,0,0,0,1.27,7.35,8.66
1735.31,3.8,0,0,0,0,0,0,0,0,0,7.35,8.66
1736.71,3.8,0,0,0,0,0,0,0,0,0,9.43,14.37
1738.11,3.8,0,0,0,0,0,0,0,0,0,9.43,14.37
1739.51,0,0,0,0,0,0,0,0,0,0,9.43,14.37
1740.9,0,0,0,0,0,0,0,0,0,0,0,0
1742.3,0,0,0,0,0,0,0,0,0,0,0,0
1743.69,3.09,0,0,0,0,0,0,0,0,0,0,0
1745.08,3.09,0,0,0,0,0,0,0,0,0,0,0
1746.48,3.09,0,0,0,0,0,0,0,0,0,0,0
1747.87,0,0,0,0,0,0,0,0,0,0,0,0
1749.26,0,0,0,0,0,0,0,0,0,1,0,0
1750.65,0,0,0,0,0,0,0,0,0,1,0,0
1752.03,0,0,0,0,0,0,0,0,0,1,0,0
1753.42,0,0,0,0,0,0,0,0,0,0,0,0
1754.81,0,0,0,0,0,0,0,0,0,0,0,0
1756.19,0,0,0,0,0,0,0,0,0,0,0,0
1757.58,0,0,0,0,0,0,0,0,0,0,0,0
1758.96,0,0,0,0,0,0,0,0,0,0,0,0
1760.34,0,0,0,0,0,0,0,0,0,0,0,0
1761.72,0,0,0,0,0,0,0,0,0,0,1.02,0
1763.1,0,0,0,0,0,0,0,0,0,0,1.02,0
1764.48,0,0,0,0,0,0,0,0,0,0,1.02,0
1765.86,0,0,12.18,0,0,0,0,0,0,0,0,0
1767.24,0,0,12.18,0,0,0,0,0,0,0,0,0
1768.61,0,0,12.18,0,0,0,0,0,0,0,0,0
1769.99,0,0,0,0,0,0,0,0,0,0,0,0
1771.36,0,0,0,0,0,0,0,0,0,0,0,0
1772.73,0,0,0,0,0,0,0,0,0,0,0,0
1774.1,0,0.37,0,0,0,0,0,0,0,0,0,0
1775.48,0,0.37,13.71,0,1.71,8.56,0,0,1.38,19.25,11.93,0
1776.85,0,0.37,14.02,0,1.71,8.56,0,0,1.38,19.25,11.93,0
1778.21,20.7,0.54,24.92,13.19,9.35,8.56,1.04,3.11,9.5,19.25,40.03,3.56
1779.58,20.7,0.54,11.21,13.19,7.64,0,1.04,3.11,8.13,19.17,56.86,3.56
1780.95,20.7,3.82,10.9,13.19,7.64,0,1.04,3.11,8.13,19.17,56.86,3.56
1782.32,0,3.28,0,0,0,0,0,0,0,19.17,28.76,0
1783.68,0,3.28,0,0,0,0,0,0,0,0,0,0
1785.04,0,0,0,0,0,0,0,0,0,0,0,0
1786.41,0,1.68,0,0,0,0,0,0,0,0,0,0
1787.77,0,1.68,0,0,0,0,0,0,0,0,0,0
1789.13,1.32,1.68,0,0,0,0,0,0,0,0,0,0
1790.49,1.32,0,0,0,0,0,0,0,0,0,0,0
1791.85,5.44,0,0,0,0,0,0,0,0,0,0,0
1793.21,4.12,0,0,0,0,0,0,0,0,0,0,0
1794.57,18.65,0,0,0,0,0,0,0,0,0,0,4.57
1795.92,26.01,11.06,0,0,0,0,0,0,0,16.75,18.46,4.57
1797.28,36.65,18.89,1.73,15.03,12.43,17.73,0,0,0,24.62,29.14,27
1798.63,35.47,21.71,1.73,15.41,21.82,17.73,0,2.97,0.09,38.12,48.9,42.76
1799.98,34.68,14.45,1.73,15.41,25.16,19.96,0,7.7,5.6,39.49,36.91,57.95
1801.34,39.84,20.81,16.86,5.84,19.44,18.8,2.7,7.7,5.6,51.77,54.51,47.33
1802.69,41.29,27.11,42.57,17.89,10.05,30.92,7.18,15.05,15.56,60.31,40.7,65.63
1804.04,39.91,30.59,59.02,40.82,17.79,28.69,12.65,23.24,17.38,69.31,55.37,78.75
1805.39,24.1,16.4,43.99,35.36,11.08,12.12,9.95,23.24,17.38,55.01,27.73,74.9
1806.73,11.95,10.44,28.8,22.93,11.68,4,5.47,12.92,7.32,48.19,46.9,41.86
1808.08,2.64,3.17,16.57,0,0.6,11.03,0,0,0,46.94,25.76,13.56
1809.43,2.64,3.17,14.74,0,0.6,11.03,0,0,0,41.09,25.12,5.59
1810.77,0,1.83,4.21,0,1.22,7.03,0,0,0,25.88,0,0
1812.12,4.32,2.82,2.04,0,1.22,0,0,0,0,0,0,0
1813.46,4.32,2.82,9.69,0,1.22,0,0,0,0,0,0,0
1814.8,4.32,0.98,16.28,0,0,0,0,0,0,0,0,0
1816.14,8.47,0,19.73,0,0,0,0,0,0,0,0.26,0
1817.48,8.47,0,14.02,0,0,0,0,0,0,0,0.26,0
1818.82,30.19,24.47,27.26,13.85,19.45,3.54,11.97,0,5.16,24.66,19.25,8.89
1820.16,21.71,24.98,21.77,13.85,19.45,5.43,11.97,0,5.16,24.66,20.62,13.26
1821.5,21.93,45.52,20.57,23.85,31.28,21.63,11.97,0,7.41,25.02,31.22,25.09
1822.83,22.94,50.37,13.87,39.5,12.45,36.03,19.22,14.34,18.48,31.29,29.21,27.91
1824.17,29.36,49.86,23.25,42.03,22.71,47.72,19.22,15.53,32.89,46.66,42.45,41.65
1825.5,42.15,29.32,58.34,53.13,24.33,55.91,30.8,19.8,36.77,77.32,63.5,36.87
1826.83,36.33,0.35,68.48,49.29,26.68,37.96,27.6,12.79,20.55,76.66,65.92,41.12
1828.17,41.23,16.41,59.1,58.17,40.76,45.28,35.6,11.59,13.57,88.7,67.36,47.07
1829.5,28.23,16.41,23.27,52.34,38.78,28.87,30.42,9.94,8.22,78.32,49.06,48.27
1830.83,20.24,23.6,0,26.69,46.31,28.87,21.1,2.62,11.57,48.04,29.67,46.62
1832.16,12.09,12.96,0,27.86,21.97,9.81,13.1,2.62,12.26,38.26,13.34,46.11
1833.49,15.4,13.13,3.74,28.65,14.94,1.82,7.25,0,13.57,19.4,16.57,58.86
1834.81,14.47,10.38,3.74,28.65,4.46,1.82,0.55,0,10.22,29.82,18.6,44.55
1836.14,20.82,4.96,9.78,16.06,21.36,0,0.55,0,2.1,14.45,23.96,21
1837.46,17.51,4.79,6.04,0,16.91,2.94,0,0,0,12.68,7.4,0
1838.79,9.53,0,24.65,0,16.91,2.94,0,0,0,2.26,5.36,0
1840.11,8.6,13.19,18.61,1.68,8.84,12.05,0,0,0,32.85,6.06,18.71
1841.43,8.6,13.19,20.15,1.68,17.88,12.06,0,0,0,56.55,16.79,19.27
1842.75,35.22,16.3,10.07,8.73,28,30.05,0.63,0,4.45,74.95,33.36,53.19
1844.07,26.62,14.04,10.07,30.31,22.77,27.4,9.41,0.82,16,73.61,46.82,48.52
1845.39,43.65,44.1,28.55,64.09,34.15,57.69,48.99,26.06,44.29,91.84,73.18,93.43
1846.71,29.66,42.61,38.2,57.04,24.04,39.7,48.36,26.06,39.96,89.55,68.02,75.49
1848.03,39.44,38.06,38.2,33.79,32.53,45.44,39.58,25.39,28.42,81.83,48.51,74.47
1849.34,33.89,36.01,42.62,16.25,26.2,29.02,16.55,3.56,0.13,67.92,39.41,52.25
1850.66,21.26,38.24,35.98,27.73,39.47,29.02,16.55,3.56,0,74.91,62.22,42.96
1851.97,17.48,39.29,54.71,57.54,46.24,54.71,40.23,19.87,13.12,75.37,86.1,46.47
1853.29,48.31,23.29,54.85,62.39,63.96,60.67,63.96,59.81,51.8,85.74,101.97,53.23
1854.6,78.89,38.67,63.37,63.3,78.73,69.66,78.83,86.69,65,101.81,98.53,79.69
1855.91,107.6,54.55,64.05,62.37,73.66,62.18,92.81,120.87,81.48,139,143.89,97.96
1857.22,81.48,50.92,44.9,52.94,47.76,47.53,56.63,84.56,56.48,129.33,140.39,95.03
1858.53,69.08,44.68,37.46,63.9,37.25,64.61,82.85,91.32,58.21,123.68,155.92,103.8
1859.84,57.62,53.38,38.3,48.8,44.02,60.96,67.69,61.03,42.9,100.93,130.36,103.16
1861.15,45.87,59.12,64.2,54.42,51.5,75.03,70.27,79.81,50.32,108.55,113.49,101.21
1862.45,27.7,46.37,62.92,50.21,45.49,57.93,36.35,46.17,35.39,96.63,84.43,75.4
1863.76,35.5,24.66,71.36,55.04,56.19,59.55,36.84,54.19,48.38,108.73,82.06,87.62
1865.06,39.02,20.67,43.18,40.26,42.8,53.56,58.72,51.95,44.78,116.51,79.05,82.87
1866.36,62.3,65.84,58.83,51.98,57.05,53.73,85.45,77.15,79.22,141.77,97.5,119.92
1867.67,69.14,89.17,47.98,45.53,45.47,62.4,85.35,90.59,90.31,155.15,124.43,123.45
1868.97,84.37,91.55,70.51,70.13,64.75,80.45,100.99,93.44,104.46,173.22,153.39,145.67
1870.27,96.65,71.98,61.09,57.78,73.6,106.9,124.02,103.35,99.34,176.65,173.03,130.58
1871.57,84.97,70.13,62.72,85.48,101.17,86.39,139.12,101.99,101.63,150.76,162.03,137.2
1872.87,78.46,82.43,55.84,85.68,110.24,99.05,127.73,118.47,108.09,146.67,165.17,148.95
1874.16,48.45,81.57,67.13,99.37,85.8,88.53,100.84,116.79,94.72,134.71,158.78,150.17
1875.46,28.26,49.78,53.91,81.23,69.86,78.85,88.47,87.96,81.2,134.88,129.19,130.2
1876.75,25.34,41.68,56.96,76.35,67.52,82.77,92.38,85.42,68.3,140.97,143.52,129.14
1878.05,30.36,37.84,52.94,64.09,64.12,75.63,91.58,80.83,94.02,149.62,120.42,130.67
1879.34,38.76,48.46,67.31,66.53,74.44,91.88,81.51,105.97,100.14,166.96,138.35,128.22
1880.63,31.44,59.95,50.62,73.92,72.7,48.06,81.05,99.06,124.87,168.21,102.86,122.36
1881.93,40.71,64.7,60.53,91.24,94.9,66.19,90.55,117.44,120.56,183.37,136.61,120.41
1883.22,38.93,98.39,70.05,87.84,100.04,60.25,94.67,117.77,129.54,182.77,121.94,125.38
1884.51,67.41,79.34,64.9,78.71,83.11,71.26,64.07,111.05,97.8,143.74,124.19,103.26
1885.79,72.84,83.57,43.29,79.51,90.46,60.86,46.09,99.29,83.35,119.96,101.35,105.39
1887.08,60.97,44.84,13.15,72.03,63.85,60.52,44.85,74.92,48.96,81.19,89.86,86.22
1888.37,59.04,43.05,41.45,83.15,86.51,65.45,55.21,65.84,56.19,87,92.62,89.96
1889.65,49.39,43.53,58.43,69.21,88.78,81.65,60.2,55.71,63.7,83.72,98.96,95.95
1890.94,72,70.94,69.58,78.2,86.32,97.12,65.8,78.86,89.51,121.34,131.22,122.52
1892.22,86.1,97.51,78.31,113.36,98.35,114.09,106.92,118.86,125.81,153.76,174.94,163.23
1893.5,98.03,66.93,63.2,118.34,98.21,100.88,110.87,119.69,131.96,166.3,175.79,170.07
1894.78,113.56,86.25,87.03,129.58,118.34,107.94,120.77,133.48,139.39,182.76,186.89,164.5
1896.06,98.13,75.62,73.9,118.55,109.84,108.38,103.73,126.33,114.55,187.56,151.67,155.62
1897.34,96.42,119.35,95.49,128.55,95.73,118.2,107.42,140.24,93.11,172.72,160.49,158.76
1898.62,102.53,104.58,93.56,141.38,81.78,141.18,122.95,139.32,95.84,170.34,154.1,185.05
1899.9,84.8,118.31,97.13,108.04,73.31,119.99,112.32,113.58,94.08,148.42,157.17,171.46
1901.18,95.01,92.97,103.29,118.96,91.45,104.06,110.97,100.45,123.93,174.74,171.5,161.8
1902.45,84.48,76.23,88.73,100.49,97.86,64.74,85.23,83.27,111.73,142.3,140.06,147.71
1903.72,89.78,59.65,80.65,113.83,112.42,72.91,80.01,85.27,104.71,135.32,124.09,132.42
1905,78.78,56.11,56.62,108.56,103.03,91.46,86.17,90.33,87.75,131.03,108.15,135.16
1906.27,75.17,62.28,79.3,109,103.68,89.72,94.73,103.78,88.51,145.75,116.23,127.6
1907.54,80.04,93.6,95.13,82.59,82.16,68.14,88.79,104.4,77.45,139.6,116.1,142.5
1908.81,84.52,96.86,96.9,77.78,78.57,72.16,87.81,107.3,85.66,133.36,102.22,129.31
1910.08,85.04,106.16,92.04,110.68,88.36,81.89,111.88,95.93,103.28,126.8,134.37,137.48
1911.35,82.71,80.94,94.68,136.74,106.97,87.78,137.12,91.74,119.73,127.7,144.97,125.13
1912.62,77.21,104.22,87.46,117.62,112.07,54.49,112.2,66.38,108.35,105.06,134.38,111.9
1913.88,82.42,95.2,88.3,81.55,89.88,67.58,93,64.74,79.03,105.77,119.47,85.04
1915.15,88.33,93.23,63.5,80.85,82.4,94.38,75.87,74.17,68.1,118.5,109.26,84.53
1916.41,92.74,82.07,81.2,91.97,78.41,117.01,84.9,93.43,78.35,124.35,127.84,107.82
1917.68,82.63,93.4,81.05,91.58,90.58,83.45,83.44,93.2,89.43,113.34,131.89,129.58
1918.94,59.01,90.89,89.72,88.34,84.89,67.39,88.48,81.81,90.35,89.78,109.4,125.81
1920.2,42.99,80.97,70.98,89.36,84.48,74.59,96.13,61.69,82.88,89.13,86.82,116.96
1921.46,45.9,60.65,53.18,93.99,79.99,75.38,84.73,47.53,80.37,94.71,74.49,96.68
1922.72,65.3,67.48,50.87,88.77,93.66,84,86.17,71.53,93.35,99.43,109.28,110.87
1923.98,64.97,80.91,50.15,72.81,89.93,72.56,85.89,88.48,90.28,108.38,132.99,106.64
1925.24,57.45,98.49,54.92,77.33,112.02,104.6,111.1,127.6,87.38,117.45,130.49,112.54
1926.49,41.98,95.11,47.73,69.9,98.15,102.01,105.71,115.78,74.21,129.88,119.69,109.14
1927.75,54.54,90.77,60.91,89.18,90.98,104.8,109.05,119.35,81.1,122.32,99.23,114.75
1929,76.6,88.91,67.58,87.94,79.64,102.08,104.55,94.42,79.15,116.89,97.24,122.84
1930.26,104.92,63.39,67.85,94.3,75.89,89.29,84.66,84.44,79.48,96.02,92.83,96.5
1931.51,113.17,50.06,79.72,103.25,96.08,86.77,96.72,101.4,87.76,120.73,108.66,119.74
1932.76,78.35,26.33,60.84,101.8,70.52,46.11,75.73,87.98,81.66,111.35,90.06,102.23
1934.01,63.12,61.12,56.56,89.61,84.9,51.77,106.01,91.84,90.16,113.86,95.04,111.96
1935.26,46.94,76.35,25.99,65.13,79.32,48.48,84.69,62.76,73.73,81.06,76.04,68.72
1936.51,66.02,82.18,47.02,64.25,99.66,104.19,103.31,76.28,89.9,75.49,109.94,83.05
1937.76,63.7,50.27,50.64,80.29,90.27,114.76,102.2,80.09,77.36,74.17,107.09,94.29
1939,52.64,25.29,55.86,81.26,69.48,109.59,99.05,83.17,71.42,73.41,122.48,91.78
1940.25,40.17,17.9,28,68.16,55.27,80.02,67.83,75.87,57.77,78.89,97.12,70.18
1941.49,27.64,43.11,23.74,52.31,48,54.05,47.56,78.18,70.39,73.94,70.32,54.49
1942.74,22.02,49.91,15.41,50.07,55.66,73,59.57,85.1,90.3,79.89,67.11,56.05
1943.98,34.89,59.86,46.56,49.64,80.13,91.44,106.41,110.52,114.37,97.63,72.02,80.73
1945.22,58.37,31.77,46.98,68.47,77.53,106.47,131.2,106.22,122.38,120.94,98.84,101
1946.46,73.68,45.13,70.54,72.45,84.08,91.32,147.49,118.42,120.56,124.05,109.46,127.73
1947.7,51.45,63.31,50.92,81.24,57.78,74.66,128.27,116.46,112.24,112.95,92.21,139.27
1948.94,36.49,78.04,42.92,75.96,65.08,80.59,127.33,109.1,106.54,112.75,97.2,133.71
1950.18,44.34,66.63,28.71,83.16,63.52,80.34,120.23,95.58,99.33,105.34,89.65,118.29
1951.41,72.24,44.58,21.53,86.07,72.67,78.12,111.18,66.45,94.17,106.28,115.45,97.22
1952.65,70.83,55.24,53.04,76.35,71.52,70.61,103.84,65.03,83.74,84.23,95.94,82.5
1953.88,47.67,57.83,52.83,55.55,56.96,64.7,72.46,55.23,78.92,83.75,93.01,60.36
1955.12,19.35,47.22,61.11,31.57,50.56,54.6,57.23,47.26,53.27,56.4,66.87,49.36
1956.35,10.29,63.55,37.64,42.17,44.41,44.76,50.95,43.57,54.56,62.28,59.64,42.27
1957.58,10.29,61.13,31.44,51.04,47.85,40.85,61.95,39.15,36.12,37.47,27.98,34.58
1958.81,11.08,71.31,27.83,46.53,29.38,36.86,47.18,28.18,30.37,23.92,15.23,12.93
1960.04,6.79,29.59,19.78,18.73,20.56,30.36,23.95,11.57,4.99,0,5.45,0
1961.27,6.79,16.73,13.94,7.48,5.92,14.62,3.54,4.09,0,0,2.03,0
1962.5,4.48,15.46,0,7.8,5.92,6.53,3.54,6.06,7.04,0,0,0
1963.72,21.32,18.15,18.45,30.14,23.11,23.69,1.69,17.78,24.81,13.81,13.48,5.93
1964.95,21.32,15.79,23.43,22.65,23.11,23.69,2.13,19.13,24.81,13.81,13.48,5.93
1966.17,23.22,2.7,28.48,26.21,29.02,22.15,3.85,28.87,17.78,13.81,13.48,5.93
1967.4,19.61,0,10.03,3.87,9.31,5.09,6.83,17.15,0,0,0,0
1968.62,23.99,0,5.05,3.87,9.31,11.32,6.39,11.71,0,0,0,0
1969.84,17.61,0,0.43,0.31,3.39,9.35,4.66,0,0,0,0,0
1971.06,7.11,0,2.94,0.31,2.46,6.23,0,0,0,0,0,0
1972.28,2.73,0,7.94,8.79,2.46,0,0,9.41,14.42,0,0,0
1973.5,2.73,0,7.51,8.48,2.46,9.11,3.71,17.96,14.42,0,0,0
1974.72,0,0,5,8.48,0,9.11,3.71,24.97,17.43,0,0,0
1975.94,0,0,0,0,0,9.11,3.71,15.57,3.01,0,0,0
1977.15,0,0,2.18,0,0,0,0,7.01,3.01,0,0,0
1978.37,0,0,2.18,0,0,0,2.52,0,0,0,0,0
1979.58,0,0,2.18,0,0,10.36,9.67,0,0,0,0,0
1980.79,0,0,0,0,0,10.36,11.75,0,0,0,0,0
1982,0,0,0,0,0,10.36,9.23,0,0,0,0,0
1983.22,0.07,0,0,0,0,0,2.54,0,2.08,0,0,0
1984.43,0.07,0,0,0,0,0,0.46,0,2.08,0,0,0
1985.63,0.07,8.81,1.23,0,0,0,0.46,0,2.08,0,0,0
1986.84,0,8.81,1.23,0,0,0,0,0,0,0,0,0
1988.05,0,8.81,1.23,0,0,0,0,0,0,0,0,0
1989.25,0,0,0,0,0,0,0,0,0,0,0,0
1990.46,0,0,3.94,0,6.16,0,0,0,0,0,0,0
1991.66,0,0,3.94,0,6.16,0,0,0,0,0,0,0
1992.87,0,0,3.94,0,6.16,0,0,0,0,0,0,0
1994.07,0,0,0,0,0,0,0,0,0,0,0,0
1995.27,0,0,0,0,0,0,0,0,0,0,0,0
1996.47,0,0,0,0,0,0,0,0,0,0,0,0
1997.67,0,0,0,0,0,0,0,0,0,0,0,0
1998.86,0,0,0,0,0,0,0,0,0,0,0,0
2000.06,0,0,0,0,0,0,0,0,0,0,0,0
2001.26,0,0,0,0,0,0,0,0,0,0,0,0
2002.45,0,0,0,0,0,0,0,0,0,0,0,0
2003.65,0,0,0,0,0,0,0,0,0,0,0,0
2004.84,0,0,0,0,0,0,0,0,0,0,0,0
2006.03,0,0,0,0,0,0,0,0,0,0,0,0
2007.22,0,0,0,0,0,0,0,0,0,0,0,0
2008.41,0,0,0,0,0,0,0,0,0,0,0,0
