wavenumber,PLA 100ppm-1,PLA 100ppm-2,PLA 100ppm-3,PLA 200ppm-1,PLA 200ppm-2,PLA 200ppm-3
376.82,453.42,464.51,500.38,578.63,535.05,449.45
378.98,449.52,452.58,476.02,520.06,492.93,467.06
381.15,434.53,433.21,474.9,489.56,500.54,473.39
383.32,419.08,419.71,430.32,499.52,485.23,452.77
385.48,401.61,414.19,430.41,478.37,509.78,452.98
387.64,389.9,405.74,391.93,477.22,477.31,453.14
389.8,420.51,396.61,431.44,467.97,483.37,469.13
391.96,457.77,400.13,438.28,476.94,496.29,461.29
394.12,526.8,438.4,482.22,483.92,505.84,461.73
396.28,512.71,495.87,452.72,495.35,492.16,434.9
398.44,510.27,501.99,465.54,458.01,467.33,431.57
400.6,434.6,453.21,436.48,414.67,412.48,383.85
402.75,413.48,418.63,430.64,370.12,359.05,384.19
404.91,366.36,370.7,398.47,355.46,303.81,327.38
407.06,360,372.21,361.4,328.8,299.55,339.17
409.21,317.2,322.27,310.9,296.6,302.38,302.7
411.36,276.29,317.2,280.29,251.17,238.96,325.95
413.51,301.71,297.79,252.69,246.98,208.08,274.04
415.66,296.24,311.81,273.54,238.45,195.5,259.42
417.81,307.55,304.61,227.84,214.27,226.9,225.41
419.96,228.97,301.18,198.92,181.42,210.27,215.69
422.11,224.06,244.75,137.35,165.46,154.85,196.15
424.25,158.83,174.99,113.79,156.4,127.95,176.11
426.4,142.16,137.11,105.8,135.12,98.81,169.13
428.54,106.61,108.68,99.27,95.52,121.99,141.45
430.68,127.95,141.8,101.97,115.69,86.91,134.82
432.82,122.08,121.37,127.8,117.87,109.82,104.15
434.97,113.22,111.61,116.64,101.94,88.59,80.33
437.11,65.89,51.96,79.07,47.15,82.03,28.65
439.24,30.14,15.08,12.74,5.07,31.84,7.11
441.38,0,0,0,0,0,0
443.52,0,0,0,0,0,0
445.65,0,0,0,0,0,0
447.79,0,17.75,0,4.36,0,0
449.92,0,17.75,0,4.36,0,0
452.05,0,17.75,0,4.36,0,0
454.19,0,0,0,0,0,0
456.32,0,0,0,0,0,0
458.45,0,0,0,0,0,0
460.57,0,0,0,0,0,0
462.7,0,0,0,0,0,0
464.83,0,0,0,0,0,0
466.95,0,0,0,0,0,0
469.08,0,0,0,0,0,0
471.2,0,0,0,0,0,0
473.32,0,0,0,0,0,0
475.45,0,0,0,0,0,0
477.57,0,0,0,0,0,0
479.69,0,0,0,0,0,0
481.8,0,0,0,0,0,0
483.92,0,0,0,0,0,0
486.04,0,0,0,0,0,0
488.15,0,0,0,0,0,0
490.27,0,0,0,0,0,0
492.38,0,0,0,0,0,0
494.49,0,0,0,0,0,0
496.61,0,0,0,0,0,0
498.72,0,0,0,0,0,0
500.83,0,0,0,0,0,0
502.93,0,0,0,0,0,0
505.04,0,0,0,0,0,0
507.15,0,0,0,0,0,0
509.25,0,0,0,0,0,0
511.36,0,0,0,0,0,0
513.46,0,0,0,0,0,0
515.56,0,0,0,0,0,0
517.66,0,0,0,0,0,0
519.76,0,0,0,0,0,0
521.86,0,0,0,0,0,0
523.96,0,0,0,0,0,0
526.06,0,0,0,0,0,0
528.16,0,0,0,0,0,0
530.25,0,0,0,0,0,0
532.35,0,0,0,0,0,0
534.44,0,0,0,0,0,0
536.53,0,0,0,0,0,0
538.62,0,0,0,0,0,0
540.71,0,0,0,0,0,0
542.8,0,0,0,0,0,0
544.89,0,0,0,0,0,0
546.98,27.22,36.05,46.69,23.67,33.14,29.13
549.06,52.22,74.93,78.24,52.35,59.91,56.12
551.15,91.54,83.85,103.84,70.98,104.89,68.57
553.23,74.5,47.8,85.68,58.48,91.55,39.44
555.32,49.5,8.92,73.26,29.79,64.78,12.45
557.4,14.71,0,47.65,11.16,19.79,0
559.48,4.53,0,19.12,0,0,0
561.56,4.53,0,0,0,0,0
563.64,0,0,11.21,0,0,0
565.72,2.38,0,11.21,0,0,0
567.8,2.38,0,11.21,0,0,0
569.87,2.38,0,0,0,0,0
571.95,0,0,0,0,0,0
574.02,0,0,0,0,0,0
576.09,0,0,0,0,0,0
578.17,0,0,0,0,0,0
580.24,0,0,0,0,0,0
582.31,0,0,0,0,0,0
584.38,0,0,0,0,0,0
586.45,0,0,0,0,0,0
588.51,0,0,0,0,0,0
590.58,0,0,0,0,0,0
592.64,0,0,0,0,0,0
594.71,0,0,0,0,0,0
596.77,0,0,0,0,0,0
598.83,0,0,0,0,0,0
600.89,0,0,0,0,0,0
602.95,0,0,21.57,0,0,0
605.01,0,0,21.57,0,0,0
607.07,0,0,24.19,0,0,0
609.13,26.31,22.25,32.63,0,0,0
611.18,60.48,92.73,81.93,3.62,21.68,5.34
613.24,121.08,175.97,136.11,42.35,65.94,81.7
615.29,158.77,226.41,151.04,75.56,118.47,103.1
617.35,179.56,200.59,124.05,74.56,102.5,133.12
619.4,160.32,145.75,114.04,47.67,63.29,91.54
621.45,123.72,74.88,99.34,17.21,29.84,79.72
623.5,68.76,30.22,83.29,14.59,24.12,44.36
625.55,27.41,1.81,36.5,2.75,19.08,9.58
627.6,0,0,15.63,0,0,0
629.64,50.32,12.47,30.17,21.54,5.26,8.77
631.69,108.22,41.19,77.29,47.06,30.92,36.69
633.73,195.02,86.17,130.35,86.59,64.34,99.11
635.78,218.61,122.14,161.5,99.51,80.18,130.5
637.82,250.96,201.2,208.08,178.31,125.22,183.43
639.86,282.18,246.13,254.53,228.1,186.57,210.98
641.9,338.71,310.37,311.29,279.65,291.35,275.29
643.94,364.23,296.93,348.7,259.97,274.21,292.67
645.98,334.51,292.91,307.88,205.5,241.6,259.91
648.02,245.11,180.23,219.03,154.46,137.42,155.43
650.06,129.35,89.85,87.92,69.83,83.86,66.83
652.09,41.05,3.96,19.87,34.98,26.07,9.62
654.13,8.27,8.19,0,0,4.38,9.62
656.16,22.82,35.43,29.01,0,4.38,0
658.2,45.21,35.43,60.6,0,0,8.74
660.23,40.17,38.08,82.1,0,0,8.74
662.26,50.11,41.38,67.93,9.49,28.18,8.74
664.29,64.49,97.16,92.86,25.93,53.34,27.24
666.32,149.19,170.88,161.45,79.25,71.06,82.41
668.34,186.21,225.92,212.69,91.41,88.31,96.98
670.37,174,187.4,178.03,74.97,63.15,69.73
672.4,86.08,106.79,87.95,21.66,45.43,14.56
674.42,71.85,65.91,55.27,0,0,0
676.45,110.06,112.8,91.02,0,15.42,32.63
678.47,143.07,139.52,135.29,0,15.42,32.63
680.49,95.78,93.83,103.47,0,15.42,33.01
682.51,49.51,51.25,61.09,0,13.05,0.38
684.53,86.8,121.54,111.25,60.71,73.6,49.16
686.55,173.78,199.61,210.85,107.82,138.21,66.31
688.57,212.61,246.11,256.22,147.05,151.55,93.61
690.58,206.21,211.72,219.7,129.27,149.08,78.47
692.6,167.81,174.32,138.17,86.92,95.36,62.74
694.61,112.48,112.91,77.56,47.69,68.97,47.09
696.63,75.62,67.39,29.58,6.42,10.9,17.07
698.64,96.64,102.09,78.81,44.46,40.21,53.69
700.65,208.59,204.78,188.77,118.56,98.7,114.05
702.66,264.39,268.24,258.77,202.56,153.7,142.26
704.67,269.29,298.81,237.21,210.77,188.16,149
706.68,225.31,243.49,180.75,178.85,148.81,107.26
708.69,223.54,232.72,176.52,162.91,160.77,119.15
710.69,191.22,162.39,183.73,169.5,145.92,124.57
712.7,156.12,156.62,178.15,181.41,166.38,138.61
714.7,80.9,112.07,118.47,130.3,139.14,126.29
716.71,87.91,125.4,99,107.17,125.87,103.94
718.71,62.92,77.16,81.87,69.79,88.36,59.63
720.71,85.37,84.27,96.84,67.29,93.04,66.87
722.71,121.5,100.05,143.49,107.54,105.46,108.19
724.71,220.73,218.52,221.24,187.99,180.75,198.73
726.71,274.41,292.19,278.77,258.31,258.9,248.76
728.71,258.09,296.19,286.64,244.06,255.46,231.53
730.7,185.22,238.64,227.95,208.67,240.22,172.82
732.7,145.12,146.87,193.04,158.14,151.17,121.96
734.69,116.03,131.76,142.46,141.04,150.54,85.85
736.69,117.62,115.66,149.22,137.03,132.31,103.48
738.68,109.87,147.23,139.32,136.77,133.17,119.18
740.67,103.12,155.47,154.41,136.27,126.11,149.63
742.66,81.38,133.38,120.18,110.52,105.47,129.82
744.65,54.87,92.85,79.84,110.41,71.11,93.97
746.64,39.8,30.77,25.74,109.17,39.29,59.65
748.63,46.3,31.25,68.08,119.9,16.03,89.95
750.61,90.24,66.18,119.86,118.5,65.06,103.44
752.6,138.64,136.22,197.62,137.3,109.93,144.45
754.58,176.93,136.49,145.75,122.73,132.51,159.75
756.57,166.45,147.66,164.43,142.14,132.31,182.02
758.55,140.43,121.61,130.9,110.08,93.97,164.81
760.53,162.74,177.91,177.71,164.78,133.04,136.67
762.51,169.61,206.09,162.07,163.11,133.75,175.5
764.49,183.05,208.18,170.67,195.08,179.42,228.28
766.47,131.61,197.38,156.05,200.25,161.62,232.92
768.45,106.51,168.59,137.44,196.51,178.9,185.3
770.42,119.86,162.92,129.28,204.62,180.36,166.2
772.4,131.56,149.26,152.46,223.48,208.9,189.83
774.37,182.26,176.94,184.31,276.43,241.52,275.21
776.34,162.53,178.86,191.39,303.35,261.77,281.55
778.32,160.03,187.67,170.04,269.24,265.32,282.18
780.29,146.55,194.49,180.69,281.55,290.95,239.22
782.26,145.73,270.98,206.69,264.6,293.99,282.33
784.23,181.71,262.6,206.14,301.19,303.55,264.96
786.19,213.25,233.46,199.83,297.4,264.07,292.55
788.16,242.14,200.32,185.85,323.04,271.34,289.54
790.13,259.26,240.08,236.11,330.31,280.9,316.49
792.09,254.84,289.97,231.82,345.43,307.32,319.3
794.06,217.76,256.2,233.87,344.31,304.48,282.17
796.02,201.59,190.66,173.49,313.82,296.27,282.68
797.98,168.98,92.03,129.35,269.3,220.69,243.8
799.94,209.94,107.96,138.77,263.08,225.41,233.23
801.9,184.69,138.68,141.64,281.72,228.65,222.16
803.86,192.34,193.31,194.08,315.65,328.18,255.73
805.82,171.56,187.84,176.09,340.23,340.01,295.92
807.78,163.35,190.6,198,351.77,336.13,320.73
809.73,164.82,190.71,142.59,329.05,278.67,291.95
811.69,151.08,192.94,132.64,284.52,262.72,263.35
813.64,143.8,205.97,131.81,264.85,266.28,236.26
815.6,130.09,184.9,172.54,272.82,249.81,238.47
817.55,141.06,184.51,203.96,310.52,283.41,281.74
819.5,201.38,220.81,258.39,334.3,305.75,332.75
821.45,279.5,284.89,289.94,353.27,364.61,358.27
823.4,309.85,317.88,302.4,372.54,337.76,355.09
825.35,300.54,297.22,278.87,372.21,350.98,333.97
827.29,277.93,283.24,268.69,372.63,362.61,345.26
829.24,279.54,277.17,259.41,370.02,365.53,308.83
831.18,306.51,302.78,280.47,349.81,355.86,306.47
833.13,313.83,324.07,308.56,341.34,317.92,260.52
835.07,328.5,336.38,319.65,319.94,314.05,283.96
837.01,323.07,341.26,311.65,343.18,303.81,317.7
838.95,308.33,308.82,275.33,314.16,302.97,331.83
840.89,300.16,287.95,256.92,294.09,305.42,319.92
842.83,285.11,250.22,240.97,272.22,288.39,270.86
844.77,259.2,256.94,246.47,306.52,321.21,304.64
846.71,257.08,267.13,263.44,327.01,324.2,330.26
848.64,257.09,298.45,269.53,364.69,352.71,362.06
850.58,319.56,309.23,268.08,371.54,331.4,365.37
852.51,352.61,324.92,289.88,412.03,378.04,346.97
854.44,386.34,295.29,301.02,427.92,418.42,379.64
856.37,385.97,293.57,310.4,451.43,421.09,392.26
858.31,343.74,288.97,292.24,439.46,398.6,440.05
860.23,347.86,323.4,316.43,420.9,402.52,433.25
862.16,335.55,328.73,372.53,423.96,420.06,453.06
864.09,393.15,349.98,402.53,441.64,448.22,459.49
866.02,387.1,344.24,381.55,436.06,435.78,464.33
867.94,397.97,355.41,344.81,443.78,485.96,472.11
869.87,373.62,336.04,338.2,445,471.65,453.4
871.79,340.52,308.92,329.16,429.85,446.96,444.98
873.71,295.11,286.15,302.47,409.77,419.01,406.62
875.64,249.71,259.4,284.81,344.43,391.12,390
877.56,261.12,262.11,268.6,334.93,392.41,379.54
879.48,223.21,235.51,218.08,259.83,320.43,340.15
881.39,198.2,205.49,147.46,214.02,252.4,303.38
883.31,126,133.26,110.98,159.05,190.88,229.78
885.23,114.37,115.28,102.07,149.37,197.32,211.47
887.14,96.99,87.87,97.4,123.99,193.04,168.77
889.06,94.73,88.26,72.19,145.44,193.26,197.91
890.97,112.61,93.45,83.78,158.07,163.33,195.56
892.88,130.29,92.11,85.17,179.22,187.58,191.38
894.8,113.43,79.9,82.02,142.87,159.66,163.04
896.71,68.82,52.93,70.11,125.48,167.36,151.31
898.62,49.56,65.31,82.56,133.81,156.46,162.65
900.52,83.1,88.83,102.47,163.66,193.4,148.16
902.43,84.99,116.04,121.06,178.24,226.06,170.39
904.34,78.57,127.27,131.34,203.54,225.46,207.35
906.24,84.84,145.19,133.98,202.25,243.58,245.7
908.15,112.35,128.35,138.52,217.24,210.98,226.67
910.05,115.89,107.86,134.42,199.29,213.78,235.37
911.95,121.44,103.4,138.67,239.07,193.64,233.79
913.86,115.58,108.85,136.83,249.8,225.45,243.49
915.76,139.29,117.21,136.23,262.15,244.87,223.47
917.66,112.58,124.15,135.87,244.12,263.25,218.4
919.55,117.44,119,138.09,245.37,248.57,185.61
921.45,112.11,116.32,143.11,249.13,240.39,186.99
923.35,110.58,106.11,132.6,234.05,205.72,192.2
925.24,94.18,106.02,134.21,208.15,198.22,227.25
927.14,96.8,79.3,108.85,197.31,172.77,220.36
929.03,123.11,46.26,106.17,169.86,199.05,204.52
930.92,148.33,46.14,81.74,142.03,173.28,190.96
932.81,152.36,56.48,93.11,128.7,170.68,179.24
934.7,142.07,85.51,83.16,131.77,171.8,178.57
936.59,141.58,96.68,100.68,174,172.75,187.74
938.48,145.23,137.31,100.67,179.74,177.88,199.74
940.37,147.79,137.19,106.89,187.76,128.28,186.68
942.25,116.7,134.09,97.48,158.5,155.74,156.68
944.14,112.97,127.69,111.42,129.96,184.92,124.73
946.02,78.49,136.19,113.6,119.04,206.38,129.07
947.91,72.14,118.17,105.58,111.95,192.33,133.56
949.79,63.15,121.83,105.91,142.26,168.68,122.11
951.67,91.73,131.41,138.49,145.17,149.64,92.27
953.55,105.56,128.89,157.65,137.37,143.54,72.04
955.43,74.53,105.52,151.61,121.06,129.28,65.98
957.31,88.18,71.16,129.59,116.81,154.4,79.63
959.18,85.86,88.83,129.59,115.61,120.9,82.01
961.06,103.67,81.3,105.72,110.25,132.58,93.54
962.94,48.8,75.47,87.54,81.61,81.97,61.14
964.81,27.55,36.63,43.01,49.79,63.38,36
966.68,0.71,14.25,22.61,14.15,9.5,4.4
968.55,0.71,0,0,0,0,0
970.43,0,0,0,0,0,0
972.3,0,0,0,0,0,0
974.16,0,0,0,0,0,0
976.03,0,0,0,0,0,0
977.9,13.03,23.55,2.53,0,0,0
979.76,13.03,23.55,20.89,0,0,0
981.63,18.19,29.24,47.2,26.09,3.98,0
983.49,36.39,57.77,55.38,40.99,30.57,41.74
985.36,52.82,77.06,42.91,45.17,42.54,64.71
987.22,52.52,82.09,25.24,37.76,38.55,64.82
989.08,24.8,30,14.54,22.86,15.45,25.57
990.94,8.37,10.71,8.64,18.69,3.47,2.59
992.8,10.14,0,0,0,3.47,2.49
994.66,6.62,13.38,33.93,25.79,3.51,5.04
996.51,9.06,30.34,49.76,31.62,20.84,21.08
998.37,25.79,59.22,59.82,65.17,46.68,42.8
1000.22,25.79,45.84,25.89,43.12,49.31,63.61
1002.08,23.46,65.17,16.18,51.55,31.98,53.25
1003.93,2.59,41.64,6.12,18,6.14,31.53
1005.78,2.59,41.64,6.12,14.27,0,5.68
1007.63,2.49,5.35,0,0,0,0
1009.48,0,0,0,0,0,0
1011.33,0,0,0,0,0,0
1013.18,0,0,0,0,0,0
1015.03,0,0,0,0,0,0
1016.87,0,0,0,0,0,0
1018.72,0,0,0,0,0,0
1020.56,0,0,0,0,0,0
1022.4,0,0,0,0,0,0
1024.24,0,0,0,0,0,0
1026.08,0,0,0,0,0,0
1027.92,0,0,0,0,0,0
1029.76,0,0,0,0,0,0
1031.6,0,0,0,0,0,0
1033.44,0,0,0,0,0,0
1035.27,0,0,0,0,0,0
1037.11,0,0,0,0,0,0
1038.94,0,0,0,0,0,0
1040.77,0,0,0,0,0,0
1042.6,0,0,0,0,0,0
1044.43,0,0,0,0,0,0
1046.26,0,0,0,0,0,0
1048.09,0,0,0,0,0,0
1049.92,0,0,0,0,0,0
1051.75,0,0,0,0,0,0
1053.57,0,0,0,0,0,0
1055.4,0,0,0,0,0,0
1057.22,0,0,0,0,0,0
1059.04,0,0,0,0,0,0
1060.86,0,0,0,0,0,0
1062.68,0,0,0,0,0,0
1064.5,0,0,0,0,0,0
1066.32,0,0,0,0,0,0
1068.14,0,0,0,0,0,0
1069.96,0,0,0,0,0,0
1071.77,0,0,0,0,0,0
1073.58,0,0,0,0,0,0
1075.4,0,0,0,0,0,0
1077.21,0,0,0,0,0,0
1079.02,0,0,0,0,0,0
1080.83,0,0,0,0,0,0
1082.64,0,0,0,0,0,0
1084.45,0,0,0,0,0,0
1086.26,0,0,0,0,0,0
1088.06,0,0,0,0,0,0
1089.87,0,0,0,0,0,0
1091.67,0,0,0,0,0,0
1093.48,0,0,0,0,0,0
1095.28,0,0,0,0,0,0
1097.08,0,0,0,0,0,0
1098.88,0,0,0,0,0,0
1100.68,0,0,0,0,0,0
1102.48,0,0,0,0,0,0
1104.27,0,0,0,0,0,0
1106.07,0,0,0,0,0,0
1107.86,0,0,0,0,0,0
1109.66,0,0,0,0,0,0
1111.45,0,0,0,0,0,0
1113.24,0,0,0,0,0,0
1115.03,0,0,0,0,0,0
1116.82,0,0,0,0,0,0
1118.61,0,0,0,0,0,0
1120.4,0,0,0,0,0,0
1122.19,0,0,0,0,0,0
1123.97,0,0,0,0,0,0
1125.76,0,0,0,0,0,0
1127.54,0,0,0,0,0,0
1129.33,0,0,0,0,0,0
1131.11,0,0,0,0,0,0
1132.89,0,0,0,0,0,0
1134.67,0,0,0,0,0,0
1136.45,0,0,0,0,0,0
1138.23,0,0,0,0,0,0
1140,0,0,0,0,0,0
1141.78,0,0,0,0,0,0
1143.55,0,0,0,0,0,0
1145.33,0,0,0,0,0,0
1147.1,0,0,0,0,0,0
1148.87,0,0,0,0,0,0
1150.64,0,0,0,0,0,0
1152.41,0,0,0,0,0,0
1154.18,0,0,0,0,0,0
1155.95,0,3.4,0,0,0,0
1157.72,0,3.4,0,0,0,0
1159.48,0,11.65,0,0,0,0
1161.25,0,8.24,0,0,0,0
1163.01,0,8.24,0,0,0,0
1164.77,0,0,0,0,0,0
1166.53,0,0,0,0,0,0
1168.3,0,0,0,0,0,0
1170.06,0,0,0,0,0,0
1171.81,0,0,0,0,0,0
1173.57,0,0,0,0,0,0
1175.33,0,0,0,0,0,0
1177.08,0,0,0,0,0,0
1178.84,0,0,0,0,0,0
1180.59,0,0,0,0,0,0
1182.34,0,0,0,0,0,0
1184.1,0,0,0,0,0,0
1185.85,0,0,0,0,0,0
1187.6,0,0,0,0,0,0
1189.35,0,0,0,0,0,0
1191.09,0,0,0,0,0,0
1192.84,0,0,0,0,0,0
1194.58,0,0,0,0,0,0
1196.33,0,0,0,0,0,0
1198.07,0,0,0,0,0,0
1199.82,0,0,0,0,0,0
1201.56,0,0,0,0,0,0
1203.3,0,0,0,0,0,0
1205.04,0,0,0,0,0,0
1206.78,0,0,0,0,0,0
1208.51,0,0,0,0,0,0
1210.25,0,0,0,0,0,0
1211.98,0,0,0,0,0,0
1213.72,0,0,4.85,0,0,0
1215.45,0,0,20.33,0,0,0
1217.18,0,0,20.33,0,0,0
1218.92,0,6.61,15.48,0,0,0
1220.65,6.62,14.79,26.71,0,0,0
1222.38,6.62,14.79,31.62,0,0,0
1224.1,6.62,8.18,31.62,0,0,0
1225.83,0,0,4.91,0,0,0
1227.56,0,0,0,0,0,0
1229.28,0,0,0,0,0,0
1231.01,0,3.19,0,0,0,0
1232.73,0,3.19,0,0,0,0
1234.45,0,16.62,0,0,0,0
1236.17,8.91,13.42,0.69,0,0,0
1237.9,8.91,13.42,0.69,0,0,0
1239.61,13.94,5.42,0.69,0,0,6.85
1241.33,12.91,5.42,18.55,0,0,6.85
1243.05,12.91,5.42,33.48,0,0,6.85
1244.77,7.88,0,33.48,0,0,0
1246.48,0,10.56,14.93,0,0,0
1248.2,8.97,19.99,9.52,9.64,12.45,0
1249.91,8.97,24.09,10.98,21.5,12.45,2.78
1251.62,32.36,61.41,43.51,30.04,23.39,24.54
1253.33,29.65,58.74,49.36,22.73,15.47,46.4
1255.04,29.65,64.09,58.57,24.76,41.37,47.36
1256.75,17.86,31.01,26.04,27.37,46.03,26.56
1258.46,12.41,24.61,13.16,26.31,42.03,30.78
1260.17,33.79,20.77,2.49,23.82,27.61,27.04
1261.87,22.2,5.98,2.49,23.46,31.63,43.27
1263.58,38.68,5.61,45.21,64.33,52.57,32.41
1265.28,27.07,9.38,57.86,87.43,65.06,59.98
1266.99,27.07,19.68,71.39,88.98,64.68,87.14
1268.69,22.81,51.04,33.04,62.1,65.2,97.2
1270.39,45.68,68.62,40.48,48.35,57.17,71.05
1272.09,84.14,89.77,54.16,63.49,73.05,33.14
1273.79,95.15,74.15,62.4,69.86,71.15,35.79
1275.49,89.39,69.77,56.55,55.46,70.16,59.67
1277.18,62.64,39.4,42.38,64.74,63.51,71.56
1278.88,38.59,26.49,27.99,54.48,43.42,43.64
1280.57,29.2,25.82,13.76,73.44,37.45,18.34
1282.27,25.49,24.73,4.62,36.69,8.98,11.26
1283.96,25.49,30.63,7.72,40.56,24.15,20.69
1285.65,41.92,29.44,24.81,39.66,61.98,52.95
1287.34,33.92,29.44,20.91,54.49,61.98,56.35
1289.03,33.92,24.15,17.09,39.5,47.73,73.31
1290.72,14.6,14.88,0,33.17,35.82,73.28
1292.41,30.29,42.75,30.41,68.75,72.5,109.14
1294.1,68.07,65.28,56.54,135.88,125.04,139.57
1295.78,63.79,68.71,66.52,149.58,104.15,146.23
1297.47,100.41,66.38,70.39,165.18,110.49,115.12
1299.15,98.48,63.16,70.71,149.56,80.28,102.46
1300.84,137.46,96.18,77.93,163.5,139.3,115.36
1302.52,140.66,110.77,84.71,139,159.55,150.83
1304.2,129.22,103.03,80.85,137.84,179.47,134.64
1305.88,114.78,94.64,107.99,154.02,154.4,121.78
1307.56,74.57,69.48,91.7,142.1,108.89,119.83
1309.24,84.6,76.21,82.98,122.4,90.94,139.43
1310.91,66.97,71.3,48.93,67.37,89.67,144.04
1312.59,65.13,80.83,24.16,74.46,83.51,131.44
1314.26,50.63,59.07,13.25,66.22,100.36,130.17
1315.94,39.81,24.5,11.35,84.65,94.21,114.91
1317.61,54.78,10.51,11.35,94.87,115.51,92.43
1319.28,37.09,10.51,8.39,98.75,95.81,79.96
1320.95,47.41,10.51,8.63,111.97,83.12,66.82
1322.62,20.96,0,19.84,97.42,62.66,71.25
1324.29,23.74,0,37.72,112.09,67.76,77.23
1325.96,10.86,14,29.09,112.1,83.53,84.89
1327.63,8.88,14,17.89,115.89,94.41,67.66
1329.29,16.24,27.57,0,137.46,120.41,74.22
1330.96,38.51,15.87,1.2,154.92,119.63,90.66
1332.62,43.12,27.03,11.22,168.16,123.3,112.89
1334.28,33.74,33.02,33.6,144.97,99.86,107.68
1335.95,31.03,44.02,34.48,142.1,106.43,110.13
1337.61,26.41,48.36,29.04,147.9,123.33,111.26
1339.27,28.39,40.38,6.66,165.38,145.23,107.39
1340.92,39.26,48.62,7.46,190.41,151.03,115.08
1342.58,50.94,52.77,7.16,201.99,165.71,109.32
1344.24,65.16,68.36,20.26,203.69,194.51,145.68
1345.89,62.61,51.86,31.3,202.61,201.53,171.27
1347.55,68.51,47.47,41.14,209.98,189.34,208.96
1349.2,71.53,32.53,51.76,234.79,162.92,168.1
1350.86,69.89,36.27,50.05,224.27,156.83,155.58
1352.51,52.31,21.24,43.58,181.31,184.31,168.62
1354.16,30.09,22.55,33.45,171.01,177.45,206.65
1355.81,26.58,36.75,43.88,139.93,178.81,202.24
1357.46,63.03,60.74,66.43,171.63,173.28,189.95
1359.1,83.59,47.19,71.09,171.44,183.87,182.43
1360.75,89.88,45.86,84.99,179.14,188.34,185.47
1362.4,61.18,24.54,77.57,161.84,162.48,159.51
1364.04,57.49,49.21,59.31,142.87,147.96,138.55
1365.68,55.8,67.9,48.9,155.24,101.77,97.92
1367.33,64.12,80.26,59.82,168.6,102.24,92.62
1368.97,75.22,95.4,70.04,201.4,115.49,96.11
1370.61,49.34,75.89,66.76,196.87,138.07,120.92
1372.25,82.34,104.94,65.71,209.56,179.21,138.96
1373.89,98.57,104.54,98.22,218.14,175.57,152.88
1375.53,106.92,112.93,131.85,236.83,203.7,172.92
1377.16,102.5,133.89,149.71,215.73,187.39,183.84
1378.8,79.31,101.73,106.98,168.52,176.63,158.65
1380.43,80.9,72.51,50.49,135.76,173.65,143.9
1382.07,37.49,33.15,1.03,134.32,124.66,128.82
1383.7,18.31,25.88,4.95,123.77,107.23,99.62
1385.33,31.81,46.26,19.43,127.22,78.8,89.42
1386.96,55.64,49.47,45.54,140.99,105.7,118.56
1388.59,97.92,82.59,67.44,173.21,118.37,139.46
1390.22,98.99,87.36,70.79,191.87,137.48,125.81
1391.85,91.39,72.47,43.65,168.85,148.59,79.16
1393.47,76.35,65.14,23.57,155.06,127.92,81.06
1395.1,56.76,73.25,6.6,145.37,117.69,89.4
1396.72,67.62,66.49,6.6,133.46,88.23,68.85
1398.35,49.04,53.28,0.86,97.09,95.66,40.68
1399.97,53.69,26.63,0,91.61,84.64,5.62
1401.59,52.01,19.2,0,84.79,78.95,25.5
1403.21,41.52,6.62,0,72.08,81.03,46.99
1404.83,54.62,0,0,28.19,79.78,60.92
1406.45,45.06,0,0,20.8,83.19,47.9
1408.07,45.06,11.42,11.8,48.62,63.48,26.41
1409.68,36.84,42,14.74,73.07,62.21,48.71
1411.3,38.4,58.86,40.27,99.77,59.38,42.79
1412.91,38.4,58.46,36.8,82.47,77.21,60.22
1414.53,21.64,38.06,72,79.49,68.37,39.96
1416.14,7.76,39.56,60.76,84.73,72.74,61.57
1417.75,18.6,44.95,80.42,91.52,75,69.74
1419.36,31.28,42,57.07,101.31,63.92,78.24
1420.97,28.31,40.06,66.73,81.42,66.17,71.39
1422.58,26.78,47.57,53.84,83.63,79.19,53.65
1424.19,23.47,44.63,55.84,83.73,74.09,51.8
1425.79,21.66,40.59,31.9,66.7,76.87,31.49
1427.4,33.36,16.67,51.24,76.78,67.42,55.96
1429,21,20.74,52.91,59.19,94.64,62.75
1430.6,21,10.48,89.1,77.92,102.84,96.87
1432.21,19.93,27.43,90.34,100.53,98.6,104.53
1433.81,19.93,37.06,90.92,142.81,72.01,93.86
1435.41,40.75,40.14,69.94,152.85,60.2,82.96
1437.01,39.35,34.77,46.85,118.1,67.6,87.94
1438.61,62.04,37.85,52.54,114.46,95.1,122.69
1440.2,68.31,51.82,46.13,98.7,90.15,142.65
1441.8,60.92,72.46,35.05,109.93,95.86,126.27
1443.4,42.97,73.54,17.08,100.26,94.67,79
1444.99,26.68,82.62,31.12,133.25,105.48,71.39
1446.58,24.85,50.41,60.93,151,129.38,75.87
1448.18,40.23,37.82,64.64,130.64,123.5,93.91
1449.77,40.51,9.59,54.57,103.82,116.5,77.82
1451.36,31.67,13.53,39.39,89.88,69.05,80.29
1452.95,49.73,40.62,81.77,102.49,97.47,109.63
1454.53,58.89,61.69,82.26,128.87,122,146.41
1456.12,94.72,96.22,96.75,143.9,157.86,163.17
1457.71,83.56,81.42,72.91,146.25,139.7,158.27
1459.29,100.61,84.84,97.63,121.15,135.75,173.91
1460.88,107.34,75.25,104.01,102.04,138.8,177.87
1462.46,107.61,88.23,101.62,108.15,149.39,169.05
1464.04,115.67,100.98,104.33,140.68,137.08,156.66
1465.62,125.06,124.4,111.39,174.87,143.1,164.59
1467.2,157.89,145.59,123.88,153.83,145.55,180.63
1468.78,170.61,162.34,145.6,146,156.21,161.54
1470.36,196.66,174.09,149.99,120.82,141.86,146.78
1471.94,198.16,161.62,152.49,150.74,137.28,126.45
1473.52,186.32,162.81,130.65,134.66,129.35,122.11
1475.09,150.26,134.44,114.93,109.33,119.86,108.54
1476.67,131.98,141.52,106.99,84.11,105.46,124.06
1478.24,124.36,136.26,110.71,65.88,90.39,100.92
1479.81,149.52,135.11,130.87,77.74,102.09,90.53
1481.38,157.23,117.85,155.26,71.15,97.33,79.03
1482.95,162.38,146.7,160.09,94.32,113.66,93.96
1484.52,132.09,165.77,157.81,96.37,102.55,100.09
1486.09,140.25,188.95,145.64,100.18,138.86,126
1487.66,132.29,166.02,157.02,101.87,136.39,122.78
1489.22,125.32,166.75,168.74,92.88,139.57,131.88
1490.79,114.14,165.92,167.9,104.99,129.51,105.09
1492.35,112.28,148.75,172.06,84.42,120.11,97.61
1493.92,125.09,151.59,155.88,90.17,112.7,93.79
1495.48,115.79,146.98,158.93,78.46,95.83,83.84
1497.04,118.15,159.69,167.64,87.74,95.61,112.55
1498.6,141.84,151.41,169.68,67.67,86.05,121.58
1500.16,136.08,143.34,186.94,80.48,91.69,119.49
1501.72,140.66,144.28,179.21,69.27,100.33,113.72
1503.27,121.12,137.76,176.35,87.27,87.5,94.15
1504.83,146.35,132.35,177.28,104.03,70.78,84.35
1506.38,150.36,145.39,165.98,136.23,61.81,81.65
1507.94,152.71,136.08,186.01,131.08,83.17,97.27
1509.49,176.82,171.89,177.15,136.69,104.63,141.32
1511.04,179.71,160.47,185.07,129.72,128.84,139.8
1512.59,186.26,185.04,180.31,142.08,124.05,148.6
1514.14,180.48,180.61,191.23,122.76,109.57,150.05
1515.69,217.47,180.96,209.25,101.87,123.86,169.94
1517.24,230.79,200.63,226.6,126.62,136.8,163.47
1518.79,236.56,202.42,223.39,147.81,161.5,140.77
1520.34,206.54,199.08,194.73,157.54,145.41,143.28
1521.88,191.18,179.75,196.74,141.25,153.97,155.11
1523.42,154.48,171.07,202.08,121.28,146.19,139.59
1524.97,155.12,190.73,229.42,131.29,126.39,133.39
1526.51,188.53,192.49,211.19,143.4,139.35,125.95
1528.05,227.49,204.8,224.86,148.72,150.19,165.38
1529.59,250.77,211.77,227.85,155.69,175.67,172.8
1531.13,237.95,229.3,256.73,158.53,157.37,193.43
1532.67,217.45,219.15,255.27,147.02,168.38,189.04
1534.2,203.06,228.78,262.25,151.6,178.82,176.42
1535.74,196.22,200.62,230.45,145.06,184.8,165.33
1537.28,204.82,191.24,212.42,149.94,172.88,142.68
1538.81,220.08,187.52,222.73,130.14,151.27,144.67
1540.34,228.22,216.01,238.25,126.89,146.2,159.54
1541.88,228.03,243.83,248.1,120.61,138.12,170.06
1543.41,219.16,242.65,240.61,139.65,144.35,166.9
1544.94,225.62,247.8,257.12,159.01,139.24,146.05
1546.47,249.08,254.93,285.96,194.01,168.77,157.52
1547.99,284.2,264.74,298.46,214.34,209.96,196.98
1549.52,316.87,306.09,322.51,229.53,248.68,227.64
1551.05,318.86,318.1,306.56,244.37,224.72,239.95
1552.57,304.96,315.55,282.71,222.98,201.52,219.03
1554.1,287.28,292.88,276.41,195.12,175.53,211.97
1555.62,279.7,285.32,271.55,176.02,187.96,215.01
1557.14,290.34,300.97,292.25,210.79,208.27,238.59
1558.66,285.75,301.39,275.04,206.32,225,216.93
1560.18,285.16,290.81,282.17,216.17,233.05,199.25
1561.7,263.89,264.56,284.96,201.33,224.08,163.56
1563.22,254.95,256.96,300.08,212.48,221.1,173.85
1564.74,244,251.03,310.52,198.94,205.76,193.79
1566.25,240.94,252.97,299.85,185.6,185.63,194.6
1567.77,207.2,229.25,287.83,181.25,185.48,181.72
1569.28,181.56,216.29,267.59,164.65,182.09,175.28
1570.79,161.15,200.89,247.24,147.92,190.57,202.37
1572.31,194.39,214.14,252.87,157.18,238.7,230.77
1573.82,219.18,247.94,248.73,177.97,267.03,238.39
1575.33,231.74,269.51,275.35,217.19,279.12,236.09
1576.84,218.29,269.74,251.64,216.05,251.2,248.44
1578.34,198.28,224.08,226.36,204.68,227.7,241.22
1579.85,163.82,189.63,174.3,172.5,200.07,210.87
1581.36,114.13,156.61,127.01,129.09,153.53,161.28
1582.86,85.21,139.37,94.49,123.1,130.42,158.12
1584.37,93.06,121.9,80.74,119.54,126.4,156.05
1585.87,118.91,135.08,116.99,166.95,140.36,202.62
1587.37,167.74,168.59,166.9,178.68,178.64,211.18
1588.87,183.57,194.76,181.8,186.72,182.23,226.06
1590.37,192.72,184.93,167.02,167.75,170.47,179.58
1591.87,159.31,159.19,142.68,165.86,132.46,138.86
1593.37,131.78,130.34,131.56,146.84,107,123.01
1594.86,109.91,114.47,84.1,118.14,89.18,107.47
1596.36,118.7,128.27,83.96,105.08,92.34,106.25
1597.86,173.37,175.28,112.37,125.56,148.7,120.57
1599.35,201.03,190.28,157.78,148.02,188.38,151.2
1600.84,197.13,182.72,159.28,137.57,202.82,145.25
1602.33,161.44,147.03,127.34,121.65,160.12,118.51
1603.83,151.96,138.9,107.94,104.27,143.63,83.64
1605.32,148.15,157.75,116.87,120.53,142.78,105.08
1606.8,141.65,163.93,123.12,115.11,155.91,103.83
1608.29,90.05,120.32,93.94,100.22,109.1,99.79
1609.78,44.53,51.72,40.16,57.87,52.94,50.77
1611.27,0,1.76,0,20.61,0,19.1
1612.75,0,0,0,8.31,0,0
1614.23,0,0,0,0,0,0
1615.72,0,0,0,0,0,0
1617.2,0,0,0,0,0,0
1618.68,17.01,13.45,10.2,0,7.37,18.1
1620.16,46.02,25.23,22.42,23.06,34.45,28.12
1621.64,71.68,56.34,56.66,55.64,58.24,60.07
1623.12,54.66,44.63,66.71,63.06,58.37,54.83
1624.59,29.17,39.15,62.64,49.83,42.04,72.12
1626.07,3.51,8.05,28.4,17.25,18.24,40.17
1627.54,3.51,6.29,8.15,9.82,10.75,27.32
1629.02,0,0,0,0,0,0
1630.49,0,0,0,0,0,0
1631.96,0,0,0,0,0,0
1633.43,0,0,0,0,0,0
1634.9,0,0,0,0,0,0
1636.37,0,0,0,0,0,0
1637.84,0,0,0,0,0,0
1639.31,0,0,0,0,0,0
1640.77,0,0,0,0,0,0
1642.24,0,0,0,0,0,0
1643.7,0,0,0,0,2.26,0
1645.17,0,0,0,0,2.26,0
1646.63,0,0,0,0,2.26,0
1648.09,0,0,0,0,0,0
1649.55,0,0,0,0,0,0
1651.01,0,0,0,0,0,0
1652.46,0,0,0,0,0,0
1653.92,0,0,0,0,0,0
1655.38,0,0,0,0,0,0
1656.83,0,0,0,0,0,0
1658.29,0,0,0,0,0,0
1659.74,0,0,0,0,0,0
1661.19,0,0,0,0,0,0
1662.64,0,0,0,0,0,0
1664.09,0,0,0,0,0,0
1665.54,0,0,0,0,0,0
1666.99,0,0,0,0,0,0
1668.44,0,0,0,0,0,0
1669.88,0,0,0,0,0,0
1671.33,0,0,0,0,0,0
1672.77,0,0,0,0,0,0
1674.21,0,0,0,0,0,0
1675.66,0,0,0,0,0,0
1677.1,0,0,0,0,0,0
1678.54,0,0,0,0,0,0
1679.97,0,0,0,0,0,0
1681.41,0,0,0,0,0,0
1682.85,0,0,0,0,0,0
1684.29,0,0,0,0,0,0
1685.72,0,0,0,0,0,0
1687.15,0,0,0,0,0,0
1688.59,0,0,0,3.88,0,0
1690.02,0,0,0,3.88,0,0
1691.45,0,0,0,3.88,0,0
1692.88,0,0,0,0,0,0
1694.31,0,0,0,0,6.29,0
1695.74,0,0,0,0,6.29,0
1697.16,0,0,0,0,6.29,0
1698.59,0,0,0,0,0,0
1700.01,0,0,0,0,0,0
1701.44,0,0,0,0,0,0
1702.86,0,0,0,0,0,0
1704.28,0,0,0,0,0,0
1705.7,0,0,0,0,0,0
1707.12,0,0,0,0,0,0
1708.54,0,0,0,0,0,0
1709.96,0,0,0,0,0,0
1711.38,0,0,0,0,0,0
1712.79,0,0,0,0,0,0
1714.21,0,0,0,0,0,0
1715.62,0,0,0,0,0,0
1717.04,0,0,0,0,0,0
1718.45,0,0,0,0,0,0
1719.86,0,0,0,0,0,0
1721.27,0,0,0,0,0,0
1722.68,0,0,0,0,0,0
1724.08,0,0,0,0,0,0
1725.49,0,0,0,0,0,0
1726.9,0,0,0,0,0,0
1728.3,0,0,0,0,0,0
1729.71,0,0,0,0,0,0
1731.11,0,0,0,0,0,0
1732.51,0,0,0,0,0,0
1733.91,0,0,0,0,0,0
1735.31,0,0,0,0,0,0
1736.71,0,0,0,0,0,0
1738.11,0,0,0,0,0,0
1739.51,0,0,0,0,0,0
1740.9,0,0,0,0,0,0
1742.3,0,0,0,0,0,0
1743.69,0,0,0,0,0,0
1745.08,0,0,0,0,0,0
1746.48,0,0,0,0,0,0
1747.87,0,0,0,0,0,0
1749.26,0,0,0,0,0,0
1750.65,0,0,0,0,0,0
1752.03,0,0,0,0,0,0
1753.42,0,0,0,0,0,0
1754.81,0,0,0,0,0,0
1756.19,0,0,0,0,0,0
1757.58,0,0,0,0,0,0
1758.96,0,0,0,0,0,0
1760.34,0,0,0,0,0,0
1761.72,0,0,0,0,0,0
1763.1,0,0,0,0,0,0
1764.48,0,0,0,0,0,0
1765.86,0,0,0,0,0,0
1767.24,0,0,0,0,0,0
1768.61,0,0,0,0,0,0
1769.99,0,0,0,0,0,0
1771.36,0,0,0,0,0,0
1772.73,0,0,0,0,0,0
1774.1,0,0,0,0,0,0
1775.48,0,0,0,0,0,0
1776.85,0,0,0,0,0,0
1778.21,0,0,0,0,0,0
1779.58,0,0,0,0,0,0
1780.95,0,0,0,0,0,0
1782.32,0,0,0,0,0,0
1783.68,0,0,0,0,0,0
1785.04,0,0,0,0,0,0
1786.41,0,0,0,0,0,0
1787.77,0,0,0,0,0,0
1789.13,0,0,0,0,0,0
1790.49,0,0,0,0,0,0
1791.85,0,0,0,0,0,0
1793.21,0,0,0,0,0,0
1794.57,0,0,0,0,0,0
1795.92,0,0,0,0,0,0
1797.28,0,0,0,1.54,0,0
1798.63,0,0.64,4.76,1.54,0,0
1799.98,0,1.29,4.76,1.54,0,0
1801.34,0,3.04,7.7,0,0,0
1802.69,0,2.4,2.94,0,0,0
1804.04,0,1.75,3.93,0,0,14.23
1805.39,0,0,0.99,0,0,14.23
1806.73,0,0,0.99,0,4.61,14.23
1808.08,0,0,0,0,4.61,0
1809.43,0,0,0,0,4.61,0
1810.77,0,0,0,0,0,0
1812.12,0,0,0,0,0,0
1813.46,0,0,0,0,0,0
1814.8,0,0,0,0,0,0
1816.14,0,0,0,0,0,0
1817.48,0,0,0,0,0,0
1818.82,0,0,4.2,0,0,0
1820.16,0,0,4.2,0,0,0
1821.5,0,0,4.2,0,0,0
1822.83,0,0,0,0,0.25,0
1824.17,0,0,0,0,0.25,0
1825.5,0,0,1.27,0,0.25,0
1826.83,0,0,1.27,0,0,0
1828.17,0,0,1.27,0,0,0
1829.5,0,0,0,0,0,0
1830.83,0,0,0,0,0,0
1832.16,0,0,0,0,0,0
1833.49,0,0,0,0,0,0
1834.81,0,0,0,0,0,0
1836.14,0,0,0,0,0,0
1837.46,0,0,0,0,0,0
1838.79,0,0,0,0,0,0
1840.11,0,0,0,0,0,0
1841.43,0,0,0,0,0,0
1842.75,0,3.14,0,0,0,0
1844.07,2.91,3.14,0,0,0,0
1845.39,12.65,19.51,17.53,22.19,0,8.05
1846.71,12.65,16.36,17.53,22.19,0,8.05
1848.03,9.74,16.36,17.53,22.19,0,8.05
1849.34,0,0,0,0,0,0
1850.66,0,0,0,0,0,0
1851.97,0,0,0,4.07,0,0
1853.29,0.14,9.11,7.75,4.07,0.25,11.5
1854.6,0.14,10.35,12.65,4.07,8.74,11.5
1855.91,23.08,35.93,42.24,22.54,19.69,20.9
1857.22,22.94,29.63,34.49,22.54,19.45,9.4
1858.53,24.65,34.09,33.01,29.27,14.91,16.67
1859.84,9.2,8.5,13.96,6.73,3.96,7.27
1861.15,9.2,8.26,13.96,6.73,3.96,7.27
1862.45,7.48,2.57,10.54,0,0,0
1863.76,21.87,10.43,23.32,7.34,9.2,11.24
1865.06,32.37,7.86,23.97,7.34,9.2,11.24
1866.36,46.95,20.11,28.71,7.34,9.2,34.26
1867.67,43.73,37.57,33.55,12.01,17.6,40.79
1868.97,55.72,58.74,51.94,14.71,30.46,55.44
1870.27,65.03,63.05,80.63,25.98,43.13,42.82
1871.57,65.2,59.25,80.54,33.68,35.23,48.72
1872.87,55.48,63.86,82.53,50.8,38.42,48.72
1874.16,48.29,54.02,51.07,39.53,34.8,38.33
1875.46,33.75,35.83,37.92,28.82,25.1,15.83
1876.75,51.64,32.07,45.87,26.19,37.54,1.76
1878.05,43.19,31.3,69.13,40.79,28.96,3.25
1879.34,51.71,39.84,66.37,46.78,46.08,8.8
1880.63,34.11,43.92,52.49,39.29,24.33,20.88
1881.93,50.61,60.43,52.7,44.23,49.01,40.71
1883.22,64.09,66.26,52.22,39.8,40.66,56.18
1884.51,51.03,45.96,37.14,30.09,33.91,43.54
1885.79,37.37,33.31,32.18,16.17,14.73,36.52
1887.08,11.07,15.62,20.49,5.61,5.97,17.59
1888.37,22.34,36.5,28.54,10.33,9.89,27.07
1889.65,36.74,44.58,20.32,18.11,3.92,32.1
1890.94,52.51,55.79,38.24,20.58,14.09,29.43
1892.22,77.21,65.18,57.97,52.97,48.57,50.08
1893.5,61.9,60.21,68.03,51.67,48.57,39.37
1894.78,72.9,70.9,85.4,66,63.99,60.97
1896.06,68.33,56.35,78.2,52.09,42.5,45.32
1897.34,76.07,59.12,63.31,58.49,52.93,46.32
1898.62,70.92,55.32,49.18,60.63,54.84,41.73
1899.9,60.19,54.61,48.82,45.86,46.16,27.26
1901.18,57.11,69.22,58.43,45.07,56.46,41.07
1902.45,41.12,62.26,42.47,26.11,37.52,23.43
1903.72,35.35,51.51,38.06,37.93,45.1,32.86
1905,40.11,32.3,45.18,32.28,45.55,30.83
1906.27,49.08,28.62,55.5,49.07,43.86,44.2
1907.54,44.92,27.16,55.03,32.15,38.04,45.91
1908.81,34.97,43.9,33.76,23.08,31.41,36.47
1910.08,47.89,61.84,43.03,22.88,51.31,34.57
1911.35,52.35,62.33,50.18,38.21,43.75,48.54
1912.62,52.12,35.47,48.64,42.51,45.49,36.57
1913.88,46.89,38.93,41.74,44.12,30.54,51.82
1915.15,40.08,47.48,29.95,40.82,34.68,35.5
1916.41,55.03,52.13,56.24,52.93,24.91,42.84
1917.68,50.85,53.32,62.41,57.58,49.33,40.81
1918.94,52.11,48.6,51.73,50.97,51.17,40.19
1920.2,33.34,52.87,34.64,48.34,62.33,32.85
1921.46,30.56,31.12,16.87,34.02,47.79,24.52
1922.72,44.55,29.8,40.12,40.11,60,27.28
1923.98,46.85,29.47,44.42,35.51,52.52,49.73
1925.24,65.02,54.01,58.59,58.11,57.58,58.01
1926.49,60.07,61.43,59.97,70.24,44.16,61.15
1927.75,56.1,70.16,80.33,77.34,66.39,53.93
1929,48.11,64.54,85.01,62.42,66.26,46.36
1930.26,41.23,59.02,74.11,43.58,66.21,41.21
1931.51,81.54,79.38,79.08,55.61,86.7,42.59
1932.76,70.06,70.6,68.93,60.16,60.07,29.17
1934.01,82.35,85.59,72.53,72.14,75.51,39.51
1935.26,51.84,63.79,48.34,70.31,29.15,51.39
1936.51,59.32,63.64,59.46,69.45,59.08,69.24
1937.76,57.89,67.25,55.68,70.01,63.44,69.51
1939,67.77,68.51,46.55,43.88,73.78,57.09
1940.25,73.65,65.76,41.07,49.4,75.44,69.99
1941.49,74.5,55.32,57.9,41.88,71.4,71.2
1942.74,83.68,69.54,82.05,64.34,67.33,78.05
1943.98,107.28,99.18,102.96,85.89,74.69,73.99
1945.22,119.87,110.48,103.18,96.74,80.36,87.24
1946.46,132.99,133.65,118.61,116.79,110.22,92.03
1947.7,123.22,131.59,131.46,115.26,111.18,98.9
1948.94,128.09,136.84,138.97,131.04,111.44,102.75
1950.18,109.39,115.86,125.57,129.57,98.45,111.03
1951.41,102.12,111.3,107.26,124.52,92.89,110.73
1952.65,90.28,99.18,94.04,118.22,97.75,101.52
1953.88,79.32,79.26,83.03,87.46,79.47,92.17
1955.12,67.67,49.99,56,73.66,67.17,73.14
1956.35,78.78,61.15,64.4,66.29,59.62,71.87
1957.58,76.32,57.75,58.23,72,62.83,72.35
1958.81,66.62,55.77,57.48,52.8,44.46,59.25
1960.04,26.4,18.52,32.72,38.9,28.06,42.8
1961.27,14.79,10.62,19.71,20.43,25.75,20.1
1962.5,7.82,17.38,11.4,13.05,24.42,23.72
1963.72,31.24,33.93,20.25,22.42,39.95,40.54
1964.95,34.24,30.64,17.38,21.58,36.58,43.78
1966.17,42.45,21.24,34.49,40.11,47.73,45.89
1967.4,28.98,20.83,27.62,35.07,36.19,32.98
1968.62,30.94,20.83,27.62,37.72,27.24,36.49
1969.84,18.77,16.14,10.51,21.96,17.66,37.2
1971.06,15.36,1.46,2.03,5.42,19.5,25.01
1972.28,26.38,6.9,9.34,5.83,39.93,31.23
1973.5,37.61,10.77,20.03,7.44,46.38,27.33
1974.72,40.71,20.27,30.72,24.45,37.38,47.29
1975.94,32.24,28.19,24.5,31.34,33.79,42.68
1977.15,26.76,31.77,20.27,40.21,44.84,44.04
1978.37,31.15,22.23,17.91,49.94,49.1,35.94
1979.58,29.85,27.33,26.86,55.65,40.66,31.16
1980.79,26.55,26.42,27.13,54,40.21,33.02
1982,12.52,43.06,28.6,45.88,38.28,33.41
1983.22,24.07,33.01,34.73,52.4,56.34,49.12
1984.43,28.83,31.5,33.05,48.79,44.92,52.69
1985.63,30.38,17.53,22.92,33.71,48.71,46.47
1986.84,10.43,14.77,6.75,23.49,24.36,31.12
1988.05,7.92,12.34,13.14,23.58,24.65,27.74
1989.25,7.61,9.77,11.44,20.04,11.94,21.57
1990.46,22.86,19.64,24.03,25.09,33.19,27.49
1991.66,16.51,22.26,13.47,22.88,25.53,16.74
1992.87,15.25,28.99,26.64,37.59,30.16,21.17
1994.07,0,13.46,14.05,20.58,6.8,6.9
1995.27,0,8.23,13.17,14.71,11.52,6.9
1996.47,0,0,0,0,6.88,0
1997.67,0,0,0,0,6.88,3.38
1998.86,2.22,5.02,0,10.24,7.31,6.64
2000.06,4.85,5.02,0,17.72,14.48,6.64
2001.26,6.87,11.56,1.67,26.43,22.85,9.94
2002.45,4.65,6.54,1.67,16.19,15.55,6.67
2003.65,2.02,6.54,1.67,8.71,8.37,6.67
2004.84,0,0,0,0,0,0
2006.03,0,0,0,0,0,0
2007.22,0,0,0,0,0,8.37
2008.41,0,0,0,0,0,25.1
