wavenumber,PS 50ppm-1,PS 50ppm-2,PS 50ppm-3,PS100ppm-1,PS 100ppm-2,PS 100ppm-3,PS 200ppm-1,PS 200ppm-2,PS 200ppm-3
376.82,2656.09,2611.53,2661.53,4709.95,4565.42,4475.1,4004.69,2811.61,2609.43
378.98,2557.35,2472.85,2484.2,4606,4418.38,4329.89,3906.38,2699.28,2525.46
381.15,2483.73,2422.28,2323.29,4478.41,4283.3,4175.23,3771.28,2598.39,2450.21
383.32,2372.89,2308.15,2199.78,4314.97,4153.91,4066.82,3594.25,2512.79,2421.44
385.48,2285.29,2260.22,2112.11,4187.42,4015.98,3923.43,3505.06,2470.89,2350.27
387.64,2196.9,2125.49,2085.6,4049.08,3876.15,3858.68,3409.01,2449.03,2287.68
389.8,2138.38,2096.28,2066.24,4003.93,3819.39,3714.91,3325.41,2406.85,2222.67
391.96,2066.17,2001.36,2016.47,3910.71,3748.46,3657.87,3191.69,2329.79,2166.66
394.12,1995.82,1965.28,1917.51,3871.31,3713.22,3561.08,3055.05,2237.38,2129.19
396.28,1884.88,1877.26,1846.56,3755.91,3569.22,3478.09,2922.36,2151.85,2070.48
398.44,1819.11,1816.72,1755.07,3643.93,3413.54,3353.99,2787.37,2095.29,2030.97
400.6,1718.61,1678.78,1644.47,3448.14,3215.61,3183.86,2619.17,2013.79,1920.74
402.75,1634.5,1561.19,1509.2,3231.96,3031.17,3014.47,2482.85,1928.46,1833.58
404.91,1493.42,1448.63,1377.59,2994.36,2856.88,2842.45,2285.73,1794.62,1651.79
407.06,1362.37,1345.75,1312.62,2785.32,2656.72,2636.8,2093.78,1664.26,1532.05
409.21,1217.01,1182.54,1199.29,2531.5,2449.66,2425.16,1869.99,1515.36,1357.65
411.36,1093.67,1065.33,1107.92,2333.52,2197.03,2193.51,1720.33,1340.58,1247.28
413.51,994.66,990.44,987.84,2122.37,1991.78,1984.82,1625.45,1204.91,1138.91
415.66,938.21,941.75,924.27,1949.6,1805.81,1812.31,1498.56,1089.22,1102.75
417.81,831.42,865.71,850.98,1732.94,1691.19,1641.39,1362.4,1036.62,1038.24
419.96,697.5,734.52,752.84,1502.61,1521.13,1489.28,1235.52,928.97,928.92
422.11,621.66,629.73,635.74,1279.8,1285.17,1272.17,1112.78,796.51,754.01
424.25,579.57,519.34,521.68,1047.5,1075.95,1068.04,972.84,656.2,629.5
426.4,545,449.12,424.08,917.13,943.56,920.33,818.11,566.82,545.81
428.54,440.93,398.39,356.61,799.34,862.65,814.34,732.92,556.69,474.95
430.68,386.48,345.25,337.71,743.54,745.32,734.51,716.35,503.92,432.67
432.82,249.96,316.71,320.37,620.06,631.88,612.14,654.71,465.14,364.63
434.97,165.93,259.3,261.8,499.1,492.2,507.12,511.55,345.59,278.38
437.11,58.71,172.02,157,340.64,394.58,397.75,338.85,241.58,157.92
439.24,41.27,68.57,64.93,190.99,218.36,228.89,197.91,102.85,62.8
441.38,22.05,7.24,14.16,75.01,115.95,104.08,96.35,28.83,24.54
443.52,0,0,0,14.84,16.2,0,27.9,0,0
445.65,0,0,0,0,0,0,0,0,0
447.79,0,0,0,0,0,0,0,0,0
449.92,0,0,0,0,0,0,0,0,0
452.05,0,0,0,0,0,0,0,0,0
454.19,0,0,0,0,0,0,0,0,0
456.32,0,0,0,0,0,0,0,0,0
458.45,0,0,0,0,0,0,0,0,0
460.57,0,0,0,0,0,0,0,0,0
462.7,0,0,0,0,0,0,0,0,0
464.83,0,0,0,0,0,0,0,0,0
466.95,0,0,0,0,0,0,0,0,0
469.08,0,0,0,0,0,0,0,0,0
471.2,0,0,0,0,0,0,0,0,0
473.32,0,0,0,0,0,0,0,0,0
475.45,0,0,0,0,0,0,0,0,0
477.57,0,0,0,0,0,0,0,0,0
479.69,0,0,0,0,0,0,0,0,0
481.8,0,0,0,0,0,0,0,0,0
483.92,0,0,0,0,0,0,0,0,0
486.04,0,0,0,0,0,0,0,0,0
488.15,0,0,0,0,0,0,0,0,0
490.27,0,0,0,0,0,0,0,0,0
492.38,0,0,0,0,0,0,0,0,0
494.49,0,0,0,0,0,0,0,0,0
496.61,0,0,0,0,0,0,0,0,0
498.72,0,0,0,0,0,0,0,0,0
500.83,0,0,0,0,0,0,0,0,0
502.93,0,0,0,0,0,0,0,0,0
505.04,0,0,0,0,0,0,0,0,0
507.15,0,0,0,0,0,0,0,0,0
509.25,0,0,0,0,0,0,0,0,0
511.36,0,0,0,0,0,0,0,0,0
513.46,0,0,0,0,0,0,0,0,0
515.56,0,0,0,0,0,0,0,0,0
517.66,0,0,0,0,0,0,0,0,0
519.76,0,0,0,0,0,0,0,0,0
521.86,0,0,0,0,0,0,0,0,0
523.96,0,0,0,0,0,0,0,0,0
526.06,0,0,0,0,0,0,0,0,0
528.16,0,0,0,0,0,0,0,0,0
530.25,0,0,0,0,0,0,0,0,0
532.35,0,0,0,0,0,0,0,0,0
534.44,0,0,0,0,0,0,0,0,0
536.53,0,0,0,0,0,0,0,0,0
538.62,0,0,0,0,0,0,0,0,0
540.71,0,0,0,0,0,0,0,0,0
542.8,0,0,0,0,0,0,0,0,0
544.89,0,0,0,0,0,0,0,0,0
546.98,0,0,0,0,0,0,0,0,0
549.06,0,0,0,0,0,0,0,0,0
551.15,0,0,0,0,0,0,0,0,0
553.23,0,0,0,0,0,0,0,0,0
555.32,0,0,0,0,0,0,0,0,0
557.4,0,0,0,0,0,0,0,0,0
559.48,0,0,0,0,0,0,0,0,0
561.56,0,0,0,0,0,0,0,0,0
563.64,0,0,0,0,0,0,0,0,0
565.72,0,0,0,0,0,0,0,0,0
567.8,0,0,0,0,0,0,0,0,0
569.87,0,0,0,0,0,0,0,0,0
571.95,0,0,0,0,0,0,0,0,0
574.02,0,0,0,0,0,0,0,0,0
576.09,0,0,0,0,0,0,0,0,0
578.17,0,0,0,0,0,0,0,0,0
580.24,0,0,0,0,0,0,0,0,0
582.31,0,0,0,0,0,0,0,0,0
584.38,0,0,0,0,0,0,0,0,0
586.45,0,0,0,0,0,0,0,0,0
588.51,0,0,0,0,0,0,0,0,0
590.58,0,0,0,0,0,0,0,0,0
592.64,0,0,0,0,0,0,0,0,0
594.71,0,0,0,0,0,0,0,0,0
596.77,0,0,0,0,0,0,0,0,0
598.83,0,0,0,0,0,0,0,0,0
600.89,0,0,0,0,0,0,0,0,0
602.95,0,0,0,0,0,0,0,0,0
605.01,0,0,0,0,0,0,0,0,0
607.07,0,0,0,0,0,0,0,0,0
609.13,0,0,0,0,0,0,0,0,0
611.18,7.66,12.21,34.75,0,0,0,0,16.26,0
613.24,7.66,22.4,55.08,21.11,15.83,0,0,62.78,38.04
615.29,7.66,24.93,112.32,41.32,20.14,6.33,0,87.62,100.71
617.35,57.27,41.6,166.74,53.73,55.34,41.64,11.53,148.92,169.74
619.4,132.09,94.63,198.84,69.32,64.04,80.67,34.28,221.4,269.47
621.45,170.81,120.68,178.95,49.11,74.99,74.34,89.45,266.74,256.01
623.5,141.06,91.81,89.78,36.71,39.79,39.03,77.92,198.82,226.58
625.55,66.24,28.58,37.35,0,15.26,0,55.17,79.82,88.81
627.6,37.53,0,0,0,0,0,0,9.64,41.65
629.64,10.01,0,0,0,0,11.18,0,0,2.05
631.69,53.32,7.1,27,1.48,43.82,47.72,0,21.9,24.82
633.73,98.76,46.46,41.14,91.78,92.39,109.69,0.71,73.85,57.14
635.78,162.25,98.31,92.97,171.2,157.34,150.51,33.87,166.12,118.34
637.82,189.7,221.1,146.72,253.56,202.47,224.63,103.53,203.77,197.87
639.86,212.48,332.89,250.12,335.49,343.12,340.58,231.03,250.55,261.17
641.9,281.37,411.77,327.28,457.08,517.07,493.8,344.12,286.25,318.69
643.94,302.82,430.87,383.97,524.11,598.43,580.73,417.93,338.96,309.51
645.98,283.14,345.84,389.19,523.57,564.18,584.03,374.1,355.03,271.32
648.02,207.79,220.13,326.06,416.9,461.43,487.48,271.06,227.05,152.6
650.06,158.75,96.73,198.22,344.41,419.5,391.05,153.49,114.8,68.91
652.09,153.59,57.54,75.46,237.34,380.95,316.98,94.92,0,9.44
654.13,133.51,75.76,32.22,216.88,336.99,327.81,51.69,19.68,9.44
656.16,110.08,80.62,47.27,274.26,345.16,350.41,27.77,35.53,14.3
658.2,119.96,86.11,78.07,333.81,339.13,380.46,1.97,59.01,14.3
660.23,122.59,81.69,96.82,404.95,387.67,424.72,11.21,39.33,40.8
662.26,140.74,98.78,114.41,380.47,403.88,460.63,9.24,35.57,58.84
664.29,191.3,121.61,144.06,415.23,452.31,459.08,37.73,86,126.7
666.32,252.04,193.62,178.89,463.03,474.41,469.5,96.18,182.67,218.85
668.34,302.31,229.14,249.21,534.5,491.49,493.55,177.55,250.04,235.25
670.37,244.19,214.28,252.48,463.43,482.66,437.33,149.06,202.47,191.36
672.4,179.92,133.93,206.58,423.03,467.81,344.41,81.36,105.8,104.74
674.42,141.39,87.97,153.39,368.18,445.81,303.99,17.2,64.03,76.59
676.45,148.02,189.51,183.37,458.66,477.77,419.84,87.88,96.55,97.02
678.47,195.16,257.22,245.16,416.45,510.02,513.63,178.93,131.74,119.37
680.49,207.35,288.31,250.33,395.11,512.45,519.24,198.04,128.02,145.51
682.51,210.93,243.12,209.21,361.63,463.71,510.32,194.25,127.8,167.78
684.53,245.45,272.87,229.02,437.56,471.01,571.11,269.79,217.95,251.07
686.55,322.58,379.54,332.08,537.23,552.7,693.92,411.32,305.48,330.37
688.57,358.41,407.93,405.18,609.41,633.53,747.53,506.6,344.82,340.12
690.58,394.3,443.02,427.97,684.76,764.5,762.27,527.63,315.29,345.31
692.6,336.11,396.37,371.69,692.49,804.84,692.68,507.95,324.47,322.51
694.61,335.96,382.76,316.43,675.05,828.97,680.2,491.35,345.11,378.15
696.63,266.85,319.85,318.52,653.09,716.56,656.84,491.8,335.54,316.22
698.64,342.22,342.08,377.75,721.39,716.06,759.02,513.09,361.89,346.83
700.65,422.73,401.11,475.45,860.61,777.44,826.08,575.2,434.13,382.99
702.66,538.5,475.4,498.05,960.53,865.5,905.46,605.91,522.71,492.13
704.67,533.62,510.37,481.34,974.23,869.99,905.26,648.32,546.74,535.7
706.68,464.77,497.37,416.64,915.07,841.91,847.15,683.76,487.55,503.35
708.69,396.73,515.5,388.4,896.13,850.38,795.23,729.33,471.25,460.86
710.69,384.93,461.87,345.05,925.53,864.15,738.61,683.14,453.94,433.67
712.7,394.81,431.25,348.72,942.71,840.35,769.39,619.62,457.4,431.23
714.7,379.6,406.21,331.28,870.54,761.19,712.13,585.99,454.85,382.41
716.71,364.96,383.06,336.4,788.03,637.32,680.81,620.58,422.61,402.56
718.71,396.45,409.71,350.96,737.73,581.3,606,661.28,418.91,402.88
720.71,435.5,430.91,399.42,721.07,642.57,604.14,695.51,411.18,425.83
722.71,520.46,479.01,460.43,787.05,762.45,664.54,774.28,503.77,427.72
724.71,605.42,524.78,548.11,900.11,905.07,807.32,870.01,602.76,524.34
726.71,670.38,567.56,575.78,1026.57,896.4,942.14,925.05,678.5,614.35
728.71,672.24,596.22,581.99,1036.67,912,957.89,963.94,664.54,672.63
730.7,645.65,587.44,567.09,975.05,868.87,932.55,960.33,623.2,636.86
732.7,576.85,552.77,523.63,924.6,868.22,843.36,965.45,634.71,593.9
734.69,523.04,552.42,541.15,925.87,796.61,797.19,986.19,595.29,550.99
736.69,476.56,536.4,492.32,889.2,770.37,727.71,962.85,578.59,534.46
738.68,455.74,529.37,517.48,830.91,774.82,714.24,913.12,515.29,553.63
740.67,439.36,502.77,443.07,757.11,798.74,695.23,888.43,526.15,552.27
742.66,399.75,454.61,474.75,757.79,738.78,696.34,900.09,531.85,539.07
744.65,412.9,451.88,471.86,765.95,753.29,754.23,921.12,541.04,528.33
746.64,391.49,440.58,494.72,775.92,738.26,764.57,870.51,537.05,483.74
748.63,413.4,482.59,485.22,839.24,796.9,801.91,887.79,571.44,496.5
750.61,410.73,458.36,459.81,902.04,761.32,748.68,928.43,590.32,548.07
752.6,475.94,510,495.26,993.74,846.97,766,980.51,615.12,642.54
754.58,518.24,508.07,509.8,997.91,902.05,777.75,955.25,606.74,717.81
756.57,594.73,518.66,542.19,1041.31,996.69,853.05,934.44,623.61,733.64
758.55,585.21,473.56,519.89,998.71,976.98,906.99,971.84,624.18,720.16
760.53,593.33,485.77,550.22,1028.45,1039.92,930.57,1050.45,669.45,737.35
762.51,544.09,521.62,563.18,1027.53,1013.52,896.46,1048.59,692.4,731.21
764.49,538.94,567.55,554.89,1098.38,1039.2,932.1,1025.71,752.49,742.86
766.47,551.42,597.78,544.56,1109.22,1041.53,965.03,1036.35,779.93,724.84
768.45,582.76,614.2,521.75,1102.61,1065.39,1042.16,1099.73,802.95,734.71
770.42,628.18,670.7,541.67,1116.43,1105.66,1087.36,1140.08,814.42,781.36
772.4,667.91,706.83,580.22,1203.23,1154.56,1130.85,1205.94,815.57,800
774.37,729.48,764.48,654.62,1306.56,1254.32,1228.18,1282.19,823.28,816.52
776.34,784.8,756.86,738.09,1345.65,1273.48,1212.91,1348.73,842.45,833.14
778.32,795.3,780.1,731.06,1357.6,1219.49,1205.82,1385.65,834.51,829.98
780.29,809.44,801.96,780.66,1325.19,1180.78,1150.33,1456.73,914.91,865.8
782.26,816.64,810.22,775.32,1348.86,1210.81,1164.91,1488.41,915.08,842.71
784.23,837.02,840.67,794.49,1373.04,1288,1202.97,1506.8,986.8,864.83
786.19,805.47,838.17,774.72,1355.63,1277.92,1192.76,1501.11,971.3,857.71
788.16,818.33,861.41,740.67,1362.29,1262.89,1236.26,1518.68,1029.24,947.34
790.13,831.02,810.83,758.46,1328.46,1265.7,1253.91,1541.27,1006.05,961.84
792.09,867.23,788.75,765.42,1348.13,1294.66,1299.06,1519.22,1025.41,992.19
794.06,817.38,695.95,751.33,1345.42,1247.55,1221.46,1468.3,968.75,890.86
796.02,757.16,646.11,696.51,1263.99,1113.05,1171.46,1359.17,967.74,860.49
797.98,641.33,570.65,575.75,1145.62,1005.59,1065.49,1238.61,848.82,753.86
799.94,611.78,527.14,562.6,1056.52,958.05,1046.77,1189.16,822.55,742.54
801.9,586.06,500.13,483.6,1029.24,905.33,992.86,1123.39,772.15,672.73
803.86,647.3,471.73,509.22,1084.24,898.19,1025.87,1107.06,811.39,707.89
805.82,603.36,546.5,515.66,1055.39,869.53,1019.69,1064.38,792.49,693.56
807.78,575.26,528.77,521.93,1072.02,872.35,978.97,1033.04,733.11,694.41
809.73,499.88,558.42,488.58,1000.36,867.86,891.94,999.57,645.15,624.99
811.69,479.22,483.78,412.61,949.74,896.72,839.59,966.64,585.6,553.31
813.64,468.06,478.98,428.13,908.26,954.72,768.37,931.68,539.9,540.13
815.6,480.94,391.89,444.69,906.15,971.41,811.17,911.26,585.61,536.01
817.55,486.43,425.06,486.86,934.29,1005.66,817.2,936.59,610.95,571.18
819.5,472.97,441.96,508.73,982.79,1015.94,945.25,960.78,669.68,574.73
821.45,529.45,530.12,494.2,1037.87,1035.11,939.19,996.71,655.05,637.9
823.4,550.63,527.32,485.04,1014.64,939.3,948.47,983.49,629.48,628.12
825.35,571.53,512.57,468.93,959.43,912.83,885.09,939.79,605.97,591.4
827.29,546.26,530.3,465.29,926.69,892.48,909.83,923.7,599.97,550.84
829.24,524.58,490.97,470.25,950.52,941.69,881.45,886.01,583.59,524.88
831.18,523.05,513.78,489.36,942.47,1005.69,915.86,903.94,589.71,548.41
833.13,455.68,500.75,504.28,956.88,1001.13,885.7,864.81,567.66,525.77
835.07,467.01,551.09,506.57,962.64,1034.23,938.88,877.85,568.67,565.51
837.01,445.39,558.47,516.23,1000.07,980.34,906.05,906.37,580.07,593.62
838.95,454.58,515.99,474.7,991.28,948.22,917,895.17,543.96,590.89
840.89,430.03,451.11,460.09,993.06,933.32,924.49,896.01,582.79,554.75
842.83,424.85,354.59,376.51,934.17,938.74,935.97,859,535.67,512.32
844.77,394.04,351.44,346.96,971.29,950.16,959.77,895.14,526.6,487.59
846.71,379.82,418.22,319,980.96,944.12,985.12,854.65,500.13,509.45
848.64,389.63,510.36,368.07,1055.29,966.07,990.45,869.96,544.7,515.34
850.58,419.03,495.76,405.06,1070.52,987.23,981.99,874.63,597.2,545.49
852.51,448.36,467.07,453.3,1120.62,1039.6,954.4,899.33,603.97,536.23
854.44,440.27,457.97,473.12,1133.28,1025.52,1015.68,923.72,560.66,562.88
856.37,475.77,445.12,550.18,1111.15,1021.96,996.83,907.8,583.61,566.12
858.31,528.19,458.19,553.17,1076.9,970.62,986.85,937.89,571.49,568.61
860.23,549.3,444.63,553.51,1028.97,912.92,934.18,915.1,565.74,552.46
862.16,582.23,485.2,574.98,1038.48,901.65,966.6,932.55,545.79,545.78
864.09,550.06,479.35,546.37,1058.53,894.9,991.22,896.34,520.1,533.34
866.02,528.37,475.64,479.23,1069,950.58,997.26,892.35,519.22,523.71
867.94,462.15,453.73,384.89,1040.91,912.02,957.38,842.59,479.48,489.53
869.87,435.52,431.07,399.79,918.69,885.32,869.7,781.84,471.99,425.94
871.79,396.13,364.99,371.27,813.67,765.81,700.54,707.07,439.08,370.58
873.71,336.87,319.7,355.21,699.08,761.06,602.8,654.53,381.64,374.35
875.64,242.31,252.78,269.17,671.46,626.6,534.03,569.09,327.89,354.81
877.56,208.77,238.21,278.82,591.5,619.46,524.23,495.41,303.5,336.27
879.48,194.69,179.77,204.93,503.95,452.72,435.84,399.28,238.9,228.87
881.39,157.08,142.13,163.5,380.49,446.74,343.2,338.36,181.44,193.25
883.31,82.94,72.48,70.58,305.11,300.16,288.29,258.64,76.41,99.42
885.23,29.49,38.45,35.96,187.38,272.89,240.36,188.01,39.76,59.13
887.14,13.82,0,7.32,108.51,162.8,186.94,147.7,2.37,6.74
889.06,21.29,0,14.25,64.94,161.68,116.16,117.8,2.37,23.5
890.97,10.51,0,6.93,127.46,90.72,107.11,112.1,0,39.18
892.88,10.51,0,6.93,121.84,63.28,81.58,122.7,0,59.09
894.8,0,21.18,11.06,86.84,40.49,94.79,145.83,0,72.97
896.71,20.93,28.12,11.06,42.49,66.8,39.16,158.59,8.75,57.29
898.62,38.79,50.98,35.05,80.43,138.08,48.52,214.43,47.34,76.07
900.52,38.79,100.51,32.44,123.13,172.4,52.5,258.67,93.39,55.18
902.43,19.72,100.73,34.29,124.35,204.34,116.13,298.99,135.4,58.43
904.34,19.44,82.74,46.48,123.64,211.69,134.47,254.49,150.52,48.32
906.24,63.68,19.53,56.46,162.34,219.78,157.22,231.83,112.76,51.66
908.15,111.1,42.23,93.35,130.99,220.05,131.81,207.12,90.56,98.22
910.05,107.75,90.84,88.79,150.06,189.16,158.91,256.04,41.92,69.64
911.95,96.75,106.45,109.58,155.1,179.56,176.64,293.68,90.61,108.41
913.86,105.09,101.41,109.05,203,207.26,215.32,302.38,106.97,68.18
915.76,90.86,64.15,79.3,191.41,194.02,200.41,192.51,111.78,94.08
917.66,85,42.91,57.9,137.77,176.07,168.44,103.1,54.8,35.47
919.55,44.83,18.1,19.7,100.1,142.74,142.44,39.08,33.27,25.9
921.45,44.83,1.88,17.82,83.39,141.7,181.38,47.19,33.74,0
923.35,17.44,0,15.55,50.58,86.35,166.06,24.82,38.43,14.77
925.24,0,0,28.87,92.34,36.44,115.8,8.11,74.78,14.77
927.14,0,0,28.87,71.29,2.98,27.46,0,64.42,14.77
929.03,0,0,13.32,71.29,2.98,0.64,0,59.73,0
930.92,0,0,0,19.29,0,0,1.89,0,0
932.81,0,0,0,0,0,0,1.89,0,0
934.7,0,0,0,0,0,0,1.89,0,0
936.59,0,0,0,0,0,0,0,0,0
938.48,0,0,0,0,0,0,0,0,0
940.37,0,0,0,0,0,0,0,0,0
942.25,0,0,0,0,0,0,0,0,0
944.14,0,0,0,0,0,0,0,0,0
946.02,0,0,0,0,0,0,0,0,0
947.91,0,0,0,0,0,0,0,0,0
949.79,0,0,0,0,0,0,0,0,0
951.67,0,0,0,0,0,0,0,0,0
953.55,0,0,0,0,0,0,0,0,0
955.43,0,0,0,0,0,0,0,0,0
957.31,0,0,0,0,0,0,0,0,0
959.18,0,0,0,0,0,0,0,0,0
961.06,0,0,0,0,0,0,0,0,0
962.94,0,0,0,0,0,0,0,0,0
964.81,0,0,0,0,0,0,0,0,0
966.68,0,0,0,0,0,0,0,0,0
968.55,0,0,0,0,0,0,0,0,0
970.43,0,0,0,0,0,0,0,0,0
972.3,0,0,0,0,0,0,0,0,0
974.16,0,0,0,0,0,0,0,0,0
976.03,0,0,0,0,0,0,0,0,0
977.9,0,0,0,0,0,0,0,0,0
979.76,0,0,0,0,0,0,0,0,0
981.63,0,0,0,0,0,0,0,0,0
983.49,0,0,0,11.57,0,3.2,0,0,0
985.36,0,0,0,49.48,57.91,95.68,0,0,0
987.22,0,0,0,49.48,57.91,142.01,0,0,0
989.08,0,0,0,97.43,102.89,233.46,0,0,0
990.94,0,0,0,128.33,143.32,263.2,0,0,0
992.8,8.46,0,0.26,330.01,291.91,435.9,19.75,22.52,47.57
994.66,37.73,23.06,43.9,525.39,505.47,618.44,150.84,180.78,220.5
996.51,215.97,167.05,190.73,954.5,866.76,932.71,497.42,526.91,573.28
998.37,494.98,473.23,452.76,1352.02,1336.78,1305.05,1040.66,1094.97,1100.92
1000.22,796.32,767.81,766.44,1746.5,1694.76,1664.01,1559.57,1623,1572.19
1002.08,910.1,927.17,889.23,1729.71,1726.48,1719.38,1740.59,1863.77,1792.87
1003.93,810.77,766.07,775.91,1383.11,1351.37,1347.92,1514.49,1634.41,1624.41
1005.78,526.77,456.98,435.92,745.46,734.85,715.75,934.05,1073.68,1134.58
1007.63,234.75,153.63,166.3,264.32,243.51,223.9,406.46,486.77,561.12
1009.48,46.62,8.54,17.34,11.73,0,3.99,69.56,125.56,154.38
1011.33,0,0,0,0,0,0,0,0,0
1013.18,0,0,0,0,0,0,0,0,0
1015.03,0,0,0,0,0,0,0,0,0
1016.87,0,0,0,0,0,0,0,0,0
1018.72,0,0,0,0,0,0,0,0,0
1020.56,0,0,0,0,0,0,0,0,0
1022.4,0,0,0,0,0,0,0,0,0
1024.24,0,0,0,0,0,0,0,0,0
1026.08,0,0,0,0,0,0,0,0,0
1027.92,0,0,0,0,0,0,0,0,0
1029.76,0,0,0,0,0,0,0,0,0
1031.6,0,0,0,0,0,0,0,0,0
1033.44,0,0,0,0,0,0,0,0,0
1035.27,0,0,0,0,0,0,0,0,0
1037.11,0,0,0,0,0,0,0,0,0
1038.94,0,0,0,0,0,0,0,0,0
1040.77,0,0,0,0,0,0,0,0,0
1042.6,0,0,0,0,0,0,0,0,0
1044.43,0,0,0,0,0,0,0,0,0
1046.26,0,0,0,0,0,0,0,0,0
1048.09,0,0,0,0,0,0,0,0,0
1049.92,0,0,0,0,0,0,0,0,0
1051.75,0,0,0,0,0,0,0,0,0
1053.57,0,0,0,0,0,0,0,0,0
1055.4,0,0,0,0,0,0,0,0,0
1057.22,0,0,0,0,0,0,0,0,0
1059.04,0,0,0,0,0,0,0,0,0
1060.86,0,0,0,0,0,0,0,0,0
1062.68,0,0,0,0,0,0,0,0,0
1064.5,0,0,0,0,0,0,0,0,0
1066.32,0,0,0,0,0,0,0,0,0
1068.14,0,0,0,0,0,0,0,0,0
1069.96,0,0,0,0,0,0,0,0,0
1071.77,0,0,0,0,0,0,0,0,0
1073.58,0,0,0,0,0,0,0,0,0
1075.4,0,0,0,0,0,0,0,0,0
1077.21,0,0,0,0,0,0,0,0,0
1079.02,0,0,0,0,0,0,0,0,0
1080.83,0,0,0,0,0,0,0,0,0
1082.64,0,0,0,0,0,0,0,0,0
1084.45,0,0,0,0,0,0,0,0,0
1086.26,0,0,0,0,0,0,0,0,0
1088.06,0,0,0,0,0,0,0,0,0
1089.87,0,0,0,0,0,0,0,0,0
1091.67,0,0,0,0,0,0,0,0,0
1093.48,0,0,0,0,0,0,0,0,0
1095.28,0,0,0,0,0,0,0,0,0
1097.08,0,0,0,0,0,0,0,0,0
1098.88,0,0,0,0,0,0,0,0,0
1100.68,0,0,0,0,0,0,0,0,0
1102.48,0,0,0,0,0,0,0,0,0
1104.27,0,0,0,0,0,0,0,0,0
1106.07,0,0,0,0,0,0,0,0,0
1107.86,0,0,0,0,0,0,0,0,0
1109.66,0,0,0,0,0,0,0,0,0
1111.45,0,0,0,0,0,0,0,0,0
1113.24,0,0,0,0,0,0,0,0,0
1115.03,0,0,0,0,0,0,0,0,0
1116.82,0,0,0,0,0,0,0,0,0
1118.61,0,0,0,0,0,0,0,0,0
1120.4,0,0,0,0,0,0,0,0,0
1122.19,0,0,0,0,0,0,0,0,0
1123.97,0,0,0,0,0,0,0,0,0
1125.76,0,0,0,0,0,0,0,0,0
1127.54,0,0,0,0,0,0,0,0,0
1129.33,0,0,0,0,0,0,0,0,0
1131.11,0,0,0,0,0,0,0,0,0
1132.89,0,0,0,0,0,0,0,0,0
1134.67,0,0,0,0,0,0,0,0,0
1136.45,0,0,0,0,0,0,0,0,0
1138.23,0,0,0,0,0,0,0,0,0
1140,0,0,0,0,0,0,0,0,0
1141.78,0,0,0,0,0,0,0,0,0
1143.55,0,0,0,0,0,0,0,0,0
1145.33,0,0,0,0,0,0,0,0,0
1147.1,0,0,0,0,0,0,0,0,0
1148.87,0,0,0,0,0,0,0,0,0
1150.64,0,4.12,0,0,0,0,0,0,0
1152.41,0,4.12,0,0,0,0,0,0,0
1154.18,0,4.12,0,0,0,0,0,0,0
1155.95,0,0,0,0,0,0,0,0,0
1157.72,0,0,0,0,0,0,0,0,0
1159.48,0,0,0,0,0,0,0,0,0
1161.25,0,0,0,0,0,0,0,0,0
1163.01,0,0,0,0,0,0,0,0,0
1164.77,0,0,0,0,0,0,0,0,0
1166.53,0,0,0,0,0,0,0,0,0
1168.3,0,0,0,0,0,0,0,0,0
1170.06,0,0,0,0,0,0,0,0,0
1171.81,0,0,0,0,0,0,0,0,0
1173.57,0,0,0,0,0,13.03,0,0,0
1175.33,0,0,0.68,28.97,0,38.45,0,8.81,0
1177.08,17.78,53.79,35.77,79.31,110.84,92.4,0,21.89,5.42
1178.84,70.16,104.46,66.3,199.05,163.07,140.24,8.77,77.25,26.06
1180.59,103.06,166.93,114.52,283.48,209.97,161.21,29.5,124.34,93.51
1182.34,140.97,217.34,121.62,355.84,193.96,173.76,70.45,171.6,147.26
1184.1,120.1,236.63,121.94,302.11,253.2,146.56,61.68,196.72,204.19
1185.85,90,209.03,87.37,192.18,239.91,120.16,40.95,155.57,154.19
1187.6,39.23,143.09,45.18,73.29,145.08,66.78,0,114.04,122.82
1189.35,7.73,73.13,14.33,7.28,33.61,33.11,0,33.56,49.63
1191.09,4.92,38.26,0,3.79,0,13.13,0,18.82,32.18
1192.84,0,0,0,0,0,0,0,0,4.38
1194.58,0,0,0,0,0,0,0,0,0
1196.33,0,0,0,0,0,0,0,0,0
1198.07,0,0,0,0,0,0,0,0,0
1199.82,0,0,3.61,0,2.93,0,0,8.29,10.84
1201.56,0,0,26.46,0,2.93,27.94,0.46,9.51,40.54
1203.3,0,0,41.36,0,2.93,27.94,0.46,9.51,61.57
1205.04,0,0,37.75,9.58,0,34.49,0.46,15.13,59.33
1206.78,11.09,0,14.9,9.58,30.8,6.56,0,32.26,81.94
1208.51,43.39,20.59,24.04,29.01,35.14,6.56,1.84,76.29,60.92
1210.25,98.93,42.69,44.82,19.42,80.73,47.46,1.84,62.38,66.22
1211.98,87.84,61.02,90.72,38.1,49.92,47.46,1.84,46.16,20.49
1213.72,137.69,79.01,101.06,67.4,109.83,71.57,37.49,24.02,46.42
1215.45,128.75,93.89,134.62,92.65,147.65,87.24,37.49,36.13,42.27
1217.18,169.41,143.54,171.29,130.69,214.19,171.66,58.66,71.57,74.18
1218.92,143.13,147.41,239.18,174.67,238.1,229.4,22.77,76.53,88.28
1220.65,141.63,178.71,229.5,200.47,211.16,229.96,36.17,84.89,105.45
1222.38,171.68,171.57,222.04,211.19,214.48,203.45,26.22,92.76,66.96
1224.1,167.72,153.42,188.57,194.63,215.85,173.97,34.57,99.93,29.93
1225.83,198.65,120.83,206.32,166.34,232.81,152.76,37.44,103.94,3.01
1227.56,195.79,63.45,163.62,172.31,269.37,164.81,26.22,58.49,5.86
1229.28,182.6,76.73,111.91,96.18,233.64,172.57,18.93,24.48,2.85
1231.01,119.85,60.45,91.65,146.02,247.07,208.15,3.38,48.38,3.3
1232.73,91.87,105.61,92.48,131.02,226.99,231.87,3.38,66.99,33.07
1234.45,53.15,115.1,100.31,211.56,265.95,256.64,14.54,105.08,44.1
1236.17,44.72,127.14,128.03,192.21,273.52,262.01,38.57,91.19,53.01
1237.9,38.17,135.73,124.63,227.8,289.02,261.65,101.6,82.81,20.39
1239.61,72.68,149.65,140.88,244.44,273.23,251.33,90.79,64.39,13.44
1241.33,81.46,175.89,105.13,299.13,254.49,279.38,79.61,53.26,31.78
1243.05,101.68,169.24,127.49,320.98,257.58,316.26,50.85,51.21,62.9
1244.77,111,154.03,144.95,321.99,288.83,344.63,47.84,58.22,59.72
1246.48,166.31,182.48,176.74,327.05,305.46,339.05,34.27,34.86,50.83
1248.2,198.52,199.48,192.08,315.39,319.36,350.06,34.08,37.02,44.12
1249.91,231.6,211.03,218.29,329.01,325.87,377.35,99.42,58.03,63.92
1251.62,251.9,205.8,226.73,395.56,391.65,428.57,183.14,132.21,95.91
1253.33,228.2,208.22,228.82,504.17,442.16,475.84,230.31,158.03,107.85
1255.04,251.6,256.75,212.69,577.61,567.82,508.61,218.56,161.24,140.54
1256.75,265,245.94,221.54,591.78,594.87,507.09,240.78,123.09,145.51
1258.46,291.95,247.35,221.28,603.22,653.2,523.17,264.2,137.45,157.33
1260.17,306.44,233.64,231.24,643.94,628.13,565.86,302.8,159.66,173
1261.87,355.05,260.37,188.3,702.82,734.9,664.71,313.83,198.27,178.75
1263.58,418.53,300.98,247.57,685.32,745.61,682.17,314.38,206.4,189.33
1265.28,425.23,329.14,276.72,717.44,778.93,712.57,380.78,222.04,196.44
1266.99,376.15,319.18,323.43,677.16,722.53,693.24,395.05,248.87,230.72
1268.69,297.95,319.44,266.34,678.84,695.08,759.19,426.85,246.55,241.19
1270.39,281.08,279.69,239.92,653.23,688.68,759.85,361.95,213.18,220.28
1272.09,310.31,275.71,275.93,617.8,683.78,724.02,339.13,197.89,202.44
1273.79,355.21,259.38,241.6,581.77,654.28,625.24,297.95,215.89,214.23
1275.49,305.2,231.83,231.38,615.9,613.61,569.95,309.85,232.62,230.09
1277.18,275.86,193.61,168.81,630.43,529.33,581.39,290.73,238.65,208.58
1278.88,203.85,156.71,166.9,643.68,541.44,576.55,264.24,225.64,192.02
1280.57,185.94,189.25,154.76,567.78,488.73,595.2,251.17,208.7,176.2
1282.27,182.13,235.56,185.72,564.04,501.85,582.36,272.51,178.84,193.45
1283.96,188.65,248.19,214.67,552.37,486.36,581.57,324.49,190.26,197.33
1285.65,232.27,207.92,221.39,562.88,496.71,603.95,358.22,232.43,255.94
1287.34,217.44,181.54,228.66,555.67,502.02,594.61,336.81,240.1,259.74
1289.03,247.94,217.15,245.92,552.85,538.71,554.66,350.71,285.41,264.49
1290.72,270.42,268.41,285.17,557.1,633.14,515.44,400.58,252.67,259.87
1292.41,301.68,294.45,304.52,609.19,702.07,507.71,470.86,308.68,296.99
1294.1,364.38,300.92,386.64,678.13,727.84,639.16,524.23,321.42,381.84
1295.78,419.73,353.72,369.42,747.46,691.01,655.99,548.9,396.78,389.99
1297.47,492.97,442.06,420.74,822.08,704.79,687.11,609.1,455.67,401.98
1299.15,498.64,492.17,400.83,862.21,741.09,696.06,681.72,474.62,375.38
1300.84,504.63,469.93,441.57,856.74,783.78,754.74,721.64,484.86,413.4
1302.52,498.95,452.36,440.31,862.66,839.2,777.82,701.87,470.74,461.38
1304.2,513.7,489.55,460.81,854.77,835.46,753.06,627.51,450.68,494.43
1305.88,543.56,550.84,475.08,900.39,860.9,733.47,640.57,463.36,514.88
1307.56,536.52,563.9,445.78,858.52,839.18,764.06,650.72,445.44,529.74
1309.24,531.25,521.73,472.91,833.49,836.97,754.81,658.94,492.26,526.33
1310.91,499.41,454.33,501.15,783.31,820.93,725.41,651.92,492.49,535.33
1312.59,466.56,418.91,502.04,763.86,795.3,631.07,628.87,512.01,471.62
1314.26,428.92,406.37,442.14,777.71,777.62,600.01,670.68,459.71,453.42
1315.94,417.28,447.82,384.23,783.29,765.67,609.01,648.46,439.37,438.51
1317.61,426.84,435.49,352.86,792.49,715.68,669.29,637.43,393.54,445.78
1319.28,423.06,422.47,330.81,792.1,650.75,674.64,605.05,377.34,439.35
1320.95,354.16,363,334.64,695.99,573.78,666.6,623.86,337.65,398.1
1322.62,308.81,358.07,325.35,673.52,568.76,596.52,588.19,322.82,392.02
1324.29,274.11,343.46,312.71,590.44,558.15,525.49,556.83,377.94,401.91
1325.96,295.84,327.29,354.16,587.21,582.71,474.64,517.56,418.8,405.19
1327.63,331.01,327.88,354.38,558.83,511.45,450.97,574.7,435.06,408.88
1329.29,355.27,318.9,379.37,574.63,494.04,447.13,604.59,430.39,391.64
1330.96,414.3,362.35,301.12,562.95,467.14,448.47,624.9,429.79,399.8
1332.62,393.65,366.79,311.19,537.67,525.31,467.54,627.51,460.81,425.92
1334.28,397.66,388.22,309.58,513.13,494.54,485.01,618.09,458.47,462.66
1335.95,386.1,390.41,369.73,547.76,481.29,487.31,592.09,456.19,408.14
1337.61,424.52,390.59,396.2,510.81,509.1,476.35,607.07,459.2,371.9
1339.27,434.82,388.31,411.21,548.48,572.21,481.67,654.9,463.39,354.52
1340.92,439.55,406.79,403.65,581.66,589.16,535.84,672.48,482.99,409.53
1342.58,434.05,417.7,429.18,678.36,571.96,590.17,695.48,477.32,417.61
1344.24,445.64,428.71,477.81,699.57,612.27,610.69,693.56,449.05,425.1
1345.89,484.22,437.71,477.76,716.53,698.65,575.93,733.95,432.75,443.54
1347.55,458.67,461.24,478.58,698.44,718.66,587.46,718.86,413.62,461.16
1349.2,461.11,485.09,479.39,688.43,682.06,633.72,724.41,441.45,469.74
1350.86,391.2,480.93,481.17,707.15,642.54,686.04,670.27,470.23,454.94
1352.51,407.27,438.41,463.28,689.28,652.42,695.1,676.76,462.98,443.76
1354.16,404,389.22,435.03,717.81,666.7,674.55,672.56,465.35,434.87
1355.81,384.15,365.45,414.55,712.19,643.49,635.18,701.11,440.12,432.72
1357.46,397.96,364,436.71,700.98,642.68,611.87,696.29,446.18,457.85
1359.1,392.19,389.64,409.96,692.95,647.72,589.06,667.89,419.64,425.06
1360.75,431.74,357.6,404.2,620.32,621.83,569.99,653.46,400.39,434.88
1362.4,417.39,343.98,348.87,634.55,569.79,580.76,616.45,381.55,427.44
1364.04,408.01,326.68,298.51,572.84,523.15,568.93,608.74,394.66,416.29
1365.68,375.62,322.03,310.13,581.87,513.25,533.83,570.33,403.39,376.76
1367.33,371.44,346.58,308.96,535.2,478.3,458.68,610.78,380.63,327.4
1368.97,368.23,348.11,301.1,531.6,435.42,426.26,635.54,353.83,350
1370.61,389.57,336.52,315.45,532.62,421.16,483.46,634.49,343.21,379.78
1372.25,390.77,371.79,327.33,542.94,469.2,507.61,652.3,392.1,409.74
1373.89,409.18,405.26,385.74,572.88,557.52,534.38,681.63,408.84,383.53
1375.53,440.79,486.94,421.69,585.45,560.14,552.44,733.49,445.75,366.51
1377.16,481.27,471.49,481.84,586.65,552.71,582.11,726.2,456.17,364.33
1378.8,471.95,460.9,487.19,604.47,538.58,555.74,666.45,433.44,388.65
1380.43,442.39,460.4,472.3,570.48,568.95,509.21,674.1,431.11,396.38
1382.07,413.59,450.33,412.16,586.67,544.17,469.85,658.17,415.51,387.17
1383.7,392.1,462.57,450.66,517.59,518.13,492.22,695.21,414.86,363.58
1385.33,404.15,456.68,460.7,546.47,472.37,497.54,713.77,393.06,359.5
1386.96,406.28,473.54,480.16,545.54,484.13,499.36,731.41,416.99,389.82
1388.59,441.39,487.04,442.6,596.67,459.29,459.59,760.36,480.21,425.09
1390.22,454.82,463.52,425.01,559.54,487.51,436.54,742.27,529.71,436.31
1391.85,431.44,479.21,443.95,515.7,446.36,390.44,716.37,518.39,422.04
1393.47,469.82,453.97,426.98,462.71,447.71,379.51,639.55,512.8,410.17
1395.1,411.62,436.83,390.76,435.56,408.25,313.42,643.15,432.94,403.69
1396.72,373.28,397.22,316.41,407.38,392.74,287.95,602.6,383.26,358.05
1398.35,294.26,337.91,296.03,388.92,312.29,280.21,614.68,315.87,315.7
1399.97,236.54,297.92,267.96,329.21,302.91,193.54,490.4,294.09,281.3
1401.59,212.24,237.67,223.64,257,216.37,182.36,467.19,305.38,253.3
1403.21,195.92,203.4,174.96,166.53,152.57,111.91,378.95,297.95,242.25
1404.83,189.68,160.22,155.36,151.9,64.6,142.61,379.13,267.92,190.59
1406.45,169.42,137.34,194.07,133.68,40.06,79.05,327.6,208.84,202.22
1408.07,133.02,115.66,193.98,138.41,54.79,38.44,356.93,191.6,203.68
1409.68,186.26,192.62,202.18,101.2,36.57,15.22,383.55,200.31,205.1
1411.3,185.15,249.21,200.37,113.4,46.39,40.4,422.81,219.31,157.13
1412.91,157.55,296,192.07,67.76,60.19,46.85,419.26,194.15,182.67
1414.53,108.49,235.32,206.97,58.86,67.61,40.59,372.56,198.16,190.38
1416.14,139.29,184.83,176.4,32.59,111.98,26.93,378.05,199.67,238.59
1417.75,144.17,147.75,217.24,85.61,95.19,15.83,398.27,174.25,185.2
1419.36,143.8,147.1,160.49,69.02,81.9,32.18,470.25,175.22,213.87
1420.97,134.4,144.07,172.05,97.83,60.01,43.58,490.18,163.47,209.82
1422.58,160.42,169.8,152.02,65.81,84.96,43.58,481.86,199.45,235.82
1424.19,221.51,178.6,208.4,105.64,106.08,31.65,498.61,224.83,206.89
1425.79,240.69,199.49,184.86,83.3,90.03,21.89,455.43,263.93,202.68
1427.4,307.72,216.89,191.84,93.91,91.61,67.59,468.44,308.2,244.31
1429,261.84,212.38,174.57,120.7,110.68,61.95,422.53,309.2,271.66
1430.6,302.92,230.5,217.6,172.88,195.48,72.35,449.9,274.15,303.96
1432.21,278.3,206.92,233.92,215.12,221.01,100.8,463.24,263.04,267.87
1433.81,286.32,250.31,266.55,259.43,208.26,136.29,502.88,245.55,260.4
1435.41,226.97,208.33,272.14,235.12,157.23,140.18,508.14,281,244.87
1437.01,216.59,216.65,254.7,225.55,152.93,102.78,533.03,274.07,266.96
1438.61,237.51,174.94,249.22,213.36,155.68,139.77,511.89,295.75,317.65
1440.2,276.5,211.3,216.81,236.01,176.93,196.59,484.81,297.82,329.74
1441.8,277.35,249.85,211.93,245.94,201.8,224.35,449.91,331.4,315.99
1443.4,259.05,269.58,171.9,233.15,212.94,213.05,458.53,312.81,291.07
1444.99,234.27,267.17,166.38,256.64,217.35,151.68,503.33,311.38,294.99
1446.58,226.68,230.27,174.38,252.07,177.05,145.59,510.98,294.46,316.08
1448.18,232.94,254.89,179.57,201.79,188.68,148.1,496.81,314.03,297.66
1449.77,227.82,226.81,213.05,197.22,217.03,201.65,472.6,335.22,307.18
1451.36,224.67,210.36,187.49,224.71,240.77,185.26,473.01,334.02,300.99
1452.95,225.49,176.86,195.22,257.92,247.23,205.91,502.71,359.76,334.4
1454.53,197.15,163.55,162.47,260.74,211.96,179.82,533.93,304.33,325.97
1456.12,219.55,166.98,195.46,264.05,214.85,248.56,528.54,280.63,305.94
1457.71,212.47,178.59,182.63,287.31,221.34,213.23,481,213.76,247.73
1459.29,233.9,189.38,187.98,295.83,229.77,219.17,434.98,242.38,236.68
1460.88,217.4,215.24,178.39,276.53,221.7,206.26,434.68,260.72,219.69
1462.46,232.75,241.62,168.66,300.49,222.89,231.62,409.23,244.9,210.19
1464.04,248.62,269.84,171.1,298.72,253.69,272.58,446.62,223.24,201.19
1465.62,281.55,257.13,205.94,349.78,313.64,263.02,449.41,219.29,222.24
1467.2,322.33,230.6,292.96,333.78,351.86,334.38,491.38,248.18,263.45
1468.78,342.85,272.13,363.38,369.94,373.91,332.57,463.74,268.11,265.71
1470.36,344.65,310.29,394.76,369.47,361.99,395.13,444.72,269.99,276.58
1471.94,338.74,306.4,359.09,392.06,332.46,365.73,430.99,273.47,287.72
1473.52,324.79,249.14,321.71,382.68,321.63,368.69,453.55,266.56,264.13
1475.09,287.02,200.71,261.5,351.91,293.07,331.59,400.61,229.48,194.03
1476.67,242.97,185.69,247.02,332.96,307.99,343.96,385.4,218.78,171.98
1478.24,211.22,171.61,199.16,288.05,289.62,353.7,334.47,181.01,145.53
1479.81,193.97,149.38,206.81,249.4,270.84,342.37,316.05,186.07,166.91
1481.38,180.12,144.22,173.52,232.91,232.89,314.52,305.02,161.52,161.34
1482.95,163.44,180.22,202.74,240.01,218.19,269.58,296.83,189.46,191.92
1484.52,106.15,175.62,182.68,215.6,225.3,237.46,316.36,163.11,172.88
1486.09,104.71,210.53,180.13,167.45,297.01,242.26,347.74,191.25,149
1487.66,107.33,138.16,156.64,170.45,264.53,285.53,338.83,150.1,127.83
1489.22,150.58,145.41,151.77,173.15,286.08,324.83,332.21,140.22,133.26
1490.79,118.88,107.06,157.28,202.66,216.45,286.94,297.65,112.73,136.07
1492.35,83.12,109.98,181.75,140.88,219.85,251.08,289.7,141.83,115.82
1493.92,47.99,98.85,151.16,112.8,205.61,246.91,264.69,154.2,121.49
1495.48,41.79,72,131.51,114.75,219.08,229.76,239.29,144.5,68.48
1497.04,33.33,100.21,90.59,157.51,254.35,215.76,220.62,88.52,80.8
1498.6,54.58,73.15,78.39,156.75,230.43,170.55,214,50.57,49.16
1500.16,38.9,73.47,55.59,144.13,217.64,196.82,196.77,35.01,53.85
1501.72,75.16,62.4,29.05,138.21,186.22,222.11,157.82,52.37,40.84
1503.27,63.36,58.51,22.47,205.98,217.16,247.75,100.14,63.33,44.44
1504.83,92.84,89,11.6,234.45,279.46,272.08,114.4,70.56,56.63
1506.38,109.05,68.21,8.67,257.06,329.55,266.54,159.71,94.83,94.53
1507.94,91.47,68.21,15.8,254.8,373.79,267.8,211.74,111.8,94.8
1509.49,104.45,46.86,15.8,269.01,390.16,261.53,210.49,121.15,96.44
1511.04,66.81,78.56,22.03,313.7,421.99,320.04,195.29,91.2,85.46
1512.59,93.39,102.34,66.65,417.51,433.29,394.36,223.81,105.3,138.51
1514.14,97.63,69.25,119.15,461.24,429.83,454.24,217.48,118.54,149.05
1515.69,96.26,80.21,167.64,461.76,448.84,478.25,238.87,137.83,162.96
1517.24,103.49,86.12,164.07,472.31,511.86,510.94,235.87,130.03,143.79
1518.79,107.33,113.62,145.44,504.54,602.23,560.64,280.13,149.17,138.88
1520.34,103.55,65.18,126.85,564.57,637.07,590.13,292.44,163.01,107.01
1521.88,123.26,67.89,125.42,576.17,656.14,624.19,300.57,138.66,92.62
1523.42,95.91,69.54,115.26,597.79,638.22,627.58,247.64,116.57,86.82
1524.97,120.94,90.57,99.15,613.86,647.43,620.44,216.75,92.52,106.05
1526.51,109.91,66.87,74.64,612.62,657.32,577.3,158.8,120.72,105.2
1528.05,118.48,49.77,72.39,609.72,654.21,566.5,169.77,110.52,115.28
1529.59,86.75,43.04,62.86,615.94,694.23,601.15,132.79,105.34,115.06
1531.13,52.19,34.35,75.48,602.73,670.81,578.69,129.3,108.65,108.31
1532.67,46,63.16,64.47,590.31,684.51,593.68,99.85,73.8,79.89
1534.2,38.72,47.9,53.98,544.9,640.21,585,111.32,80.39,68.43
1535.74,30.8,47.9,10.46,544.49,581.26,600.66,104.39,32.25,38.97
1537.28,0,7.05,0,512.98,507.86,520.88,59.96,39.43,47.95
1538.81,25.78,8.47,22.35,486.14,458.13,435.43,69.11,16.33,8.98
1540.34,25.78,8.47,22.35,485.08,468.18,425.41,47.28,56.26,18.44
1541.88,32.69,14.75,22.35,514.91,483.79,440.96,47.28,50,22.46
1543.41,46.34,11.4,0,537.85,532.84,532.94,42.65,67.11,47.67
1544.94,46.34,32.23,8.11,576.13,602.55,593.24,99.96,37.47,53.31
1546.47,78.07,63.62,17.61,631.29,657.49,695.77,121.07,66.63,82.41
1547.99,101.95,79.83,75.84,705.68,680.64,746.84,118.32,119.6,108.66
1549.52,194.17,125.73,143.26,713.84,731.23,760.68,125.28,201.6,177.59
1551.05,197.12,125.68,188.39,725.43,734.92,775.62,173.6,219.62,177.88
1552.57,140,140.21,154.1,742.36,785.94,768.21,175.5,178.89,153.43
1554.1,73.57,129.11,113.17,761.72,763.4,765.91,169.44,145.18,139.99
1555.62,93.63,114.82,102.06,735.96,780.4,752.47,170.19,138.61,178.69
1557.14,119.05,119.9,117.98,747.64,775.5,734.47,199.3,170.4,217.75
1558.66,140.83,110.01,117.6,745.42,754.03,772.23,215.77,149.21,176.16
1560.18,102.09,131.59,94.36,739.73,725.1,772.19,199.39,141.82,153.38
1561.7,82.72,148.54,80.48,717.82,707.93,809.25,173.36,89.45,124.95
1563.22,55.82,102.79,93.08,711.11,669.3,790.84,99.14,67.22,135.65
1564.74,38.95,63.91,102.04,702.16,640.77,791.51,92.27,55.34,108.37
1566.25,26.71,27.16,78.8,634.75,629.77,762.73,47.38,60.59,92.22
1567.77,21.79,28.73,32.37,612.54,647.64,777.8,46.92,64.3,61.53
1569.28,15.76,34.93,3.14,636.86,684.7,758.74,6.13,42.04,33.64
1570.79,20.83,19.49,1.21,680.28,638.19,738.43,11.53,34.23,12.17
1572.31,11.09,27.08,17.29,680.12,665.43,722.54,31.98,21.78,32.65
1573.82,17.51,13.8,52.9,649.6,710.65,730.62,34.47,58.35,44.04
1575.33,33.71,30.99,52.08,660.16,782.95,757.11,29.08,71.82,65.71
1576.84,36.27,58.54,54.13,724.47,798.66,786.34,30.28,102.3,90.79
1578.34,29.85,58.54,21.87,782.53,738.45,794.66,21.65,79.47,126.22
1579.85,8.58,46.02,21.87,818.57,728.22,771.94,21.65,74.88,120.22
1581.36,0,9.32,3.34,783.46,670.17,720.07,0,62.74,82.68
1582.86,0,9.32,0,738.98,698.75,676.16,18.34,80.17,48.04
1584.37,0,0,1.19,689.24,638.74,680,18.34,68.62,40.09
1585.87,20.33,0,1.19,658.14,632.69,671.12,27.99,67.63,55.36
1587.37,20.33,16.32,3.18,679.78,595.72,641.32,9.65,66.32,96.98
1588.87,20.33,16.32,1.99,612.71,570.04,579.14,9.65,80.24,98.17
1590.37,0,16.32,1.99,590.71,531.09,526.36,0,56.47,65.84
1591.87,0,0,0,499.78,480.21,518.31,0,58.75,26.04
1593.37,0,0,0,521.58,429.4,491.32,0,34.37,34.26
1594.86,0,0,23.51,471.23,410.43,491.84,0,40.81,50.11
1596.36,30.78,7.06,24.9,503.05,451.97,520.54,12.37,98.67,115.56
1597.86,66.83,41.93,47.94,493.16,517.79,570.84,64.42,179.42,220.24
1599.35,108.6,65.75,46.23,536.89,545.9,607.76,156.6,289.73,329.15
1600.84,119.21,101.01,78.99,511.12,533.84,623.19,276.77,355.83,365.84
1602.33,105.05,106.49,66.31,494.63,505.72,576.89,325.16,385.48,382.76
1603.83,96.23,82.68,44.5,434.53,440.33,486.97,289.23,375.14,329.34
1605.32,88.97,65.07,24.72,371.7,345.55,401,209.19,305.36,283.49
1606.8,67.08,24.71,14.36,263.82,271.38,303.63,152.03,211.47,179.53
1608.29,34.13,24.71,14.36,132.63,165.79,181.79,95.78,105.06,122.57
1609.78,0,0,0,42.99,84.64,55.54,43.29,18.75,49.13
1611.27,0,0,0,0,0,0,0,0,14.39
1612.75,0,0,0,0,0,0,0,0,0
1614.23,0,0,0,0,0,0,0,0,0
1615.72,0,0,0,0,0,0,0,0,0
1617.2,0,0,0,0,0,0,0,0,0
1618.68,0,0,0,0,0,0,0,0,0
1620.16,0,0,0,0,0,0,0,0,0
1621.64,0,0,0,0,0,0,0,0,0
1623.12,0,0,0,0,0,0,0,0,0
1624.59,0,0,0,0,0,0,0,0,0
1626.07,0,0,0,0,0,0,0,0,0
1627.54,0,0,0,0,0,0,0,0,0
1629.02,0,0,0,0,0,0,0,0,0
1630.49,0,0,0,0,0,0,0,0,0
1631.96,0,0,0,0,0,0,0,0,0
1633.43,0,0,0,0,0,0,0,0,0
1634.9,0,0,0,0,0,0,0,0,0
1636.37,0,0,0,0,0,0,0,0,0
1637.84,0,0,0,0,0,0,0,0,0
1639.31,0,0,0,0,0,0,0,0,0
1640.77,0,0,0,0,0,0,0,0,0
1642.24,0,0,0,0,0,0,0,0,0
1643.7,0,0,0,0,0,0,0,0,0
1645.17,0,0,0,0,0,0,0,0,0
1646.63,0,0,0,0,0,0,0,0,0
1648.09,0,0,0,0,0,0,0,0,0
1649.55,0,0,0,0,0,0,0,0,0
1651.01,0,0,0,0,0,0,0,0,0
1652.46,0,0,0,0,0,0,0,0,0
1653.92,0,0,0,0,0,0,0,0,0
1655.38,0,0,0,0,0,0,0,0,0
1656.83,0,0,0,0,0,0,0,0,0
1658.29,0,0,0,0,0,0,0,0,0
1659.74,0,0,0,0,0,0,0,0,0
1661.19,0,0,0,0,0,0,0,0,0
1662.64,0,0,0,0,0,0,0,0,0
1664.09,0,0,0,0,0,0,0,0,0
1665.54,0,0,0,0,0,0,0,0,0
1666.99,0,0,0,0,0,0,0,0,0
1668.44,0,0,0,0,0,0,0,0,0
1669.88,0,0,0,0,0,0,0,0,0
1671.33,0,0,0,0,0,0,0,0,0
1672.77,0,0,0,0,0,0,0,0,0
1674.21,0,0,0,0,0,0,0,0,0
1675.66,0,0,0,0,0,0,0,0,0
1677.1,0,0,0,0,0,0,0,0,0
1678.54,0,0,0,0,0,0,0,0,0
1679.97,0,0,0,0,0,0,0,0,0
1681.41,0,0,0,0,0,0,0,0,0
1682.85,0,0,0,0,0,0,0,0,0
1684.29,0,0,0,0,0,0,0,0,0
1685.72,0,0,0,0,0,0,0,0,0
1687.15,0,0,0,0,0,0,0,0,0
1688.59,0,0,0,0,0,0,0,0,0
1690.02,0,0,0,0,0,0,0,0,0
1691.45,0,0,0,0,0,0,0,0,0
1692.88,0,0,0,0,0,0,0,0,0
1694.31,0,0,0,0,0,0,0,0,0
1695.74,0,0,0,0,0,0,0,0,0
1697.16,0,0,0,0,0,0,0,0,0
1698.59,0,0,0,0,0,0,0,0,0
1700.01,0,0,0,0,0,0,0,0,0
1701.44,0,0,0,0,0,0,0,0,0
1702.86,0,0,0,0,0,0,0,0,0
1704.28,0,0,0,0,0,0,0,0,0
1705.7,0,0,0,0,0,0,0,0,0
1707.12,0,0,0,0,0,0,0,0,0
1708.54,0,0,0,0,0,0,0,0,0
1709.96,0,0,0,0,0,0,0,0,0
1711.38,0,0,0,0,0,0,0,0,0
1712.79,0,0,0,0,0,0,0,0,0
1714.21,0,0,0,0,0,0,0,0,0
1715.62,0,0,0,0,0,0,0,0,0
1717.04,0,0,0,0,0,0,0,0,0
1718.45,0,0,0,0,0,0,0,0,0
1719.86,0,0,0,0,0,0,0,0,0
1721.27,0,0,0,0,0,0,0,0,0
1722.68,0,0,0,0,0,0,0,0,0
1724.08,0,0,0,0,0,0,0,0,0
1725.49,0,0,0,0,0,0,0,0,0
1726.9,0,0,0,0,0,0,0,0,0
1728.3,0,0,0,0,0,0,0,0,0
1729.71,0,0,0,0,0,0,0,0,0
1731.11,0,0,0,0,0,0,0,0,0
1732.51,0,0,0,0,0,0,0,0,0
1733.91,0,0,0,0,0,0,0,0,0
1735.31,0,0,0,0,0,0,0,0,0
1736.71,0,0,0,0,0,0,0,0,0
1738.11,0,0,0,0,0,0,0,0,0
1739.51,0,0,0,0,0,0,0,0,0
1740.9,0,0,0,0,0,0,0,0,0
1742.3,0,0,0,0,0,0,0,0,0
1743.69,0,0,0,0,0,0,0,0,0
1745.08,0,0,0,0,0,0,0,0,0
1746.48,0,0,0,0,0,0,0,0,0
1747.87,0,0,0,0,0,0,0,0,0
1749.26,0,0,0,0,0,0,0,0,0
1750.65,0,0,0,0,0,0,0,0,0
1752.03,0,0,0,0,0,0,0,0,0
1753.42,0,0,0,0,0,0,0,0,0
1754.81,0,0,0,0,0,0,0,0,0
1756.19,0,0,0,0,0,0,0,0,0
1757.58,0,0,0,0,0,0,0,0,0
1758.96,0,0,0,0,0,0,0,0,0
1760.34,0,0,0,0,0,0,0,0,0
1761.72,0,0,0,0,0,0,0,0,0
1763.1,0,0,0,0,0,0,0,0,0
1764.48,0,0,0,0,0,0,0,0,0
1765.86,0,0,0,0,0,0,0,0,0
1767.24,0,0,0,0,0,0,0,0,0
1768.61,0,0,0,0,0,0,0,0,0
1769.99,0,0,0,0,0,0,0,0,0
1771.36,0,0,0,0,0,0,0,0,0
1772.73,0,0,0,0,0,0,0,0,0
1774.1,0,0,0,0,0,0,0,0,0
1775.48,0,0,7.18,0,0,0,0,0,0
1776.85,0,0,7.18,0,0,0,0,0,0
1778.21,16.5,16.46,7.18,0,0,0,0,0,0
1779.58,16.5,22.53,9.9,0,0,0,0,0,0
1780.95,16.5,22.53,9.9,0,0,0,0,0,0
1782.32,0,6.07,9.9,0,0,0,0,0,0
1783.68,0,0,0,0,0,0,0,0,0
1785.04,0,0,0,0,0,0,0,0,0
1786.41,0,0,0,0,0,0,0,0,0
1787.77,0,0,0,0,0,0,0,0,0
1789.13,0,0,0,0,0,0,0,0,0
1790.49,0,0,0,0,0,0,0,0,0
1791.85,0,0,0,0,0,0,0,0,0
1793.21,0,2.03,0,0,0,0,0,0,0
1794.57,6.27,37.51,25,0,0,0,0,0,0
1795.92,18.14,44.48,41.69,0,0,0,0,8.43,0.27
1797.28,52.23,80.57,75.04,0,0,0,0,30.45,2.42
1798.63,83.23,69.64,65.01,1.96,0,0,0,64.69,24.08
1799.98,98.12,76.6,62.53,1.96,0,0,0,56.25,30.95
1801.34,71.77,83.99,59.83,1.96,4.66,0.72,2.62,67.34,38.6
1802.69,36.97,60.26,61,0,12.03,0.72,2.62,33.1,18.8
1804.04,43.49,89.2,80.84,3.51,17.48,31.75,31.29,53.13,31.66
1805.39,85.56,67.67,50.19,3.51,12.82,46.78,47.8,22.97,21.86
1806.73,117.72,78.25,64.01,28.45,19.04,50.83,95.31,35.1,47.71
1808.08,117.42,72.7,51.7,24.94,18.02,23.29,66.63,23.25,40.78
1809.43,67.61,49.58,55.85,39.42,18.02,7.55,47.51,20.31,40.78
1810.77,40.51,58.56,31.74,14.48,4.43,4.67,0,8.18,13.07
1812.12,7.53,21.24,10,14.48,0,18.9,0,0,0
1813.46,7.53,20.37,16.3,2.7,0,18.9,0,0,0
1814.8,15.6,6.86,21.37,2.7,0,17.73,0,0,0
1816.14,27.38,10.83,35.6,10.45,29.49,13.58,0,0,13.01
1817.48,41.32,24.54,57.63,19.36,59.69,17.51,0.99,12.42,28.2
1818.82,89.54,82.52,88.53,93.5,138.31,41.82,45.59,51.1,60.3
1820.16,123.74,91.48,81.75,140.01,154.45,43.17,62.75,79.99,47.29
1821.5,141.36,128.2,101.39,170.81,164.21,78.17,99.85,93.75,32.1
1822.83,108.28,115.22,120.67,153.46,148.17,117.69,90.21,73.15,52.15
1824.17,109.74,123.78,161.82,150.18,161.19,149.63,108.37,71.74,76.71
1825.5,144.72,125.53,173.51,166.63,180.96,208.98,107.34,93.87,119.08
1826.83,152.9,127.48,158.72,172.81,207.13,206.41,124.78,111.86,98.4
1828.17,134.05,170.73,165.91,191.83,201.14,238.7,148.14,109.16,116.37
1829.5,109.39,181.18,141.62,223.58,212.89,206.39,154.96,93.99,100.53
1830.83,113.92,167.49,136.2,228.72,199.36,210.48,131.58,79.01,88.24
1832.16,106.42,130.43,112.75,231.02,220.34,187.43,120.11,76,74.25
1833.49,99.11,111.57,128.83,228.38,202.37,191.1,126.77,70.84,78.12
1834.81,82.32,94.56,96.43,210.11,186.13,193.18,134.23,72.88,60.19
1836.14,114.93,118.29,105.77,201.45,179.83,189.87,111.37,63.67,55.01
1837.46,92.18,74.53,92.75,189.29,187.69,180.4,93.75,44.42,24.6
1838.79,82.5,82.64,109.14,206.38,169.49,159.54,82.8,21.29,23.36
1840.11,69.57,79.49,110.95,203.74,168.22,179.63,115.2,42.19,33.32
1841.43,95.92,123.76,103.71,215.91,162.78,169.55,141.17,51.73,67.45
1842.75,138.9,121.87,108.11,246.9,215.49,214.96,160.7,98.51,110.8
1844.07,150.73,117.16,102.69,291.25,260.9,221.76,137.69,108.85,116.22
1845.39,185.41,147.96,138.12,324.3,328.02,290.27,160.45,163.71,139.5
1846.71,173.15,163.51,152.95,336.61,330.06,277.72,175.56,144.98,141.18
1848.03,139.85,162.67,159.41,345.38,314.91,304.65,218.89,158.2,138.17
1849.34,125.28,156.9,150.61,332.39,307.01,278.17,201.22,135.82,136.56
1850.66,145.22,171.65,166.32,336.43,329.8,300.07,207.66,153.29,145.47
1851.97,201.33,192.24,195.55,335.49,340.62,303.33,211.22,169.94,175.23
1853.29,212.29,220.67,212.28,372.9,376.8,358.63,236.21,181.76,163.51
1854.6,219.97,233.16,206.75,379.87,391.89,390.52,254.53,190.32,159.86
1855.91,242.38,255.38,209.61,425.75,433.88,446.99,275.52,176.93,165.94
1857.22,232.41,213.55,185.1,421.42,410.67,435.6,253.05,178.17,179.98
1858.53,227.49,212.12,194.98,461.31,431.36,432.78,261.9,183.13,203.09
1859.84,213.74,213.53,201.03,459.21,423.06,385.66,245.86,185.6,187.05
1861.15,228.16,220.1,219.93,479.77,422.43,385.55,257.91,198.57,175.18
1862.45,218.31,217.73,227.21,454.9,420.37,399.02,234.29,193.6,174.38
1863.76,214.17,223.75,242.89,469.57,450.2,420.73,247.98,235.02,223.64
1865.06,216.42,227.16,228.29,453.8,477.25,429.33,273.99,212.83,252.63
1866.36,249.84,243.74,233.2,504.02,490.97,444.62,330.76,246.81,263.46
1867.67,262.3,237.04,214.82,519.78,491.58,492.47,355.51,218.5,243.36
1868.97,287.04,257.94,255.73,541.31,533.29,545.1,367.13,260.81,257.2
1870.27,286.72,260.12,263.91,541.27,534.44,535.52,357.61,269.39,254.65
1871.57,308.67,249.91,261.03,528.65,541.03,523.71,374.96,278.24,267.73
1872.87,301.11,242.19,247.99,533.35,548.93,488.9,378.4,269.25,280.63
1874.16,290.15,243.74,261.88,532.14,550.6,508.87,370.7,254.21,285.15
1875.46,262.24,233.34,249.82,517.8,531.14,497.39,324.3,250.21,263.72
1876.75,262.15,239.09,264.26,538.43,509.99,527.24,324.32,252.36,265.13
1878.05,273.88,238.01,260.19,527.69,532.16,521.07,319.75,246.01,258.03
1879.34,273.76,256.74,269.61,556.6,576.63,514.23,341.25,266.82,248.1
1880.63,275.02,276.86,250.08,526.35,565.31,493.59,317.39,276.67,226.88
1881.93,279.66,268.68,246.59,535.63,559.84,520.16,349.83,302.56,235.39
1883.22,282.11,260.99,257.59,532.87,561,552.38,353.68,288.6,258.38
1884.51,267.38,222.12,270.08,538.73,555.8,534.25,347.6,268.47,226.21
1885.79,257.79,218.73,293.06,530.88,545.57,514.76,337.92,268.81,234.86
1887.08,250.91,227.05,305.08,521.88,508.85,495.47,337.2,258.2,205.88
1888.37,271.51,260.51,310.25,537.83,536.43,529.81,357.88,282.74,247.4
1889.65,281.04,286.57,292.68,538.51,536.07,554.24,341.74,292.2,248.52
1890.94,286.26,261.34,282.15,565.02,553.9,572.52,340.21,307.36,282.02
1892.22,304.07,273.69,299.55,587.25,570.12,603.55,373.87,313.45,295.11
1893.5,308.92,264.41,283.98,631.99,587.17,593.43,383.14,313.24,297.92
1894.78,342.01,321.39,291.34,636.11,602.96,600.05,388.58,334.62,317.32
1896.06,338.14,314.73,280.74,646.39,609.58,588.18,377.3,325.36,316.09
1897.34,311.3,308.1,282.5,601.82,626.03,592.83,383.97,310.8,298.57
1898.62,288.48,286.5,303.63,590.08,645.31,597.32,398.25,309.27,283.76
1899.9,270.69,273.6,301.79,560.16,626.09,581.65,400.81,319.1,284.31
1901.18,284.81,293.62,325.53,594.94,632.25,617.71,418.53,316.51,319.12
1902.45,269.07,292.77,311.75,592.32,618.34,608.72,393.97,286.4,296.42
1903.72,253.25,297.51,304.56,598.4,598.14,589.12,370.9,249.2,276.3
1905,252.22,290.05,280.51,569.4,579.54,546.12,345.55,246.8,247.99
1906.27,256.22,277.61,260.48,556.87,563.42,546.29,355.8,258.43,266.72
1907.54,256.12,250.76,244.7,555.04,559.34,552.18,350.21,270.64,267.03
1908.81,275.05,232.92,236.61,539.34,561.4,543.9,324.55,256.53,253.38
1910.08,270.44,259.55,246.66,551.23,551.05,548.21,319.27,256.56,240.2
1911.35,242.96,286.32,235.51,539.02,560.62,524.8,329.03,246.72,239.82
1912.62,192.16,291.1,219.72,549.94,541.99,511.86,318.05,227.22,231.47
1913.88,194.6,269.79,199.17,520.55,548.39,491.64,314.88,223.64,224.37
1915.15,227.94,242.39,200.53,523.17,523.48,506.78,303.2,216.3,215.19
1916.41,250.86,243.89,214.47,532.8,514.25,515.29,344.33,246.86,223.58
1917.68,238.34,234.97,215.31,539.43,510.05,515.5,338.27,237.65,216.56
1918.94,221.61,229.17,220.95,507.3,506.41,491.3,324.24,231.91,214.33
1920.2,210.79,215.94,220.16,487.51,502.45,469.13,291.02,205.73,206.69
1921.46,216.97,244.72,231.06,480.83,488.28,450.09,296.06,185.23,218.73
1922.72,238.27,250.96,220.41,514.37,514.35,472.3,331.12,202.86,217.9
1923.98,244.59,243.21,200.78,482.01,521.53,474.31,343.43,216.49,226.09
1925.24,240.02,207.25,194.94,495.55,534.27,496.89,346.43,252.58,228.74
1926.49,215.9,185.74,193.56,466.29,542.23,490.71,334.78,238.45,215.53
1927.75,219.01,199.14,219.41,502.03,525.2,486.55,323.61,237.89,209.55
1929,214.68,219.75,217.16,480.42,505.49,466.4,301.9,214.22,187.81
1930.26,187.8,227.16,202.69,466.69,435.67,427.82,281.87,215,175.52
1931.51,179.25,235.9,211.57,472.05,452.95,442.35,306.42,232.78,200.25
1932.76,165.04,217.98,199.79,471.84,431.67,445.34,312.87,214.57,201
1934.01,200.5,230.4,207.02,495.72,460.82,478.78,311.89,219.69,222.09
1935.26,194.85,195.38,173.14,464.23,424.96,456.55,272.04,193.37,203.41
1936.51,208.97,197.8,167.72,468.62,427.3,439.87,272.2,207.16,204.18
1937.76,201.42,183.89,154.96,443.42,413.07,431.64,253.26,187.95,192.3
1939,191.87,192.31,135.21,426.63,400.6,423.19,233.88,157.07,164.76
1940.25,178.65,175.4,131.12,398.25,366.55,406.83,208.07,133.86,156.23
1941.49,154.1,163.49,125.37,396.29,354.91,363.58,213.81,126.97,164.37
1942.74,155.42,153.46,149.18,395.28,355.92,365.99,247.67,163.64,180.4
1943.98,166.3,137.66,145.87,403.58,392.9,375.38,279.32,204.85,199.66
1945.22,175.05,156.4,164.46,376.82,393.18,373.42,298.74,223.61,183.81
1946.46,186.8,166.8,170.04,373.47,396.53,381.89,293.38,222.7,181.3
1947.7,181.65,184.31,165.73,365.3,364.74,351.57,257.03,205.89,165.56
1948.94,187.38,171.37,151.3,369.07,357.91,351.22,226.45,189.97,155.72
1950.18,165.76,166.42,128.2,355.24,335.82,302.96,205.08,172.03,134.87
1951.41,155.91,158.24,139.88,307.58,321.91,299.22,195.71,150.85,128.81
1952.65,157.27,161.93,131.77,274.2,298.28,285.8,191.78,134.22,144.96
1953.88,159.5,133.84,121.21,229.09,261.61,263.01,191.28,118.47,143
1955.12,125.28,120.96,80.53,201.59,232.22,221.19,179.56,95.25,118.59
1956.35,92.59,103.62,86.06,188.36,217.11,205,172.26,105.58,113.73
1957.58,53.33,103.38,83.36,182.95,170.84,176.66,142.62,78.67,86.97
1958.81,44.16,72.9,77.76,158.36,155.74,157.84,125.3,56.85,77.32
1960.04,19.2,38.23,37.21,113.71,105.57,125.65,95.74,29.23,45.55
1961.27,21.56,20.61,11.26,71.1,95.13,101.85,66.05,24.27,47.78
1962.5,17,12.08,14.29,56.3,51.17,104.9,41.68,21.05,39.1
1963.72,20.31,12.08,24.03,70.76,54.82,74.91,37.73,28.04,27.97
1964.95,7.54,0.93,24.03,53.97,41.74,65.86,37.2,23.23,13.95
1966.17,4.67,0,9.73,43.83,34.81,18.32,30.32,34.85,6.08
1967.4,0,0,13.26,17.05,4.69,7.94,6.29,12.78,0
1968.62,0,0,13.26,17.05,3.81,0,1.7,11.8,0
1969.84,0,0,13.26,10.14,0,0,0,0.18,0
1971.06,0,0,0,0,0,0,0,0,0
1972.28,0,0,0,0,0,0,0,0,0
1973.5,0,0,0,0,0,0,0,0,0
1974.72,0,0,0,0,0,0,0,0,0
1975.94,0,0,0,0,0,0,0,0,0
1977.15,0,0,0,0,0,0,0,0,0
1978.37,0,0,0,0,0,0,0,0,0
1979.58,0,0,0,0,0,0,0,0,0
1980.79,0,0,0,0,0,0,0,0,0
1982,0,0,0,0,0,0,0,0,0
1983.22,0,0,0,0,0,0,0,0,0
1984.43,0,0,0,0,0,0,0,0,0
1985.63,0,0,0,0,0,0,0,0,0
1986.84,0,0,0,0,0,0,0,0,0
1988.05,0,0,0,0,0,0,0,0,0
1989.25,0,0,0,0,0,0,0,0,0
1990.46,0,0,0,0,0,0,0,0,0
1991.66,0,0,0,0,0,0,0,0,0
1992.87,0,0,0,0,0,0,0,0,0
1994.07,0,0,0,0,0,0,0,0,0
1995.27,0,0,0,0,0,0,0,0,0
1996.47,0,0,0,0,0,0,0,0,0
1997.67,0,0,0,0,0,0,0,0,0
1998.86,0,0,0,0,0,0,0,0,0
2000.06,0,0,0,0,0,0,0,0,0
2001.26,0,0,0,0,0,0,0,0,0
2002.45,0,0,0,0,0,0,0,0,0
2003.65,0,0,0,0,0,0,0,0,0
2004.84,0,0,0,0,0,0,0,0,0
2006.03,0,0,0,0,0,0,0,0,0
2007.22,0,0,0,0,0,0,0,0,0
2008.41,0,0,0,0,0,0,0,0,0
