wavenumber,PE 5ppm-1,PE 5ppm-2,PE 5ppm-3,PE 10ppm-3,PE 10ppm-2,PE 10ppm-1,PE 50ppm-1,PE 50ppm-2,PE 50ppm-3,PE 100ppm-1,PE 100ppm-2,PE 100ppm-3,PE 200ppm-1,PE 200ppm-2,PE 200ppm-3
376.82,1399.57,1410.98,1410.98,2283.76,2283.76,2686.76,577.14,595.58,555.96,907,1251.76,1330.37,1121.67,1330.28,1247.77
378.98,1249.6,1361.36,1361.36,2217.51,2217.51,2465.25,574.95,533.35,523.77,832.7,1233.58,1210.1,1051.38,1205.5,1141.55
381.15,1218.56,1304.03,1304.03,2172.53,2172.53,2324.68,573.77,488.47,488.93,775.9,1179.88,1111.3,1047.14,1105.44,1067.7
383.32,1221.7,1269.24,1269.24,2110.74,2110.74,2211.65,526.36,446.7,459.53,739.78,1093.82,1033.46,990.44,1062.92,1023.37
385.48,1232.91,1237.87,1237.87,2096.67,2096.67,2166.69,537.28,430.61,426.81,693.23,1081.64,1028.15,997.48,1056.14,1011.1
387.64,1188.5,1226.92,1226.92,2025.65,2025.65,2091.15,500.87,450.86,430.1,696.91,1070.32,1042.7,942.94,1027.77,1017.23
389.8,1155.71,1243.93,1243.93,2010.57,2010.57,2086.89,509.67,463.68,452.62,731.03,1070.75,1056.31,969.69,1024.7,1026.97
391.96,1158.07,1217.8,1217.8,1974.64,1974.64,2068.48,490.26,490.94,505.92,706.49,1031.48,1039.22,932.63,983.14,1007.22
394.12,1135.59,1207.18,1207.18,1949.53,1949.53,2096.22,512.61,490.32,504,708.94,1073.51,1046.4,925.08,977.1,976.29
396.28,1095.26,1155.07,1155.07,1922.88,1922.88,2009.79,536.07,490.49,498.87,658.05,1045.83,1044.21,900.38,892.24,931.2
398.44,1054.64,1104.69,1104.69,1845.26,1845.26,1942.74,525.53,492.32,406.74,671.03,1034.99,1036.17,872.41,867.43,906.49
400.6,957.26,1011.59,1011.59,1711.87,1711.87,1770.94,475.54,427.05,344.83,581.43,897.54,949.86,781.05,780.25,844.04
402.75,903.69,907.65,907.65,1513.93,1513.93,1616.61,394.65,393.89,314.03,516.82,827.71,885.81,678.86,663.23,740.41
404.91,801.7,825.31,825.31,1385.22,1385.22,1459.52,331.97,339.62,301.46,498.29,725.93,808.48,586.29,533.15,629.72
407.06,734.95,767.9,767.9,1260.06,1260.06,1309.67,267.51,312.58,257.78,480.5,644.2,702.84,495.32,458.35,530.95
409.21,637.66,697.97,697.97,1158.66,1158.66,1240.61,240.15,272.31,205.87,474.01,556.74,630.8,423.18,402.04,479.65
411.36,589.16,629.85,629.85,1011.03,1011.03,1112.99,191.9,218.82,181.07,383.49,476.21,535.68,329.86,376.22,402.51
413.51,516.99,585.1,585.1,919.7,919.7,1036.7,184.3,218.66,220.94,361.81,440.16,543.03,296.59,348.44,350.72
415.66,450.94,546.15,546.15,831.46,831.46,952.18,208.8,206.28,209.59,310.08,402.37,532.29,258.48,343.81,300.74
417.81,394.33,449.66,449.66,756.62,756.62,874.42,212.07,201.67,176.67,290.3,397.83,493.8,248.51,315.34,250.89
419.96,355.28,372.08,372.08,663.97,663.97,791.19,192.21,163.95,134.64,167.7,328.65,389.65,156.54,196.14,169.29
422.11,313.88,277.17,277.17,555.26,555.26,638.93,100.34,122.55,100.27,76.06,250.6,239.96,91.87,117.96,95.38
424.25,220.79,238.28,238.28,427.51,427.51,500.97,49.8,90.82,93.89,12,152.35,142.06,19.72,22.25,35.73
426.4,215.03,170.05,170.05,329.69,329.69,390.63,26.57,96.42,52.51,29.97,120.56,64.42,19.72,22.25,13.05
428.54,136.58,155.83,155.83,237.81,237.81,287.25,27.67,92.34,44.46,29.97,66.13,43.75,0,0,0
430.68,91.05,120.15,120.15,153.75,153.75,235.71,56.63,80.82,24.95,17.97,46.47,20.34,0,0,0
432.82,3.56,74.13,74.13,94.62,94.62,146.11,59.59,52.28,31.44,0,8.41,20.34,0,0,0
434.97,0,30.53,30.53,41.02,41.02,85.09,49,26.42,13.64,0,8.41,0,0,0,0
437.11,0,4.33,4.33,20.66,20.66,26.12,14.95,20.14,9.19,0,0,0,0,0,0
439.24,0,0,0,0,0,0,0,0,0,0,0,0,0,0,0
441.38,0,0,0,0,0,0,0,0,0,0,0,0,0,0,0
443.52,0,0,0,0,0,0,0,0,0,0,0,0,0,0,0
445.65,0,0,0,0,0,0,0,0,0,0,0,0,0,0,0
447.79,0,0,0,0,0,0,0,0,0,0,0,0,0,0,0
449.92,0,0,0,0,0,0,0,0,0,0,0,0,0,0,0
452.05,0,0,0,0,0,0,0,0,0,0,0,0,0,0,0
454.19,0,0,0,0,0,0,0,0,0,0,0,0,0,0,0
456.32,0,0,0,0,0,0,0,0,0,0,0,0,0,0,0
458.45,0,0,0,0,0,0,0,0,0,0,0,0,0,0,0
460.57,0,0,0,0,0,0,0,0,0,0,0,0,0,0,0
462.7,0,0,0,0,0,0,0,0,0,0,0,0,0,0,0
464.83,0,0,0,0,0,0,0,0,0,0,0,0,0,0,0
466.95,0,0,0,0,0,0,0,0,0,0,0,0,0,0,0
469.08,0,0,0,0,0,0,0,0,0,0,0,0,0,0,0
471.2,0,0,0,0,0,0,0,0,0,0,0,0,0,0,0
473.32,0,0,0,0,0,0,0,0,0,0,0,0,0,0,0
475.45,0,0,0,0,0,0,0,0,0,0,0,0,0,0,0
477.57,0,0,0,0,0,0,0,0,0,0,0,0,0,0,0
479.69,0,0,0,0,0,0,0,0,0,0,0,0,0,0,0
481.8,0,0,0,0,0,0,0,0,0,0,0,0,0,0,0
483.92,0,0,0,0,0,0,0,0,0,0,0,0,0,0,0
486.04,0,0,0,0,0,0,0,0,0,0,0,0,0,0,0
488.15,0,0,0,0,0,0,0,0,0,0,0,0,0,0,0
490.27,0,0,0,0,0,0,0,0,0,0,0,0,0,0,0
492.38,0,0,0,0,0,0,0,0,0,0,0,0,0,0,0
494.49,0,0,0,0,0,0,0,0,0,0,0,0,0,0,0
496.61,0,0,0,0,0,0,0,0,0,0,0,0,0,0,0
498.72,0,0,0,0,0,0,0,0,0,0,0,0,0,0,0
500.83,0,0,0,0,0,0,0,0,0,0,0,0,0,0,0
502.93,0,0,0,0,0,0,0,0,0,0,0,0,0,0,0
505.04,0,0,0,0,0,0,0,0,0,0,0,0,0,0,0
507.15,0,0,0,0,0,0,0,0,0,0,0,0,0,0,0
509.25,0,0,0,0,0,0,0,0,0,0,0,0,0,0,0
511.36,0,0,0,0,0,0,0,0,0,0,0,0,0,0,0
513.46,0,0,0,0,0,0,0,0,0,0,0,0,0,0,0
515.56,0,0,0,0,0,0,0,0,0,0,0,0,0,0,0
517.66,0,0,0,0,0,0,0,0,0,0,0,0,0,0,0
519.76,0,0,0,0,0,0,0,0,0,0,0,0,0,0,0
521.86,0,0,0,0,0,0,0,0,0,0,0,0,0,0,0
523.96,0,0,0,0,0,0,0,0,0,0,0,0,0,0,0
526.06,0,0,0,0,0,0,0,0,0,0,0,0,0,0,0
528.16,0,0,0,0,0,0,0,0,0,0,0,0,0,0,0
530.25,0,0,0,0,0,0,0,0,0,0,0,0,0,0,0
532.35,0,0,0,0,0,0,0,0,0,0,0,0,0,0,0
534.44,0,0,0,0,0,0,0,0,0,0,0,0,0,0,0
536.53,0,0,0,0,0,0,0,0,0,0,0,0,0,0,0
538.62,0,0,0,0,0,0,0,0,0,0,0,0,0,0,0
540.71,0,0,0,0,0,0,0,0,0,0,0,0,0,0,0
542.8,0,0,0,0,0,0,0,0,0,5.77,0,0,0,0,0
544.89,0,0,0,0,0,0,48.06,30.39,33.98,87.61,88.19,87.93,76.89,37.2,48.86
546.98,0,0,0,0,0,0,148.92,105.97,100.36,189.07,250.22,266.34,196.16,132.2,114.78
549.06,0,0,0,0,0,0,270.04,181.51,190.58,293.16,410.21,463.02,303.25,257.1,186.49
551.15,0,0,0,0,0,0,305.9,232.49,205.89,327.47,511.18,542.57,352.79,337.23,238.68
553.23,0,0,0,0,0,0,281.28,221,214.06,353.35,510.02,538.67,308.82,318.85,293.68
555.32,0,0,0,0,0,0,226.63,199.82,141.87,347.89,447.52,445.4,235.14,218.74,242.63
557.4,0,0,0,0,0,0,157.29,129.61,125.66,264.77,286.66,308.45,108.71,126.91,141.58
559.48,0,0,0,0,0,0,87.82,65.52,51.11,173.54,148.34,141.03,33.4,50.29,20.66
561.56,0,0,0,0,0,0,21.34,26.82,45.06,90.64,104,84.25,0,25.49,0
563.64,0,0,0,0,0,0,20.7,65.65,25.22,87.29,169.86,150,22.88,61.25,0
565.72,0,0,0,0,0,0,13.93,104.43,51.1,118.49,209.58,232.62,36.64,61.25,0
567.8,0,0,0,0,0,0,13.93,88.77,39.11,97.13,163.73,223.31,36.64,61.25,0
569.87,0,0,0,0,0,0,12.98,64.97,40.3,84.88,74.96,134.42,13.76,0,0
571.95,0,0,0,0,0,0,12.98,26.2,14.41,17.57,20.61,44.72,0,0,0
574.02,0,0,0,0,0,0,12.98,26.2,14.41,17.43,13.33,7.39,0,0,0
576.09,0,0,0,0,0,0,0,0,0,0,7.93,0,0,0,0
578.17,0,0,0,0,0,0,0,0,0,0,0,0,0,0,0
580.24,0,0,0,0,0,0,0,0,0,0,0,0,0,0,0
582.31,0,0,0,0,0,0,0,0,0,0,0,0,0,0,0
584.38,0,0,0,0,0,0,0,0,0,0,0,0,0,0,0
586.45,0,0,0,0,0,0,0,0,0,0,0,0,0,0,0
588.51,0,0,0,0,0,0,0,0,0,0,0,0,0,0,0
590.58,0,0,0,0,0,0,0,0,0,0,0,0,0,0,0
592.64,0,0,0,0,0,0,0,0,0,0,0,0,0,0,0
594.71,0,0,0,0,0,0,0,0,0,0,0,2.25,0,0,0
596.77,0,0,0,0,0,0,17.3,12.23,0,7.55,52.04,17.96,5.21,0,0
598.83,0,0,0,0,0,0,42.08,23.34,18.04,42.52,100.92,130.44,5.21,0,0
600.89,0,0,0,0,0,0,92.88,37.52,18.04,101.79,195.51,248,55.16,3.36,0
602.95,0,0,0,0,0,0,107.73,38.88,51,148.48,208.76,353.07,72.83,3.36,0
605.01,0,0,0,0,0,0,82.95,27.78,32.96,123.25,185.41,289.87,72.83,3.36,0
607.07,0,0,0,0,0,0,54.41,36.09,60.59,111.22,166.25,283.18,22.89,0.03,0
609.13,0,0,0,0,0,0,96.4,80.59,84.41,205.05,276.93,382.67,64.92,38.86,70.65
611.18,0,0,0,0,0,0,205.63,180.18,172.24,342.4,497.12,594.01,195.47,127.03,204.5
613.24,0,0,0,1.78,1.78,0,305.69,274.08,240.79,503.28,655.83,770.52,319.31,234.82,296.2
615.29,0,0,0,41.24,41.24,0,375.16,342.74,269.77,533.91,705.6,863.09,374.7,333.31,342.63
617.35,0,2.11,2.11,65.36,65.36,0.44,346.83,346.26,254.27,569.06,661.55,911.17,370.58,397.29,319.21
619.4,0,2.11,2.11,72.02,72.02,20.46,296.37,306.32,226.31,525.07,589.02,862.09,354.29,428.09,356.93
621.45,12.81,2.11,2.11,92.19,92.19,34.61,243.1,226.57,193.21,440.27,517.32,734.18,314.82,401.38,285.47
623.5,20.03,3.65,3.65,68.07,68.07,34.16,190.81,143.8,125.43,286.76,343.58,548.9,218.95,337.26,175.04
625.55,67.81,63.02,63.02,59.63,59.63,26.17,118.96,79.12,64.06,160,197.9,398.34,111.41,253.18,45.62
627.6,125.81,103.93,103.93,49.13,49.13,28.14,52.73,49.75,29.34,98.88,86.51,292.06,34.86,209.37,0
629.64,221.01,184.3,184.3,175.28,175.28,75.55,102.59,77.47,31.04,104.82,120.85,295.51,4.29,241.6,46.04
631.69,286.63,258.1,258.1,309.77,309.77,197.56,173.4,125.16,60.72,124.4,218.14,346.91,39.1,340.42,131.37
633.73,373.45,397.1,397.1,428.69,428.69,408.64,216.33,188.61,105.81,176.05,313.16,423.71,143.57,434.95,254.87
635.78,404.81,494.64,494.64,493.33,493.33,541.47,195.01,214.15,141.33,224.11,399.57,494.89,279.48,513.19,374.35
637.82,492.36,604.04,604.04,675.7,675.7,694.69,248.44,304.45,226.28,306.57,521.71,595.14,411.05,634.47,522.86
639.86,595.77,619.3,619.3,836.14,836.14,796.99,326.63,362.5,276.64,361.77,648.25,729.11,463.32,750.13,683.42
641.9,719.27,658.32,658.32,1019.18,1019.18,1005.25,419.8,443.19,377.32,442.27,770.41,815.7,498.54,860.38,890.58
643.94,777.3,646.2,646.2,1064.95,1064.95,1143.23,442.72,442.31,358.42,423.17,775.62,849.67,503.13,930.68,1028.78
645.98,720.18,662.94,662.94,1105.12,1105.12,1146.29,359.07,390.19,342.6,336.81,689.23,759.38,428.44,909.35,1102.01
648.02,688.59,692.87,692.87,1025,1025,1030.74,227.5,253.82,235.88,189.85,456.57,553.14,283.46,754.07,1051.62
650.06,655.41,705.56,705.56,889.83,889.83,847.48,80.33,104.94,133.31,69.54,216,280.18,122.09,469.05,935.83
652.09,666.65,707.65,707.65,762.6,762.6,738.17,18.75,17.92,35.72,16.29,38.18,81.05,35.74,225.96,816.63
654.13,634.74,720.6,720.6,721.09,721.09,728.26,0,0,0,0,0,2.65,9.59,82.58,684.15
656.16,653.36,745.08,745.08,804.63,804.63,787.74,0,0,0,0,0,10.42,29.59,60.58,559.37
658.2,648.16,768.07,768.07,869.56,869.56,847.28,0,0,14,0,0,10.42,29.59,53.95,412.97
660.23,664.93,767.7,767.7,933.31,933.31,882.98,0,0,14,0,0,10.42,29.59,48.82,264.39
662.26,657.55,744.18,744.18,980.11,980.11,909.75,0,0,20.05,0,0,0,0,20.39,159.51
664.29,695.35,776.18,776.18,1059.3,1059.3,1019.24,35.02,46.05,43.94,34.85,57.83,49.04,0,108.02,163.02
666.32,750.89,794.25,794.25,1156.08,1156.08,1175.67,119.48,101.28,89.57,86.94,118.52,163.2,71.2,147.24,232.13
668.34,795.4,829.29,829.29,1204.03,1204.03,1229.61,175.84,136.12,107.31,110.36,161.51,202.55,115.76,174.28,286.39
670.37,796.75,779.5,779.5,1134.01,1134.01,1154.59,140.82,90.08,69.42,75.51,103.68,153.51,115.76,80.71,191.19
672.4,718.95,726.57,726.57,1005.05,1005.05,962.3,56.35,34.85,23.79,23.42,42.98,39.36,44.57,36.54,80.87
674.42,642.34,700.81,700.81,945.13,945.13,949.39,13.53,0,3.48,0,0,0,0,0,0
676.45,620.01,721.68,721.68,991.02,991.02,981.31,50.93,2.15,32.1,6.17,0,13.54,4.08,4.67,0
678.47,671.2,707.4,707.4,1056.3,1056.3,1018.62,58.96,4,32.1,11.38,0,13.54,4.08,4.67,0
680.49,671.01,638.4,638.4,995.39,995.39,927.08,45.43,4,28.62,11.38,0,13.54,4.08,4.67,0
682.51,667.77,606.7,606.7,979.64,979.64,876.04,8.03,1.85,0,5.21,0,0,0,0,0
684.53,692.72,639.84,639.84,1043.59,1043.59,969.05,43.68,32.7,41.02,17.67,49.11,28.1,9.95,38.46,0
686.55,692.61,683.26,683.26,1176.03,1176.03,1094.22,95.41,49.18,82.05,61.42,106.25,40.13,38.98,43.99,15.83
688.57,669.91,649.75,649.75,1213.4,1213.4,1142.99,112.2,65.12,84.4,69.58,106.25,40.13,68.42,43.99,55.88
690.58,612.16,605.19,605.19,1196.58,1196.58,1149.25,94.25,42.36,68.62,58.34,123.14,47.75,76.51,59.67,55.88
692.6,627.36,552.59,552.59,1140.24,1140.24,1105.33,51.5,25.87,37.37,14.59,90.21,49.87,57.76,73.85,40.05
694.61,583.85,589.26,589.26,1098.06,1098.06,1072.24,34.71,9.94,35.02,6.43,90.21,49.87,28.33,73.85,0
696.63,560.73,578,578,1018.13,1018.13,1021.41,8.99,0,9.78,0,24.2,14.15,10.29,19.71,0
698.64,571.34,636.14,636.14,1042.46,1042.46,1077.85,18.42,0,53.04,19.04,75.66,40.33,64.61,0,31.32
700.65,626.13,661.11,661.11,1142.83,1142.83,1208.67,92.19,77.31,112.39,92.73,206.89,146.14,153.84,87.19,103.76
702.66,671.86,675.69,675.69,1294.35,1294.35,1289.64,157.1,135.47,173.8,112.48,359.78,228.84,236.45,143.74,184.39
704.67,624.88,641.56,641.56,1292.34,1292.34,1281.43,140.38,151.83,137.91,109.92,357.31,243.75,237.83,187.28,180.21
706.68,630.84,603.71,603.71,1240.49,1240.49,1181.71,66.6,82.84,83.56,36.23,263.34,170.83,148.6,100.09,107.78
708.69,616.53,613.58,613.58,1138.22,1138.22,1122.25,29.08,24.67,28.2,16.48,166.65,113.19,68.76,57.81,27.15
710.69,623.62,628.84,628.84,1082.54,1082.54,1068.06,27.38,8.32,12.16,0,153.58,60.5,12.88,14.27,0
712.7,611.09,630.83,630.83,1010.12,1010.12,1056.13,27.38,0,7.16,0,116.32,27.62,12.88,14.27,0
714.7,576.73,624.98,624.98,920.4,920.4,996.9,0,0,1.11,0,60.12,2.56,10.1,0,0
716.71,602.21,624.63,624.63,870.05,870.05,941.39,0,0,0,0,0,0,0,0,0
718.71,576.41,644.68,644.68,801.95,801.95,875.13,0,0,0,0,0,0,0,0,0
720.71,636.33,643.1,643.1,819.77,819.77,859.14,0,0,0,0,0,0,0,0,0
722.71,647.2,694.81,694.81,882.07,882.07,903.97,8.98,13.2,49.58,16.91,77.53,21.72,26.55,0,0
724.71,677.79,718.57,718.57,980.63,980.63,969.72,39.83,55.65,107.96,79.83,189.31,107.92,78.42,63,51.43
726.71,619.88,730.83,730.83,1006.88,1006.88,1006.18,51.65,81.81,130.92,97.84,256.76,117.03,109.7,80.37,79.4
728.71,560.14,622.25,622.25,899.84,899.84,910.68,42.67,94.69,81.35,87.93,194.91,99.22,102.72,80.37,79.4
730.7,535.67,523.61,523.61,816.27,816.27,833.66,13.25,52.23,22.96,33.19,83.13,13.02,56.91,17.37,27.97
732.7,453.82,426.91,426.91,671.18,671.18,658.79,1.43,26.08,0,15.17,15.68,3.9,25.63,0,0
734.69,408.57,390.82,390.82,552.56,552.56,569.4,1.43,0,0,8.17,0,0,6.06,0,0
736.69,295.82,337.89,337.89,404.31,404.31,443.05,0,0,0,0,0,0,0,0,0
738.68,273.56,296.12,296.12,335.42,335.42,361.74,0,0,0,0,0,0,0,0,0
740.67,209.03,270.07,270.07,329.79,329.79,330.03,0,0,0,0,0,0,0,0,0
742.66,188.33,211.85,211.85,322.86,322.86,306.68,0,0,0,0,0,0,0,0,0
744.65,163.01,169.34,169.34,291.85,291.85,279.59,0,0,0,0,0,0,0,0,0
746.64,105.65,105.44,105.44,214.31,214.31,176.66,0,0,0,0,0,0,0,0,0
748.63,53.2,75.92,75.92,191.03,191.03,114.31,0,0,0,0,0,0,0,0,0
750.61,6.71,36.33,36.33,191.78,191.78,134.34,0,0,0,0,3.83,0,0,0,0
752.6,24.58,44.02,44.02,263.78,263.78,218.29,2.37,0,0,0,10.8,0,0,0,0
754.58,24.58,38.98,38.98,235.6,235.6,220.73,2.37,0,0,0,10.8,6.61,0,0,0
756.57,17.87,38.98,38.98,202.11,202.11,234.2,2.37,0,0,0,33.3,6.61,0,0,0
758.55,0.47,0.1,0.1,156.77,156.77,190.49,0,0,0,0,26.33,6.61,0,0,0
760.53,7.72,24.87,24.87,207.35,207.35,226.37,0,0,0,0,48.64,50.96,0,0,0
762.51,7.72,24.87,24.87,223.07,223.07,225.07,0,0,0,0,22.3,76.34,0,0,0
764.49,8.91,24.87,24.87,257.93,257.93,251.25,0,0,0,0,22.3,76.34,0,0,0
766.47,1.65,15,15,198.5,198.5,206.14,0,0,0,0,0,33.79,0,0,0
768.45,1.65,42.55,42.55,190.32,190.32,170.28,0,0,0,0,0,13.21,0,0,0
770.42,27.99,89.23,89.23,138.28,138.28,138.91,0,0,0,0,0,13.21,0,0,0
772.4,84.53,138.27,138.27,146.73,146.73,184.36,0,17.48,0,0,3.79,39.32,0,0,0
774.37,169.42,162.58,162.58,199.98,199.98,245.62,14.81,48.94,4.02,0,83.25,113.95,4.22,21.74,0
776.34,204.79,154.05,154.05,238.94,238.94,251.92,31.67,53.5,4.02,0,125.47,154.71,4.22,28.31,27.89
778.32,216.21,179.57,179.57,269.15,269.15,230.48,37.68,60.13,4.02,3.63,121.68,120.18,31.34,56.45,56.56
780.29,227.9,224.68,224.68,294.51,294.51,232.2,67.38,60.98,0,25.52,126.49,88.04,27.12,96.77,150.68
782.26,233.53,316.73,316.73,335.01,335.01,262.06,77.98,102.38,26.69,67.45,149.83,146.75,78.66,175.28,214.44
784.23,242.87,338.16,338.16,360.1,360.1,319.19,102.57,131.11,51.14,90.98,249.88,223.28,121.72,221.76,273.18
786.19,237.6,312.96,312.96,309.79,309.79,323.58,118.5,158.85,70.34,138.82,274.81,271.92,194.87,291.22,305.9
788.16,280.71,285.81,285.81,318.07,318.07,372.56,160.43,195.92,100.71,191.94,311.71,293.19,273.89,379.98,394.6
790.13,280.53,238.04,238.04,340.94,340.94,370.81,238.69,247.65,176.41,232.03,385.91,365.1,379.22,463.39,487.94
792.09,289.29,228.54,228.54,431.29,431.29,429.54,308.18,290.61,269.66,225.64,410.97,412.87,517.43,516.67,515.49
794.06,280.54,197.19,197.19,426.68,426.68,397.32,338.79,302.02,293.37,225.66,437.44,410.05,544.39,504.37,490.12
796.02,256.39,201.1,201.1,399.88,399.88,421.25,330.62,297.98,272.29,206.2,386.43,374.75,554.55,486.27,429.96
797.98,186.29,236.07,236.07,359.68,359.68,360.11,270.46,256.62,236.89,214.03,327.4,267.09,478.03,389.49,397.12
799.94,208.24,287.74,287.74,404.07,404.07,384.57,298.3,280.92,248.16,237.83,350.33,282.07,458.5,410.01,377.92
801.9,275.69,340.57,340.57,458.83,458.83,416.73,346.59,321.67,281.2,337.71,398.35,360.47,446.39,464.97,437.49
803.86,364.07,398.99,398.99,552.74,552.74,522.72,478.77,461.65,377.81,470.77,602.23,578.06,591.5,599.8,612.6
805.82,363.27,345.24,345.24,592.69,592.69,628.09,547.07,541.4,473.86,545.25,714.52,662.07,693.03,704.72,740.14
807.78,358.75,318.09,318.09,671.8,671.8,664.95,594.94,575.39,523.81,611.58,835.35,731.94,799.44,755.19,824.23
809.73,355.94,290.65,290.65,678.5,678.5,674.4,610.81,553.38,522.76,614.22,820.48,757.45,789.17,805.3,820.63
811.69,357.51,358.25,358.25,692.13,692.13,632.46,614.35,545.71,534.71,627.49,829.92,829.94,900.56,830.41,863.03
813.64,347.91,417.35,417.35,680.14,680.14,678.89,642.34,548.48,568.79,689.17,878.78,879.85,1033.72,961.94,970.19
815.6,353.13,412.59,412.59,686.52,686.52,680.71,656.79,596.04,581.98,775.27,998.06,960.85,1215.65,1109.25,1073.12
817.55,376.07,403.22,403.22,731.83,731.83,712.79,718.25,649.95,606.51,853.67,1146.32,1087.49,1293.9,1217.54,1220.05
819.5,389.83,410,410,802.52,802.52,738.59,712.49,732.63,605.49,889.15,1245.33,1203.89,1335.26,1268.6,1253.41
821.45,428.87,453.38,453.38,882.03,882.03,803.21,700.3,758.55,629.7,915.49,1290.88,1223.49,1277.83,1247.54,1266
823.4,439.62,508.8,508.8,865.81,865.81,834.1,638.12,725.8,567.25,878.14,1247.08,1168.07,1209.4,1168.81,1212.57
825.35,432.52,527.05,527.05,801.3,801.3,811.71,602.05,624.18,508.25,809.87,1142.36,1083.08,1143.41,1082.18,1151.92
827.29,420.04,574.23,574.23,772.94,772.94,805.48,546.89,540.12,464.15,773.13,1084.18,1029.96,1099.97,1028.11,1093.83
829.24,375.49,529.67,529.67,825.08,825.08,811.07,503.96,493.29,466.61,740.59,1055.88,967.04,1054.75,989.92,1030.95
831.18,451.54,565.39,565.39,863.38,863.38,886.5,515.93,488.69,508.64,743.57,1106.11,937.33,998.42,993.95,1058.63
833.13,481.31,570.14,570.14,881.94,881.94,920.86,504.25,502.44,507.01,714.54,1084.65,896.6,974.09,940.31,1036.32
835.07,581.58,638.06,638.06,929.55,929.55,968.94,505.02,510.64,537.83,759.92,1099.63,921.63,991.2,966.44,1036.78
837.01,549.78,658.9,658.9,1021.99,1021.99,1004.85,462.02,558.07,545.22,774.5,1106.81,934.88,1015.54,974.13,1003.8
838.95,555.03,612.46,612.46,1045.04,1045.04,1026.71,468.71,534.18,556.29,776.38,1093.65,922.78,984.22,1005.83,988.15
840.89,541.99,646.4,646.4,1051.69,1051.69,1055.5,465.74,528.97,553.03,787.59,1086.14,902.33,981.57,963.19,999.85
842.83,631.12,658.49,658.49,1072.05,1072.05,1075.35,497.9,500.54,557.23,775.87,1107.39,904.31,949.36,913,963
844.77,655.3,717.3,717.3,1084.36,1084.36,1130.14,524.74,528.8,547.11,754.48,1142.3,932.29,997.83,945.81,975.48
846.71,698.75,763.7,763.7,1107.17,1107.17,1181.44,560.81,569.96,537.23,761.28,1176.42,959.47,995.86,1031.18,990.53
848.64,752.91,830.82,830.82,1173.58,1173.58,1217.67,631.57,632.79,537.69,839.4,1216.87,1008.65,1103.23,1177.23,1174.59
850.58,836.01,917.87,917.87,1266.16,1266.16,1277.74,718.23,689.53,613.05,921.38,1315.53,1143.71,1185.17,1266.5,1288.55
852.51,868.72,973.53,973.53,1296.57,1296.57,1329.98,784.79,708.17,661.64,975.57,1383.73,1220.65,1297.34,1337.67,1409.08
854.44,875.59,984.34,984.34,1274.7,1274.7,1352.95,776.48,764.6,719.03,984.86,1370.37,1280.7,1324.29,1355.63,1422.72
856.37,878.96,986.64,986.64,1259.22,1259.22,1360.64,730.3,753.83,716.88,1010.9,1339.45,1264.85,1309.71,1320.71,1458.16
858.31,910.49,935.1,935.1,1263.13,1263.13,1374.05,714.92,751.18,699.85,982.71,1331.64,1294.77,1290.58,1276.25,1457.4
860.23,904.73,947.27,947.27,1265.98,1265.98,1354.75,714.88,677.88,674.17,972.83,1322.15,1232.69,1257.8,1221.8,1432.98
862.16,887.92,923.05,923.05,1264.01,1264.01,1335.95,711.75,698.82,670.4,947.83,1319.21,1210.5,1210.25,1214.25,1409.13
864.09,843.04,892.43,892.43,1316.87,1316.87,1317.99,683.2,687.99,636.53,959.7,1284.5,1138.86,1128.61,1182.6,1331.86
866.02,817,867.96,867.96,1293.12,1293.12,1287.1,650.44,662.96,607.45,914,1198.56,1116.33,1003.76,1124.42,1274.71
867.94,790.78,842.32,842.32,1293.44,1293.44,1248.26,546.81,561.72,506.17,829.07,1092.39,994.91,920.38,1022.03,1151.37
869.87,802.51,804.62,804.62,1210.59,1210.59,1164.94,468.09,484.39,437.46,722.35,952.12,897.39,801.24,897.54,1031.6
871.79,741.84,706.18,706.18,1141.59,1141.59,1124.45,370.62,419.64,305.32,604.17,848.4,775.42,630,767.96,856.07
873.71,670.44,683.02,683.02,1056.75,1056.75,1040.48,348.05,367.12,253.42,502.87,727.23,742.67,493.68,656.29,771.13
875.64,515.1,598.9,598.9,947.54,947.54,955.79,279.5,326.62,194.55,409.89,580.07,634.59,383.71,563.64,640.21
877.56,463.26,590.28,590.28,914.06,914.06,865.51,271.42,295.92,216.46,374.69,529.03,619.97,396.21,532.46,579.75
879.48,430.69,491.93,491.93,825.75,825.75,795.4,226.91,304.13,195.29,346.02,474.21,525.57,385.62,490.19,511.55
881.39,405.96,497.74,497.74,788.51,788.51,788.03,214.54,286.47,188.58,354.47,466.83,470.95,393.17,536.72,565.48
883.31,360.72,445.04,445.04,701.34,701.34,723.06,148.3,269.6,165,333.68,377.91,381.79,418.18,509.38,516.22
885.23,355.2,405.72,405.72,656.78,656.78,670.05,158.75,234.76,165.1,346.22,378.33,360.3,398.56,519.41,543.99
887.14,400.51,407.23,407.23,571.64,571.64,601.77,186.66,236.38,213.34,358.53,400.2,409.6,454.75,509.24,508.24
889.06,387.88,382.46,382.46,512.11,512.11,607.46,201.27,241.02,233.93,381.17,467.75,469.57,504.62,545.09,588.18
890.97,382.74,385.18,385.18,459.99,459.99,598.88,210.35,279.46,302.33,432.92,482.08,518,608.98,607.43,596.93
892.88,293,358.62,358.62,468.5,468.5,549.6,208.45,272.59,308.74,445.67,516.76,532.45,610.7,660.79,612.39
894.8,279.86,332.67,332.67,458.52,458.52,504.51,246.46,295.3,331.06,447.63,515.34,501.46,594.33,649.07,571.43
896.71,185.56,280.21,280.21,415.62,415.62,453.15,255.28,286.14,271.19,400.04,484.7,462.93,575.12,615.49,540.29
898.62,178.98,222.13,222.13,382.01,382.01,434.1,278.45,304.01,259.67,384.44,449.08,484.08,598.27,587.62,544.85
900.52,111.13,202.78,202.78,307.37,307.37,414.34,298.32,305.23,260.5,407.52,431.14,488.57,569.12,578.11,507.45
902.43,89.66,215.47,215.47,305.02,305.02,370.89,285.88,304.48,309.7,405.59,429.89,473.09,553,550.3,458.09
904.34,112.91,238.55,238.55,262.31,262.31,341.39,258.47,302.41,316.25,391.33,429.31,451.96,514.59,508.86,436.77
906.24,152.12,184.24,184.24,298.78,298.78,296.43,235.97,274.6,281.72,317.3,408.98,451.73,507.11,440.69,436.37
908.15,207.26,159.87,159.87,294.44,294.44,320.65,242.05,254.03,254.43,287.16,405.88,500.41,495.56,399.77,416.58
910.05,189.8,141.55,141.55,377.41,377.41,324.18,263.17,232.15,232.16,260.35,401.14,503.12,429.38,338.56,338.5
911.95,219.06,183.62,183.62,408.01,408.01,347.68,259.64,220.97,224.59,253.55,391.08,551.17,395.9,324.72,311.79
913.86,214.61,198.29,198.29,447.8,447.8,347.37,255.37,200.37,207.27,238.31,336.26,545.47,306.03,282.48,280.69
915.76,250.54,176.03,176.03,419.9,419.9,374.7,205.12,207.12,173.31,210.08,259.47,503.8,254.86,211.62,252.96
917.66,211.98,148.92,148.92,435.41,435.41,380.78,170.69,190.35,162.48,193.29,205.48,400.26,188.85,152.91,194.06
919.55,215.58,165.65,165.65,423.67,423.67,386.28,176.06,185.39,142.13,161.96,178.62,313.85,189,108.36,163.32
921.45,220.25,223.43,223.43,434.24,434.24,391.09,171.79,130.78,114.8,128.98,199.45,282.81,181.19,113.19,166.3
923.35,271.42,257.05,257.05,391.23,391.23,392.98,178.66,75.84,97.28,89.44,196.08,232.57,160.54,121.17,175.44
925.24,287.76,257.83,257.83,376.31,376.31,432.97,175.68,47.52,82.57,98.36,177.86,216.47,91.05,105.65,139.4
927.14,248.94,221.78,221.78,353.48,353.48,474.04,180.17,27.71,116.66,66.07,118.77,153.18,81.72,62.22,105.87
929.03,222.85,256.45,256.45,367.28,367.28,470.42,150.36,40.7,107.78,76.79,67.37,102.58,37.67,24.91,120.06
930.92,254.82,237.85,237.85,408.4,408.4,414.79,125.25,12.99,99.93,51.85,33.68,91.01,34.44,10.71,135.3
932.81,268.07,245.85,245.85,429.06,429.06,393.02,105.4,12.99,93.67,63.83,13.23,83.03,46.48,10.71,111.15
934.7,272.16,252.7,252.7,439.47,439.47,439.68,126.68,14.26,88.22,56.59,2.3,110.2,62.46,26.89,49.17
936.59,269.64,307.6,307.6,452.53,452.53,509.99,137.01,14.26,90.46,32.39,42.03,65.39,54.01,52.72,21.53
938.48,302.86,347.55,347.55,482.58,482.58,536.61,141.03,30,89.06,20.42,39.73,38.44,15.98,145.41,9.82
940.37,360.02,318.46,318.46,495.16,495.16,516.78,101.97,15.75,111.25,0,39.73,7.24,31.57,174.64,0
942.25,357.14,309.31,309.31,457.95,457.95,515.81,53.17,15.75,100.03,0,0,0,79.49,235.15,0
944.14,335.54,338.44,338.44,428.28,428.28,470.39,23.26,0,87.73,0,5.59,0,98.33,248.94,0
946.02,317.57,344.85,344.85,424.15,424.15,489.85,25.31,13.86,63.02,0,5.59,0,132.77,259.01,0
947.91,353.32,317.33,317.33,435.34,435.34,447.29,15.4,18.29,43.68,0,5.59,0,112.93,252.47,0
949.79,397.8,308.53,308.53,468.19,468.19,494.39,15.4,18.29,69.7,0,21.79,2.88,162.49,220.66,19.25
951.67,365.91,298.34,298.34,476.59,476.59,510.71,0,4.96,87.64,0,21.79,2.88,200.33,220.14,87.45
953.55,321.41,278.88,278.88,519.97,519.97,543.34,0,0.53,106.62,0,39.12,6.16,224.24,194.68,112.63
955.43,250.31,201.82,201.82,452.01,452.01,567.31,0,0.53,73.97,0,26.66,3.29,199.21,133.62,124.79
957.31,238.06,194.6,194.6,397.15,397.15,546.04,0,0,45.46,0,36.24,5.05,131.68,67.95,84.47
959.18,201.53,190.1,190.1,309.29,309.29,505.43,0,0,29.65,0,52.31,1.76,79.7,13.61,59.29
961.06,220.74,209,209,299.42,299.42,450.82,0,0,10.35,0,59.09,1.76,59.64,0,27.88
962.94,190.13,203.41,203.41,266.33,266.33,408.31,0,0,5.44,0,49.51,0,23.31,0,0
964.81,177.92,216.54,216.54,220.23,220.23,331.14,0,0,0,0,16.12,0,23.31,0,0
966.68,154.44,147.74,147.74,116.79,116.79,232.63,0,0,0,0,0,0,0,0,0
968.55,165.37,76.27,76.27,46.97,46.97,106.84,0,0,0,0,0,0,0,0,0
970.43,106.08,6.88,6.88,0,0,55.71,0,0,0,0,0,0,0,0,0
972.3,85.03,12.5,12.5,0,0,0,0,0,0,0,0,0,0,0,0
974.16,37.94,12.5,12.5,38.72,38.72,45.21,0,0,0,0,0,0,0,0,0
976.03,40.75,16.4,16.4,50.82,50.82,99.32,0,0,0,0,0,0,0,0,0
977.9,43.02,4.32,4.32,103.18,103.18,136.9,0,0,0,0,0,0,0,0,0
979.76,31.48,4.32,4.32,120.31,120.31,135.63,0,0,0,0,0,0,0,0,0
981.63,33.56,0.42,0.42,181.23,181.23,122.47,0,0,0,0,0,0,0,0,0
983.49,4.89,18.76,18.76,138.04,138.04,148.53,0,0,0,0,0,0,0,0,0
985.36,4.89,50,50,105.85,105.85,153.61,0,0,0,0,0,0,0,0,0
987.22,30.74,64.1,64.1,47.68,47.68,126.69,0,0,0,0,0,0,0,0,0
989.08,45.69,59.97,59.97,58.18,58.18,63.05,0,0,0,0,0,0,0,0,0
990.94,45.69,53.03,53.03,34.51,34.51,14.04,0,0,0,0,0,0,0,0,0
992.8,14.96,38.94,38.94,19.67,19.67,0,0,0,0,0,0,0,0,0,0
994.66,3.54,24.3,24.3,0,0,27.65,0,0,0,0,0,0,0,0,0
996.51,3.54,0,0,0,0,27.65,0,0,0,0,0,0,0,0,0
998.37,3.54,0,0,0,0,27.65,0,0,0,0,0,0,0,0,0
1000.22,0,0,0,0,0,0,0,0,0,0,0,0,0,0,0
1002.08,0,0,0,0,0,0,0,0,0,0,0,0,0,0,0
1003.93,0,0,0,0,0,0,0,0,0,0,0,0,0,0,0
1005.78,0,0,0,0,0,0,0,0,0,0,0,0,0,0,0
1007.63,0,0,0,0,0,0,0,0,0,0,0,0,0,0,0
1009.48,0,0,0,0,0,0,0,0,0,0,0,0,0,0,0
1011.33,0,0,0,0,0,0,0,0,0,0,0,0,0,0,0
1013.18,0,0,0,0,0,0,0,0,0,0,0,0,0,0,0
1015.03,0,0,0,0,0,0,0,0,0,0,0,0,0,0,0
1016.87,0,0,0,0,0,0,0,0,0,0,0,0,0,0,0
1018.72,0,0,0,0,0,0,0,0,0,0,0,0,0,0,0
1020.56,0,0,0,0,0,0,0,0,0,0,0,0,0,0,0
1022.4,0,0,0,0,0,0,0,0,0,0,0,0,0,0,0
1024.24,0,0,0,0,0,0,0,0,0,0,0,0,0,0,0
1026.08,0,0,0,0,0,0,0,0,0,0,0,0,0,0,0
1027.92,0,0,0,0,0,0,0,0,0,0,0,0,0,0,0
1029.76,0,0,0,0,0,0,0,0,0,0,0,0,0,0,0
1031.6,0,0,0,0,0,0,0,0,0,0,0,0,0,0,0
1033.44,0,0,0,0,0,0,0,0,0,0,0,0,0,0,0
1035.27,0,0,0,0,0,0,0,0,0,0,0,0,0,0,0
1037.11,0,0,0,0,0,0,0,0,0,0,0,0,0,0,0
1038.94,0,0,0,0,0,0,0,0,0,0,0,0,0,0,0
1040.77,0,0,0,0,0,0,0,0,0,0,0,0,0,0,0
1042.6,0,0,0,0,0,0,0,0,0,0,0,0,0,0,0
1044.43,0,0,0,0,0,0,0,0,0,0,0,0,0,0,0
1046.26,0,0,0,0,0,0,0,0,0,0,0,0,0,0,0
1048.09,0,0,0,0,0,0,0,0,0,0,0,0,0,0,0
1049.92,0,0,0,0,0,0,0,0,0,0,0,0,0,0,0
1051.75,0,0,0,0,0,0,0,0,0,0,0,0,0,0,0
1053.57,0,0,0,0,0,0,0,0,0,0,0,0,0,0,0
1055.4,0,0,0,0,0,0,0,0,0,0,0,0,0,0,0
1057.22,0,0,0,0,0,0,0,0,0,0,0,0,0,0,0
1059.04,0,0,0,0,0,0,0,0,0,0,0,0,0,0,0
1060.86,0,0,0,0,0,0,0,0,0,0,0,0,0,0,0
1062.68,0,0,0,0,0,0,0,0,0,0,0,0,0,0,0
1064.5,0,0,0,0,0,0,0,0,0,0,0,0,0,0,0
1066.32,0,0,0,0,0,0,0,0,0,0,0,0,0,0,0
1068.14,0,0,0,0,0,0,0,0,0,0,0,0,0,0,0
1069.96,0,0,0,0,0,0,0,0,0,0,0,0,0,0,0
1071.77,0,0,0,0,0,0,0,0,0,0,0,0,0,0,0
1073.58,0,0,0,0,0,0,0,0,0,0,0,0,0,0,0
1075.4,0,0,0,0,0,0,0,0,0,0,0,0,0,0,0
1077.21,0,0,0,0,0,0,0,0,0,0,0,0,0,0,0
1079.02,0,0,0,0,0,0,0,0,0,0,0,0,0,0,0
1080.83,0,0,0,0,0,0,0,0,0,0,0,0,0,0,0
1082.64,0,0,0,0,0,0,0,0,0,0,0,0,0,0,0
1084.45,0,0,0,0,0,0,0,0,0,0,0,0,0,0,0
1086.26,0,0,0,0,0,0,0,0,0,0,0,0,0,0,0
1088.06,0,0,0,0,0,0,0,0,0,0,0,0,0,0,0
1089.87,0,0,0,0,0,0,0,0,0,0,0,0,0,0,0
1091.67,0,0,0,0,0,0,0,0,0,0,0,0,0,0,0
1093.48,0,0,0,0,0,0,0,0,0,0,0,0,0,0,0
1095.28,0,0,0,0,0,0,0,0,0,0,0,0,0,0,0
1097.08,0,0,0,0,0,0,0,0,0,0,0,0,0,0,0
1098.88,0,0,0,0,0,0,0,0,0,0,0,0,0,0,0
1100.68,0,0,0,0,0,0,0,0,0,0,0,0,0,0,0
1102.48,0,0,0,0,0,0,0,0,0,0,0,0,0,0,0
1104.27,0,0,0,0,0,0,0,0,0,0,0,0,0,0,0
1106.07,0,0,0,0,0,0,0,0,0,0,0,0,0,0,0
1107.86,0,0,0,0,0,0,0,0,0,0,0,0,0,0,0
1109.66,0,0,0,0,0,0,0,0,0,0,0,0,0,0,0
1111.45,0,0,0,0,0,0,0,0,0,0,0,0,0,0,0
1113.24,0,0,0,0,0,0,0,0,0,0,0,0,0,0,0
1115.03,0,0,0,0,0,0,0,0,0,0,0,0,0,0,0
1116.82,0,0,0,0,0,0,0,0,0,0,0,0,0,0,0
1118.61,0,0,0,0,0,0,0,0,0,0,0,0,0,0,0
1120.4,0,0,0,0,0,0,0,0,0,0,0,0,0,0,0
1122.19,0,0,0,0,0,0,0,0,0,0,0,0,0,0,0
1123.97,0,0,0,0,0,0,0,0,0,0,0,0,0,0,0
1125.76,0,0,0,0,0,0,0,0,0,0,0,0,0,0,0
1127.54,0,0,0,0,0,0,0,0,0,28.73,0,0,0,0,0
1129.33,0,6.07,6.07,0,0,0,23.48,0,0,65.91,0,0,23.72,0,22.53
1131.11,0,6.07,6.07,0,0,0,23.48,0,0,123.25,0,0,82.33,0,53.01
1132.89,0,6.07,6.07,0,0,0,28.6,0,0,108.71,0,0,132.24,32.51,115.49
1134.67,0,0,0,0,0,0,17.92,0,0,110.26,0,0,147.76,47.97,138.83
1136.45,9.9,0,0,0,0,0,17.92,0,0,107.03,0,0,138.2,47.97,177.76
1138.23,9.9,0,0,0,0,0,12.8,0,0,177.22,0,0,121.12,48.4,198.85
1140,30.41,55.26,55.26,0,0,0,0,0,0,216.18,0,36.25,152.84,78.63,274.75
1141.78,81.36,115.43,115.43,0,0,0,3.85,0,0,274.79,0,76.25,164.6,174.8,371.36
1143.55,157.26,214.54,214.54,49.77,49.77,0,3.85,0,0,306.16,30.15,130.38,253.17,227.89,428.45
1145.33,236.97,265.92,265.92,104.13,104.13,25.38,3.85,0,7.06,357.86,47.67,158.65,267.1,277.02,547.59
1147.1,251.67,288.95,288.95,140.1,140.1,58.87,0,0,7.06,353.21,70.28,193.26,331.4,203.18,619.76
1148.87,275.14,298.08,298.08,148.38,148.38,118.28,0,0,7.06,300.66,43.64,157.01,277.85,160.82,678.09
1150.64,232.82,300.75,300.75,192.2,192.2,180.25,0,0,0,237.98,26.12,137.32,209.22,116.06,626.35
1152.41,240.94,352.86,352.86,236.78,236.78,205.32,0,0,0,163.75,3.51,62.71,84.41,93.73,579.1
1154.18,233.05,380.96,380.96,249.01,249.01,189.04,0,0,0,133.83,0,44.83,32.63,50.06,535.89
1155.95,272.04,428.94,428.94,237.78,237.78,223.62,0,0,0,68.8,0,0,16.36,4.75,427.61
1157.72,320.25,453.79,453.79,248.09,248.09,279.75,0,0,0,34.98,0,0,16.06,4.75,297.94
1159.48,389.78,430.97,430.97,272.39,272.39,346.19,0,0,0,1.68,0,0,0,4.75,142.16
1161.25,443.31,396.81,396.81,312,312,357.28,0,0,0,0,0,0,0,0,61.27
1163.01,449.05,368.2,368.2,320.5,320.5,397.91,0,0,0,0,0,0,0,0,6.29
1164.77,462.79,416.91,416.91,350.64,350.64,370.19,0,0,0,0,0,0,0,0,6.29
1166.53,492.96,410.05,410.05,279.55,279.55,343.9,0,0,0,0,0,0,0,42.61,6.29
1168.3,519.46,422.19,422.19,275.78,275.78,294.94,0,0,0,0,0,0,0,88.12,0
1170.06,518.29,408.99,408.99,270.67,270.67,302.96,0,0,0,0,0,0,0,205.13,0
1171.81,461.67,439.33,439.33,255.77,255.77,226.52,0,0,0,0,0,0,0,269.64,0
1173.57,378.71,442.34,442.34,179.2,179.2,170.41,0,0,0,0,0,0,0,355.87,0
1175.33,261.08,399.33,399.33,60.62,60.62,80.54,0,0,0,0,0,0,0,329.14,0
1177.08,236.33,357.55,357.55,20.04,20.04,50.23,0,0,0,0,0,0,0,252.01,0
1178.84,208.92,309.09,309.09,6,6,0,0,0,0,0,0,0,0,139.26,0
1180.59,182.38,247.84,247.84,4.97,4.97,0,0,0,0,0,0,0,0,48.98,0
1182.34,83.16,190.15,190.15,4.97,4.97,0,0,0,0,0,0,0,0,18.98,0
1184.1,29.42,91.91,91.91,0,0,0,0,0,0,0,0,0,0,0,0
1185.85,0,47.14,47.14,0,0,0,0,0,0,0,0,0,0,0,0
1187.6,0,0,0,0,0,0,0,0,0,0,0,0,0,0,0
1189.35,0,0,0,0,0,0,0,0,0,0,0,0,0,0,0
1191.09,0,0,0,0,0,0,0,0,0,0,0,0,0,0,0
1192.84,0,0,0,0,0,0,0,0,0,0,0,0,0,0,0
1194.58,0,0,0,0,0,0,0,0,0,0,0,0,0,0,0
1196.33,0,0,0,0,0,0,0,0,0,0,0,0,0,0,0
1198.07,0,0,0,0,0,0,0,0,0,0,0,0,0,0,0
1199.82,0,0,0,0,0,0,0,0,0,0,0,0,0,0,0
1201.56,0,0,0,0,0,0,0,0,0,0,0,0,0,0,0
1203.3,0,12.87,12.87,0,0,0,0,0,0,0,0,0,0,0,10.04
1205.04,0,49.57,49.57,0,0,0,0,0,0,0,0,0,0,0,67.58
1206.78,0.39,72.34,72.34,0,0,0,0,0,0,0,0,0,0,0,158.91
1208.51,40.36,94.03,94.03,43.92,43.92,0,0,0,0,0,0,0,0,0,287.04
1210.25,58.61,109.04,109.04,75.38,75.38,63.7,0,0,0,0,0,0,0,0,384.55
1211.98,141.92,158.94,158.94,147.86,147.86,106.56,0,0,0,0,0,0,0,0,422.01
1213.72,178.45,203.73,203.73,195.81,195.81,203.95,0,0,0,0,0,0,0,0,428.08
1215.45,248.98,237.18,237.18,262.77,262.77,185.31,0,0,0,0,0,0,0,0,380.87
1217.18,222.73,224.52,224.52,260.62,260.62,193.57,0,0,0,0,0,2.53,0,0,386.28
1218.92,165.49,236.19,236.19,262.49,262.49,139.16,0,0,0,0,0,2.53,0,0,308.74
1220.65,166.9,228.52,228.52,271.69,271.69,204.09,0,0,0,0,0,2.53,0,0,259.59
1222.38,202.65,288.85,288.85,260.56,260.56,202.36,0,0,0,0,0,0,0,0,141.17
1224.1,280.51,296.96,296.96,219.89,219.89,235.41,0,0,0,0,0,0,0,0,82.58
1225.83,261.82,278.85,278.85,199.68,199.68,187.91,0,0,0,0,0,0,0,0,23.88
1227.56,234.9,256.84,256.84,170.58,170.58,222.2,0,0,0,0,0,0,0,0,8.11
1229.28,161.87,255.73,255.73,188.72,188.72,193.72,0,0,0,0,3.18,13.69,0,0,5.14
1231.01,213.96,303.72,303.72,191.97,191.97,178.36,0,2.17,4.49,12.42,61.09,50.82,30.55,52.42,58.96
1232.73,255.04,334.38,334.38,249.58,249.58,202.34,0,6.03,14.19,31,156.66,105.34,102.52,86.96,202.73
1234.45,324.68,325.92,325.92,302.75,302.75,262.21,14.46,30.84,38.35,85.99,276.66,205.15,190.52,126.21,368.94
1236.17,332.87,365.03,365.03,324.81,324.81,366.65,52.34,95.79,85.18,119.35,346.58,326.88,261.73,163.48,481.43
1237.9,359.18,379.24,379.24,359.01,359.01,424.88,119.1,146.13,108.74,163.5,369.99,404.77,332.44,253.26,456.42
1239.61,397.49,432.78,432.78,389.88,389.88,438.79,151.73,215.1,151.92,219.99,370.43,449.69,381.53,361.75,420.14
1241.33,414.58,468.77,468.77,429.88,429.88,395.82,166.77,220.8,158.16,289.27,377.35,427.76,439.45,403.42,395.36
1243.05,435.33,477.76,477.76,449.22,449.22,366.52,179.1,237.79,197.03,337.56,392.97,457.54,493.08,426.8,405.64
1244.77,475.53,499.53,499.53,451.69,451.69,369.35,230.84,237.18,190.97,304.3,419.08,466.13,553.89,401.69,420.09
1246.48,479.96,488.19,488.19,466.73,466.73,436.41,296.08,268.09,210.08,312.61,443.78,512.32,561.29,426.85,469.82
1248.2,530.49,522.95,522.95,501.23,501.23,450.93,312.39,317.05,219.59,343.05,485.63,540.32,609.87,483.19,531.39
1249.91,541.47,488.17,488.17,483.52,483.52,466.24,322.1,339.42,240.17,399.6,524.62,593.48,636.27,580.68,558.8
1251.62,545.46,542.38,542.38,482.49,482.49,469.56,328.44,364.41,282.71,469.51,568.99,648.34,691.39,645.91,595.6
1253.33,505.44,551.59,551.59,442.82,442.82,490.89,335.4,348.03,298.87,489.42,603.73,673.24,679.89,698.85,612.8
1255.04,466.54,576.58,576.58,471.27,471.27,489.02,352.1,307.38,296.76,519.12,593.95,621.96,713.9,708.64,683.83
1256.75,469.86,512.46,512.46,472.29,472.29,476.38,313.64,276.23,286.49,477.06,592.77,588.94,707.84,749.36,693.48
1258.46,485.4,484.56,484.56,480.56,480.56,509.32,304.02,249.94,306.4,447.23,579.84,607.52,704.06,744.37,744.74
1260.17,500.83,505.89,505.89,441.72,441.72,557.15,267.25,287.49,331.16,442.64,586.84,666.36,640.56,746.99,760.62
1261.87,511.05,497.66,497.66,437.02,437.02,542.78,293.55,290.43,323.65,435.18,573,694.68,657.55,749.11,812.68
1263.58,504.82,500.99,500.99,438.9,438.9,535.99,327.37,363.23,323.65,447.94,603.75,676.27,702.81,752.84,894.01
1265.28,528.15,473.21,473.21,445.01,445.01,520.76,373.02,398.53,358.49,477.62,670.42,683.79,758.69,746.85,1002.3
1266.99,507.48,467.43,467.43,459.14,459.14,535.22,407.97,442.12,400.29,511.63,734.14,632.35,829.28,782.26,1115.31
1268.69,493.25,422.42,422.42,485.74,485.74,518.8,463.99,445.78,439.16,553.44,764.67,687.06,878.04,832.5,1168.83
1270.39,449.92,395.31,395.31,471.91,471.91,497.96,509.18,458.62,457.87,557.16,773.8,735.7,992.74,956.35,1191.97
1272.09,415.14,350.09,350.09,445.33,445.33,467.69,563.55,521.63,514.09,601.1,848.19,814.27,1113.39,1063.15,1228.72
1273.79,354.15,322.98,322.98,400.21,400.21,424.21,569.32,599.05,550.71,644.18,909.4,842.66,1210.53,1161.78,1286.31
1275.49,320.15,290.87,290.87,397.11,397.11,456.75,607.72,661.42,616.29,687.6,959.64,863.76,1258.72,1213.81,1294.96
1277.18,278.38,320.65,320.65,360.58,360.58,440.87,632.29,714.63,662.71,686.59,947.49,899.79,1271.19,1197.44,1271.56
1278.88,272.5,278.65,278.65,344.97,344.97,424.23,671.05,690.02,689.31,685.82,912.92,891.08,1276.6,1189.03,1223.11
1280.57,288.73,255.43,255.43,360.49,360.49,360.38,680.53,703.81,682.64,648.18,939.85,922.19,1256.17,1194.11,1175.83
1282.27,319.41,247.66,247.66,363.81,363.81,368,686.42,686.34,652.03,669,1004.26,895.79,1233.91,1207.37,1105.06
1283.96,314.65,274.11,274.11,405.04,405.04,389.52,722.49,723.37,683.61,735.71,1056.26,898.32,1239.6,1205.57,1077.57
1285.65,310.89,353.23,353.23,446.29,446.29,480.4,769.51,736.36,699.47,789.12,1058.64,884.22,1270.33,1239.16,1053.47
1287.34,346.01,346.24,346.24,483.45,483.45,471.19,802.71,742.86,709.17,798.09,1016.61,916.73,1241.67,1233.37,1060.99
1289.03,392.59,433.03,433.03,505.42,505.42,498.44,811.64,738.76,685.61,758.85,1021.07,940.38,1225.51,1287.08,994.68
1290.72,446.94,417.26,417.26,522.18,522.18,481.49,815.64,754.73,681.11,817.41,1047.02,969.19,1247.52,1326.62,1069.21
1292.41,441.74,473.61,473.61,596.08,596.08,578.34,866.04,823.76,732.01,922.77,1161.78,1125.82,1395.69,1453.66,1177.92
1294.1,510.88,502.96,502.96,730.34,730.34,661.21,949.4,924.08,805.54,1022.8,1287.58,1288.49,1562.58,1562.77,1355.01
1295.78,497.79,588.42,588.42,818.06,818.06,722.54,982.15,950.13,861.46,1079.63,1347.87,1404.65,1637.29,1629.04,1379.95
1297.47,546.27,582.1,582.1,847.03,847.03,737.79,967.42,908.36,854.56,1067.7,1287.09,1354.41,1547.29,1599.92,1300.83
1299.15,533.41,520.79,520.79,736.36,736.36,680.39,872.31,818.21,755.94,1012.12,1161.35,1253.21,1369.33,1456.19,1131.44
1300.84,531.99,484.58,484.58,623.16,623.16,601.78,812.6,762.12,671.39,891.33,1048.76,1124.16,1230.88,1300.3,966.22
1302.52,510.8,483.27,483.27,562.53,562.53,571.76,739.4,700.22,593.69,773.44,956.77,1042.71,1130.7,1182.69,869.62
1304.2,465.06,463.4,463.4,534.05,534.05,547.53,680.93,624.71,577.38,685.35,909.93,939.08,1010.01,1102.58,787.52
1305.88,411.2,385.09,385.09,545.47,545.47,524.89,643.3,604.04,548.91,640.5,911.68,908.38,918.94,1062.42,718.7
1307.56,325.02,279.11,279.11,496.59,496.59,469.93,578.3,539.66,506.07,572.33,852.15,832.39,822.24,968.31,650.61
1309.24,265.5,234.14,234.14,441.74,441.74,409.99,518.25,508.57,419.85,539.85,782.32,781.77,755.94,859.25,534.58
1310.91,229.65,182.49,182.49,348.57,348.57,361.41,466.83,431.43,375.24,470.38,670.53,673.87,669.35,714.59,447.61
1312.59,202.46,141.19,141.19,289.77,289.77,267.19,430.69,420.25,313.93,421.26,651.12,593.01,624.48,623.32,315.03
1314.26,118.28,92.21,92.21,237.32,237.32,188.32,407.17,407.35,324.9,364.49,642.08,561.52,574.67,563.77,305.51
1315.94,65.43,43.39,43.39,180.56,180.56,134.14,380.6,399.41,298.82,349.07,645.41,560.07,540.9,524.94,257.39
1317.61,35.81,26.97,26.97,115.06,115.06,82.57,400.88,366.31,317.25,394.56,672.01,588.89,540.08,491.73,279.21
1319.28,39.74,9.11,9.11,75.47,75.47,50.88,424.34,375.71,331.19,446.95,718.2,627.31,580.52,485.79,354.98
1320.95,24.22,9.11,9.11,72.9,72.9,1.57,441.41,391.41,314.42,555.36,841.43,686.1,642.69,502.91,437.14
1322.62,5.73,7.09,7.09,54.25,54.25,1.57,430,409.94,313.49,585.67,923.26,760.82,676.46,534.31,510.91
1324.29,0,0,0,30.78,30.78,0,430.76,396.32,276.73,665.22,998.68,806.14,704.84,580.65,465.3
1325.96,0,0,0,4.97,4.97,0,391.7,388.54,268.49,704.68,1015.37,866.05,704.49,575.6,471.3
1327.63,0,0,0,0,0,0,386.48,385.27,244.41,836.37,1027.99,919.56,707.75,563.82,431.58
1329.29,0,0,0,0,0,0,355.99,381.06,257.4,885.86,1092.42,1000.9,699.84,571.22,465.36
1330.96,0,0,0,0,0,0,345.67,361.36,274.23,922.93,1122.78,1019.16,678.2,562.56,435.75
1332.62,0,0,0,0,0,5.82,344.87,362.5,283.91,876.89,1136.08,1018.68,619.16,526.84,387.76
1334.28,0,0,0,15.62,15.62,12.86,345.23,339.82,256.75,858.77,1058.63,961.47,570.39,457.06,294.38
1335.95,0,0,0,15.62,15.62,12.86,319.11,318.31,220.77,792.54,987.44,892.86,483.9,360.89,196.28
1337.61,0,0,0,15.62,15.62,7.04,270.5,247.97,196.97,711.89,870.19,809.84,428.35,306.66,112.79
1339.27,0,0,0,0,0,0,246.95,211.36,170.23,623.37,760.08,678.64,367.62,233.27,36.8
1340.92,0,0,0,0,0,0,257.12,195.82,185.88,556.97,655.79,622.92,354.05,216.37,53.64
1342.58,0,0,0,0,0,0,274.03,232.67,185.26,513.7,617.65,560.02,368.97,175.97,83.66
1344.24,0,0,0,2.37,2.37,0,312.12,274.03,205.82,475.34,603.44,560.05,396.17,182.18,113.28
1345.89,0,0,0,9.22,9.22,5.07,331.37,291.9,197.55,462.88,566.82,464.01,449.3,219,124.51
1347.55,0,0,0,9.22,9.22,5.07,343.36,294.49,213.67,418.88,535.69,416.45,423.26,205.98,107.91
1349.2,0,0,0,6.85,6.85,5.07,284.96,283.7,211.42,332.23,488.59,339.27,411.59,158.01,89.69
1350.86,0,0,0,0,0,0,271.74,268.76,230.33,248.15,428.75,303.68,323.87,88.32,56.09
1352.51,0,0,0,0,0,0,245.47,244.76,201.86,210.42,370.95,237.47,258.19,57.34,33.1
1354.16,0,0,0,0,0,0,228.48,201.04,175.01,212.37,308.53,186.62,138.55,29.73,17.79
1355.81,0,0,0,0,0,0,180.22,195.39,128.55,194.44,273.25,123.93,62.32,4.9,0
1357.46,0,0,0,0,0,0,160.03,188.47,101.16,184.65,185.12,71.38,15.16,0,0
1359.1,0,0,0,0,0,0,117.89,157.27,63.49,111.31,136.13,52.99,0,0,0
1360.75,0,0,0,0,0,0,104.93,99.91,27.26,56.14,74.74,36.8,0,0,0
1362.4,0,0,0,0,0,0,41.8,39.27,1.21,1.39,52.72,21.82,0,0,0
1364.04,0,0,0,0,0,0,46.63,33.7,13.84,0,9.93,0,0,0,0
1365.68,0,0,0,0,0,0,14.4,30.08,35.15,10.89,0,0,0,0,0
1367.33,0,0,0,0,0,0,48.68,34.75,38.28,14.85,0,0,0,0,0
1368.97,0,0,0,0,0,0,65.91,42.58,24.44,21.8,0,0,0,0,0
1370.61,0,0,0,0,0,0,98.87,85.14,23.19,10.91,0,0,0,0,0
1372.25,0,0,0,0,0,0,121.22,136.09,41.01,11.24,9.62,0,0,0,0
1373.89,0,0,0,6.67,6.67,0,119.85,153.32,53.97,4.29,9.62,0,0,0,0
1375.53,0,0,0,6.67,6.67,0,111.54,119.28,59.79,4.29,9.62,0,0,0,0
1377.16,0,0,0,17.43,17.43,0,107.18,98.18,54.55,0,0,0,0,0,0
1378.8,0,0,0,10.75,10.75,0,84.21,60.39,41.59,0,0,0,0,0,0
1380.43,0,0,0,10.75,10.75,0,59.57,34.52,15.71,0,0,0,0,0,0
1382.07,0,0,0,0,0,0,7.13,0,0,0,0,0,0,0,0
1383.7,0,0,0,0,0,0,15.01,0,0,0,0,0,0,0,0
1385.33,0,0,0,0,0,0,15.01,0,0,0,0,0,0,0,0
1386.96,0,0,0,0,0,0,15.01,12.86,0,0,0,0,0,0,0
1388.59,0,0,0,0,0,0,0,12.86,0,0,0,0,0,0,0
1390.22,0,0,0,0,0,0,5.89,12.86,0,0,0,0,0,0,0
1391.85,0,0,0,0,0,0,5.89,0,0,0,0,0,0,0,0
1393.47,0,0,0,0,0,0,15.83,0,0,0,0,0,0,0,0
1395.1,0,0,0,0,0,0,10.88,0,0,0,0,0,0,0,0
1396.72,0,0,0,0,0,0,10.88,0,0,0,0,0,0,0,0
1398.35,0,0,0,0,0,0,0.94,0,0,0,0,0,0,0,0
1399.97,0,0,0,0,0,0,0,0,0,0,0,0,0,0,0
1401.59,0,0,0,0,0,0,0,0,0,0,0,0,0,0,0
1403.21,0,0,0,0,0,0,0,0,0,0,0,0,0,0,0
1404.83,0,0,0,0,0,0,0,0,0,0,0,0,0,0,0
1406.45,0,0,0,0,0,0,0,0,0,0,0,0,0,0,0
1408.07,0,0,0,0,0,0,0,0,0,0,0,0,0,0,0
1409.68,0,0,0,0,0,0,0,0,0,0,0,0,0,0,0
1411.3,0,0,0,0,0,0,0,0,0,0,0,0,0,0,0
1412.91,0,0,0,0,0,0,0,0,0,0,0,0,0,0,0
1414.53,0,0,0,0,0,0,0,0,0,0,0,0,0,0,0
1416.14,0,0,0,0,0,0,0,0,0,0,0,0,0,0,0
1417.75,0,0,0,0,0,0,0,0,0,0,0,0,0,0,0
1419.36,0,0,0,0,0,0,0,0,0,0,0,0,0,0,0
1420.97,0,0,0,0,0,0,0,0,0,0,0,0,0,0,0
1422.58,0,0,0,0,0,0,0,0,0,0,0,0,0,0,0
1424.19,0,0,0,0,0,0,0,0,0,0,0,0,0,0,0
1425.79,0,0,0,0,0,0,0,0,0,0,0,0,0,0,0
1427.4,0,0,0,0,0,0,0,0,0,0,0,0,0,0,0
1429,0,0,0,0,0,0,0,0,0,0,0,0,0,0,0
1430.6,0,0,0,0,0,0,0,0,0,0,0,0,0,0,0
1432.21,0,0,0,0,0,0,0,0,0,0,0,0,0,0,0
1433.81,0,0,0,0,0,0,0,0,0,0,0,0,0,0,0
1435.41,0,0,0,0,0,0,0,0,0,0,0,0,0,0,0
1437.01,0,0,0,0,0,0,16.19,3.62,21.98,2.21,11.04,0,0,0,6.47
1438.61,0,0,0,0,0,0,56.53,25.92,43.48,9.78,61.23,0,0,0,28.74
1440.2,0,0,0,0,0,0,92.36,79.24,76.84,23.42,76.61,9.06,0,0,34.84
1441.8,0,0,0,0,0,0,99.96,130.76,94.89,52.41,134.62,30.24,0,0,59.12
1443.4,0,0,0,0,0,0,100.82,169.22,130.21,80.73,169.32,30.24,0,0,36.86
1444.99,0,0,0,0,0,0,99.73,186.39,160.91,105.83,217.48,45.7,0,0,30.76
1446.58,0,0,0,0,0,0,109.92,188.5,153.88,110.59,189.65,44.84,0,0,0
1448.18,0,0,0,0,0,0,108.93,165.77,155.01,95.91,144.73,71.66,0,0,0
1449.77,0,0,0,0,0,0,119.99,147.42,155.18,80.34,148.27,47.83,0,0,0
1451.36,0,0,0,0,0,0,139.09,152.11,178.08,58.87,153.59,35.46,0,3.87,0
1452.95,0,0,0,1.9,1.9,0,166.8,188.08,186.9,47.4,164.94,22.77,19.86,18.2,0
1454.53,0,0,0,13.11,13.11,0,199.78,192.98,193.67,67.93,127.29,58.76,48.67,76.04,52.1
1456.12,0,0,0,41.77,41.77,46.73,206.47,242.26,219.81,62.24,145.77,86.54,150.27,174.98,110.16
1457.71,0,0,0,118.47,118.47,84.07,201.76,261.15,269.89,106.87,178.26,120.67,228.61,266.62,194.32
1459.29,0,18.8,18.8,135.63,135.63,84.07,215.76,294.74,298.01,117.27,248.2,130.58,347.07,327.38,239.63
1460.88,0,31.77,31.77,168.45,168.45,113.23,275.7,312.61,329.41,187.67,268.15,182.51,377.55,361.16,297.3
1462.46,0,71.82,71.82,171.73,171.73,148.18,326.35,349.18,329.84,208.51,280.23,240.56,424.15,428.73,330.43
1464.04,0,77.29,77.29,244.79,244.79,227,370.71,398.47,341.99,225.79,289.09,294.72,502.88,518.1,394.01
1465.62,4.13,70.18,70.18,281.3,281.3,238.18,397.45,404.47,375.52,278.5,338.4,350.68,590.39,626.59,476.4
1467.2,4.13,49.71,49.71,290.16,290.16,244.69,435.79,422.06,383.98,336.54,368.73,390.31,685.59,718.77,549.13
1468.78,27.67,76.11,76.11,271.24,271.24,295.77,448.95,419.48,418.93,371.79,415.61,423.83,716.34,769.18,558.76
1470.36,71.46,114.49,114.49,275.65,275.65,343.17,460.04,435.17,401.15,337.04,445.5,424.7,728.78,790.93,533.41
1471.94,106.76,147.73,147.73,265.63,265.63,351.81,423.29,415.68,383.85,307.5,446.95,390.79,755.44,744.92,492.29
1473.52,101.16,132.72,132.72,274.05,274.05,316.88,407.58,418.56,350.93,276.39,447.52,389.34,747.56,679.7,466.97
1475.09,58.75,110.23,110.23,258.37,258.37,272.18,369.36,372.26,312.83,250.16,349.65,312.11,704.24,589.04,402.87
1476.67,53.54,59.28,59.28,273.58,273.58,306.37,340.29,344.12,283.88,189.15,300.34,273.1,666.82,517.95,318.68
1478.24,35.59,25.63,25.63,256.79,256.79,315.23,293.15,282.57,237.2,186.12,225.7,191.11,589.73,447.87,264.83
1479.81,30.09,48.4,48.4,243.78,243.78,328.52,270.72,262.4,210.56,154.86,218.83,187.22,559.43,402.91,230.77
1481.38,0,62.59,62.59,244.88,244.88,371.26,247.33,233.61,197.96,137.7,174.08,177.11,480.91,334.06,208.16
1482.95,0,83.3,83.3,284.53,284.53,387.89,220.76,202.63,180.18,112.08,147.89,155.9,428.28,298.45,151.78
1484.52,0,48.43,48.43,292.3,292.3,424.63,158.56,175.36,142.11,96.56,88.43,139.8,353.76,268.95,156.18
1486.09,12.62,46.64,46.64,305.17,305.17,395.47,126.74,159.46,112.74,111.47,60.79,139.14,282.03,261.23,180.04
1487.66,18.12,49.59,49.59,303.82,303.82,419.42,97.96,152.27,81.09,91.81,83.27,150.92,174.74,173.78,201.01
1489.22,26.98,73.85,73.85,359.14,359.14,430.7,98.44,138.34,54.73,95.13,118.45,123.37,115.45,72.05,157.31
1490.79,45.94,83.08,83.08,407.45,407.45,466.63,82.84,98.01,17.19,87.44,118.92,61.11,36.47,22.79,125.29
1492.35,57.2,114.27,114.27,409.09,409.09,483.57,50.74,60.6,0,88.73,41.59,19.71,24.6,22.79,69.24
1493.92,84.65,155.33,155.33,401.95,401.95,509.05,15.57,21.68,0.23,83.23,6.41,3.7,0,22.79,59.78
1495.48,68.28,185.9,185.9,415.36,415.36,542.75,2.87,7.3,0.23,98.93,0,3.7,0,0,29.54
1497.04,96.99,207.89,207.89,481.21,481.21,601.88,2.87,14.56,0.23,110.06,0,15.87,0,0,29.54
1498.6,142.56,229.06,229.06,563.94,563.94,636.56,2.87,10.38,0,163.06,0,13.08,0,0,3.69
1500.16,185.86,284.31,284.31,573.77,573.77,648.67,0,10.38,0,151.82,0,14.97,0,0,0
1501.72,201.24,325.97,325.97,612.71,612.71,643.55,0,0,0,211.67,0,44.38,0,0,25.55
1503.27,208.81,364.82,364.82,596.86,596.86,692.31,0,0,0,193.05,0,67.01,0,0,27.69
1504.83,272.34,388.96,388.96,675,675,755.4,0,0,0,226.42,26.94,108.95,0,0,51.11
1506.38,357.06,466.95,466.95,718.69,718.69,816.69,0,0,0,237.98,44.67,150.12,0,68.11,82.85
1507.94,412.95,544.13,544.13,804.59,804.59,860.86,0,0,0,275.08,95.46,199.49,4.55,163.72,116.14
1509.49,464.15,636.28,636.28,867.81,867.81,889.68,0,0.72,0,311.15,156.17,270.85,65.49,238.96,172.76
1511.04,487.97,671.05,671.05,943.02,943.02,955.82,0,15.66,0,315.87,209.87,278.2,138.75,265.99,243.37
1512.59,540.86,723.56,723.56,1008.32,1008.32,1003.06,0,29.81,0,327.34,285,331.31,231.15,351.45,327.08
1514.14,585.71,777.03,777.03,1071.95,1071.95,1062.94,9.26,59.46,0,328.12,330.79,374.75,320.53,466.57,411.45
1515.69,632.3,857.24,857.24,1131,1131,1154.59,9.26,68.15,0,335.65,360.34,462.94,400.01,568.46,447.26
1517.24,656.18,894.4,894.4,1173.38,1173.38,1202.22,27.5,85.43,7.48,355.82,402.87,551.12,411.14,644.66,533.72
1518.79,710.35,943.2,943.2,1215.74,1215.74,1243.17,37.77,82.63,7.48,392.63,470.71,612.96,451.59,794.86,611.16
1520.34,761.36,925.5,925.5,1239.97,1239.97,1261.32,57.48,77.64,26.19,416.3,564.77,641.33,478.58,864.26,722.15
1521.88,840.78,957.88,957.88,1304.29,1304.29,1340.56,82.92,117.68,29.44,500.06,635.25,704.46,622.66,952.42,810.9
1523.42,831.82,921.88,921.88,1312.93,1312.93,1427.78,99.62,132.64,42.42,549.78,665.37,723.57,658.06,945.57,892.31
1524.97,863.81,925.5,925.5,1353.55,1353.55,1450.32,114.23,144.18,54.83,544.15,728.81,779.66,725.77,1033.03,960.36
1526.51,862.54,933.85,933.85,1369.6,1369.6,1485.27,112.88,88.09,61.62,511.26,786.68,789.84,732.24,1052.93,1029.18
1528.05,878.33,984.94,984.94,1442.4,1442.4,1470.32,116.22,78.37,89.43,522.45,835.3,845.11,721.8,1145.58,1159.75
1529.59,898.08,1066.65,1066.65,1517.51,1517.51,1490.01,133.48,67.56,132.5,574.27,908.23,902.03,760.67,1172.54,1282.64
1531.13,930.22,1065.43,1065.43,1593.71,1593.71,1509.45,136.77,85.79,153.59,594.51,909.92,968.7,794.3,1176.6,1378.95
1532.67,998.54,1111.71,1111.71,1642.78,1642.78,1570.09,155.53,101.82,176.83,592.27,947.8,1015.56,860.12,1135.85,1402.13
1534.2,1060.25,1095.72,1095.72,1622.61,1622.61,1612.81,146.32,113.87,171.76,600.1,929.77,1070.19,864.03,1091.2,1390.07
1535.74,1084.03,1110.47,1110.47,1611.18,1611.18,1618.62,127.14,97.96,189.72,556.01,918.5,1075.23,821.03,1098.29,1423.43
1537.28,1094.31,1097.72,1097.72,1575.95,1575.95,1580.63,99.43,50.85,169.82,499.78,890.75,1064.46,809.22,1055.26,1416.98
1538.81,1103.1,1120.15,1120.15,1575.92,1575.92,1585.83,114.53,26.22,162.73,481.4,868.2,1055.89,756.61,1064.09,1483.4
1540.34,1119.06,1177.74,1177.74,1569.42,1569.42,1565.22,120.1,46.72,161.44,505.54,881.84,1068.85,780.86,1056.11,1477.69
1541.88,1203.41,1246.73,1246.73,1568,1568,1636.02,155.02,95.25,193.18,534.75,919.56,1089.22,792.19,1069.88,1534.05
1543.41,1246.93,1274.9,1274.9,1577.44,1577.44,1661.69,188.42,147.25,207.72,536.81,979.47,1104.12,838.71,1108.52,1529.28
1544.94,1295.85,1310.45,1310.45,1629.96,1629.96,1754.76,241.84,167.28,244.95,532.94,1071.13,1130.1,880.31,1116.57,1522.93
1546.47,1268.6,1335.85,1335.85,1710.34,1710.34,1803.36,275.07,207.44,278.33,604.93,1146.65,1205.93,975.1,1160.14,1493.76
1547.99,1243.07,1370.63,1370.63,1754.47,1754.47,1862.71,288.32,254.62,309.72,693.98,1194.58,1289.51,1034.97,1190.13,1500.68
1549.52,1271.82,1397.69,1397.69,1798.56,1798.56,1910.69,346.15,328.39,365.37,804.32,1271.81,1391.39,1136.47,1259.75,1545.9
1551.05,1330.63,1436.81,1436.81,1809.4,1809.4,1937.74,359,350.85,373.37,877.4,1300.45,1451.68,1196.72,1296.79,1566.52
1552.57,1374.27,1449.44,1449.44,1850.76,1850.76,1929.31,384.32,361.78,386.51,865.66,1361.94,1459.16,1286.15,1348.01,1546.68
1554.1,1370.64,1445.45,1445.45,1843.86,1843.86,1918.29,370,362.39,391.67,910.66,1359.84,1464.71,1357.66,1339.31,1487.24
1555.62,1351.16,1423.29,1423.29,1884.48,1884.48,1892.79,399.48,381.48,415.63,948.83,1410.26,1484.11,1402.34,1329.12,1472.65
1557.14,1374.97,1471.08,1471.08,1917.4,1917.4,1930.92,388.87,407.14,477.51,1046.96,1425.64,1496.14,1386.33,1311.57,1491.36
1558.66,1369.49,1466.58,1466.58,1928.39,1928.39,1920.45,378.95,380.49,460.41,1062.48,1412.76,1430.57,1290.38,1279.76,1466.47
1560.18,1382.29,1447.36,1447.36,1878.01,1878.01,1911.94,314.93,359.42,465.21,1031.62,1353.5,1365.3,1225.4,1231.9,1412.22
1561.7,1417.47,1393.53,1393.53,1859.37,1859.37,1871.5,302.61,317.7,434.71,1008.17,1296.98,1316.43,1174.15,1158.45,1382.7
1563.22,1447.92,1416.31,1416.31,1838.69,1838.69,1825.36,269.53,327.22,471.45,979.99,1196.42,1276.85,1138.52,1129.96,1429.8
1564.74,1476.2,1455.58,1455.58,1823.19,1823.19,1791.72,292.24,303.88,486.99,958.33,1070.7,1218.45,1070.07,1131.99,1414.76
1566.25,1424.53,1459.23,1459.23,1799.76,1799.76,1750.49,261.64,282.56,460.21,859.05,957.39,1149.78,1034.36,1090.74,1364.44
1567.77,1427.91,1431.6,1431.6,1751.39,1751.39,1714.65,250.06,242.92,392.46,779.51,880.14,1076.51,992.71,1029.57,1313.2
1569.28,1403.56,1385.58,1385.58,1691.98,1691.98,1663.1,235.39,207.19,363.95,712.91,875.51,1021.53,952.68,953.68,1343.57
1570.79,1373.37,1357.71,1357.71,1638.42,1638.42,1644.73,239.85,173.59,366.56,724.15,799.05,949.06,939.82,923.96,1357.79
1572.31,1324,1359.67,1359.67,1630.03,1630.03,1647.54,268.1,186.12,406.65,748.89,814.44,914.43,946.8,914.09,1328.51
1573.82,1277.02,1303.68,1303.68,1639.37,1639.37,1679.4,273.37,212.67,408.74,780.02,840.22,915.19,950.18,972.62,1275.3
1575.33,1268.63,1274.62,1274.62,1644,1644,1633.22,309.55,249.79,413.42,804.1,890.29,971.9,942.51,1051.76,1259.04
1576.84,1297.51,1196.16,1196.16,1631.91,1631.91,1594.31,304.96,242.15,393.99,846.45,874.64,1039.9,966.11,1107.85,1230.05
1578.34,1277.32,1201.97,1201.97,1565.44,1565.44,1492.36,291.61,220.74,361.81,812.08,829.6,988.84,921.33,1074.22,1170.69
1579.85,1254.95,1212.27,1212.27,1432.47,1432.47,1413.58,219.06,194.47,325.09,761.21,775.07,895.29,841.72,1043.43,1058.83
1581.36,1189.4,1229.39,1229.39,1266.01,1266.01,1307.96,144.63,122.32,276.5,663.5,664.03,760.9,723.95,998.47,961.46
1582.86,1178.67,1256.33,1256.33,1171.05,1171.05,1221.52,104.66,112.63,262.7,625.63,557.5,678.68,666,965.01,930.27
1584.37,1134.99,1203.31,1203.31,1115.14,1115.14,1159.46,113.04,72.62,243.91,607.13,508.02,625.85,672.77,895.27,918.46
1585.87,1107.34,1178,1178,1113.63,1113.63,1132.12,154.1,120.96,268.81,622.02,584.93,651.07,677.6,895.92,991.04
1587.37,1061.73,1099.06,1099.06,1124.5,1124.5,1130.17,179.51,147.32,304.72,651.96,647.56,724.34,720.15,933.29,1043.34
1588.87,1033.5,1071.83,1071.83,1098.43,1098.43,1079.61,184.26,173.35,340.31,621.95,656.58,730,701.74,936.05,1050.69
1590.37,991.19,1006.53,1006.53,1013.97,1013.97,1010.32,157.58,158.62,344.13,565.54,628.86,688.6,732.61,881.74,1027.97
1591.87,962.03,984.71,984.71,885.33,885.33,932.19,126.02,125.35,286.42,493.96,574.98,612.36,727.31,822.59,960.76
1593.37,931.9,936.59,936.59,776.09,776.09,845.78,112.81,122.75,244.38,464.75,544.48,580.83,717.05,819.83,933.25
1594.86,901.71,913.73,913.73,714.78,714.78,757.64,122.83,128.72,204.57,437.82,471.91,540.25,690.39,829.34,882.69
1596.36,828.21,881.91,881.91,667.51,667.51,700.21,153.53,147.37,230.45,432.59,493.06,551.37,677.78,802.22,869.16
1597.86,785.19,868.57,868.57,659.41,659.41,727.27,215.02,207.47,260.78,466.18,579.7,581.32,739.32,820.26,893.46
1599.35,685.76,785.15,785.15,678.58,678.58,696.94,239.73,249.48,301.01,494.38,653.27,639.86,754.79,839.23,884.36
1600.84,654.03,690.77,690.77,645.13,645.13,637.98,262.46,244.16,308.92,477.61,657.55,624.45,785.98,820.91,828.97
1602.33,624.11,612.86,612.86,569.16,569.16,531.51,237.97,236.95,298.61,413.33,580.32,566.53,720.65,723.41,718.39
1603.83,595.11,569.88,569.88,487.8,487.8,470.31,248.38,221.65,277.54,368.97,513.02,508.2,656.24,621.84,629.08
1605.32,574.26,493.04,493.04,465.25,465.25,460.26,280.25,272.13,293.92,355.44,484.21,493.36,604.65,578.76,626.25
1606.8,498.65,427.11,427.11,425.97,425.97,471.47,289.34,258.18,270.53,329.16,458.65,505.12,550.33,522.6,591.35
1608.29,446.74,364.56,364.56,296.73,296.73,385.05,238.44,242.57,226.81,241.59,380.8,401.24,466.7,430.81,461.15
1609.78,358.86,322.03,322.03,156.86,156.86,243.34,153.21,158.3,129.11,138.39,226.66,234.73,290.11,282.72,257.32
1611.27,285.78,254.97,254.97,50.99,50.99,78.14,63.21,79.14,61.43,51.23,88.99,72.81,148.67,136.82,83.2
1612.75,249.74,229.94,229.94,16.23,16.23,27.11,31,19.9,19.8,18.51,18.29,7.08,44.49,38.11,30.62
1614.23,225.05,193.27,193.27,0,0,0,0,0,0,0,0,0,8.86,0,0
1615.72,181.16,146.74,146.74,0,0,0,0,0,0,0,0,0,0,0,0
1617.2,145.85,77.12,77.12,0,0,0,0,0,0,0,0,0,0,0,0
1618.68,117.13,28.09,28.09,0,0,0,22.69,33.51,0,0,0,0,0,0,0
1620.16,130.87,38.85,38.85,0,0,0,52.84,69.35,9.4,0,0,30.25,0,0,0
1621.64,112.63,50.64,50.64,0,0,0,70.44,120.19,22.33,0,6.43,43.95,0,0,0
1623.12,61.83,44.06,44.06,0,0,0,53.36,95.07,22.33,0,6.43,43.95,0,0,0
1624.59,18.4,18.3,18.3,0,0,0,23.21,59.23,12.92,0,6.43,13.7,0,0,0
1626.07,0,0,0,0,0,0,5.61,8.39,0,0,0,0,0,0,0
1627.54,0,0,0,0,0,0,0,0,0,0,0,0,0,0,0
1629.02,0,0,0,0,0,0,0,0,0,0,0,0,0,0,0
1630.49,0,0,0,0,0,0,0,0,0,0,0,0,0,0,0
1631.96,0,0,0,0,0,0,0,0,0,0,0,0,0,0,0
1633.43,0,0,0,0,0,0,0,0,0,0,0,0,0,0,0
1634.9,0,0,0,0,0,0,0,0,0,0,0,0,0,0,0
1636.37,0,0,0,0,0,0,0,0,0,0,0,0,0,0,0
1637.84,0,0,0,0,0,0,0,0,0,0,0,0,0,0,0
1639.31,0,0,0,0,0,0,0,0,0,0,0,0,0,0,0
1640.77,0,0,0,0,0,0,0,0,0,0,0,0,0,0,0
1642.24,0,0,0,0,0,0,0,0,0,0,0,0,0,0,0
1643.7,0,0,0,0,0,0,0,0,0,0,0,0,0,0,0
1645.17,0,0,0,0,0,0,0,0,0,0,0,0,0,0,0
1646.63,0,0,0,0,0,0,0,0,0,0,0,0,0,0,0
1648.09,0,0,0,0,0,0,0,0,0,0,0,0,0,0,0
1649.55,0,0,0,0,0,0,0,0,0,0,0,0,0,0,0
1651.01,0,0,0,0,0,0,0,0,0,0,0,0,0,0,0
1652.46,0,0,0,0,0,0,0,0,0,0,0,0,0,0,0
1653.92,0,0,0,0,0,0,0,0,0,0,0,0,0,0,0
1655.38,0,0,0,0,0,0,0,0,0,0,0,0,0,0,0
1656.83,0,0,0,0,0,0,0,0,0,0,0,0,0,0,0
1658.29,0,0,0,0,0,0,0,0,0,0,0,0,0,0,0
1659.74,0,0,0,0,0,0,0,0,0,0,0,0,0,0,0
1661.19,0,0,0,0,0,0,0,0,0,0,0,0,0,0,0
1662.64,0,0,0,0,0,0,0,0,0,0,0,0,0,0,0
1664.09,0,0,0,0,0,0,0,0,0,0,0,0,0,0,0
1665.54,0,0,0,0,0,0,0,0,0,0,0,0,0,0,0
1666.99,0,0,0,0,0,0,0,0,0,0,0,0,0,0,0
1668.44,0,0,0,0,0,0,0,0,0,0,0,0,0,0,0
1669.88,0,0,0,0,0,0,0,0,0,0,0,0,0,0,0
1671.33,0,0,0,0,0,0,0,0,0,0,0,0,0,0,0
1672.77,0,0,0,0,0,0,0,0,0,0,0,0,0,0,0
1674.21,0,0,0,0,0,0,0,0,0,0,0,0,0,0,0
1675.66,0,0,0,0,0,0,0,0,0,0,0,0,0,0,0
1677.1,0,0,0,0,0,0,0,0,0,0,0,0,0,0,0
1678.54,0,0,0,0,0,0,0,0,0,0,0,0,0,0,0
1679.97,0,0,0,0,0,0,0,0,0,0,0,0,0,0,0
1681.41,0,0,0,0,0,0,0,0,0,0,0,0,0,0,0
1682.85,0,0,0,0,0,0,0,0,0,0,0,0,0,0,0
1684.29,0,0,0,0,0,0,0,0,0,0,0,0,0,0,0
1685.72,0,0,0,0,0,0,0,0,0,0,0,0,0,0,0
1687.15,0,0,0,0,0,0,0,0,0,0,0,0,0,0,0
1688.59,0,0,0,0,0,0,0,0,0,0,0,0,0,0,0
1690.02,0,0,0,0,0,0,0,0,0,0,0,0,0,0,0
1691.45,0,0,0,0,0,0,0,0,0,0,0,0,0,0,0
1692.88,0,0,0,0,0,0,0,0,0,0,0,0,0,0,0
1694.31,0,0,0,0,0,0,0,0,0,0,0,0,0,0,0
1695.74,0,0,0,0,0,0,0,0,0,0,0,0,0,0,0
1697.16,0,0,0,0,0,0,0,0,0,0,0,0,0,0,0
1698.59,0,0,0,0,0,0,0,0,0,0,0,0,0,0,0
1700.01,0,0,0,0,0,0,0,0,0,0,0,0,0,0,0
1701.44,0,0,0,0,0,0,0,0,0,0,0,0,0,0,0
1702.86,0,0,0,0,0,0,0,0,0,0,0,0,0,0,0
1704.28,0,0,0,0,0,0,0,0,0,0,0,0,0,0,0
1705.7,0,0,0,0,0,0,0,0,0,0,0,0,0,0,0
1707.12,0,0,0,0,0,0,0,0,0,0,0,0,0,0,0
1708.54,0,0,0,0,0,0,0,0,0,0,0,0,0,0,0
1709.96,0,0,0,0,0,0,0,0,0,0,0,0,0,0,0
1711.38,0,0,0,0,0,0,0,0,0,0,0,0,0,0,0
1712.79,0,0,0,0,0,0,0,0,0,0,0,0,0,0,0
1714.21,0,0,0,0,0,0,0,0,0,0,0,0,0,0,0
1715.62,0,0,0,0,0,0,0,0,0,0,0,0,0,0,0
1717.04,0,0,0,0,0,0,0,0,0,0,0,0,0,0,0
1718.45,0,0,0,0,0,0,0,0,0,0,0,0,0,0,0
1719.86,0,0,0,0,0,0,0,0,0,0,0,0,0,0,0
1721.27,0,0,0,0,0,0,0,0,0,0,0,0,0,0,0
1722.68,0,0,0,0,0,0,0,0,0,0,0,0,0,0,0
1724.08,0,0,0,0,0,0,0,0,0,0,0,0,0,0,0
1725.49,0,0,0,0,0,0,0,0,0,0,0,0,0,0,0
1726.9,0,0,0,0,0,0,0,0,0,0,0,0,0,0,0
1728.3,0,0,0,0,0,0,0,0,0,0,0,0,0,0,0
1729.71,0,0,0,0,0,0,0,0,0,0,0,0,0,0,0
1731.11,0,0,0,0,0,0,0,0,0,0,0,0,0,0,0
1732.51,0,0,0,0,0,0,0,0,0,0,0,0,0,0,0
1733.91,0,0,0,0,0,0,0,0,0,0,0,0,0,0,0
1735.31,0,0,0,0,0,0,0,0,0,0,0,0,0,0,0
1736.71,0,0,0,0,0,0,0,0,0,0,0,0,0,0,0
1738.11,0,0,0,0,0,0,0,0,0,0,0,0,0,0,0
1739.51,0,0,0,0,0,0,0,0,0,0,0,0,0,0,0
1740.9,0,0,0,0,0,0,0,0,0,0,0,0,0,0,0
1742.3,0,0,0,0,0,0,0,0,0,0,0,0,0,0,0
1743.69,0,0,0,0,0,0,0,0,0,0,0,0,0,0,0
1745.08,0,0,0,0,0,0,0,0,0,0,0,0,0,0,0
1746.48,0,0,0,0,0,0,0,0,0,0,0,0,0,0,0
1747.87,0,0,0,0,0,0,0,0,0,0,0,0,0,0,0
1749.26,0,0,0,0,0,0,0,0,0,0,0,0,0,0,0
1750.65,0,0,0,0,0,0,0,0,0,0,0,0,0,0,0
1752.03,0,0,0,0,0,0,0,0,0,0,0,0,0,0,0
1753.42,0,0,0,0,0,0,0,0,0,0,0,0,0,0,0
1754.81,0,0,0,0,0,0,0,0,0,0,0,0,0,0,0
1756.19,0,0,0,0,0,0,0,0,0,0,0,0,0,0,0
1757.58,0,0,0,0,0,0,0,0,0,0,0,0,0,0,0
1758.96,0,0,0,0,0,0,0,0,0,0,0,0,0,0,0
1760.34,0,0,0,0,0,0,0,0,0,0,0,0,0,0,0
1761.72,0,0,0,0,0,0,0,0,0,0,0,0,0,0,0
1763.1,0,0,0,0,0,0,0,0,0,0,0,0,0,0,0
1764.48,0,0,0,0,0,0,0,0,0,0,0,0,0,0,0
1765.86,0,0,0,0,0,0,0,0,0,0,0,0,0,0,0
1767.24,0,0,0,0,0,0,0,0,0,0,0,0,0,0,0
1768.61,0,0,0,0,0,0,0,0,0,0,0,0,0,0,0
1769.99,0,0,0,0,0,0,0,0,0,0,0,0,0,0,0
1771.36,0,0,0,0,0,0,0,0,0,0,0,0,0,0,0
1772.73,0,0,0,0,0,0,0,0,0,0,0,0,0,0,0
1774.1,0,0,0,0,0,0,0,0,0,0,0,0,0,0,0
1775.48,0,0,0,0,0,0,0,0,0,0,0,0,0,0,0
1776.85,0,0,0,0,0,0,0,0,0,0,0,0,0,0,0
1778.21,0,0,0,0,0,0,0,4.04,0,0,0,0,0,0,0
1779.58,0,0,0,0,0,0,0,4.04,0,0,0,0,0,0,0
1780.95,0,0,0,0,0,0,0,4.04,0,0,0,0,0,0,0
1782.32,0,0,0,0,0,0,0,0,0,0,0,0,0,0,0
1783.68,0,0,0,0,0,0,0,0,0,0,0,0,0,0,0
1785.04,0,0,0,0,0,0,0,0,0,0,0,0,0,0,0
1786.41,0,0,0,0,0,0,0,0,0,0,0,0,0,0,0
1787.77,0,0,0,0,0,0,0,0,0,0,0,0,0,0,0
1789.13,0,0,0,0,0,0,0,0,0,0,0,0,0,0,0
1790.49,0,0,0,0,0,0,0,0,0,0,0,0,0,0,0
1791.85,0,0,0,0,0,0,0,0,0,0,0,0,0,0,0
1793.21,0,0,0,0,0,0,0,0,0,0,0,0,0,0,0
1794.57,0,0,0,0,0,0,0,0,0.26,0,0,0,0,0,0
1795.92,0,0,0,0,0,0,11.54,5.98,0.26,13.85,0,0,0,0,0
1797.28,0,0,0,0,0,0,21.97,24.74,3.8,36,26.92,18.92,0,1.53,0
1798.63,0,0,0,0,0,0,53.27,52.61,26.42,70.75,53.11,65.16,14.93,1.53,14.54
1799.98,0,0,0,0,0,0,63.87,65.24,33.62,84.22,76.53,88.35,28.77,1.53,14.54
1801.34,0,0,0,0,0,0,70.85,62.59,48.34,78.7,80.65,92.63,35.25,5.91,36.8
1802.69,0,0,0,0,0,0,54.55,59.99,39.11,62.51,88.41,64.89,35.07,20.25,37.86
1804.04,0,0,0,0,0,0,62.29,62.43,37.26,58.98,104.82,89.12,28.52,38.65,60.09
1805.39,0,0,0,0,0,0,69.52,49.37,20.24,48.9,110.98,103.11,43.39,32.75,47.86
1806.73,0,0,0,0,0,0,55.02,36.9,13.49,68.36,102,112.29,28.64,43.32,48.81
1808.08,0,0,0,0,0,0,25.14,15.85,8.14,51.38,62.18,86,21.35,56.42,39.95
1809.43,0,0,0,0,0,0,0.49,12.8,6.9,44.84,24.98,48.81,0,56.42,29.92
1810.77,0,0,0,0,0,0,0,0,0,9.41,0,21.13,0,31.5,13.36
1812.12,0,0,0,0,0,0,0,0,0,2.59,0,0,0,0,0
1813.46,0,0,0,0,0,0,0,0,0,2.59,0,0,0,0,0
1814.8,0,0,0,0,0,0,0,0,0,3.24,0,0,0,0,0
1816.14,0,0,0,0,0,0,0,0,0,23.58,0,0,0,0,0
1817.48,0,0,0,0,0,0,0,0,0,42.75,16.47,8.24,39.34,16.42,0
1818.82,0,0,0,0,0,0,22,21.1,9.35,101.36,35.84,36.76,57.57,74.22,27.52
1820.16,0,0,0,0,0,0,27.74,21.1,9.35,101.4,53.61,58.73,89.87,105.57,46.82
1821.5,0,0,0,0,0,0,37.96,28.88,20.21,125.2,66.37,78.97,95.95,123.78,86.95
1822.83,0,0,0,0,0,4.24,48.3,25.93,35,104.54,82.64,97.04,147.54,129.16,101.67
1824.17,0,0,0,0,0,22.14,63.9,35.64,52.94,134.75,122.1,121.63,142.31,134.7,95.22
1825.5,0,0,0,31.56,31.56,39.18,77.88,60.33,76.35,133.94,134.5,162.18,164.7,159.86,131.39
1826.83,0,0,0,37.28,37.28,55.06,90.23,66.39,72.81,150.77,137.86,175.67,150.04,169.63,148.5
1828.17,0,0,0,37.28,37.28,52.56,124.28,97.48,79.64,150.92,124.51,196.78,176.99,198.34,183.88
1829.5,0,0,0,7.67,7.67,40.12,111.47,98.39,61.29,151.49,120.22,176.29,187.33,201.77,156.31
1830.83,0,2.61,2.61,2.79,2.79,19.99,84.49,88.45,65.42,150.15,126.99,141.19,163.4,182.92,139.45
1832.16,0,7.54,7.54,2.79,2.79,4.6,47.09,71.1,59.14,142.33,101.93,134.92,188.63,142.56,146.75
1833.49,0,11.42,11.42,1.56,1.56,9.53,52.95,50.34,53.46,159.71,112.37,132.83,176.03,124.03,126.21
1834.81,0,15.61,15.61,0.73,0.73,9.53,40.74,36.08,28.74,129.96,67.65,121.23,187.93,104.99,94.83
1836.14,0,10.67,10.67,0.73,0.73,9.53,23.67,12.62,12.46,129.61,61.32,82.02,143.21,103.66,61.15
1837.46,0,6.79,6.79,0,0,0,6.41,2.52,2.22,94.8,13.53,35.59,77.66,86.82,61.3
1838.79,0,0,0,0,0,0,7.63,2.52,2.22,103.62,14.97,23.49,34.53,79.58,59.7
1840.11,7.93,3.6,3.6,5.18,5.18,0,11.77,7.48,9.82,110.29,53.24,20.54,15.74,105.49,76.26
1841.43,14.91,3.6,3.6,18.31,18.31,7.93,21.5,18.15,35.13,136.05,98.85,73.69,60.66,123.78,91.85
1842.75,22.36,7.48,7.48,53.44,53.44,45.14,27.59,48.32,61.01,181.21,169.55,136.51,156.13,161.43,137.81
1844.07,25.74,40.83,40.83,67.11,67.11,74.02,53.49,89.28,85.05,194.11,210.64,211.38,223.14,192.13,183.14
1845.39,45.33,68.93,68.93,123.93,123.93,128.01,97.98,132.48,107.67,234.87,266.55,266.06,263.64,253.3,225.62
1846.71,37.89,65.05,65.05,132.12,132.12,137.38,109.28,120.83,91.78,229.03,272.5,260.79,252.84,261.51,236.13
1848.03,28.68,28.1,28.1,147.67,147.67,156.44,112.71,101.32,80.7,237.27,264.16,232.56,240.42,248.09,223.33
1849.34,14.02,38.4,38.4,117.04,117.04,136.99,91.74,104.06,79.53,218.02,238.65,184.48,239.81,220.14,258.01
1850.66,52.15,59.88,59.88,112.65,112.65,126.12,98.45,121.83,97.06,214.06,237.06,198.34,239.13,233.78,275.93
1851.97,83.35,101.75,101.75,148.08,148.08,146.06,121.09,148.85,123.85,209.28,273.96,248,280.6,283.23,304.33
1853.29,108.86,91.56,91.56,178.75,178.75,179.25,143.08,151.23,147.66,243.12,346.79,308.26,330.32,310.25,300.64
1854.6,88.14,113.45,113.45,210.12,210.12,215.47,171.88,176.09,160.95,281.36,388.65,346.56,366.75,344.64,336.65
1855.91,115.51,132.78,132.78,246.18,246.18,255.05,206.82,194.41,192.04,310.33,392.21,376.88,390.54,367.39,368.67
1857.22,110.31,139.86,139.86,248.59,248.59,251.99,201.56,174.21,163.61,289.37,354.48,386.24,362.69,382.83,354.05
1858.53,130.76,143.59,143.59,275.25,275.25,265.84,198.32,165.36,181.2,286.36,347.33,414.53,343.76,364.18,360
1859.84,92.29,112.07,112.07,255.27,255.27,262.38,152.23,145.66,140.93,283.41,331.55,393.84,323.86,340.55,329.64
1861.15,99.92,117.97,117.97,252.3,252.3,269.6,132.26,165.75,143.47,308.85,345.47,376.18,323.32,303.6,333.97
1862.45,111.75,126.41,126.41,217.79,217.79,260.63,109.88,159.76,120.59,267.46,344.52,323.32,330.92,289.79,321.08
1863.76,156.44,145.71,145.71,230.41,230.41,268.11,134.75,173.01,139.96,286.24,398.05,332.6,345.99,310.44,353.66
1865.06,170.33,131.2,131.2,234.83,234.83,268.73,159.19,165.51,143.57,278.86,405.72,341.35,373.52,333.21,346.35
1866.36,169.54,122.67,122.67,290.81,290.81,286.24,188.32,182.7,173.54,339.42,428.97,420.35,389.96,339.89,355.95
1867.67,150.93,102.34,102.34,304.58,304.58,294.88,206.03,187.13,186.76,358.81,427.02,439.81,396.2,342.69,342.67
1868.97,161.42,126.41,126.41,360.03,360.03,330.87,238.53,223.37,213.78,369.59,462.42,509.63,409.8,377.84,390.07
1870.27,149.32,131.91,131.91,354.82,354.82,352.2,251.17,247.4,224.59,361.42,496.85,512.8,416.08,435,417.47
1871.57,141.41,166.59,166.59,363.73,363.73,364.65,260.05,273.01,220.33,375.08,525.07,534.77,421.15,449.27,453.99
1872.87,153.03,156.14,156.14,378.09,378.09,379.22,254.84,253.53,209.3,371.56,533.75,522.19,418.02,458,449.3
1874.16,153.29,156.98,156.98,362.01,362.01,363.02,249.32,232.4,185.63,366.66,504.35,501.52,408.45,429.63,435.16
1875.46,156.62,138.23,138.23,345.27,345.27,333.49,206.93,186.73,163.09,332.13,455.29,479.2,390.9,409.26,421.69
1876.75,147.04,147.57,147.57,299.52,299.52,318.97,203.66,186.53,167.02,334.31,441.58,464.23,370.36,402.56,442.22
1878.05,155.09,136.19,136.19,315.34,315.34,336,196.42,190.34,176.97,341.43,455.44,473.15,407.71,405.75,446.31
1879.34,167.88,164.9,164.9,328.15,328.15,344.7,217.63,216.62,199.04,354.26,476.31,496.75,430.41,426.28,454.72
1880.63,181.42,186.68,186.68,360.29,360.29,375.73,214.31,209.36,211.58,376.13,486.52,509.36,456.46,448.8,461.14
1881.93,206.81,225.64,225.64,381.54,381.54,374.2,239.56,213.01,226.37,405.15,502.19,504.76,442.61,463.11,461.99
1883.22,219.83,200.56,200.56,385.34,385.34,380.56,243.82,221.67,232.5,411.77,509.09,473.72,430.33,440.96,437.73
1884.51,207.81,183.11,183.11,374.36,374.36,352.8,224.1,205.68,194.65,392.32,468.22,432.9,419.28,396.03,384.68
1885.79,207.31,176.84,176.84,369.48,369.48,346.48,208.29,200.93,184.71,376.02,437.46,419.87,422.33,381.21,385.74
1887.08,212.99,198.75,198.75,358.36,358.36,321.6,180.04,165.08,163.67,355.19,398.15,398.28,395.17,362.83,399.56
1888.37,208.08,232.73,232.73,367.9,367.9,312.37,185.59,170.36,181.42,331.08,411.18,388.36,383.67,383.1,419.04
1889.65,191.01,221.89,221.89,373.21,373.21,332.58,161.37,147.2,170.42,315.44,432.32,424.89,377.62,417.81,414.95
1890.94,170.79,221.22,221.22,400.28,400.28,370.89,174.05,165.95,187.65,333.94,453.58,465.19,426.34,452.62,422.62
1892.22,205.64,226.62,226.62,425.67,425.67,422.52,217.86,207.16,202.01,383.48,492.16,524.16,469.72,473.09,471.61
1893.5,209.34,212.2,212.2,423.15,423.15,432.57,251.9,240.93,206.93,395.49,523.19,534.89,466.21,455.98,517.03
1894.78,255.1,228.5,228.5,445.28,445.28,445.61,285.73,266.83,240.32,409.2,557.55,548.96,498.7,494.87,538.77
1896.06,217.37,222.98,222.98,436.5,436.5,441.75,278.8,264.63,242.94,390.05,550.68,531.13,466.28,502.84,538.59
1897.34,235.59,245.41,245.41,443.25,443.25,456.09,270.87,257.77,250.9,402.49,531.69,523.85,490.08,499.69,494.29
1898.62,219.54,242.9,242.9,448.65,448.65,453.73,257.73,240.7,234.99,397.28,539.03,521.23,462.87,459.85,490.3
1899.9,227.67,231.57,231.57,448.14,448.14,430.47,229.82,222.52,234.65,402.21,530.47,522.7,467.43,423.11,460.06
1901.18,245.53,251.62,251.62,454.27,454.27,406.19,235.7,209.14,229.76,400.5,535.24,510.5,459.97,434.67,486.13
1902.45,234.67,227.29,227.29,428.92,428.92,394.77,210.26,193.43,184.55,374.7,512.22,473.51,412.05,416.1,463.07
1903.72,242.09,236.57,236.57,414.11,414.11,389.88,217.16,189.73,164.35,372.48,488.4,457.06,400.34,433.4,454.2
1905,228.24,240.24,240.24,406.59,406.59,394.96,200.5,189.14,163.93,341.61,453.57,455.26,389.28,431.34,437.3
1906.27,234.44,256.3,256.3,411.38,411.38,388.01,213.97,201.35,184.97,341.1,440.06,453.11,399.54,446.59,435.37
1907.54,214.71,258.74,258.74,401.14,401.14,400.37,211.56,207.67,188.47,339.27,450.87,420.94,427.45,412.47,433.41
1908.81,209.8,237.02,237.02,394.3,394.3,398.47,223.04,220.22,177.86,349.91,452.44,406.53,420.77,393.44,442.53
1910.08,220.73,252.79,252.79,396.88,396.88,427.65,230.08,219.33,193.14,363.67,478.76,432.87,433.86,406.48,461.06
1911.35,222.94,235.84,235.84,408.31,408.31,417.68,205.79,212.45,192.44,342.34,477.29,448.09,386.48,438.72,433.11
1912.62,196.98,226.72,226.72,400.14,400.14,418.46,182.06,189.79,184.96,320.46,446.24,419.39,387.85,436.04,382.91
1913.88,184.52,212.09,212.09,386.38,386.38,414.64,164.56,193.36,172.05,313.05,414.62,399.11,401.3,413.77,368.78
1915.15,188.66,203.06,203.06,395.8,395.8,426.34,173.73,176.93,174.47,326.2,415.86,408.02,440.29,414.68,400.49
1916.41,210.19,210.42,210.42,418.51,418.51,440.33,184.35,186.96,193.35,330.36,441.07,424.25,429.58,427.89,440.5
1917.68,215.77,211.82,211.82,425.18,425.18,429.62,215.41,177.43,193.67,329.87,442.59,418.11,424.18,430.4,430.48
1918.94,243.5,246.71,246.71,409.58,409.58,395.3,210.7,175.12,189.89,321.16,394.19,400.05,391.52,393.98,407.18
1920.2,249.51,264.54,264.54,387.48,387.48,358.83,193.99,153.48,172.78,308.02,384.32,371.19,376.05,345.41,377.07
1921.46,248.57,247.74,247.74,371.01,371.01,347.32,148.06,134.96,147.78,294.55,354.76,368.29,361.22,340.46,367.91
1922.72,277.01,222.32,222.32,379.82,379.82,373.76,146.25,141.88,136.9,310.08,371.16,369.36,370.69,361.13,366.03
1923.98,268.38,212.17,212.17,390.8,390.8,378.37,132.09,162.47,128.69,306.51,372.08,392.95,374.68,390.32,390.67
1925.24,258.8,235.06,235.06,422.4,422.4,394.6,158.39,196.17,159.92,311.94,378.31,433.5,362.63,399.46,420.59
1926.49,219.48,215.54,215.54,414.16,414.16,382.66,169.35,194.2,164.15,285.26,363.38,445.24,358.77,367.45,423.35
1927.75,226.87,209.73,209.73,407.88,407.88,413.35,202.42,203.35,174.17,288.59,362.09,445.27,370.87,368.05,395.39
1929,227.86,189.85,189.85,377.08,377.08,411.86,193.82,183.16,160.18,268.8,374.32,420.82,373.81,348.16,355.6
1930.26,222.89,203.34,203.34,381.24,381.24,411.99,184.66,177.41,160.64,261.01,379.84,421,354.39,352.89,358.09
1931.51,252.41,213.31,213.31,404.77,404.77,398.5,198.73,183.55,198.32,290,395.43,434.24,362.03,351.34,391.3
1932.76,235.41,228.76,228.76,413.36,413.36,395.41,175.35,166.24,192.22,294.1,395.09,408.55,354.74,326.18,385.23
1934.01,247.11,227.25,227.25,418.55,418.55,399.25,176.74,180.04,200.9,319.19,421.71,393.49,348.07,349.64,376.44
1935.26,227.86,207.43,207.43,409.02,409.02,397.37,162.57,162.95,161.02,271.61,407.28,362.71,300.36,320.7,331.26
1936.51,230.2,191.54,191.54,384.3,384.3,380.31,171.06,177.51,150.15,258.58,404.37,367.11,294.15,349.94,355.91
1937.76,209.57,186.69,186.69,375.86,375.86,370.85,160.67,156.52,134.04,227.54,354.41,352.46,278.89,307.78,320.5
1939,184.64,186.53,186.53,335.35,335.35,334.33,141.04,136.64,106.38,214.82,309.07,333.42,282.26,295.56,301.02
1940.25,161.86,194.84,194.84,333.54,333.54,327.53,138.63,109.97,100.93,194.88,255.12,288.45,257.35,252.4,258.26
1941.49,169.23,196.63,196.63,312.11,312.11,322.43,124.44,108.52,108.04,196.37,273.23,279.87,272.5,237.95,258.21
1942.74,167.51,190.67,190.67,346.17,346.17,355.15,125.57,138.73,140.48,220.73,307.52,305.46,255.48,262.66,276.98
1943.98,175.28,183.86,183.86,371.93,371.93,388.59,145.25,177.16,185.13,256.86,353.87,363.43,261.86,276.41,313.8
1945.22,137.85,186.51,186.51,394.39,394.39,406.06,169.15,212.13,189.67,250.09,376.27,389.8,263.62,301.88,339.66
1946.46,133.45,191.19,191.19,401.45,401.45,420.46,189.15,211.54,202.98,250.64,375.95,403.11,285.33,315.62,357.78
1947.7,143.75,208.56,208.56,417.09,417.09,405.45,201.59,197.05,185.73,232.5,371.58,411.03,285.31,327.95,345.5
1948.94,169.85,207.4,207.4,397.77,397.77,373.14,205.9,175.45,182.02,222.46,370.25,404.67,280.68,332,319.59
1950.18,191.32,189.26,189.26,373.7,373.7,358.09,192.99,173.61,163.43,199.06,361.54,373.25,273.99,300.97,298.95
1951.41,204.25,180.26,180.26,349.66,349.66,345.41,174.95,174.32,141.37,192.09,349.22,300.21,259.69,273.65,288.33
1952.65,209.44,188.5,188.5,351.77,351.77,357.87,164.24,161.02,139.32,190.99,323.72,253.33,246.2,243.48,298.87
1953.88,179.09,168.88,168.88,319.56,319.56,323.02,149.74,128.59,128.8,178.31,279.27,216.5,244.1,207.02,271.44
1955.12,165.77,163.6,163.6,281.61,281.61,282.76,111.01,97.27,103.73,143.28,229.09,184.93,228.94,179.81,218.26
1956.35,121.47,145.35,145.35,254.23,254.23,251.76,90.7,92.05,83.09,133.22,208.51,156.63,175.04,163.53,187.01
1957.58,102.53,152.45,152.45,210.11,210.11,227,70.17,82.93,53.22,99.14,173.53,111.6,96.75,132.84,141.67
1958.81,88.39,112.35,112.35,168.33,168.33,210.59,47.18,69.68,42.56,85.15,132.27,66.28,36.96,107.18,102.03
1960.04,92.82,97.15,97.15,129.69,129.69,151.66,19.84,50.75,18.55,38.68,54.83,28.11,22.19,75.66,61.86
1961.27,83.16,98.19,98.19,112.52,112.52,116.86,2.25,28.44,12.17,35.08,26.18,6.03,26.57,68.29,36.3
1962.5,69.19,91.24,91.24,101.91,101.91,93.97,10,16.8,6.16,15.67,6.28,6.03,26.57,42.16,30.85
1963.72,81.35,86.09,86.09,106.33,106.33,140.44,23.95,16.5,13.45,27.79,21.63,11.97,37.26,57.4,35.43
1964.95,84.97,58.72,58.72,97.43,97.43,126.25,23.95,16.5,13.45,19.91,21.63,11.97,22.83,45,36.9
1966.17,77.05,56.49,56.49,86.87,86.87,111.75,15.21,16.5,15.26,25.62,21.63,11.97,22.83,43.17,51.52
1967.4,67.26,71.7,71.7,58,58,55.94,0,0,1.81,5.71,0,0,0,1.84,24.67
1968.62,73.04,84.49,84.49,50.24,50.24,67.25,0,0,1.81,5.71,0,0,0,0,23.2
1969.84,62.72,77.5,77.5,34.28,34.28,51.35,0,0,0,0,0,0,0,0,0
1971.06,33.87,39.64,39.64,35.33,35.33,51.46,0,0,0,0,0,0,0,0,0
1972.28,29.02,53.12,53.12,27.16,27.16,50.81,0,0,0,0,0,0,0,0,0
1973.5,25.41,48.49,48.49,24.89,24.89,44.61,0,0,0,0,0,0,0,0,0
1974.72,28.13,78.88,78.88,13.17,13.17,39.3,0,0,0,0,0,0,0,0,0
1975.94,8.76,60.15,60.15,14.02,14.02,26.45,0,0,0,0,0,0,0,0,0
1977.15,3.92,64.88,64.88,9.89,9.89,22.09,0,0,0,0,0,0,0,0,0
1978.37,6.9,29.5,29.5,0.85,0.85,15.13,0,0,0,0,0,0,0,0,0
1979.58,9.11,28.34,28.34,0,0,0,0,0,0,0,0,0,0,0,0
1980.79,28.37,31.63,31.63,0,0,0,0,0,0,0,0,0,0,0,0
1982,41.82,32.71,32.71,0,0,0,0,0,0,0,0,0,0,0,0
1983.22,38.41,20.65,20.65,0,0,0,0,0,0,0,0,0,0,0,0
1984.43,19.15,5.65,5.65,0,0,0,0,0,0,0,0,0,0,0,0
1985.63,0,0,0,0,0,0,0,0,0,0,0,0,0,0,0
1986.84,0,0,0,0,0,0,0,0,0,0,0,0,0,0,0
1988.05,0,0,0,0,0,0,0,0,0,0,0,0,0,0,0
1989.25,0,0,0,0,0,0,0,0,0,0,0,0,0,0,0
1990.46,0,0,0,0,0,0,0,0,0,0,0,0,0,0,0
1991.66,0,0,0,0,0,0,0,0,0,0,0,0,0,0,0
1992.87,0,0,0,0,0,0,0,0,0,0,0,0,0,0,0
1994.07,0,0,0,0,0,0,0,0,0,0,0,0,0,0,0
1995.27,0,0,0,0,0,0,0,0,0,0,0,0,0,0,0
1996.47,0,0,0,0,0,0,0,0,0,0,0,0,0,0,0
1997.67,0,0,0,0,0,0,0,0,0,0,0,0,0,0,0
1998.86,0,0,0,0,0,0,0,0,0,0,0,0,0,0,0
2000.06,0,0,0,0,0,0,0,0,0,0,0,0,0,0,0
2001.26,0,0,0,0,0,0,0,0,0,0,0,0,0,0,0
2002.45,0,0,0,0,0,0,0,0,0,0,0,0,0,0,0
2003.65,0,0,0,0,0,0,0,0,0,0,0,0,0,0,0
2004.84,0,0,0,0,0,0,0,0,0,0,0,0,0,0,0
2006.03,0,0,0,0,0,0,0,0,0,0,0,0,0,0,0
2007.22,0,0,0,0,0,0,0,0,0,0,0,0,0,0,0
2008.41,0,0,0,0,0,0,0,0,0,0,0,0,0,0,0
