wavenumber,PMMA1ppm-1,PMMA1ppm-2,PMMA1ppm-3,PMMA5ppm-1,PMMA5ppm-2,PMMA5ppm-3,PMMA10ppm-1,PMMA10ppm-2,PMMA10ppm-3,PMMA50ppm-1,PMMA50ppm-2,PMMA50ppm-3,PMMA100ppm-1,PMMA100ppm-2,PMMA100ppm-3,PMMA200ppm-1,PMMA200ppm-2,PMMA200ppm-3
376.82,0,14.51,0,0,7.61,0,117.63,115.5,146.15,68.01,147.43,98.82,174.66,198.04,250.9,106.34,137.39,170.03
378.99,1.01,7.34,0,0,3.89,0,120.5,109.84,156.08,103.36,91.79,97.22,156.82,180.37,186.96,105.26,131.14,168.71
381.15,1.01,1.76,0,0,0,0,126.81,110.63,147.11,111.06,62.83,72.65,129.98,156.38,174.72,95.16,137.88,145.72
383.32,5.09,1.76,0,0,0,0,100.32,103.96,125.69,78.52,50.63,61.18,141.56,147.8,173.21,57.5,106.99,143.44
385.48,4.08,0,3.03,0,0,0,98.04,107.84,99.48,61.39,54.85,31.82,102.21,132.62,156.46,62.81,103.79,118.2
387.64,4.08,0,7.1,0,9.94,2.85,86.19,128.16,112.37,42.92,61.71,63.45,124.17,134.07,114.68,56.04,89.2,142.9
389.8,0,0,7.1,0,22.9,2.85,125,124.81,139.24,77.64,76.11,75.96,124.31,152.04,129.43,96.02,130.09,157.09
391.96,0,0,4.07,0,22.9,2.85,133.45,153.77,158.44,68.91,89.05,90.69,187.65,178.87,178.04,118.88,164.79,178.45
394.12,15.17,12.67,23.62,0,15.2,27.79,172.56,150.73,169.29,99.71,107.19,84.31,195.52,229.88,232.18,174.9,210.99,175.97
396.28,15.17,25.37,23.62,0,2.24,27.79,170.09,171.8,148.9,98.16,113.31,94.58,210.02,230.53,252.63,186.85,206.79,168.77
398.44,27.48,25.37,34.4,0,15.6,40.03,190.05,173.96,148.61,126.26,113.76,122.53,193.5,223.16,238.39,187.07,199.2,186.51
400.6,21.64,12.69,10.78,0,13.36,12.24,157.32,156.11,118.31,115.91,93.07,112.69,193.84,180.64,209.35,148.12,141.43,195.76
402.75,21.64,4.73,10.78,2.38,13.36,29.34,177.81,143.48,128.54,94.99,80.82,102.64,193.94,162.21,182.74,134.21,136.71,170.74
404.91,9.33,17.98,6.94,2.38,0,20.97,145.27,130.5,123.43,82.95,82.45,78.47,177.57,173.64,163.67,121.47,128.16,140.22
407.06,0,17.98,6.94,2.38,0,20.97,142.38,115.84,130.64,54.78,86.29,67.86,158.06,169.6,160.13,133.55,143.11,111.54
409.21,0,13.25,6.94,0,0,3.87,115.48,121.18,105.83,37.93,63.27,35.73,91.43,132.09,128.47,115.14,92.63,109.37
411.36,0,0,0,0,0,0,103.55,103.83,91.01,13.2,28.35,19.58,58.67,71.79,130.68,67.34,58.92,93.05
413.51,0,0,0,0,0,0,106.05,109.58,93.28,28.12,19.27,16.43,89.55,72.46,104.54,46.05,53.15,84.35
415.66,0,0,0,3.72,5.94,0,94.09,114.88,115.09,53.38,37.04,42.48,128.53,102.56,108.84,61.81,100.05,121.72
417.81,0,0,0,3.72,5.94,0,106.11,117.49,124.55,56.3,60.14,56.01,163.72,151.86,105.68,100.3,119.85,151.61
419.96,0,0,0,3.72,5.94,0,105,124.65,131.88,51.99,62.17,57.67,151.34,158.59,110.62,120.63,115.06,141.57
422.11,0,0,0,0,0,0,106.98,93.24,114.97,32.01,54.85,38.66,166.61,158.64,110.22,110.25,92.23,91.5
424.25,0,0,0,3.29,13.37,9.87,97.82,82.7,95.6,27.15,37.65,27.45,155.32,118.12,85.93,98.6,70.46,55.5
426.4,0,0,0,3.29,13.37,15.4,98.99,84.82,82.55,18.84,43.01,40.13,146.57,119.47,83.18,103.47,80.21,98.36
428.54,0,0,0,4.89,13.37,15.4,100.9,64.03,80.59,13.55,35.37,46.16,133.14,111.48,95.1,104.97,95.92,122.85
430.68,0,0,0,2.55,0.85,5.53,93.24,68.67,71.39,34.25,62.39,56.54,141.71,135.48,123.67,113.09,113.26,158.99
432.83,0.92,7.13,0,5.7,20.6,31.24,101.68,59.08,72.28,41.62,50.76,61.27,158.61,128.47,149.25,102.84,109.9,146.42
434.97,0.92,7.13,0,4.09,26.9,31.24,103.53,94.25,68.6,75.3,75.46,48.19,164.83,114.45,143.82,95.89,103.18,140.83
437.11,0.92,7.13,0,3.14,26.06,31.24,80.75,64.67,57.39,47.53,42.53,29.09,118.06,76.39,88.84,63.24,70.19,84.23
439.24,0,0,0,0,6.3,0,32.61,35.17,19.56,33.68,27.51,0,49.36,26.71,36.03,21.86,33.04,36.2
441.38,0,0,0,0,0,0,0,0,0,0,0,0,0,0,0,2.31,0,0
443.52,0,0,0,0,0,0,0,0,0,0,0,0,0,0,0,0,0,0
445.65,0,0,0,0,0,0,0,0,0,0,0,0,0,0,0,0,4.6,0
447.79,3.57,3.01,10.74,31.18,25.42,0,13.78,13.37,14.36,5.84,8.32,0,29.46,2.96,7.53,23.37,30.6,14.82
449.92,3.57,3.01,10.74,31.18,25.42,0,13.78,13.37,14.36,5.84,8.32,0,29.77,13.46,31.48,31.35,34.96,14.82
452.05,3.57,3.01,10.74,31.18,25.42,0,13.78,13.37,14.36,5.84,8.32,0,39.34,38.25,31.48,39.34,46.14,14.82
454.19,0,0,0,0,0,0,0,0,0,0,0,0,9.88,35.29,27.42,15.97,22.52,0
456.32,0,0,0,0,0,0,0,0,0,0,0,0,14,54.81,3.47,28.31,22.43,10.58
458.45,0,0,0,3.58,0,0,0,7.29,0,0,0,3.26,4.43,30.22,14.99,48.2,6.66,32.76
460.57,0,0,0,3.58,0,0,0,7.29,0,0,0,3.26,4.43,30.22,11.52,48.68,4.27,32.76
462.7,0,0,0,3.58,0,0,0,7.29,0,0,0,3.26,0,0.2,11.52,28.36,0,22.17
464.83,0,0,0,0,0,0,0,0,0,0,0,0,0,0,0,0.49,0,0
466.95,0,0,0,0,0,0,0,0,0,0,0,0,0,0,0,0,0,0
469.08,0,0,0,0,0,6.07,0,0,0,0,0,0,0,0,0,0,0,0
471.2,0,0,0,0,0,6.07,0,0,0,0,0,0,0,0,0,0,0,0
473.32,0,0,0,0,0,6.07,0,0,0,0,0,0,0,1.37,0,0,0,0
475.45,4.66,0,0,0,3.06,9.59,0,0,0,0,0,4.36,0,1.37,0,18.46,0,0
477.57,4.66,0,12.28,32.85,7.91,9.59,0,0,0,1.52,0,4.36,0,1.37,12,34.77,0,0
479.69,15.5,8.09,23.9,56,14.41,22.63,0,0,0,9.32,10.26,7.03,0,0,12,34.77,0,0
481.8,10.84,8.09,28.4,56,11.35,13.04,0,0,0,9.32,10.26,2.68,0,0,12,16.31,0,0
483.92,10.84,8.09,16.13,23.15,6.5,13.04,0,0,0,7.81,10.26,2.68,0,0,0,0,0,0
486.04,0,0,4.5,0,0,0,0,0,0,0,0,0,0,0,0,0,0,0
488.15,0,0,0,0,0,0,0,0,0,0,0,0,0,0,0,0,0,0
490.27,2.99,19.33,6.42,0,5.19,18.08,0,0,0,0,0,0,0,0,0,0,0,0
492.38,3.07,19.33,6.42,0,13.45,19.24,0,0,0,0,0,0,0,0,0,0,0,0
494.49,3.07,19.33,6.42,0,13.45,19.24,0,0,0,0,0,0,0,0,0,0,0,0
496.61,0.08,0,0,0,8.26,1.16,0,0,0,0,0,0,0,0,0,0,0,0
498.72,5.64,22.79,15.37,0,3.78,23.03,0,0,0,7.48,0,0,0,0,0,0,0,0
500.83,34.38,58.63,49.84,31.99,37.98,64.16,6.94,19.48,0,26.77,30.38,31.63,11.49,0.68,23.16,15.15,19.58,0
502.93,39.64,58.63,63.49,44.48,49.04,66.48,6.94,19.48,0,31.18,30.38,34.37,11.49,0.68,23.16,15.15,19.58,0
505.04,34,35.84,48.12,44.48,45.26,43.45,6.94,19.48,0,23.7,30.38,34.37,11.49,0.68,23.16,15.15,19.58,0
507.15,5.26,0,13.65,12.49,11.06,2.32,0,0,0,4.41,0,2.74,0,0,0,0,0,0
509.25,0,0,0,0,0,0,0,0,0,0,0,0,0,0,0,0,0,0
511.36,0,0,0,0,0,0,0,0,0,0,0,0,0,0,0,0,0,0
513.46,0,0,0,0,0,2.3,0,0,0,0,0,0,0,0,0,0,0,0
515.56,0,0,0,0,0,2.3,0,0,0,0,0,0,0,0,0,0,0,0
517.66,0,3.93,1.84,13.01,0,2.3,0,0,0,0,0,0,0,0,0,0,0,0
519.77,0,3.93,9.13,13.01,4.8,0,0,0,0,0,0,0,0,0,0,0,0,0
521.86,0,3.93,9.13,13.01,4.8,0,0,0,0,0,0,0,0,0,0,0,0,0
523.96,0,0,7.29,0,4.8,0,0,0,0,0,0,0,0,0,0,0,0,0
526.06,0,0,0,0,0,0,0,0,0,0,0,0,0,0,0,0,0,0
528.16,5.68,5.91,0,0,0,19.61,0,0,0,0,0,0,0,0,0,0,0,0
530.25,5.68,5.91,0,0,0,19.61,0,0,0,0,0,0,0,0,0,0,0,0
532.35,5.68,5.91,0,0,0,19.61,0,0,0,0,0,0,0,0,0,0,0,0
534.44,0,0,0,4.84,0,11.6,0,0,0,0,0,0,0,0,0,0,0,0
536.53,0,0,0,4.84,0,11.6,0,0,0,0,0,0,0,0,0,0,0,0
538.62,0,0,0,4.84,0,11.6,0,0,0,0,0,0,0,0,0,0,0,0
540.71,0,0,0,0,0,0,0,0,0,0,0,0,0,0,0,0,0,0
542.8,8.3,23.6,7.87,19.35,3.09,0,0,0,0,0,0,0,0,0,0,0,0,0
544.89,51.6,55.5,41.72,52.07,35.88,49.87,0.09,5.62,5.02,23.08,30.76,40.65,31.54,21.75,12.61,29.37,34.44,38.07
546.98,72.33,78.45,56.66,83.91,84.13,78.54,52.43,54.44,53.26,77.17,106.21,89.69,110.44,105.17,81.53,106.93,121.18,142.45
549.06,99.16,65.84,83.46,97.18,98.41,97.67,97.76,93.9,111.14,141.39,157.44,158.87,209.44,179.36,183.17,223.1,226.29,268.9
551.15,70.26,39.18,60.87,69.74,78.64,64.93,157.11,113.48,155.08,201.73,218.77,184.97,253.09,259,271.34,286.94,298.42,342.09
553.23,59.43,47.25,86.68,49.03,46.6,54.25,149.99,113.93,173.55,223.91,198.95,203.25,247.24,258.14,298.34,302.61,314.38,326.11
555.32,24.3,36.26,55.43,36.94,29.52,73.85,128.84,114.01,139.66,199.71,188.74,181.81,206.99,258.54,248.95,256.87,276.94,244.4
557.4,13.59,33.12,57.36,31.67,16.5,62.3,88.88,105.63,115.97,152.02,130.7,149.55,174.58,191.78,180.73,231.96,217.98,167.85
559.48,3.7,16.59,16.61,20.53,0.28,44.31,57.56,65.23,70.25,109.94,101.61,103.91,119.11,125.95,103.45,150.64,129.3,103.56
561.56,26.24,22.14,20.88,5.98,12.39,30.12,62.78,27.02,61.07,114.7,85.03,86.12,75.8,87.62,107.01,122.49,121.44,99.78
563.64,31.38,37.52,7.69,31.64,31.8,43.1,56.29,23.46,58.52,153.74,83.73,108.95,82.1,93.9,108.18,123.27,145.52,104.93
565.72,51.93,40.52,33.7,53.4,49.97,46.77,64.9,29.65,53.4,152.19,83.17,121.51,90.79,116.57,128.07,155.77,193.65,121.13
567.8,36.97,34.97,26.01,47.42,40.18,22.23,35.5,37.04,38.59,130.47,75.11,107.25,75.34,94.74,72.26,145.1,133.84,86.84
569.87,39.08,27.99,46.39,21.76,42.12,21.86,22.49,23.78,21.97,69.05,79.67,66.28,32.14,53.84,38.53,76.03,65.07,61.15
571.95,30.48,10.63,33.08,15,23.94,18.79,0,8.73,6.11,44.91,54.53,32.05,5.89,14.44,0,31.62,5.58,22.07
574.02,30.27,10.63,52.55,20.5,41.91,36.22,0,0,6.11,27.17,40.78,16.35,5.89,0,0,0.01,5.58,15.42
576.09,38.13,0.14,44.04,20.5,30.95,18.03,0,0,0,13.83,3.45,0,0,0,0,0,2.64,1.25
578.17,26.62,0,31.34,5.5,30.95,25.39,0,0,0,5.32,2.63,0,0,0,0,0,0,0
580.24,19.23,0,11.87,0,10.38,7.96,0,0,0,0,0,0,0,0,0,0,0,0
582.31,0.43,0,0,0,0,7.96,0,0,0,0,0,0,0,0,0,0,0,0
584.38,0,0,0,0,0,0,0,0,0,0,0,0,0,0,0,0,0,0
586.45,0,0,0,0,0,0,0,0,0,0,0,0,0,0,0,0,0,0
588.51,0,0,0,0,0,0,0,0,0,0,0,0,0,0,0,0,0,0
590.58,0,9.42,0,0,0,0,0,0,0,0,7.63,0,0,0,0,0,0,0
592.64,0,18.79,1.76,8.53,0.89,0,0,0,0,39.14,37.39,21.02,17.41,5.43,29.53,37.81,13.84,18.1
594.71,17.52,27.88,11.92,23.21,14.6,22.99,0,0,0,125.75,122.62,109.89,79.88,60.9,104.08,148.15,102.64,93.52
596.77,32.22,38.71,14.57,50.49,33.22,64.91,20.62,23.91,0,237.69,232.88,223.82,180.27,176.96,201.19,302.23,227.62,244.16
598.83,63.86,56.5,25.73,63.58,54.97,76.85,44.26,54.83,38.11,309.81,322,305.11,284.51,290.82,283.33,429.88,358.24,365.89
600.89,46.33,47.41,15.57,48.9,54.35,53.86,72.56,54.83,51.87,334.46,328.97,308.25,310.58,331.86,314.31,466.71,428.37,424.8
602.95,51.12,27.16,12.92,47.6,64.36,30.89,76.57,48.81,83.63,325.4,316.24,284.37,317.95,320.19,312.93,450.83,429.46,399.67
605.01,19.48,0,0,25.97,41.72,18.95,57.33,17.89,45.52,271.75,267.25,239.56,247.72,232.26,243.94,372.68,370.62,326.94
607.07,19.48,0,0,35.58,28.63,18.95,29.03,23.51,38.23,227.41,237.9,192.72,231.12,205.29,180.25,308.83,281.74,281.17
609.13,27.05,23.8,56.61,34.74,38.77,28.12,37.73,47.53,56.91,211.37,202.85,175.52,234.14,204.61,160.19,268.6,241.82,252.36
611.18,39.87,53.68,81.3,52.06,67.39,70.08,94.41,90.83,116.08,229.62,214.77,200.28,288.8,287.22,225.09,291.67,255.86,318.52
613.24,65.32,53.68,97.95,73.49,88.39,113.11,163.55,148.91,164.16,254.3,234.43,234.13,341.18,298.23,290.06,351.48,329.97,330.74
615.29,49.91,37.87,54.5,72.01,77.21,104.3,191.85,177.19,187.44,248.16,236.96,247.18,334.76,296.77,292.56,349.8,339.93,357.49
617.35,55.12,18.69,38.02,82.5,53.67,73.12,186.23,182.56,180.47,201.11,209.23,207.97,310.41,268.71,253.13,330.19,332.3,316.98
619.4,43.64,49.32,36.83,58.96,52.44,68.58,146.92,148.24,158.81,167.36,169.14,177.07,233.68,257.61,181.33,241.89,233.96,259.1
621.45,54.13,87.75,25.95,42.06,36.51,58.01,92.47,91.11,91.35,111.8,116.58,117.03,169.48,180.7,130.72,173.43,178.48,165.74
623.5,36.1,77.05,17.75,14.26,31.44,47.22,44,42.44,39.15,89.55,62.5,73.97,87.77,94.79,62.57,82.65,86.45,79.02
625.55,22.13,46.42,2.28,6.75,11.67,11.48,14.17,16.38,8.09,35.05,20.08,28.66,40.16,25.33,27.55,27.84,40.62,36.1
627.6,0,0,4.53,0,0,11.72,6.98,3.31,18.33,9.9,0,6.66,0,5.42,0,0,0,10.42
629.64,12.08,8.31,10.39,21.09,10.64,24.45,9.21,17.07,29.27,11.35,21.61,6.66,21.58,24.45,5.21,18.49,1.34,15.72
631.69,42.27,22.38,20.67,37.72,25.8,24.97,35.19,39.27,40.14,15.44,51.61,33.61,42.42,67.06,31,37.05,33.2,28.58
633.73,48.23,42.19,28.5,40.22,29.49,25.46,82.92,63.54,70.42,57.24,78,65.98,79.87,104.5,88.7,93.35,86.24,79.59
635.78,36.14,50.1,22.65,20.47,27.37,22.37,104.29,92.59,89.46,64.18,97.59,113.41,104.43,117.68,147.21,116.34,130.87,127.02
637.82,33.07,90.98,57.21,46.7,61.24,68.93,148.64,124.28,138.48,128.08,100.5,140.51,174.29,152.17,206.01,179.64,184.47,209.75
639.86,75.42,125.62,79.19,65.01,80.85,103.9,163.97,175.28,150.14,133.97,137.05,175.93,248.46,201.96,239.79,212.91,246.04,262.79
641.9,106.01,153.78,97.14,86.2,118.67,117.41,198.82,220.48,185,188.72,166.46,197.88,304.15,281.6,304.42,289.7,294.14,308.36
643.94,92.42,117.48,73.51,64.24,92.68,77.78,195.99,230.66,192.84,170.45,182.52,201.48,297.15,300.89,336.37,300.14,278.22,313.9
645.98,65.92,78.6,51.98,45.71,89.12,37.57,154.79,178.15,173.32,145.5,140.9,145.05,226.45,233.81,285.62,284.55,200.93,234.08
648.02,35.33,34.22,34.02,23.19,42.78,14.42,89.35,90.15,108.48,75.79,70.28,75.67,124.62,130.81,157.27,166.28,106.86,129.78
650.06,26.67,15.57,12.81,2.28,19.74,4.23,21.86,22.76,38.93,22.73,21.31,15.21,40.91,34.43,40.73,73.98,37.32,28.64
652.09,4.87,0,0,0,0,0,0,0,0,0,0,0,0,8.86,0,0,0,0
654.13,4.87,16.85,0,0,5.11,3.63,0,0,0,0,0,0,0,0,0,0,0,0
656.16,25.92,20.14,4.53,4.59,5.11,16.48,0,0,0,0,0,0,0,0,0,0,0,0
658.2,32.73,33.31,17.95,4.59,5.11,16.48,0,0,0,0,0,0,0,0,0,0,0,0
660.23,32.73,16.46,17.95,4.59,0,12.85,0,0,0,0,0,0,0,0,0,0,0,0
662.26,15.83,13.17,14.68,13.34,13.04,0,0.44,0,3.54,0,0,0,0,0,0,0,0,0
664.29,26.8,38.11,20.28,25.56,29.93,29.12,17.07,11.27,24.62,0,6.55,0,6.46,0,3.81,0,0,0
666.32,70.79,59.07,47.82,61.41,71.78,59.2,50,41.51,50.66,15.93,6.55,5.08,22.03,19.08,25.4,4.2,18.23,0
668.34,75.72,67.66,56.71,74,66.67,67.03,67.54,73.15,72.22,15.93,6.55,6.95,32.84,23.37,32.21,7.13,27.62,9.88
670.37,57.94,29.55,37.7,61.79,49.77,37.91,56.29,61.89,51.15,15.93,0,6.95,26.38,23.37,28.39,7.13,27.62,9.88
672.4,13.95,8.59,10.16,25.93,7.92,7.83,23.36,31.65,25.11,0,0,1.87,10.8,4.29,6.8,2.92,9.39,9.88
674.42,7.17,12.11,5.67,0.47,6.42,6.35,5.38,0,0,0,0,0,0,0,0,0,0,0
676.45,15.28,32.82,27.61,12.33,34.22,7.41,5.61,0,0,0,0,0,0,0,0,0,0,0
678.47,15.28,32.82,30.82,12.33,34.22,7.41,14.47,5.91,13.36,0,0,0,0,0,0,0,0,0
680.49,8.12,20.71,25.15,11.86,27.8,1.06,14.47,5.91,13.36,0,0,0,0,0,0,0,0,0
682.51,6.15,12.39,14.48,0,4.79,0,18.75,24.55,18.77,0,0,0,0,0,0,0,0,0
684.53,39.35,50.48,43.25,31.04,53.05,21.55,55,33.18,58.73,0,17.76,0,15.25,35.27,22.52,0,38.35,0
686.55,80.8,62.81,59.46,52.79,64.33,54.13,86.78,86.41,97.72,13.88,18.54,0,21,35.27,29.19,22.77,44.16,0
688.57,74.64,50.42,49.98,56.56,59.54,54.13,81.44,78.78,106.41,13.88,18.54,0,21,35.27,29.19,22.77,44.16,0
690.58,63.85,20.6,36.48,49.76,45.36,53.64,63.96,84.01,72.64,17.69,6.83,5.11,15.38,6.6,9.55,22.77,5.8,0
692.6,22.4,8.27,44.41,35.39,58.62,21.06,46.24,35.68,46.96,3.81,6.04,5.11,9.63,6.6,2.87,0,0,0
694.61,23.83,8.27,42.62,31.62,58.62,21.06,41.7,24.67,32.85,3.81,6.04,5.11,9.63,6.6,2.87,0,0,0
696.63,1.44,0,24.15,7.38,24.54,0,14.06,4.89,13.31,0,0,0,0,0,0,0,0,0
698.64,32.45,10.53,29.71,38.64,29.09,25.09,12.05,43.93,25.68,0,0,0,0,6.01,7,2.58,0,0
700.65,67.48,46.83,59.53,68.83,80.06,50.74,55.95,75.39,70.54,0.31,10.21,1.95,43.12,19.69,34.68,17.72,7.87,25.46
702.66,83.06,65.92,82.45,88.59,100.24,56.94,96.67,103.69,109.58,9.18,19.98,1.95,66.93,39.37,54.38,47.07,19.73,42.63
704.67,68.07,73.57,55.75,53.59,71.15,53.58,117.49,90.23,112.45,9.18,19.98,1.95,76.75,33.36,58.09,44.49,22.24,42.63
706.68,31.61,37.27,27.16,23.4,20.18,27.94,83.51,69.98,98.52,8.87,9.77,0,42.02,19.68,30.41,29.35,14.37,17.16
708.69,44.6,56.91,59.12,25.05,28.46,58.9,72.96,69.49,81.68,0,0,0,41.05,0,17.77,0,5.98,0
710.69,56.24,47.21,78.39,38.36,49.78,48.18,60.84,62.42,72.27,0,0,0,31.23,0,7.06,0,3.47,0
712.7,59.13,58.57,87.33,38.36,49.78,68.52,54.47,64.78,50.95,0,0,0,22.84,0,7.06,0,3.47,0
714.7,30.55,44.07,45.48,16.95,21.32,31.36,27.08,41.11,28.75,0,0,0,0,0,0,0,0,0
716.71,2.88,49.57,28.29,10.12,0,20.34,6.33,17.71,9.61,0,0,0,0,0,0,0,0,0
718.71,0,40.84,18.13,10.12,0,0,2.78,4.15,0,0,0,0,0,0,0,0,0,0
720.71,0,28.32,29.26,21.86,0,0,19.56,8.32,7.7,0,0,0,0,0,0,0,0,0
722.71,26,33.8,33.38,32.67,32.89,21.29,43.22,47.43,24.84,0,0,0,6.14,11.85,47.69,0,28.65,0
724.71,71.43,50.72,74.34,65.46,62.29,48.09,116.08,101.42,83.55,20.73,15.31,16.83,61.7,63.12,105.48,34.48,78.39,32.9
726.71,81.49,50.18,56.12,71.59,80.75,62.63,134.02,119.43,107.88,24.24,24.74,21.5,109.81,81.57,155.81,52.39,111.66,58.05
728.71,58.18,30.72,46.89,53.6,47.86,41.35,142.5,94.98,116.08,27.86,24.74,27.67,106.31,69.72,119.31,78.73,83.01,58.05
730.7,20.42,19.62,5.92,35.17,24.38,54.55,79.74,40.98,69.72,7.12,9.42,10.84,50.74,18.45,61.52,44.26,33.27,48.46
732.7,13.43,8.44,0,17.3,5.92,40.01,47.41,26.38,37.69,3.61,0,6.17,2.64,0,11.2,26.35,0,23.31
734.69,18.22,16.71,14.3,23.4,5.92,40.01,15.27,14.21,20.51,0,0,0,0,0,0,0,0,23.31
736.69,10.56,8.26,14.3,18.17,15.98,0,9.34,14.21,8.17,0,0,0,0,0,0,0,0,0
738.68,12.78,9.33,15.4,18.17,30.24,15.36,5.96,2.48,24.94,0,0,0,0,0,0,0,0,0
740.67,19.34,27.55,33.59,45.37,46.65,15.36,6.01,23.37,28.15,0,0,0,0,0,0,0,0,0
742.66,19.34,42.32,40.69,36.25,30.67,36.94,1.83,23.37,28.15,0,0,0,0,0,0,0,0,0
744.65,14.04,45.75,42.76,36.25,21.38,21.58,0.05,23.37,11.39,0,0,0,0,0,0,0,0,0
746.64,9.03,19.27,25.05,0,6.64,21.58,0,0,0,0,0,0,0,0,0,0,0,0
748.63,27.9,24.48,31.22,25.16,25.92,47.07,30.51,25.92,20.27,0,3.65,0,32.57,5.42,20.84,6.78,0,0
750.61,27.9,51.24,65.62,31.72,36.61,58.85,57.7,58.55,54.91,0,4.19,0,54.44,30.45,20.84,7.47,8.54,17.31
752.6,37.66,79.8,61.68,61,37.97,58.85,108.79,93.78,93.47,28.06,23.18,2.35,98.16,68.33,59.18,45.94,62.63,71.56
754.58,43.86,60.34,48.4,35.84,22.77,13.32,110.27,86.67,109.02,46.24,19.54,2.35,76.84,87.29,47.88,52.09,68.62,91.41
756.57,53.56,29.07,13.57,36.67,18.9,22.13,127.51,79.99,108.67,57.11,34.79,3.95,82.62,99.03,73.83,71.7,76.84,78.44
758.55,34.78,0.51,2.73,15.28,15.87,22.13,92.07,65.96,70.63,29.04,15.8,1.6,38.9,87.1,50.63,39.65,42.41,24.19
760.53,47.53,24.94,9.58,53.68,44.22,45.49,112.5,111.47,92.47,33.2,53.07,36.46,66.24,109.4,85.66,68.49,82.87,30.79
762.51,51.85,36.06,6.84,46.28,36.12,29.74,110.81,116.18,88.19,39.24,64.13,35.01,70.13,86.91,72.24,88.9,87.57,60.96
764.49,58.7,37.36,34.69,55,36.12,45.17,129.32,109.44,104.11,39.24,81.67,52.57,113.76,103.99,81.72,117.21,96.16,107.3
766.47,23.79,34.12,27.85,19.05,3.69,29.52,117.71,92.91,81.24,40.75,48.85,37.58,104.43,96.95,63.75,113.09,54.32,103.6
768.45,9.78,38.55,45.59,25.76,5.7,30.21,125.75,100.03,98.36,23.84,37.03,37.43,88.44,94.92,74.12,97.31,56.5,85.57
770.42,2.93,50.43,34.43,28.92,12.78,23.33,128.56,121.91,105.24,33.4,22.34,44.56,78.56,94.66,72.6,73.66,53.12,68.33
772.4,21.13,45.98,42.51,47.75,33,17.79,130.9,103,126.66,28.27,35.21,53.92,86.91,97.97,90.98,74.57,71.98,75.99
774.37,62,66.08,68.91,73.13,48.35,50.81,116.45,132.64,131.29,63.79,43.98,77.01,139.14,115.83,136.91,81.38,103.08,98.55
776.34,98.83,78.19,89.64,77.84,54.69,56.83,106.44,134.37,151.69,79.67,72.54,66.38,144.16,98.14,167.29,106.66,109.63,121.9
778.32,114.82,96.52,123.27,96.44,63.25,85.73,88.63,133.98,120.96,71.12,85.32,41.32,137.41,95.34,171.9,96.5,118.42,129.82
780.29,107.14,111.52,134.56,111.71,92.49,103.64,97.7,129.13,115.11,55.13,98.68,54.83,132.54,130.77,178.4,137.24,112.44,165.64
782.26,105.14,116.86,131.2,112.31,109.38,116.87,100.09,113.59,102.24,56.49,95.37,60.67,165.02,161.87,188.24,153.67,129.15,173.48
784.23,95.47,107.2,95.83,99.25,121.29,99.78,107.79,124.05,124.03,69.85,81.08,79.52,179.16,189.64,199.75,161.44,145.2,190.66
786.2,100.81,102.54,66.8,86.18,86.19,54.69,102.49,86.16,137.81,77.9,71.13,68.39,165.98,181.75,199.6,137.23,140.59,168.18
788.16,108.82,114.56,86.11,113.46,85.42,41.26,139.62,130.04,164.02,109.4,94.98,99.7,176.58,201.31,232.9,146.81,165.45,186.83
790.13,105.38,119.8,105.65,127.95,74.55,49.39,159.4,155.24,186.56,127.58,111.83,132.7,206.51,215.88,261.54,180.74,198.32,226.17
792.09,97.4,109.16,106.64,117.56,93.46,73.31,155.72,193.31,185.3,155.99,139.25,141.26,235.68,259.01,279.08,191.24,235.44,220.74
794.06,83.19,97.31,67.07,93.61,63.9,82.33,127.37,168.71,160.36,123.08,116.35,121.16,242.52,245.47,241.96,199.43,216.23,209.32
796.02,87.77,81.9,61.29,79.45,66.37,82.13,112,145.76,123.75,122.19,124.13,92.74,241.03,246.61,234.17,196.96,188.7,189.59
797.98,57.23,46.54,33.9,55.73,32.29,46.88,91.29,103.8,93.13,71.97,91.58,79.33,235.55,203.09,187.06,203.18,178.86,188.54
799.94,45.04,37.03,44.68,33.79,38.56,36.24,94.23,119.5,96.49,115.1,129.39,117.6,261.07,261.58,223.96,245.76,219.37,229.18
801.9,46.19,36.86,39.8,6.66,31.26,12.78,92.05,106.07,91.74,154.14,157.43,175.77,328.49,282.3,246.09,318.57,298.79,301.05
803.86,72.37,84.55,70.44,59.51,75.4,63.1,140.2,151.63,122.3,270.18,275.82,305.62,458.92,427.69,380.22,464.4,422.22,453.61
805.82,80.43,103.95,70.8,72.46,101.33,101.37,158.33,140.52,145.53,380.24,347.89,395.48,578.36,542.09,523.7,610.91,609.34,611.51
807.78,56.6,139.8,70.94,113.07,94.04,125.24,190.9,190.84,175.52,516.1,472.08,530.13,711.91,703.61,666.3,794.56,809.59,794.22
809.73,38.77,115.66,60.42,70.15,49.89,79.96,170.46,184.48,167.5,625.3,587.96,618.12,816.81,785.81,777.58,932.89,960.53,956.6
811.69,14.4,83.64,38.36,56.01,21.72,47.12,134.56,173,154.36,659.74,678.4,690.69,851.94,829.91,828.08,1017.8,1017.7,1019.23
813.64,22.15,73.4,30.75,18.31,41,36.06,121.09,126.62,140.99,645.97,689.97,660.71,828.52,797.45,821.04,980.84,978.34,973.66
815.6,38.9,65.84,14.47,10.96,43.81,42.68,105.73,93.68,124.72,535.66,573.01,557.86,696.89,692.46,695.79,813.01,805.78,825.21
817.55,71.67,88.62,38.54,44.28,65.43,60.3,122.8,100.51,118.88,420.81,437.83,434.13,590.05,565.25,562.33,628.98,637.34,650.56
819.5,82.66,59.29,57.17,59.15,42.27,86.81,106.87,121.32,129.71,275.31,326.67,320.41,462.89,464.72,450.54,491.97,466.6,507.6
821.45,94.66,59.98,74.48,69.04,83.79,118,131.92,138.8,149.52,217.5,241.2,229.05,418.4,401.2,420.1,436.31,408.87,401.99
823.4,86.44,44.45,70.24,32.04,71.1,96.3,136.41,137.04,155.77,153.47,182.19,141.14,343.37,335.13,322.45,355.79,320.95,315.51
825.35,86.8,32.57,43.86,43.93,75.63,56.97,138.11,114.83,129.57,108.02,119.08,102.14,299.9,274.97,257.37,270.85,265.27,230.95
827.29,73.82,27.28,56.19,51.49,70.5,14.13,133.47,108.94,121.36,71.59,96.65,102.15,262.45,251.48,199.96,211.26,220.94,209.73
829.24,49.15,29.22,51.76,55.95,57.55,17.56,123.49,106.72,112.47,66.18,72.58,127.51,244,231.34,230.57,180.03,196.63,199.21
831.18,50.19,72.87,79.48,64.86,68.76,44.63,143.28,135.26,123.69,90.89,81.97,144.66,242.35,256.33,249.3,152.26,183.46,221.48
833.13,28.25,82.61,67.51,48.11,47.98,65.56,130.95,134.35,115.13,96.18,69.6,126.05,202.6,232.88,238.59,153.41,158.2,200.33
835.07,50.35,64.77,49.24,46.14,71.03,53.23,141.17,122.99,106.44,92.71,75.8,111.02,201.75,232,205.13,172.47,165.85,206.76
837.01,70.76,43.19,59.29,40.07,81.27,72.46,133.38,105.28,121.42,103.92,80.69,116,212.24,213.13,214.34,229.22,192.19,203.87
838.95,68.57,32.41,61.12,50.78,69.29,51.53,111.58,105.24,117.72,98.82,94.26,112.33,212.41,203.28,215.9,213.66,189.56,203.68
840.89,57.55,51.12,75.17,53.94,68.76,66.34,87.88,124.97,129.79,118.18,98.63,115.45,209.38,204.21,219.25,186.9,188.72,186.62
842.83,19.1,39.35,47.03,32,28.96,33.03,77.18,109.35,96.53,103.9,70.36,75.92,185.03,186.5,206.28,147.84,163.91,163.58
844.77,34.26,50.49,37.78,23.29,35.22,45.57,84.14,117.73,89.58,118.63,53.43,72.75,204.02,185.13,187,154.46,198.79,160.57
846.71,25.39,55.31,45.22,16.03,26.16,25.54,97.32,122,81.53,92.61,69.42,70.81,205.25,198.67,209.61,189,194.25,163.8
848.64,50.97,59.58,61.78,23.11,71.38,19.59,92.71,155.14,113.69,118.16,100.31,72.45,229.04,232.1,219.47,201.79,223.62,181.94
850.58,38.9,62.86,47.67,26.2,58.68,7.06,104.43,141.61,121.84,90.73,115.89,83.11,219.86,245.56,258.34,218.27,225.36,193.78
852.51,51.61,56.6,50.03,36.3,79.2,32.2,110.92,129.19,134.43,98.43,91.94,70.89,222.8,253.81,250,205.56,235.56,207.75
854.44,45.12,72.79,41.17,42.29,34.84,51.16,113.29,88.65,112.58,67.05,65.22,70.92,196.31,231.62,245.23,201.42,204.01,197.63
856.37,49.52,73.22,70.57,33.75,60.47,71.62,118.33,77.11,120.05,75.68,61.53,53.29,167.5,212.79,229.14,189.98,153.15,187.54
858.31,68.27,77.99,47.63,31.31,47.68,75.49,112.91,74.45,98.4,84.56,58.75,69.58,166.59,181.53,206.96,163.12,145.54,175.03
860.24,52.59,51,49.59,17.44,66.45,62.59,102.38,107.34,98.31,88.34,49.88,71.11,164.59,164.17,197.35,138.85,155.51,163.77
862.16,56.92,47.69,52.57,27.34,77.23,46.7,109.29,115.66,84.99,99.26,53.14,81.1,189.72,152.61,168.21,133.04,184.28,136.98
864.09,69.04,62.51,78.67,33.26,76.8,33.26,100.64,123.43,104.11,104.65,48.53,72.88,175.31,140.51,146.19,167.38,164.53,132.32
866.02,74.62,60.44,76.56,51.31,58.16,43.94,96.76,105.64,94,103.5,60.06,69.14,169.36,128.2,118.96,180.18,153.58,132.47
867.94,66.99,63.17,68.9,62.8,23.97,67.08,86.88,113.51,96.89,85.38,51.94,65.74,166.42,131.58,136.42,170.35,132.66,137.97
869.87,31.26,47.8,56.15,55.2,6.34,62.11,102.77,111.82,83.88,58.72,66.96,57.81,181.62,139.42,140.34,134.33,125.87,136.62
871.79,22.66,46.08,45.2,30.38,22.17,40.93,117.1,97.24,84.66,43.19,68.11,86.68,182.94,148.39,134.05,118.44,86.23,150.4
873.71,26.29,24.4,24.81,15.46,36.23,24.32,130.98,92.55,83.65,60.25,71.17,97.45,173.83,149.6,135.01,121.47,90.5,138.77
875.64,16.22,2.92,10.56,9.48,33.1,13.71,108.75,71.73,72.85,62.55,50.81,94.81,139.63,114.05,124.87,109.75,65.02,114.71
877.56,26.77,11.64,4.33,16.13,32.07,38.34,103.96,83.36,93.51,48.65,48.92,63.96,141.9,105.96,124.53,100.17,67.02,85.13
879.48,24.22,15.45,0,11.02,16.94,27.25,63.5,50.86,63.15,16.21,23.06,39.13,107.18,60.13,64.54,65.96,25.86,55.08
881.4,24.22,15.45,0,11.02,16.94,27.25,44.04,35.15,46.13,0,22.09,22.15,88.48,44.08,43.56,43.35,15.08,34.04
883.31,5.28,6.73,5.1,1.36,1.15,0,9.69,4.86,2.01,0,0,4.36,30.68,0.49,6.39,16.51,0,0
885.23,0,0,10.78,14.06,12.5,3.62,4.22,20.61,4.31,0,0,0,20.01,13.23,4.83,0,0,0
887.14,0,0,17.92,31.28,12.5,3.62,3.03,28.22,10.95,0,0,0,6.04,12.74,2.19,0,0,0
889.06,0,0,12.81,31.28,12.5,14.44,32.34,51.31,10.95,0,0,0,6.04,12.74,0,0,0,0
890.97,5.64,0,15.55,19.12,0,12.25,51.09,52.48,17.15,5.58,0,0,22.98,0,16.97,0,0,14.86
892.89,5.64,3.42,8.41,1.89,0,12.25,63.12,40,30.56,5.58,0,2.87,21.26,1.67,16.97,0,0,14.86
894.8,5.64,3.42,14.12,6.14,1.33,2.53,43.09,37.72,36.93,5.58,0,2.87,35.18,1.67,26.64,0,13.58,26.33
896.71,0,3.42,5.71,8.57,1.33,1.1,32.39,30.78,37.68,5.7,0,3.15,13.92,10.56,9.67,0,13.58,11.47
898.62,0.83,0,20.63,8.57,1.91,14.44,30.02,40.69,15.92,14.83,10.58,16.65,21.09,20.79,25.3,21.29,21.65,29.8
900.52,0.83,1.56,14.92,4.32,6.67,13.34,25.32,29.41,25.33,23.72,10.6,16.65,17.36,39.38,44.3,21.29,8.06,26.01
902.43,1.91,1.56,14.92,4.78,6.67,13.34,14.24,29.79,24.41,32.59,10.95,21.53,17.36,65.66,68.25,21.29,36.65,44.92
904.34,7.66,5.73,3.99,7.75,6.1,1.12,18.43,31.4,41.87,33.7,29.74,12.66,36.22,95.85,79.52,47.47,61.72,41.07
906.24,12.1,4.17,3.99,15.92,0,5.1,38.84,48.22,26.09,32.39,49.77,29.86,45,113.61,108.69,98.1,104.09,61.14
908.15,11.03,5.07,22.35,15.86,19.43,21.94,54.19,47.27,39.16,25.66,59.72,24.7,65.46,120.28,141.77,139.79,95.33,74.13
910.05,4.44,0.9,18.36,12.89,19.43,20.82,56.71,35.88,21.8,45.85,55.58,26.9,60.38,129.2,167.44,128.06,88.83,87.04
911.95,0,5.23,18.36,9.18,19.43,17.09,55.46,43.7,56.96,82.29,73.02,43.35,92.22,177.36,172.67,116.26,105.25,111.2
913.86,13.92,4.33,0,4.82,0,0.25,53.98,34.3,72.26,100.86,81.6,83.37,95.86,198.32,177.38,108.27,113.81,119.51
915.76,13.92,4.33,7.28,4.82,9.72,0.25,58.95,56.02,92.34,99.24,79.99,89.42,105.96,200.75,202.55,102.75,111.18,127.95
917.66,23.38,4.78,18.1,8.93,9.72,16.67,48.48,35.29,69.31,79.54,53.96,57.05,81.31,181.42,238.63,99.49,105.47,109.65
919.55,36.49,16.8,18.1,8.57,22.56,27.89,58.56,64.8,46.17,67.75,61.17,22.6,74.57,165.01,225.95,107.81,114.02,95.6
921.45,36.49,33.39,10.83,8.57,20.24,35,61.31,67.3,50.37,40.99,51.08,18.83,68.18,151.28,175.3,100.17,143.26,75.59
923.35,36.19,28.61,13.18,2.94,33.21,26.01,78.18,69.24,61.01,37.36,62.8,22.87,76.26,137.68,125.44,100.34,112.31,61.04
925.24,9.16,16.59,13.18,12.57,37.02,14.79,75.15,63.63,69.76,45.88,41.99,31.04,65.8,114.56,128.72,84.65,100.51,53.31
927.14,14.82,0,21.5,19.66,29.62,7.68,51.06,44.91,45.39,48.64,28.46,19.05,45.93,81.67,122.92,79.56,53.63,37.48
929.03,5.79,0,8.33,19.62,25.24,0,20.93,39.86,22.62,49.77,23.26,49.16,18.07,62.48,86.13,55.16,48.45,37.37
930.92,5.79,6.89,8.49,17.93,13.54,0,0,17.15,0,46.92,17.97,35.42,11.17,43.31,47.03,52.46,23.31,39.95
932.81,0.13,6.89,8.93,10.83,25.75,0,14.73,21.66,0,53.66,28.34,35.42,19.59,62.06,40.18,44.35,16.95,48.14
934.7,0,6.89,8.93,7.93,28.74,0,19.72,29.73,15.86,38.98,30,1.72,27.91,45.04,32.24,41.17,6.31,56.56
936.59,0,0,34.4,10.39,23.79,8.74,24.96,35.58,21.68,29.77,42.24,16.37,27.91,58.83,41.11,40.46,40.12,60.13
938.48,0,0,25.64,10.39,13.25,8.74,22.29,34.65,29.35,33.82,40.96,25.19,21.62,50.2,26.69,31.67,40.12,75.62
940.37,0,0,25.64,10.39,1.67,8.74,20.29,27.73,14.79,29.22,48.03,47.24,26.02,57.26,22.11,56.26,47.25,48.25
942.25,0,0,0,0,1.67,3.11,15.05,28.59,13.02,24.77,52.58,55.42,38.74,44.13,9.04,33.33,30.51,63.25
944.14,0,0,0,0,0,3.11,5.06,26.01,5.35,25.9,52.72,66.85,31.82,46.57,17.4,46.98,40.93,59.5
946.02,0,0,4.22,0,0,3.11,2.07,14.51,14.25,38.84,60.32,60.75,35.73,29.14,17.4,15.44,44.93,105.79
947.91,0,0,4.22,0,0,0,2.07,6.62,10.21,40.36,44.18,46.9,23.01,24.4,8.37,27.82,36.53,69.44
949.79,0,3.05,4.22,0,0,0,12.98,2.28,27.69,65.46,71.62,57.97,55.11,48.14,12.17,56.79,65.37,102.35
951.67,0,3.05,0,0,2.8,0,20.57,2.28,24.6,103.15,66.31,76.61,73.76,73.12,61.92,80.69,98.14,107.18
953.55,2.78,3.05,0,7.66,2.8,0,27.2,2.28,39.48,115.31,103.81,102.73,102.76,113.14,69.71,113.4,133.39,160.15
955.43,2.78,0,0,7.66,2.8,0,14.22,0,22,118.84,89.68,109.88,96.23,96.62,90.92,130.81,160,152.49
957.31,14.57,7.33,6.73,9.29,2.63,2.24,21.59,8.35,16.82,130.17,124.01,117.5,105.51,115.9,99.94,187.71,194.42,162.97
959.18,11.8,10.69,6.73,1.63,9.91,6.8,15.64,8.35,16.31,169.2,141.38,142.48,143.15,141.21,155.31,226.63,234.88,176.82
961.06,23.3,15.09,16.84,16.57,9.91,6.8,29.38,20.54,16.31,201.37,207.55,203.59,190.59,184.65,190.15,253.71,270.82,228.48
962.94,11.51,9.42,37.79,19.77,9.12,9.99,14.42,12.18,14.37,215.8,214.31,239.29,206.27,185.34,170.58,254.37,280.68,275.06
964.81,28.98,6.06,37.79,19.77,2,5.52,13.74,12.18,0,210.91,236.09,262.35,164.98,147.39,158.36,248.4,273.24,285.68
966.68,17.47,1.66,27.69,4.83,2,5.52,0,0,0,170.62,175.8,199.33,91.97,77.35,90.13,198.02,206.73,226.88
968.55,17.47,0,0,0,0.17,0.09,0,0,0,121.58,105.7,140.23,25.35,27.37,50.94,116.23,112.24,118.7
970.43,0,0,0,0,0,0,0,0,0,67.11,35.35,58.15,0,0,0,38.19,35.3,38.04
972.3,0,0,0.93,0,0,0,0,0,0,55.91,41.81,52.21,0,0,0,3.26,0,0
974.16,8.53,1.5,3.03,4.36,0,4.93,0,0,0,73.4,62.37,63.3,0,6.92,11.6,23.02,15.18,0.98
976.03,8.53,1.5,3.03,4.36,7.51,4.93,0,0,0,88.7,78.22,88.08,0,16.95,11.6,63.11,40.88,26.84
977.9,8.53,1.5,2.11,4.36,7.51,8.36,0,0,0,102.03,89.22,108.67,19.9,55.56,48.58,120.72,80.24,81.37
979.77,0,0,0,8.69,7.51,3.43,0,0,0,89.06,111.91,127.29,64.7,97.14,69.9,154.7,139.74,147.25
981.63,0,4.89,0,10.87,0,3.43,0,4.99,6.42,147.01,150.86,162.49,123.86,119.65,118.53,183.6,176.5,189.06
983.49,0,4.89,0,10.87,0,0,0,4.99,6.42,165.43,161.28,174.49,135.82,127.96,133.23,190.65,205.07,212.68
985.36,0,4.89,0,2.18,0,0,6.69,9.43,10.99,200.11,188.29,192.42,142.7,133.51,137.51,237.96,220.9,227.55
987.22,0,0.69,0,6.8,0,0,6.69,10.65,12.25,187.92,171.11,182.82,151.05,159.21,151.94,248.75,230.54,232.24
989.08,0,0.69,0,11.1,0,2.17,6.69,10.65,23.74,179.88,172.06,153.35,170.88,152.37,147.83,248.36,227,231.07
990.94,0,0.69,0,11.81,0,2.17,0,6.21,19.18,138.32,140.83,127.03,131.84,126.01,134.19,208.44,212.26,210.05
992.8,0,3.11,0,5.02,0,5.36,0,0,11.49,145.78,136.96,135.74,137.82,118.34,101.25,202.23,213.9,202.4
994.66,0.18,3.11,22.73,2.13,0,3.19,0,0,1.12,148.73,125.9,154.92,134.61,140.47,113.11,211.82,214.34,186.55
996.51,18.3,5.65,35.71,21.04,0,3.19,0,0,1.12,178.59,140.43,180.68,197.32,174.19,132.88,217.68,208.05,204.3
998.37,35.9,13.24,35.71,21.04,0,3.21,11.07,12.63,24.31,168.59,160.76,166.92,182.49,174.38,135.8,220.69,190.9,212.52
1000.22,35.71,16.12,12.99,20.43,0.51,3.21,11.07,12.63,23.19,143.29,136.79,132.52,172.36,148.93,109.07,172.73,166.11,180.12
1002.08,22.98,15.76,30.58,0.81,5.56,29.4,11.07,12.63,23.19,107.14,100.63,83.59,111.04,113.95,90.81,131.58,133.81,136.52
1003.93,21.27,5.05,30.58,11.6,7.06,26.18,0,0,0,70.79,39.59,37.2,61.85,83.77,59.36,55.01,77.22,63.6
1005.78,26.89,16.28,61.4,22.59,23.05,39.79,0,0,0,43.42,17.39,29.67,46.58,47.02,26.65,26.71,37.18,34.87
1007.63,21.51,18.97,32.06,39.05,26.5,20.23,0,0,0,22.19,0,10.99,32.56,20.58,1.57,0,0,0
1009.48,8.19,18.97,32.06,28.26,25.01,20.23,0,0,0,0,0,10.99,23.07,0,0,0,0,0
1011.33,2.57,17.93,17.31,16.46,8.51,6.61,0,0,0,0,0,0,0,0,0,0,0,0
1013.18,14.22,13.06,21.25,6.18,10.56,5.32,0,0,7.93,0,0,0,0,0,0,0,0,0
1015.03,11.65,13.06,21.25,6.18,10.56,8.43,0,0,7.93,0,0,0,0,0,0,0,0,0
1016.87,11.65,1.08,5.17,6.18,18.86,8.43,0,0.12,7.93,0,0,0,0,0,0,0,0,0
1018.72,23.32,1.08,1.84,0,8.29,4.85,0,0.12,0,0,0,0,0,0,0,0,0,0
1020.56,23.32,1.08,1.84,0,8.29,1.73,0,0.12,0,0,0,0,0,0,0,0,0,0
1022.4,23.32,10.49,18.94,15.03,0,9.55,0,0,0,0,0,0,0,0,0,0,0,0
1024.24,0,10.49,17.1,15.03,0,7.81,0,0,0,0,0,0,0,0,0,0,0,0
1026.08,16.87,15.29,29.81,15.03,0,8.73,0,0,0,0,0,0,0,0,0,0,0,0
1027.92,16.87,4.8,12.72,0,0,0.92,0,0,0,0,0,0,0,0,0,0,0,0
1029.76,16.87,4.8,12.72,0,0,0.92,0,0,0,0,0,0,0,0,0,0,0,0
1031.6,0,0,0,0,0,0,0,0,0,0,0,0,0,0,0,0,0,0
1033.44,0,0,0,0,0,0,0,0,0,0,0,0,0,0,0,0,0,0
1035.27,0,0,0,0,0,0,0,0,0,0,0,0,0,0,0,0,0,0
1037.11,0,0,0,1.14,0,0,0,0,0,0,0,0,0,0,0,0,0,0
1038.94,0,0,0,1.14,0,0,0,0,0,0,0,0,0,0,0,0,0,0
1040.77,0,0,0,1.14,0,0,0,0,0,0,0,0,0,0,0,0,0,0
1042.6,0,0,0,8.22,0,0.97,0,0,0,0,0,0,0,0,0,0,0,0
1044.43,0,0,0,10.99,0,0.97,0,0,0,0,0,0,0,0,0,0,0,0
1046.26,0,0,24.89,10.99,3.68,11.61,0,0,0,0,0,0,0,0,0,0,0,0
1048.09,0,0,24.89,2.77,3.68,10.64,0,0,0,0,0,0,0,0,0,0,0,0
1049.92,0,0,24.89,0,3.68,10.64,0,0,0,0,0,0,0,0,0,0,0,0
1051.75,0,0,0,0,0,0,0,0,0,0,0,0,0,0,0,0,0,0
1053.57,7.12,0,0,0,0,19.92,0,0,0,0,0,0,0,0,0,0,0,0
1055.4,7.12,0,0,0,0,19.92,0,0,0,0,0,0,0,0,0,0,0,0
1057.22,7.12,0,0,0,0,19.92,0,0,0,0,0,0,0,0,0,0,0,0
1059.04,0,0,0,0,0,0,0,0,0,0,0,0,0,0,0,0,0,0
1060.86,0,0,0,0,2.83,0,0,0,0,0,0,0,0,0,0,0,0,0
1062.68,11.26,12.39,0,4.38,2.83,8.44,0,0,0,0,0,0,0,0,0,0,0,0
1064.5,12.59,12.39,0,4.38,2.83,8.44,0,0,0,0,0,0,0,0,0,0,0,0
1066.32,12.59,28.72,0,4.38,12.57,8.44,0,0,0,0,0,0,0,0,0,0,0,0
1068.14,1.33,16.33,0,0,25.77,0,0,0,0,0,0,0,0,0,0,0,0,0
1069.96,11.8,16.33,0,0,25.77,0,0,0,0,0,0,0,0,0,0,0,0,0
1071.77,11.8,0,0,0,13.2,0,0,0,0,0,0,0,0,0,0,0,0,0
1073.59,20.36,0,11.07,7.24,7.12,15.3,0,0,0,0,0,0,0,0,0,0,0,0
1075.4,8.56,0,11.07,7.24,7.12,15.3,0,0,0,0,0,0,0,0,0,0,0,0
1077.21,8.56,0,11.07,7.24,7.12,15.3,0,0,0,0,0,0,0,0,0,0,0,0
1079.02,0,0,0,0,0,0,0,0,0,0,0,0,0,0,0,0,0,0
1080.83,0,0,0,7.96,1.53,0,0,0,0,0,0,0,0,0,0,0,0,0
1082.64,0,0,0,7.96,1.53,0,0,0,0,0,0,0,0,0,0,0,0,0
1084.45,0,0,0,7.96,1.53,0,0,0,0,0,0,0,0,0,0,0,0,0
1086.26,0,0,0,0,0,0,0,0,0,0,0,0,0,0,0,0,0,0
1088.06,0,8.02,0,0,1.58,4.7,0,0,0,0,0,0,0,0,0,0,0,0
1089.87,0,8.02,0,0,1.58,4.7,0,0,0,0,0,0,0,0,0,0,0,0
1091.67,1.88,13.84,0,0,1.58,4.7,0,0,0,0,0,0,0,0,0,0,0,0
1093.48,1.88,5.82,0,0,0,0,0,0,0,0,0,0,0,0,0,0,0,0
1095.28,1.88,5.82,0,0,0,0,0,0,0,0,0,0,0,0,0,0,0,0
1097.08,0,0,0,0,0,0,0,0,0,0,0,0,0,0,0,0,0,0
1098.88,0,0,0,0,0,0,0,0,0,0,0,0,0,0,0,0,0,0
1100.68,0,0,0,0.13,0,17.17,0,0,0,0,0,0,0,0,0,0,0,0
1102.48,0,0,6.14,0.13,0,17.17,0,0,0,0,0,0,0,0,0,0,0,0
1104.27,0,0,11.73,0.13,0.56,21.79,0,0,0,0,0,0,0,0,0,0,0,0
1106.07,0,0,11.73,0,0.56,4.62,0,0,0,0,0,0,0,0,0,0,0,0
1107.86,0,0,5.59,0,12.17,4.62,0,0,0,0,0,0,0,0,0,0,0,0
1109.66,0,0,0,0,17.3,0,0,0,0,0,0,0,0,0,0,0,0,0
1111.45,8.47,0,0,0,19.96,0,0,0,0,0,0,0,0,0,0,0,0,0
1113.24,8.47,0,1.03,0,8.36,0,0,0,0,0,0,0,0,0,0,0,0,0
1115.03,8.47,0,1.03,0,2.67,0,0,0,0,0,0,0,0,0,0,0,0,0
1116.82,0,4.43,1.03,0.71,0,0,0,0,0,0,4.42,6.07,3.65,0,0,0,0,0
1118.61,0,4.43,0,7.86,8.53,13.86,0,0,0,0,5.7,6.07,3.65,0,0,0,0.73,3.99
1120.4,0,4.43,0,7.86,8.61,13.86,0,0,0,0,5.7,6.07,7.85,0,0,0,0.73,7.19
1122.19,0,0,7.87,7.15,8.61,40.38,0,0,0,0,21.31,5.14,4.2,0,0,0,13.23,7.19
1123.97,0,0,7.87,0,0.09,27.28,0,0,0,0,20.03,6.66,4.2,0,0,0,12.49,3.2
1125.76,0,0,7.87,4.06,0,27.28,0,0,0,0,20.03,8.56,0,0,0,0,12.49,0
1127.54,0,2.35,0,15.25,0,9.99,0,0,0,0,3.96,3.42,0,0,0,0,0,0
1129.33,0,2.35,0,15.25,0,9.23,0,0,0,8.3,3.96,1.91,9.86,0,0,0,0,0
1131.11,0,2.35,0,11.19,0,9.23,0,0,0,8.3,3.96,0,9.86,0,0,0,0,0
1132.89,0,0,0,11.06,1.16,0,0,0,0,8.3,0,0,9.86,0,0,0,0,0
1134.67,14.11,0,0,11.06,1.16,1.36,0,0,0,0,3.49,7.44,0,0,0,0,0,0
1136.45,14.11,0,0,11.06,1.16,1.36,0,0,0,0,3.49,9.45,0,0,0,0,0,0
1138.23,27.91,0,0,0,0,7.04,0,0,0,13.79,3.49,30.46,0,0,0,0,0,0
1140,13.8,8.42,0,14.91,0,5.68,0,0,0,27.69,22.3,26.06,0,0,0,3.46,0,0
1141.78,13.8,8.42,2.08,14.91,0,20.69,0,0,0,40.48,33.48,43.58,4.4,0,0,3.46,0,6.71
1143.55,9.78,8.42,2.08,14.91,0,15.02,0,0,0,60.61,45.45,36.79,4.4,0,0.94,3.46,0,6.71
1145.33,9.78,0,4.47,0,0,15.02,0,0,0,68.88,36.02,48.82,4.4,0,0.94,0,9.75,6.71
1147.1,9.78,0,2.39,0,0,0,0,0,0,81.96,40.07,33.98,0,0,0.94,0,9.75,0
1148.87,0,0,12.55,0,0,5.64,0,0,0,62.85,29.59,19.75,1.61,0,0,0.17,9.75,2.4
1150.64,0,19.3,25.51,2.9,1.74,5.64,0,0,0,40.68,28.59,4.68,1.61,0,0,0.17,0,4.86
1152.41,1.07,19.3,25.51,2.9,1.74,5.64,0,0,0,14.81,14.95,0,1.61,0,0,0.17,0,4.86
1154.18,8.88,19.3,15.34,2.9,3.13,0,0,0,0,7.68,13.46,0,0,0,0,2.26,0,9.73
1155.95,11.11,0,0,0,1.39,0,0,0,0,17.12,5.67,9.49,0,3.65,0,2.26,0,19.97
1157.72,10.04,4.31,0,8.4,1.39,0,0,0,0,17.12,16.23,29.66,0,3.65,0,12.63,0,19.97
1159.48,2.23,4.31,0,8.4,0,0,0,0,0,9.44,16.23,29.66,0,3.65,0,10.37,0,12.7
1161.25,0,4.31,0,8.4,0.74,0,0,0,0,0,24.97,25.51,0,0,0,10.37,0,0
1163.01,0,0,0,0,0.74,0,0,0,0,8.46,19.52,5.34,0,0,0,1.5,5.98,5.71
1164.77,0,0,0,0,0.74,0,0,0,0,9.72,34.02,29.88,0,14.06,0,1.5,5.98,15.23
1166.54,0,0,0,0,0,0,0,0,0,9.72,21.21,24.54,0,14.06,0,1.5,5.98,15.23
1168.3,0,6.8,0,0,0,0,0,0,0,1.27,14.5,24.54,0,14.06,0,0,0.41,9.52
1170.06,0,6.8,0,0,0,0,0,0,0,0,0,8.09,0,0,0,0,0.41,0
1171.81,0,6.8,0,0,0,0,0,0,0,0,0,8.09,0,0,0,0,0.41,1.96
1173.57,0,0,0,0,5.63,0,0,0,0,16.46,0,15.71,0,0,0,0,0,1.96
1175.33,0,0,0,0,5.63,0,0,0,0,16.46,4.59,7.8,0,0,0,0,0,1.96
1177.08,0,0,0,0,5.63,0,0,0,0,16.46,18.28,7.8,0,0,0,0,21,0
1178.84,0,0,0.62,0,4.02,0,0,0,0,0,40.39,7.72,0,0,0,0,22.43,0
1180.59,0.74,0,0.62,0,4.02,8.97,0,0,0,20.66,40.57,19.33,0,0,0,7.98,25.19,0
1182.34,0.74,2.99,0.62,0,4.02,8.97,0,0,0,36.79,46.11,32.5,3.54,0,0,13.71,17.08,3.68
1184.1,18.95,6.17,0,0,0,8.97,0,0,0,47.62,24,48.06,3.54,0,0,13.71,20.55,3.68
1185.85,18.21,6.17,0,0,0,0,0,0,0,26.96,19.23,36.27,3.54,0,0,5.73,17.79,3.68
1187.6,22.92,3.18,0,12.95,0,0,0,0,0,10.83,0,23.1,0,0,0,0,4.9,0
1189.35,4.71,0,0,12.95,0,0,0,0,0,0,0,0,0,0,0,0,0,0
1191.09,4.71,0,0,12.95,0,0,0,0,0,0,0,0,0,0,0,0,0,0
1192.84,0,0,0,0,0,0,0,0,0,0,0,0,0,0,0,0,0,0
1194.59,0,0,0,0,0,0,0,0,0,0,0,0,0,0,0,0,0,0
1196.33,0,0,0,0,0,0,0,0,0,0,0,0,0,0,0,0,0,0
1198.07,0,0,0,0,0,2.39,0,0,0,0,0,0,0,0,0,0,0,0
1199.82,0,0,0,0,0,2.39,0,0,0,0,0,0,0,0,0,0,0,0
1201.56,9.96,0,0,0,5.36,9.12,0,0,0,0,0,0,0,0,0,0,0,0
1203.3,9.96,0,0,9.75,5.36,6.73,0,0,0,0,0,0,0,0,0,0,0,0
1205.04,9.96,12.27,0,19.85,5.36,15.93,0,0,0,8.19,8.42,0,0,0,0,0,0,0
1206.78,0,12.27,0,20.18,0,14.98,0,0,0,8.19,8.42,0,0,0,0,0,9.66,0
1208.51,0,12.27,0,10.43,0,14.98,0,0,0,8.19,8.42,0,0,0,0,0,9.66,0
1210.25,0,0,0,0.34,0,5.78,0,0,0,0,0,0,0,0,0,0,9.66,0
1211.98,0,0,0,1.86,0,0,0,0,0,0,0,0,0,0,0,0,0,0
1213.72,8.75,1.45,5.09,7.54,21.47,0,0,0,0,0,0,0,0,0,12.15,0,0,0
1215.45,8.75,1.45,5.09,7.54,21.47,1.84,0,0,0,4.74,2.52,0,0,0,12.15,0,0,0
1217.19,10.31,1.45,5.09,5.68,25.26,1.84,0,2.23,0,5.47,2.52,0,0,0,12.15,0,0,0
1218.92,1.56,5.92,0,0,3.79,1.84,0,2.23,0,5.47,2.52,0,0,0,0,0,0,0
1220.65,17.86,7.6,22.65,23.87,17.81,0,0,2.23,4.68,10.48,4.82,0,0,6.71,0,2.69,23.1,4.06
1222.38,40.68,10.72,22.65,28.58,38.22,6.51,0,6.23,4.68,9.75,18.3,0,16.28,6.71,0,2.69,23.1,4.06
1224.1,40.68,4.79,22.65,28.58,39.38,6.51,0,6.23,4.68,9.75,19.69,0.08,16.28,6.71,0,2.69,23.1,4.06
1225.83,28.1,3.11,0,4.88,34.71,6.51,0,6.23,0,0,14.88,0.08,16.28,0,0,0,0,0
1227.56,3.71,13.44,2.75,0.18,10.51,0,0,0,0,0,1.39,0.08,0,0,0,0,9.8,0
1229.28,3.71,13.44,2.75,0.18,9.35,18.91,0,0,0,0,0,0,0,0,0,0,9.8,0
1231.01,7.51,31.36,2.75,4.52,13.71,28.91,0,0,0,0,3.87,3.57,0,12.55,6.77,9.87,9.8,10.44
1232.73,22.6,22.08,7.47,20.01,32.07,47.55,0,0,0,0,3.87,8.67,14.97,44.07,19.83,13.99,12.02,28.82
1234.45,22.6,22.08,7.47,20.01,40.64,43.48,0,0,0,10.09,3.87,13.2,16.12,44.07,33.08,13.99,30.54,56.38
1236.18,24.23,4.16,7.47,30.84,49.16,50.65,0,0,0,10.09,16.08,9.63,47.68,51.65,55.98,22.75,43.45,70.23
1237.9,14.87,2.15,1.79,24.35,44.02,46.5,0,0,0,10.09,19.24,20.73,54.69,28.37,74.69,21.65,33.75,74.23
1239.61,29.21,14.56,12.52,50.67,53.67,51.14,6.62,9.11,9.28,20.3,19.24,20.63,93.49,41.61,114.53,41.61,30.52,68.36
1241.33,26.89,24.14,12.52,35.33,37.89,33.97,6.62,9.11,9.28,20.3,5.2,20.63,79.11,61.6,104.18,42.11,34.76,45.96
1243.05,22.92,21.99,11.23,47.21,24.67,19.49,6.62,9.11,9.28,20.3,6.51,4.44,58.41,78.61,97.18,39.1,37.69,27.58
1244.77,8.59,9.57,6.84,30.99,8.14,11.61,0,0,0,0,6.51,2.42,18.45,78.87,49.42,31.21,43.86,5.9
1246.48,1.76,0,6.84,30.99,16.06,11.61,0,0,0,0,4.48,2.42,1.35,81.81,32.02,17.34,55.39,4.79
1248.2,11.73,8.49,15.83,13.79,16.06,29.47,3.78,0,0,9.13,0,21.5,21.72,95.9,39.75,35.49,62.72,8.49
1249.91,11.73,8.49,9.48,3.69,15.79,28.19,3.78,0,0,9.13,0,22.68,32.62,87,34.42,23.42,41.26,27.1
1251.62,43.62,10.48,28.8,13.97,1.98,28.98,3.78,4.67,0,20.6,11.51,51.57,46.48,68.24,43.31,18.15,34.75,50.96
1253.33,51.31,23.17,22.49,21.81,12.79,11.12,0,7.38,0,11.48,27.86,38.46,24.83,29.73,18.44,24.82,37.49,61.4
1255.04,68.37,23.17,41.99,34.38,15.56,12.54,0,7.38,0,11.89,34.27,52.49,29.41,26.68,28.47,58.66,40.18,45.64
1256.75,55.75,29.56,22.68,31.25,19.11,20.76,0,5.33,0.26,5.93,50.58,39.55,32.67,2.37,17.67,69.2,18,36.23
1258.46,37.38,8.37,35.64,22.02,26.24,48.92,6.56,2.62,0.26,36.65,46.91,68.64,36.71,1.55,18.65,44.37,2.69,18.1
1260.17,47.9,8.37,29.85,10.36,22.05,49.93,11.65,9.17,9.48,77.63,97.82,86.3,56.57,26.79,19.54,24.48,9.85,15.24
1261.87,36.11,0,29.85,8.71,17.94,40.96,18.94,6.56,9.22,118.86,109.98,105.88,56.68,40.57,34.11,15.49,30.99,3.69
1263.58,35.45,0,16.53,6.41,19.1,12.8,12.39,23.53,25.21,151.56,141.61,107.93,64.59,77,38.37,15.49,38.43,21.35
1265.28,7.86,17.94,2.83,22.11,29.7,4.52,19.92,27.39,15.99,162.84,114.82,113.89,70.08,77.53,35.22,23.22,28.58,21.35
1266.99,0.38,21.23,2.83,19.61,29.7,4.48,12.63,33.14,15.99,158.59,120.5,108,54.03,63.76,26.53,21.67,32.17,17.66
1268.69,35.76,34.77,21.89,27.24,27.57,8.98,30.84,26.83,3.39,153.69,122.88,122.79,76.34,54.11,51.2,44.72,46.11,20.31
1270.39,59.77,36.28,37.37,21.54,16.96,9.62,24.23,25.22,3.59,120.16,97.27,106.94,50,32.82,52.55,23.05,64.7,20.31
1272.09,66.48,88.48,49.55,25.85,27.3,32.49,38.51,26.18,28.39,96.88,74.25,95.01,81.57,62.21,100.82,54.27,50.57,59.19
1273.79,46.46,83.46,39.88,21.29,24.08,31.6,33.84,20.17,25,38.35,52.59,59.43,60.5,44.19,71.11,40.78,30.8,39.46
1275.49,31.8,77.46,41.23,30.73,34.81,58.73,52.54,28.85,40.06,44.45,62.29,47.21,69.79,69.85,94.08,59.55,37.05,41.95
1277.18,45.81,35.48,29.05,28.53,43.95,48.86,41.59,22.13,34.47,25.24,39.65,29.52,57.09,48.2,59.74,28.33,35.32,3.07
1278.88,36.4,40.07,23.31,51.22,46.66,56.57,28.04,17.48,34.47,25.24,14.63,13.19,51.42,47.57,51.9,18.77,33.71,2.49
1280.57,37.45,39.78,31.04,32.37,35.94,24.32,3.33,0,20.26,0,0,6.38,27.65,17.3,19.81,0,13.36,0
1282.27,16.72,33.85,39.65,27.26,32.79,17.49,0,0,1.05,9.42,0,6.38,12.58,34.27,10.09,15.62,14.58,0
1283.96,25.46,34.92,43.41,12.44,20.31,8.67,17.45,19.87,13.74,9.42,0,6.38,18.3,35.7,15.36,15.62,22.83,0
1285.65,34.67,51.79,44.96,31.06,43.51,28.05,32.13,30.62,35.28,9.42,3.91,14.65,38.83,51.49,36.93,26.97,40.87,21.6
1287.34,36.22,52.56,36.34,36.53,27.19,21.88,34.36,30.62,35.28,0,3.91,14.65,43.6,26.78,33.71,17.32,30.78,21.6
1289.03,27.12,42.13,26.1,25.61,49.86,23.21,18.16,10.75,22.59,0,3.91,14.65,42.94,20.17,40.74,17.32,22.53,21.6
1290.72,28.7,12.09,1.02,5.47,26.65,8.55,9.53,16.11,0,0,0,0,37.52,2.96,19.17,5.96,0,0
1292.41,40.52,22.57,19.59,11.36,29.77,14.17,16.05,29.92,14.35,0,0,4.15,27.69,2.96,12.3,9.92,7.16,8.62
1294.1,38.57,39.96,19.59,22.07,3.12,18.98,39.81,50.98,43.64,0,0.44,4.15,15.11,6.96,19.94,9.92,7.16,8.62
1295.78,21.97,51.31,57.67,22.07,9.82,14.25,44.71,40.54,51.21,0,0.44,4.15,0,12.6,24.56,9.92,7.16,8.62
1297.47,29.61,53.94,58.98,18.45,18.88,15.64,58.87,47,69.04,0,6.64,1.36,26.21,12.6,30.19,16.5,0,0
1299.15,27.93,36.92,58.98,7.74,31.42,12.03,35.93,29.39,65.12,0,6.2,1.36,26.33,6.55,15.45,18.88,0,5.2
1300.84,37.7,26.37,19.88,21.19,32.61,12.03,43.58,42.35,75.45,0,7.29,1.36,39.68,0.91,26.29,26.8,0.23,5.2
1302.52,49.94,24.6,28.46,13.49,21.25,17.34,52.59,70.35,70.8,0,13.59,3.42,40.19,9.12,33.14,21.88,2.81,14.66
1304.2,47.59,30.18,41.94,16.22,34.91,19.33,56.96,88.36,65.18,0,13.59,3.42,64.05,18.69,27.94,27.32,2.81,9.47
1305.88,66.52,54.1,70.11,17.54,49.91,36.05,89.69,106.08,71.25,7.85,12.5,3.42,84.26,42.78,24.5,36.1,26.64,31.45
1307.56,46.24,47.82,47.17,34.65,49.09,24.83,92.44,72.15,81.69,7.85,0,0,68.15,34.57,12.41,24.52,24.06,21.99
1309.24,54.46,42.78,38.14,33.66,45.44,17.82,104.23,77.58,64.14,7.85,0,0,54.74,24.09,12.41,16.71,24.75,21.99
1310.91,42.21,44.52,9.97,49.79,22.54,5.95,72.81,61.15,49.41,0,0,0,28.78,3.18,4.14,0,0.69,0
1312.59,31.08,34.72,19.19,45.04,22.54,4.86,38.15,67.52,40.47,0,0,0,30.29,3.18,3.74,4.14,0.69,0
1314.26,38.75,41.38,34.87,59.41,6.93,11.6,53.68,87.03,73.67,0,6.99,0,19.74,3.18,3.74,11.32,4.94,0
1315.94,17.72,30.06,43.49,34.46,26.36,17,56.68,99.01,75.35,0,6.99,0,12.12,1.33,10.86,12,4.94,0
1317.61,17.86,41.52,39.64,38.63,26.36,21.53,84.2,107.13,55.49,0,6.99,0,0,1.33,10.86,7.86,7.01,0
1319.28,7.67,31.33,19.51,40.14,32.56,14.79,82.15,88.38,54.77,0,0,0,0,1.53,10.86,0.79,18.65,0
1320.95,7.67,16.2,13.02,37.66,13.12,4.54,76.89,86.78,61.85,0,0,0,3.21,0.2,0,0.12,18.65,0
1322.62,5.7,1.12,2.13,21.1,13.12,0,61,92.2,78.63,0,1.28,0,17.08,2.07,4.7,0.12,16.58,4.29
1324.29,23.55,1.31,19.61,6.31,0,4.82,73.69,98.53,70.99,11.83,1.74,3,25.73,1.87,5.51,0.11,10.27,14.03
1325.96,23.55,6.57,26.27,4.31,0,11.95,106.74,79.56,101.7,11.83,1.74,3,22.52,1.87,5.51,0.11,10.27,14.03
1327.63,23.55,6.57,26.36,9.42,0.95,11.95,120.26,79.39,81.23,11.83,0.45,3,13.75,0,0.81,0.11,10.27,9.73
1329.29,0,5.26,19.49,6.58,1.77,18.09,93.36,70.47,77.33,12.91,0,0,5.1,0,0,0,0,0.54
1330.96,0,0,10.7,5.11,1.77,10.96,71.93,89.69,50.9,12.91,8.64,0,5.1,0,0,0,0,0.54
1332.62,0,0,17.19,0,4.6,11.89,78.31,93.38,79.94,17.07,8.94,0,0,15.92,0,5.46,0,0.54
1334.28,1.49,0,6.57,1.46,22.44,9.39,89.27,109.32,79.57,7.32,8.94,0,0,15.92,0,5.46,0,8.83
1335.95,4.4,0,6.57,16.69,22.44,9.39,99.59,106.95,95.22,8.74,12.79,4.49,8.58,15.92,0,5.46,5.71,10.48
1337.61,4.4,0,0,24.34,18.66,8.47,111.27,104.61,104.56,17.71,12.5,10.58,8.58,0,0,0,5.71,10.48
1339.27,2.91,0,0,22.88,0,0,112.2,78.85,110.48,18.25,12.5,10.58,8.58,0,0,0,5.71,1.65
1340.92,0,8.63,0.87,17.19,4.07,21.55,129.38,108.67,147.66,45.04,8.86,29.37,0.39,0,0,4.84,11.45,0
1342.58,0,8.63,0.87,9.53,4.07,21.77,128.02,109.96,155.3,39.63,8.86,31.3,9.85,0,0,26.7,22.28,0
1344.24,11.9,8.63,5.43,20.73,4.07,21.77,151.7,148.61,147.3,45.23,11.44,34.49,20.49,5.15,11.51,34.7,31.92,0
1345.9,11.9,14.41,17.9,11.2,0.2,25.56,139.4,136.28,131.33,18.86,16.65,30.79,29.8,7.05,21.09,31.23,20.47,0
1347.55,31.38,14.41,20.04,14.3,0.2,34.14,142.68,144.54,124.27,18.06,28.09,23,23.02,32.27,21.09,9.37,9.64,0
1349.2,19.48,25.96,15.65,5.21,0.2,34.14,118.99,136.49,132.24,18.62,25.5,19.82,19.93,34.22,9.58,11.16,1.13,0
1350.86,19.48,21.11,2.3,5.21,5.35,13.96,117.44,137.58,120.34,30.64,11.44,0.22,10.22,51.62,0.62,9.79,14.75,0
1352.51,0.99,24.81,11.49,24.69,13.49,5.16,111.02,150.14,115.25,44.46,12.5,1.05,7.54,26.4,0.62,14.12,15.78,0
1354.16,0.99,16.1,25.47,32.63,15.43,18.25,125.85,133.28,150.4,34.58,14.85,13.21,0,31.17,10.1,4.34,14.66,0
1355.81,0.99,6.53,25.47,40.59,10.09,19.09,134.38,132.78,137.58,40.33,14.85,13.21,8.15,15.96,9.48,4.34,8.98,0
1357.46,7.64,10.84,14.14,37.55,21.05,30.68,142.27,127.98,144.12,19.6,8.19,19.32,16.42,35.51,9.48,0,20.31,0
1359.1,7.64,8.01,8.37,27.5,19.11,17.59,145.07,139.42,121.58,19.6,5.84,7.16,16.42,23.65,0,0,20.31,0
1360.75,14.69,11.42,20.79,21.14,19.11,11.59,132,129.99,138.83,0,5.84,7.16,8.26,19.55,0,0,20.67,0
1362.4,7.05,3.42,23.37,1.6,0,6.13,101.86,108.82,133,0,0,0,0,0,0,0,8.31,0
1364.04,7.05,30.92,31.19,1.6,18.24,6.13,99.07,106.01,122.53,0,0,0,0,0,0,0,8.31,0
1365.69,6.76,27.51,18.77,1.6,25.75,6.13,94.42,104,101.2,0,0,0,0,0,0,0,0,0
1367.33,6.92,33.34,16.19,1.6,25.75,5.71,121.35,95.57,93.78,0,0,0,0,0,0,0,0,0
1368.97,6.92,5.83,4.71,12.73,7.51,13.91,116.64,83.16,109.39,0,0.93,0,0,0,0,0,0,0
1370.61,0.15,5.83,4.71,11.13,0,13.91,126.73,79.23,129.8,0,0.93,0,0,0,0,0,0,0
1372.25,0,0,4.71,11.13,0,18.84,142.96,109.1,147.01,4.71,0.93,0,32.72,7.12,10.95,25.02,1.48,14.28
1373.89,0,9.86,0,5.28,0,10.64,155.11,118.88,149.13,9.81,7.79,0,55.05,11.53,11.83,36.26,9.2,14.28
1375.53,15.38,9.86,0,5.28,0,10.64,169.28,143.03,146.62,9.81,12.28,0,55.05,11.53,11.83,36.26,9.2,15.75
1377.16,15.38,22.76,24.31,26.56,17.2,12.04,165.59,150.64,159.57,5.11,35.7,8.52,36.1,11.96,8.22,18.16,27.8,1.47
1378.8,15.38,12.9,24.31,21.28,17.2,12.04,154.59,139.61,134.55,0,31.73,8.69,13.78,7.55,7.33,6.92,20.08,1.47
1380.43,0,12.9,24.31,21.28,26.31,12.04,113.95,110.28,101.56,0,29.77,8.69,13.78,7.55,7.33,6.92,20.08,0
1382.07,0,0,0,0,9.11,0,71.56,79.52,75.81,0,6.34,0.17,0,0,0,0,0,0
1383.7,0,0,0,0,9.11,0,49.74,65.35,75.31,0,2.53,0,0,0,0,0,0,0
1385.33,0,0,0,0,0,0,74.51,81.42,112.72,0,2.96,0,0,0,0,0,0,0
1386.96,0,0.41,0,0,0,0,91.09,91.63,115.27,0,11.22,0,7.01,6.86,0,23.18,0,0
1388.59,0,8.47,6.87,5.32,0,0,120.13,118.98,130.28,7.31,23.57,3.27,10.01,8.38,0,23.18,14.98,1.39
1390.22,0,8.86,6.87,13.95,0,2.06,109.98,120.46,125.44,7.31,20.72,3.27,10.01,8.38,0,25.87,16.89,1.39
1391.85,0,8.45,6.87,13.95,11.3,5.88,126.52,113.97,118.95,7.31,12.46,3.27,3,1.52,0,2.7,16.89,1.39
1393.47,0,13.2,0,16.3,11.3,24.34,117.52,124.28,113.93,7.04,0.11,0,0,0,0,2.7,1.91,0
1395.1,0.54,22.63,7.33,7.68,11.3,22.27,124,112.73,105.04,7.04,0,0,0,0,0,0,0,0
1396.72,27.65,24.67,7.33,27.86,0,18.46,99.06,117.09,85.4,7.04,0,0,0,0,0,0,0,0
1398.35,50.21,11.85,7.33,20.19,22.54,12.4,91.7,110.7,79.35,0,0,0,0,0,0,0,0,0
1399.97,49.67,2.04,17.48,43.56,22.54,12.4,67.14,107.77,68.76,0,0,0,0,0,0,0,0,0
1401.59,22.56,0,17.48,23.37,22.54,12.4,51.83,93.43,84.75,0,0,0,0,0,0,0,0,0
1403.21,0,0,18.22,23.37,0,0,32.1,52.36,63.65,0,0,0,0,0,0,0,0,0
1404.83,0,0,0.74,0,2.7,0,60.17,44.74,44.69,0,0,0,0,0,0,0,0,0
1406.45,0,0,0.74,6.21,3.51,0,77.93,42.47,42.42,0,0,0,0,0,0,0,0,0
1408.07,0.79,0,0,14.2,11.08,0,79.95,55.75,54.4,0,3.58,0,0,0,0,0,0,0
1409.68,0.79,0,0,23.51,8.38,8.79,60.09,59.87,71.18,0,3.58,0,0,0,0,0,0,0
1411.3,0.79,0,0,19.39,7.58,20.35,56.93,66.67,79.31,0,3.58,0,0,0,0,0,0,0
1412.91,0,0,0,11.41,0,20.35,46.9,71.61,88.25,0,0,0,0,0,0,0,0,0
1414.53,0,0,0,2.09,0,12.8,44.79,74.8,101.43,0,0,0,0,0,0,0,0,0
1416.14,0,0,0,3.54,0,1.24,64.81,75.79,91.08,0,0,0,0,0,0,9.57,3.88,6.17
1417.75,0,0,0,3.54,0,1.24,88.41,83.03,87.98,0,0,16.81,0,0,0,9.57,3.88,6.17
1419.36,0,0.57,0,3.54,0,0,111.37,87.95,81.57,8.64,5.32,16.81,0,0,0,9.57,3.88,15.5
1420.97,0,0.57,0,0,0,0,85.14,67.68,82.96,12.39,5.32,16.81,0,0,0,0,0,9.33
1422.58,0,0.57,0,4.81,2.05,0,90.92,77.44,77.37,40.49,15.02,9.18,22.9,0,16.41,2.3,7.96,12.05
1424.19,0,0,0,9.4,2.57,0,85.06,85.55,89.14,58.19,38.93,33.82,39.53,5.4,25.22,19.92,15.92,43.48
1425.79,0,0,0,9.4,6.32,0,95.57,93.68,110.93,54.43,51.92,52.49,48.13,40.78,40.98,51.09,54.1,68.83
1427.4,1.77,0,0,14.12,19.7,5.02,98.53,92.95,131.86,58.27,93.31,83.68,71.12,76.8,67.64,94.86,90.22,112.71
1429,1.77,0,0,9.52,19.18,5.95,84.53,75.24,120.47,63.78,99.04,99.55,84.46,104.16,100.3,130.63,131.34,111.94
1430.61,6.77,9.15,0,24.2,15.43,13.8,83.77,97.11,93,105.33,127.68,124.33,132.37,111.77,135.86,161.96,142.35,143.4
1432.21,12.07,9.15,6.27,15.72,0,20.99,66.25,99.56,80.11,113.32,131.88,133.34,121.84,139.27,136.65,204.19,175.59,190.75
1433.81,12.07,9.15,6.27,16.12,6.3,20.06,71.65,91.93,91.79,130.54,139.99,146.26,153.21,156.66,159.01,222.32,201.07,230.67
1435.41,21.72,0,6.27,13.31,7.41,12.25,76.4,85.31,107.84,147.11,164.44,157.52,178.92,195.07,169.71,256.45,227.55,260.92
1437.01,22.04,0,11.61,21.17,7.41,12.46,94.96,57.17,98.68,153.81,158.36,170.24,235.08,227.27,204.53,255.04,258.14,269.97
1438.61,22.04,13.47,11.61,40.27,11.49,20.13,111.53,81.38,97.54,186.18,206.95,198.64,266.59,271.47,253.36,289.63,306.74,298.35
1440.2,7.39,13.47,13.27,31.58,10.39,21.45,110.14,74.94,91.1,211.9,229.88,234.39,266.11,302.69,293.2,300.89,352.35,340.4
1441.8,12.85,25.09,13.73,34.91,15.84,16.78,91.43,101.53,107.67,269.3,273.5,266.15,284.64,321.24,334.38,337.82,401.97,384.8
1443.4,23.89,11.62,14.01,30.46,7.38,20.01,65.63,88.7,85.5,271.94,286.02,255.81,292.4,369.69,351.12,367.99,415.81,423.76
1444.99,44.91,26.38,22.6,35.24,19.91,20.13,58.64,89.34,69.78,313.7,321.33,271.94,351.94,377.27,386.66,413.27,440.77,460.16
1446.58,42.16,19.95,26.2,32.36,33.69,21.59,63.77,69.11,53.54,315.92,339.43,286.52,376.94,385.63,398.97,439,446.18,469.69
1448.18,34.42,34.66,25.92,22.15,48.8,29.05,67.16,57.12,53.21,342.37,340.76,324,422.5,380.55,400.52,459.96,476.14,477.11
1449.77,15.8,25.02,40.31,14.18,57.37,38.29,61.45,52.38,66.12,316.73,309.99,342.05,437.63,396.7,392.63,483.14,510.67,463.76
1451.36,29.18,22.05,33.71,20.43,54.6,61.88,50.44,58,75.38,319.76,323.57,323.44,425.77,433.2,400.09,488.67,514.87,475.74
1452.95,46.8,23.31,51.54,36.9,49.73,55.69,65.55,78.08,85.11,316.25,335.28,344.96,426.36,448.81,420.66,489.97,523.52,483.51
1454.53,66.42,28.91,55.84,53.92,47.53,52.51,82.36,84.85,79.2,324.75,344.66,343.16,410.95,455.1,451.91,472.62,517.85,504.29
1456.12,64.15,44.29,58.59,42.85,49.12,36.44,109.41,100.53,74.53,320.82,344.27,372.93,422.44,437.29,461.72,452.82,512.06,522.63
1457.71,56.23,28.32,54.34,21.54,41.04,32.37,93.93,82.35,58,314.68,349.34,341.16,400.06,426.26,439.31,419.81,480.39,516.08
1459.29,39.98,17.59,34.43,4.52,22.15,25.32,84.03,83.74,58.37,302.44,356.31,332.61,380.23,414.13,413.47,391.02,446.28,492.43
1460.88,51.29,15.88,26.42,17.02,31.97,31.48,85.04,70.72,67.99,284.76,338.51,313.31,368.97,412.89,411.2,399.46,438.4,441.67
1462.46,42.05,20.98,20.86,17.02,27.87,23.38,89.62,65.6,80.18,268.65,301.62,311.9,366.6,380.22,405.15,410.46,413.74,413.47
1464.04,53.92,47.62,25.08,17.02,41.74,43.11,87.12,69.39,100.29,262.78,275.29,291.73,353.47,377.11,403.33,404.02,402.31,411.16
1465.62,24.36,58.7,56.52,24.31,27.68,55.74,84.41,99.32,103.86,268.03,266.41,285.35,359.79,375.11,375.63,387.36,373.99,410.97
1467.21,36.8,60.79,70.31,32.45,56.66,62.09,81.62,132.82,121.34,266.51,237.1,249.53,339.66,369.02,363.15,371.59,372.56,394.34
1468.78,38.59,43.55,60.77,60.1,52.28,65.06,89.18,137.68,124.84,240,240.81,231.73,322.22,354.26,353.35,343.5,354.81,353.71
1470.36,51.49,22.09,26.68,44.18,46.35,38.81,90.76,117.89,110.03,226.51,200.52,210.6,266.11,339.51,340.23,319.4,325.72,315.76
1471.94,39.61,33.2,13.81,46.49,39.97,32.45,98.03,93.45,108.24,205.02,209.24,201.49,232.01,325.76,307.11,264.31,298.31,293.81
1473.52,42.74,45.31,14.29,48.46,41.94,18.1,102.54,92.93,97.7,198.43,186.2,185.61,205.13,298.91,270.22,228.12,269.78,269.08
1475.09,26.87,39.8,13.13,43.22,34.06,8.84,82.75,85.43,92.84,162.52,176.83,159.4,164.27,239.07,228,191.92,223.26,241.69
1476.67,43.57,37.47,9.5,57.43,25.59,23.05,80.52,102.17,82.89,160.51,166.03,144.43,155.96,215.79,211.01,194.62,201.97,203.86
1478.24,33.38,15.96,15.99,27.8,24.23,14.21,65.21,92.15,77.51,147.07,145.79,131.69,142.55,179.4,169.58,171.54,163.56,182.25
1479.81,41.32,20.16,33.24,36.46,39.5,21.89,83.14,101.38,107.05,157.85,174.11,138.19,144.37,173.91,158.71,161.35,192.71,181.21
1481.38,25.92,26.07,42.85,24.9,40.26,35.33,87.65,73.19,120.49,165.2,172.34,142.58,148.09,168.64,137.07,149.38,183.09,192.05
1482.95,29.75,29.51,57.69,41.85,50.24,59.5,110.73,77.23,122.18,194.79,198.13,151.88,150.03,174.61,147.66,184.98,209.69,207.45
1484.52,21.81,32.99,43.86,30.05,38.57,51.82,105.62,59.41,96.66,192.16,155.04,151.63,150.09,160.68,129.03,179.35,182.74,194.64
1486.09,33.98,37.8,53.71,29.72,40.89,50.5,99.63,104.05,89.28,187.98,183.41,185.16,153.26,144.88,143.52,189.51,189.23,206.27
1487.66,31.27,41.4,50,20.85,20.82,29.96,81.44,106.16,90.03,171.59,175.56,191.15,150.55,142.19,143.45,178.77,182.17,194.35
1489.22,31.27,33.72,49.08,20.85,17.22,35.55,67.38,103.4,97.24,179.33,186.83,198.6,148.29,125.95,137.17,184.82,172.89,188.87
1490.79,15.79,26.88,35.94,15.53,14.23,13.57,78.12,82.44,95.24,188.84,155.88,176.16,132.82,120.5,121.67,172.31,158.05,170.17
1492.35,5.42,20.16,14.14,7.46,17.53,9.95,69.89,65.16,74.27,171.71,142.62,171.4,109.68,117.71,82.18,156.13,138.21,140.15
1493.92,5.42,35.16,18.45,16.64,31.13,13.08,65.78,72.35,60.09,167.69,144.8,169.76,108.32,117.71,69.13,144.07,145.16,139.56
1495.48,4.84,24.22,7.87,15.89,24.36,14,53.02,61.89,34.6,132.01,154.66,157.8,78.97,107.71,42.43,115.68,113.77,109.98
1497.04,16.7,38.73,24.53,24.13,23.71,24.47,64.06,60.56,53.24,153.45,144.31,150.96,77.73,94.82,59.84,88.39,96.49,105.52
1498.6,18.6,23.73,25.3,14.95,11.95,15.73,66.57,43.03,53.01,143.68,131.74,117.9,46.71,88.72,55.03,70.22,69.33,62.16
1500.16,16.88,34.8,24.23,8.24,20.53,10.46,54.1,20.18,55.47,152.91,110.18,114.19,43.26,62.29,64.22,67.39,59.16,68.47
1501.72,3.64,19.98,15.01,17.84,32.78,12.4,63.09,26.47,46.72,125.27,92.41,98.93,42.26,46.31,64.53,92.33,62.44,88.56
1503.27,1.74,23.35,14.01,17.84,30.93,12.4,55.43,32.44,45.33,95.96,88.31,92.35,62.17,29.99,60.84,88.94,58.05,103.32
1504.83,1.74,14.55,14.01,17.84,20.63,15.97,65.68,50.65,54.51,82.22,83.77,108.99,69.06,41.91,42.38,97.43,80.56,73.97
1506.38,0.74,18.75,23.35,13.33,8.44,7.8,70.61,59.21,59.04,84.49,89.91,104.65,74.96,66.82,41.92,94.93,95.06,48.95
1507.94,0.74,15.38,17.03,13.33,8.44,7.8,75.12,85.35,78.81,82.99,65.6,85.65,65.75,85.3,35.13,98.98,106.78,39.16
1509.49,0.9,10.48,19.22,28.96,11.37,15.75,85.98,83.51,80.93,77.49,61.31,62.21,77.88,96.44,56.23,92.7,110.84,59.7
1511.04,12.25,19.46,3.9,31.46,21.18,16.92,68.98,61.13,65.18,47.78,49.14,34.89,69.79,65.7,53.45,75.2,102,53.68
1512.6,14.82,24.14,6.93,37.39,21.18,26.08,82.65,48.43,62.45,51.41,68.97,71.79,72.03,54.3,74.9,67.03,102.5,73.33
1514.15,14.66,42.57,12.73,44.68,18.45,14.55,66.13,67.2,67.18,41.49,48.25,50.93,41.73,58.01,68.23,46.3,91.45,79.09
1515.69,2.57,42.34,26.53,29.63,5.93,10.84,74.51,73.21,66.82,39.8,33.74,62.96,29.98,61.27,37.75,32.46,80.28,90.74
1517.24,21.15,65.9,23.25,40.7,25.92,9.58,60.46,68.79,67.7,33.01,16.82,43.23,26.12,83.76,41.2,28.84,81.66,88.61
1518.79,21.15,51.34,32.73,28.99,31.86,14.02,77.32,71.95,73.15,40.77,17.12,55.05,40.49,67.81,63.21,36.11,75.27,101.04
1520.34,28.4,49.01,17.47,28.21,36.15,12.33,65.2,76.12,74.62,36.25,38.78,43.56,49.86,49.37,83.26,37.04,68.54,95.8
1521.88,14.43,59.35,50.71,28.39,25.32,30.18,78.2,94.42,68.54,44.14,44.2,47.51,73.01,35.87,82.39,40.42,64.59,81.67
1523.42,38.88,51.7,45.75,17.18,31.49,49.04,59.12,68.63,64.38,37.6,35.5,39.02,51.84,26.26,51.4,28.85,51.86,49.09
1524.97,31.64,52.6,51.98,34.57,42.55,51.99,56.16,57.96,72.68,37.6,20.94,37.32,40.99,49.59,52.2,34.22,50.57,41.96
1526.51,29.45,46.39,33.14,28.54,33.38,41.96,49.55,35.99,73.66,18.08,7.1,19.96,30.15,55.42,55.33,31.6,28.95,33.16
1528.05,11.16,48.4,37.52,53.14,20.23,18.67,66.41,51.47,71.43,14.44,23.01,10.05,54.97,71.04,88.9,56.91,36.1,36.8
1529.59,40.71,43.42,52.57,59.33,29.07,36.53,71.5,77.19,76.78,32.89,32.13,23.7,74.13,71.21,96.7,54.95,30.47,42.67
1531.13,40.09,26.44,54.62,48.18,30.03,34.73,57.27,71.93,72.48,52.91,49.87,23.36,61.29,84.72,95.17,50.31,39.5,60.86
1532.67,51.91,35.58,70.12,49.82,39.32,34.73,46.51,58.79,55.3,47.28,35.12,36.14,61.89,67.67,94.08,51.12,41.98,53.17
1534.21,34.3,50.94,60.51,35.03,34.5,19.6,27.16,46.01,41.47,43.33,18.9,39.59,44.17,61.29,95,60.26,43.79,39.8
1535.74,51.46,52.74,49.68,43.7,47.79,15.25,29.88,41.02,34.11,25.83,7.26,48.15,35.61,36.02,93.69,48.52,38.04,20.21
1537.28,33.47,39.55,17.29,17.46,33.63,25.36,20.06,25.87,26.54,17.01,6.1,32.37,10.19,32.67,83.49,22.39,22.41,15.69
1538.81,48.31,32.69,29.13,23.11,25.59,42.68,44.63,11.8,35.09,6.74,20.5,20.5,13.46,44.95,66.74,11.19,13.54,22.32
1540.34,40.92,43.28,23.51,26.21,32.67,38.11,55.73,14.19,23.1,8.92,20.21,8.52,31.8,42.02,66.44,13.42,4.37,27.72
1541.88,45.13,57.98,23.51,36.65,49.65,28,45.51,22.89,19.26,12.53,20.21,9.57,35.11,62.62,66.13,23.8,4.37,38.5
1543.41,45.97,62.46,17.02,30.3,58.28,11.32,34.3,35.98,11.97,12.72,11.26,1.06,45.5,69.02,91.5,25.7,7.6,45.57
1544.94,55.14,50.27,48.78,37.3,55.92,34.64,31.45,34.08,25.7,14.57,16.65,3.89,53.56,88.42,113.19,46.93,35.58,49.3
1546.47,67.43,60.2,56.03,26.86,41.67,57.07,33.5,51.43,41.54,14.99,24.28,6.71,80.84,125.71,139.11,67.04,62.93,79.58
1547.99,46.61,57.35,61.88,31.52,49.97,82.06,43.89,60.45,53.19,29.08,36.9,26.32,109.79,136,164.69,86.49,101.37,103.2
1549.52,57.34,90.73,77.62,56.07,58.17,86.61,61.86,90.05,85.07,45.73,54.74,64.04,153.95,166.51,196.5,111.15,136.04,135.69
1551.05,55.85,100.55,88.81,74.94,82.47,76.28,75.29,97.1,91.08,56.49,61.37,102.55,178.57,173.47,193.08,109.58,148.48,125.3
1552.57,75.25,113.26,78.88,70.17,81.67,63.83,66.85,88.62,77.55,37.99,48.78,101.17,165.96,165.86,172.77,117.79,121.35,105.68
1554.1,77.99,82.97,67.96,57.72,73.2,62.71,46.08,66.48,48.03,30.87,33.86,85.13,141.01,128.26,150.47,108.33,104.56,75.06
1555.62,84.28,75.24,77.93,59.17,78.29,65.49,37.78,44.47,28.3,23.53,34.05,47.2,127.18,109.44,148.27,118.97,109.21,77.21
1557.14,91.69,79.96,109.34,81.72,66.49,75.71,53.6,34.92,41.37,29.68,58.36,56.06,144.12,126.05,154.85,142.39,129.96,100.8
1558.66,72.21,75.45,86.86,57.06,55.8,43.95,48.1,30.72,41.78,23.8,52.33,43.58,126.73,139,133.43,138.14,113.05,110.39
1560.18,72.73,65.94,87.39,53.73,42.44,35.62,39.34,31.97,51.99,23.69,50.76,39.12,120.12,139.73,121.45,119.33,102.9,90.41
1561.7,66.36,69.88,71.02,43.84,51.53,25.4,9.32,21.51,39.54,33.59,20.98,27.43,84.17,139.46,108.47,90.51,80.42,76.77
1563.22,75.77,83.27,76.77,60.07,65.07,41.05,1.12,29.13,30.77,43.48,12.87,28.08,90.22,138.18,112.16,102.35,84.6,87.46
1564.74,86.62,84.1,64.97,58.41,58.05,49.38,2.72,21.65,18.45,37.94,1.2,29.06,97.49,119.12,119.4,101.41,69.66,101.69
1566.25,66.03,62.48,39.38,37.76,37.59,37.94,1.6,21.65,7.75,36.96,1.2,18.82,97.65,92.95,101.53,100.69,85.27,93.81
1567.77,51.77,51.87,49.13,16.99,28.12,41.17,1.6,4.86,0,16.86,6.05,6.14,73.25,77.23,87.1,72.74,68.66,75.04
1569.28,40.19,58.92,48.55,8.88,16.37,26.3,0,0,0,15.06,4.86,5.16,57.63,60.28,61.44,59.89,60.82,53.71
1570.79,45.71,51.75,54.08,10.77,41.02,18.87,0,0,0,0,4.86,0,37,36.99,58.45,37.04,28,24.1
1572.31,65.45,67.81,53.83,35.67,49.56,35.1,0,0,10.99,13.58,18.74,11.01,63.82,38.14,73.57,58.96,44.93,33.54
1573.82,67.53,76.19,69.91,51.9,73.38,55.75,13.06,0,10.99,17.53,31.49,11.01,68.52,59.19,95.91,75.44,67.74,67.85
1575.33,73.83,87.47,87.55,68.69,44.44,78.97,15.67,0.78,10.99,23.98,44.34,17.06,117.11,96.11,135.47,96.46,107.73,95.99
1576.84,78.8,69.75,88.52,51.15,38.2,60.08,30.4,0.98,7.67,10.4,29.12,18.07,130.81,120.15,150.8,81.58,110.85,111.63
1578.34,60.55,35.81,67.94,27.69,14.37,42.98,17.34,0.98,7.67,6.45,16.38,18.07,114.95,113.29,117.58,58.13,93.42,75.38
1579.85,52.62,21.2,46.02,9.01,14.37,19.76,14.73,0.21,7.67,0,3.52,12.02,67.64,70.98,74.24,25.35,54.2,47.24
1581.36,15.44,13.7,21.22,0.36,0,3.55,0,0,0,0,0,0,17.25,24.92,25.57,0.12,17.65,3.82
1582.86,29.3,43.19,27.41,0.36,12.01,20.22,0,0,0,0,0,0,4.83,0,20.44,0.12,0.77,0
1584.37,21.6,45.8,36.05,0.36,12.01,20.22,0,0,0,0,0,0,4.96,0,10.21,0.12,0,7.49
1585.87,41.94,75.41,58.02,19.81,37.13,38.56,0,0,0,0,0,1.05,31.72,25.1,33.86,19.21,0,27.47
1587.37,48.24,66.35,75.66,30.3,40.89,41.01,0,0,5.58,9.72,17.09,23.74,84.4,60.95,81.17,55.62,30.96,64.72
1588.87,60.09,65.51,63.36,30.3,40.89,41.01,0,0,5.58,15.26,17.09,23.74,108.63,86.99,100.7,73.36,51.9,76.87
1590.37,58.61,42.67,35.88,10.48,19.54,33.34,0,0,5.58,15.26,17.09,23.21,84.08,70.1,83.78,64.2,56.49,62.9
1591.87,38.24,37.95,1.85,7.94,16.97,14.46,0,0,0,5.54,11.22,3.56,35.08,34.26,46.41,27.78,25.54,25.65
1593.37,45.43,30.24,19.53,8.66,16.97,22.36,0,0,0,0,11.22,3.56,8.72,8.22,25.82,10.05,4.59,6.01
1594.87,46.28,21.07,35.06,22.16,24.28,19.69,0,0,0,7.19,11.55,3.04,17.93,0,24.67,0.65,0,4.46
1596.36,75.69,40.12,48.14,32.72,22.15,15.91,0,0,0,15.97,2.22,2.29,28.81,20.73,48.18,10.05,26.61,35.07
1597.86,87.65,75.93,60.11,62.51,48.88,34.35,11.17,2.8,5,37.26,17.56,19.34,72.7,71.63,78.57,38.41,71.19,71.05
1599.35,102.05,102.64,52.85,71.74,67.08,38.58,11.17,2.8,5,30.96,25.13,33.91,95.46,90.16,98.96,60.54,97.19,96.7
1600.84,79.46,90.02,60.26,65.63,56.01,38.58,11.17,2.8,5,24.77,27.8,39.16,97.99,101.68,92.46,76.11,73.43,94.79
1602.33,66.97,60.85,53.77,61.97,33.32,23.25,0,0,0,5.69,17.92,37.85,87.96,75.32,78.4,63.78,57.1,73.66
1603.83,64.04,42.56,54.51,55.2,16.19,12.47,0,0,0,13.39,10.03,23.66,63.7,88.06,70.44,66.55,54.88,75.62
1605.32,97.55,66.05,69.36,72.54,42.11,36.7,2.15,20.06,5.49,26.09,37.92,41.13,82.44,75.13,80.48,69.32,87.98,75.91
1606.8,104.28,94.42,78.77,73.1,61.64,55.25,7.05,22.84,5.49,41.12,39.81,31.6,80.5,80.86,76.17,62.74,89.07,91.19
1608.29,80.24,80.69,92.72,57.14,53.06,55.69,7.05,22.84,5.49,32.54,39.81,31.22,70.58,49.6,53.35,37.19,65.3,59.11
1609.78,42.08,41.17,60.57,28.81,31.37,51.36,4.9,2.79,0,17.24,7.35,6.21,31.93,30.27,13.14,9.46,29.35,30.12
1611.27,14,6.16,27.99,1.41,10.34,21.79,0,0,0,0,0,0,0,0,0,0,0,0
1612.75,6.86,6.11,5.03,1.41,6.77,19.9,0,0,0,0,0,0,0,0,0,0,0,0
1614.23,0,0,0,0,2.55,0,0,0,0,0,0,0,0,0,0,0,0,0
1615.72,0,0,0,0,0,0,0,0,0,0,0,0,0,0,0,0,0,0
1617.2,0.7,0,0,0,10.06,0,0,0,0,0,0,0,0,0,0,0,0,0
1618.68,22.22,27.06,14.7,0,14.89,15.88,0,0,0,0,0,0,0,0,0,0,0,0
1620.16,34.03,35.39,26.01,15.29,40.27,29.31,0,3.24,0,0,4.12,0,0,4.8,0,17.01,8.91,1.26
1621.64,51.74,43.99,31.26,36.47,36.46,29.31,0,8.01,0,0,6.23,0,21.51,18.31,18.94,22.17,33.97,7.39
1623.12,37.35,16.93,21.87,36.47,31.63,13.43,0,8.01,0,0,6.23,0,22.05,18.31,18.94,22.17,33.97,7.39
1624.59,46.17,24.73,30.69,42.8,8.92,13.41,0,4.77,0,0,2.11,0,22.05,13.5,18.94,5.16,25.06,6.13
1626.07,27.76,16.13,25.44,21.62,2.67,13.41,0,0,0,0,0,0,0.54,0,0,0,0,0
1627.54,20.63,16.13,20.14,21.62,2.67,13.41,0,0,0,0,0,0,0,0,0,0,0,0
1629.02,0,0,0,0,3.96,1.06,0,0,0,0,0,0,0,0,0,0,0,0
1630.49,9.71,12.52,5.56,0,14.47,1.06,0,0,0,0,0,0,0,0,0,0,0,0
1631.96,14.03,17.31,5.72,0,14.47,1.06,0,0,0,0,0,0,0,0,0,0,0,0
1633.43,25.5,19.25,18.05,0,24.65,0,0,0,0,0,0,0,0,0,0,0,0,0
1634.9,25.76,6.73,19.63,0,14.14,0,0,0,0,0,0,0,0,0,0,0,0,0
1636.37,21.44,1.94,19.47,0,14.25,0,0,0,0,0,0,0,0,0,0,0,0,0
1637.84,9.96,21.05,15.94,0,0.11,0,0,0,0,0,0,0,0,0,0,0,0,0
1639.31,15.43,27.92,27.41,9.89,6.29,4.32,0,0,0,0,0,0,0,0,0,0,0,0
1640.77,15.43,42.49,27.41,9.89,6.18,4.64,0,0,0,0,0,0,0,0,0,0,0,0
1642.24,21.06,24.82,18.62,9.89,10.44,9.71,0,0,0,0,0,0,0,0,0,0,0,0
1643.7,8.96,24.03,0,0.31,4.26,11.79,0,0,0,0,0,0,0,0,0,0,0,0
1645.17,15.88,14.47,6.78,0.31,13.03,16.08,0,0,0,0,0,0,0,0,0,0,0,0
1646.63,10.26,11.09,6.78,0.31,8.77,11,0,0,0,0,0,0,0,0,0,0,0,0
1648.09,6.93,5,6.78,0,9.61,4.6,0,0,0,0,0,0,0,0,0,0,0,0
1649.55,14.26,3.32,20.45,11.38,0.84,5.78,0,0,0,0,0,0,0,0,0,0,0,0
1651.01,17.67,3.32,31.05,13.85,3.19,5.78,0,0,0,0,0,0,0,0,0,0,0,0
1652.46,24.22,6.58,32.13,13.85,2.35,6.75,0,0,0,0,0,0,0,0,0,0,0,0
1653.92,9.96,3.27,12.9,2.47,2.35,0.97,0,0,0,0,0,0,0,0,0,0,0,0
1655.38,6.55,3.27,2.3,0,0,0.97,0,0,0,0,0,0,0,0,0,0,0,0
1656.83,0,0,1.22,0,0,0,0,0,0,0,0,0,0,0,0,0,0,0
1658.29,0,6.92,0,2.73,0,0,0,0,0,0,0,0,0,0,0,0,0,0
1659.74,0,8.53,0,2.73,0,1.42,0,0,0,0,0,0,0,0,0,0,0,0
1661.19,0,8.53,0,6.2,4.28,13.27,0,0,0,0,0,0,0,0,0,0,0,0
1662.64,0,1.61,0,3.47,4.28,13.27,0,0,0,0,0,0,0,0,0,0,0,0
1664.09,0,0,0,3.47,4.28,11.84,0,0,0,0,0,0,0,0,0,0,0,0
1665.54,12.47,2.8,0,4.07,21.52,0,0,0,0,0,0,0,0,0,0,0,0,0
1666.99,17.08,2.8,8.14,9.9,21.52,0,0,0,0,0,0,0,0,0,0,0,0,0
1668.44,17.08,2.8,8.14,13.82,21.52,0,0,0,1.62,0,0,0,0,0,0,6.54,0,0
1669.88,4.61,0.07,8.14,11.31,0,5.91,0,0,1.62,3.09,0,0,0,0,0,6.54,0,3.78
1671.33,8.89,7.93,0,10.79,0.06,9.57,5.39,0.05,1.62,3.09,0,0,0,0.21,0.69,8.23,6.33,6.42
1672.77,8.89,7.93,0,6.87,0.06,9.57,5.39,0.05,0,3.09,0,3.27,0,0.21,0.69,1.69,6.33,9.69
1674.21,8.89,7.86,0,5.31,0.06,3.66,13.96,0.05,11.63,0,0.55,3.27,0,0.21,0.69,3.73,6.33,5.92
1675.66,0,0,0,0,0,0,8.57,0,11.63,0,0.55,3.27,0,0,0,2.04,0,3.28
1677.1,0,0,0,0,0,0,8.57,0,11.63,0,0.55,0,0,0,0,2.04,0,0
1678.54,0,0,0,0,0,0,0,0,0,0,0,0,0,0,0,0,0,0
1679.97,0,4.02,5.95,0,15.28,3.58,0,0,0,0,0,0,0,0,0,0,0,0
1681.41,0.87,6.16,12.68,0,29.63,8.9,7.11,0,0,0,0,0,0,0,0,0,0,0
1682.85,0.87,6.16,12.68,0,32.82,15.4,7.11,0,0,0,9.6,0,0,0,0,0.76,0,0
1684.29,11.41,3.95,6.73,0,17.54,11.82,7.11,0,2.21,0,9.6,0,0,0,0,0.76,0,0
1685.72,10.55,1.81,0.97,6.79,18.31,15.27,9.56,1.76,8.21,0,15.17,9.49,0,6.58,1.66,0.76,10.82,0.14
1687.15,10.55,1.81,0.97,6.79,15.11,8.76,9.56,1.76,8.21,0,5.56,9.49,0,6.58,1.66,0,20.27,0.14
1688.59,0,16.58,5.51,10.06,23.02,10,9.56,1.76,5.99,0,18.97,9.49,0.51,6.58,1.66,2.08,28.36,0.14
1690.02,0,16.58,4.53,3.27,7.91,1.24,0,0,0,0,13.4,0,0.51,0,0,2.08,17.54,0
1691.45,8.22,16.58,9.62,3.27,7.91,1.24,0,0,0,0,13.4,0,0.51,0,0,2.08,8.09,0
1692.88,8.22,0,5.09,0,0,0,0,0,0,0,0,0,0,0,0,0,0,0
1694.31,17.32,18,39.05,9.56,9.16,13.84,12.23,17.03,15.12,13.04,10.83,12.31,13.16,16.32,17.7,12.32,23.67,23.06
1695.74,10.41,28.54,33.97,9.56,17.83,13.84,12.23,17.3,15.12,13.04,19.9,12.31,29.85,21.18,17.7,12.32,25.62,23.46
1697.16,10.41,28.54,47.81,13.26,36.44,19.47,14.86,18.37,17.9,25.52,31.09,15.95,33.64,28.13,17.7,12.32,33.73,23.46
1698.59,1.31,10.54,13.84,3.7,28.62,5.63,2.63,1.35,2.79,12.48,20.26,3.64,20.48,11.8,0,0,10.05,0.4
1700.01,2.84,7.05,13.84,3.7,26.35,5.63,2.63,1.07,2.79,12.48,11.19,3.64,3.79,6.94,0,0,8.11,0
1701.44,5.33,7.05,0,0,7.74,0,0,0,0,0,0,0,0,0,0,0,0,0
1702.86,5.33,7.05,0,0,6.4,0,0,0,0,0,0,0,0,0,0,0,0,0
1704.28,2.49,0,2.44,0,0,0,0,0,0,0,0,0,0,0,0,0,0,0
1705.7,8,0,2.44,0,0,0,0,0,0,0,0,8.78,0,0,0,0,0,6.76
1707.12,8,0,12.95,3.14,0,0,2.19,0,0,0,11.88,12.98,0,0,0,2.57,3.63,6.76
1708.54,8.29,4.48,10.51,3.14,0,1.65,3.4,5.55,9.75,2.16,16.42,19.82,0,0,0,4.48,3.63,6.76
1709.96,0.29,4.48,10.51,9.28,0,1.65,3.4,5.55,9.75,11.56,16.42,11.41,0,0,0,4.48,3.63,0
1711.38,0.29,4.48,0,6.14,0,1.65,1.21,5.55,9.75,11.56,4.54,7.21,0,0,0,1.91,0,0
1712.79,0,4.62,0,6.14,0,0,0,0,0,9.41,0,0.37,0,0,0,0,0,0
1714.21,0,4.62,0,0,0,0,0,0,0,0,0,0,0,0,0,0,0,0
1715.62,0,6.4,3.8,0,0,0,0,0,0,0,0,0,0,0,0,0,0,0
1717.04,0,1.78,4.22,0,1.33,0,0,0,0,5.17,0,0.84,0,0,0,0,0,0
1718.45,0,1.78,13.28,0,1.33,2.99,0,0,0,19.23,9.83,13.19,14.4,0,0,0,8.33,7.85
1719.86,4.16,0,11.85,0,1.33,2.99,0,0,0,35.64,33.3,34.15,29.05,6.38,0,17.53,20.63,17.07
1721.27,4.16,0,11.42,0,0,2.99,0,0,0,34.43,33.3,34.11,29.05,6.38,0,22.9,20.63,17.07
1722.68,4.16,0,2.36,0,0,0,0,0,0,20.37,23.47,21.76,14.64,6.38,0,22.9,12.3,9.22
1724.09,0,0,0,0,3.42,0,0,0,0,4.47,1.12,0.8,0,0,0,5.38,0,0
1725.49,0,0,0,0,3.42,0.3,0,0,0,15.9,16.08,13.39,0,0,0,0,0,0
1726.9,0,0,0,0,3.42,0.3,0,0,0,34.39,26.11,25.83,0,0,0,4.37,5.5,7.75
1728.3,4.01,0.5,0,2.1,9.19,0.57,0,0,0,55.47,41.07,53.97,12.21,7.58,2.5,27.45,37.38,35.61
1729.71,4.01,0.5,0,5.03,11.19,0.27,0,0,0,52.09,46.24,53.76,14.73,22.13,5.65,57.57,62.3,54.24
1731.11,4.01,0.5,0,5.03,11.19,0.27,0,0,0,33.6,45.4,52.87,14.73,22.13,12.1,62.68,56.8,46.49
1732.51,0,5.23,2.27,2.92,2.17,2.58,0,0,0,15.64,38.32,37.08,2.53,14.55,9.59,52.88,38.02,18.63
1733.91,0,5.23,2.27,0,0.17,2.58,0,0,0,3.63,18.19,26.61,0,0,6.45,22.76,13.1,0
1735.31,0,5.23,2.27,0,0.17,2.58,0,0,0,15.3,28.65,31.68,0.74,0,0,37.82,13.1,3.34
1736.71,0.34,0,2.54,0,0,3.11,0,0,0,29.64,41.55,29.53,0.74,0,0,39.31,14.6,9.32
1738.11,0.34,0,2.54,0,0,3.11,0,0,0,29.64,54.26,27.47,0.74,0,0,39.31,17.33,9.32
1739.51,0.34,0,2.54,1.16,0,3.11,0,0,0,28.41,34.61,28.74,0,0,0,16.21,22.28,5.98
1740.9,0,0,0,1.16,0,0,0,0,0,10.44,24.25,18.54,0,0,0,1.44,7.67,0
1742.3,0,0,0,1.16,1.12,0,0,0,0,11.21,11.54,17.89,0,0,0,1.44,4.95,0
1743.69,0,0,0,23.9,12.71,1.34,0,0,0,0.78,11.54,0,0,0,0,12.17,0,0.07
1745.08,0,0,0,23.9,12.71,1.34,0,0,0,0.78,0,0,0,0,0,12.17,0,0.07
1746.48,0,0,0,23.9,11.58,1.34,0,0,0,0,0,0,0,0,0,12.17,0,0.07
1747.87,0,0,0,0,0,0,0,0,0,0,0,0,0,0,0,0,0,0
1749.26,0,0,0,0,0,0,0,0,0,0,3.27,0,0,0,0,0,0,0
1750.65,0,0,8.81,0,0,8.52,0,0,0,0,12.77,6.28,0,0,2.47,11.32,3.89,0
1752.03,0,0,8.81,3.68,0,8.52,0,0,0,10.51,13.14,7.43,3.44,0,2.72,17.82,10.29,0
1753.42,0,0,8.81,7.38,0,8.52,0,0,0,10.51,17.68,9.66,3.44,0,2.72,17.82,10.29,0
1754.81,0,0,0,7.38,0,0,0,0,0,10.51,8.19,3.38,3.44,0,0.25,6.49,6.4,0
1756.19,0,0,0,3.7,0,0,0,0,0,0,7.81,2.23,0,0,0,0,0,0
1757.58,0,0,0,0,0,0,0,0,0,0,0,0,0,0,0,0,0,0
1758.96,4.09,0,0,0,0,0,0,0,0,0,0,0,0,0,0,0,0,0
1760.34,4.09,0,0,0,0,0,0,0,0,0,0,0,0,0,0,0,0,0
1761.72,4.09,0,0,0,0,0,0,0,9.63,0,5.77,0,0,2.01,0,0,1.13,0
1763.1,0,0,0,0,0,0,3.79,17.98,9.63,0,11.83,2.69,0,14.53,0,6.74,1.13,10.62
1764.48,0,0,0,0,0,0,3.79,17.98,10.16,0,11.83,2.69,0,15.12,0,6.74,1.13,10.62
1765.86,0,0,0,0,0,0,3.79,25.55,0.52,0,6.06,2.69,0,13.11,0,6.74,0,10.62
1767.24,0,0,0,0,0,0,0,7.57,0.52,0,0,0,0,0.58,0,0,0,0
1768.61,0,0,0,0,0,0,0,7.57,0,0,0,0,0,0,0,0,0,0
1769.99,0,0,0,0,0,0,0,0,0,0,0,0,0,0,0,0,0,0
1771.36,0,0,0,0,0,0,0,0,0,0,0,0,0,0,0,0,0,0
1772.73,3.12,0,0.3,0,0,3.16,0,0,0,0,0,0,0,0,0,0,0,0
1774.11,7.45,0,0.3,0,0,4.52,4.82,0,0.4,0,0,0,0,0,0,0,0,0
1775.48,21.1,3.5,2.14,3.71,15.63,19.87,18.19,9.79,9.33,2.66,3.29,11.41,4.16,1.97,6.83,4.02,14.05,4.85
1776.85,17.98,3.5,1.84,3.71,15.63,16.71,18.19,9.79,9.33,2.66,3.29,11.41,4.16,1.97,6.83,4.02,14.05,4.85
1778.22,16.72,7.74,8.09,6.5,27.68,24.77,20.95,23.76,33.33,13.44,8.29,11.41,6.45,7.07,6.83,9.93,26.35,6.73
1779.58,3.07,11.93,12.26,4.67,12.05,9.42,7.58,13.97,24.4,10.78,11.14,0,2.29,5.09,0,5.92,12.3,1.88
1780.95,3.07,11.93,12.26,4.67,12.05,9.42,7.58,13.97,24.4,10.78,11.14,0,2.29,5.09,0,5.92,12.3,1.88
1782.32,0,7.68,6.01,1.88,0,0,0,0,0,0,6.13,0,0,0,0,0,0,0
1783.68,0,0,0,0,0,0,0,0,0,0,0,0,0,0,0,0,0,0
1785.05,0,0,0,0,0,0,0,0,0,0,0,0,0,0,0,0,0,0
1786.41,0,0,10.43,0,0,0,0,0,0,0,0,0,0,0,0,0,0,0
1787.77,0,0,10.43,2.97,0,0,0,0,0,0,0,0,0,0,0,0,0,0
1789.13,0,0,10.43,2.97,0,0,0,0,0,0,0,0,0,0,0,0,0,0
1790.49,0,0,0,2.97,0,0,0,0,0,0,0,0,0,0,0,0,0,0
1791.85,0,0,0,0,0,0,0,0,0,0,0,0,0,0,0,0,0,0
1793.21,0,0,0,0,0,0,0,0,0,0,0,0,0,0,0,0,0,0
1794.57,4.01,10.57,13.85,8.81,0,0,0,0,0,0,0,0,0,0,0,0,0,10.33
1795.92,4.01,10.57,18.43,9.03,4.46,0.44,0.54,1.77,0,3.48,0,2.14,4.48,0,0,0,0,14.92
1797.28,4.01,10.57,18.43,11.43,4.46,10.72,4.44,7.22,10.61,12.62,9.27,2.14,10.1,12,3.19,4.94,0,24.43
1798.63,0,4.98,4.58,12.2,5.62,14.18,19.13,32.12,27.99,37.51,19.27,15.92,27.63,32.23,11.96,23.17,7.09,29.31
1799.98,0,4.98,0,11.98,1.16,13.74,25.53,30.35,28.58,53.45,19.27,22.04,23.15,32.23,27.06,26.14,7.09,31.07
1801.34,0,4.98,5.24,9.58,1.16,3.46,29.03,51.14,34.32,49.15,10,27,32.98,33.37,33.2,41.46,18.55,39.91
1802.69,0,0,5.24,8.89,11.81,10.08,32.62,42.02,40.48,36.27,10.71,22.64,38.23,13.14,32.1,41.86,17.65,30.51
1804.04,6.16,6.09,5.24,22.29,14.46,15,33.19,55.68,51.29,25.72,29.58,14.38,46.67,15.26,26.65,51.92,27.24,31.76
1805.39,6.16,6.09,0,22.29,14.46,15,26.63,34.09,34.95,25.37,29.58,9.43,31.22,2.12,17.32,31.66,15.78,13.4
1806.73,6.16,6.09,0,22.7,6.2,4.92,13.94,18.3,27.17,13.35,28.02,3.8,11.19,2.12,9.93,13.02,16.27,12.72
1808.08,0,0,0,9.3,3.55,0,9.12,4.64,15.77,4.49,9.16,3.8,2.75,0,0.28,0,6.68,5.13
1809.43,0,0,0,9.3,3.55,0,8.29,0,15.77,0,9.16,3.8,2.75,0,0.28,0,6.68,5.13
1810.77,0,0,0,0,0,0,2.69,0,0,0,0,0,0,0,0,0,0,0
1812.12,0,0,0,0,0,0,0,0,0,0,0,0,0,0,0,0,0,0
1813.46,0,0,0,0,0,0,0,0,0,0,0,0,0,0,0,0,0,0
1814.8,0,0,0,0,0,0,0,0,0,0,0,0,0,0,0,0,0,0
1816.14,1.57,0,0,0,0,0,0,0,0,0,0,0,0,0,0,0,0,0
1817.48,4.61,2.03,3.87,0,0,0,0,0,0,0,0,0,0,0,0,0,0,0
1818.82,12.22,4.65,18.65,16.75,13.36,10.54,14.19,0.21,6.43,0,3.54,1.96,0,0,0,0,0,0
1820.16,10.65,4.65,18.65,16.75,13.36,10.54,14.19,0.21,6.43,0,3.54,1.96,0,0,0,0,0,0
1821.5,7.61,2.61,20.02,16.75,13.36,10.54,14.19,0.21,11.87,0,4.36,1.96,0,0,0,0,0,0
1822.83,9.31,7,14.06,3.53,7.82,0,3.49,0,5.43,0,0.83,2.03,3.2,0,0,3.58,2.63,0
1824.17,16.18,7,14.06,3.53,7.82,0,13.78,0,5.43,0,1.25,2.03,5.63,0,0,3.58,2.63,1.05
1825.5,16.18,17.03,8.81,20.79,7.82,12.36,25.62,7.79,7.61,12.33,0.42,3.59,5.63,5.33,1.56,3.58,13.95,1.05
1826.83,6.87,14.07,0,17.89,0,22.08,25.97,25.24,24.86,15.64,5.64,3.71,2.43,10.42,1.56,0,11.32,14.11
1828.17,5.65,14.07,5.15,20.22,0,27.16,30.85,42.66,43.4,15.64,5.22,7.11,6.28,12.92,1.56,10.9,11.32,13.06
1829.5,13.3,4.04,5.15,2.95,8.33,14.8,28.94,42.04,48.07,3.31,5.22,5.55,11.41,7.59,0,10.9,0,13.06
1830.83,13.3,0,5.15,7.15,8.33,5.08,36.22,30.61,30.82,0,0,3.4,11.41,2.5,0,10.9,5.31,0
1832.16,7.65,1.83,2.24,4.82,8.33,0,21.06,13.19,13.34,0,0,0,5.14,0,0,0,5.31,0
1833.49,0,7.32,2.24,8.02,0,0,11.3,9.73,14.83,0,1.67,0,0,0,0,0,5.31,0
1834.81,0,7.32,2.24,3.2,0,0,0.17,3.7,14.83,0,1.67,0,0,0,0,0,0,0
1836.14,0,5.97,0,3.2,0,0,0.17,3.7,13.77,0,1.67,0,0,0,0,0,0,0
1837.46,0,0.48,0,0,0,0,0,0,0,0,0,0,0,0,0,0,0,0
1838.79,0,0.48,0,0,0,0,0,0,0,0,0,0,0,0,0,0,0,0
1840.11,0,0,0,0,0,0,3.31,7.78,0,1.28,0,7.29,0,0,0,0,0,0
1841.43,0,0,0,8.07,6.11,1.76,5.97,7.78,0.78,1.28,0,11.54,0,0,0,0,0,0
1842.75,0.78,0,0,8.07,6.11,1.76,13.65,13.57,6.55,1.93,2.31,11.76,0,0,0,0,0,0
1844.07,0.78,0,0,8.07,6.11,3.2,19.49,9.36,8.75,2.75,2.39,4.48,5.45,0.28,0.22,0,0,0
1845.39,9.04,13.78,2.75,8.75,25.82,11.53,44.74,33.03,35.26,20.96,22.56,21.9,32.45,32.1,23.33,15.85,31.44,17.32
1846.71,8.26,13.78,2.75,8.75,25.82,11.53,37.06,27.23,29.49,20.31,20.25,21.68,32.45,32.1,23.33,15.85,31.44,17.32
1848.03,9.66,13.78,2.75,8.75,25.82,10.1,27.92,38.62,40.84,18.21,20.17,24.58,27,31.82,23.11,15.85,31.44,17.32
1849.35,10.08,0,3.17,6.97,0,9.64,19.54,32.87,17.06,0,0.42,11.06,3.6,0,2.37,0,0,0
1850.66,10.08,0,3.52,6.97,0,9.64,22.83,32.87,17.06,0,0.42,11.06,3.6,0,2.37,0,0,0
1851.97,11.04,0,3.52,7.38,0.85,9.64,31.86,35.29,15.45,7.01,9.3,8.16,15.9,12.42,7.1,0,4.86,4.95
1853.29,8.77,2,3.91,13.25,4.15,15.49,42.41,31.8,33.59,31.1,20.83,14.59,38.1,30.34,23.96,8.78,11.65,29.53
1854.6,8.77,2,3.57,13.25,4.15,15.49,60.15,47.16,51.16,37.48,26.38,14.59,49.95,45.64,34.24,13.68,19.91,36.64
1855.91,28.81,2,11.79,33.44,10.71,42.4,83.09,67.72,70.36,66.8,47.98,36.32,65.55,62.56,62.51,44.05,54.79,72.97
1857.22,22.4,0,8.23,20.6,7.41,26.9,72.57,74.82,58.43,52.98,36.04,21.73,58.01,56.34,55.3,35.27,54.21,53.51
1858.53,34.9,5.47,11.21,33.06,14.37,30.66,73.57,92.45,68.36,57.7,43.38,53.46,68,60.31,75.96,42.18,65.82,65.25
1859.84,15.14,5.47,2.98,15.12,6.96,9.04,53.21,64.38,46.6,31.08,13.04,33.01,51.97,37.6,45.93,14.73,32.42,30.3
1861.15,15.49,11.49,8.15,20.54,6.96,9.04,46.16,59.62,45.81,33.76,17.43,37.5,36.25,25.9,33.9,16.08,26.22,25.18
1862.45,5.38,6.02,5.17,8.08,0,5.74,30.74,32.5,35.33,22.66,4.72,8.34,14.41,6.63,2.96,4.27,6.34,6.33
1863.76,20.48,24.46,22.41,24.69,15.14,20.99,59.97,57.69,51.82,36.97,36.32,32.5,34.97,39.84,41.19,39.09,18.21,28.65
1865.06,20.13,18.44,17.28,19.26,15.14,20.99,63.84,55.51,61.96,25.93,34.24,31.3,46.85,49,55.71,49.9,26.17,34.43
1866.36,18.33,26.08,18.68,42.47,15.14,23.34,81.9,63.53,67.28,34.86,47.36,46.64,78.69,60.25,83.65,73.24,51.33,64.11
1867.67,0.58,7.64,9.32,34.95,13.98,3.13,73.16,56.08,59.81,33.56,41.35,36.52,70.3,54.5,72.92,51.11,57.25,60.14
1868.97,5.32,7.64,13.83,46.76,29.06,3.13,78.05,70.93,64.64,52.57,58.99,55.37,83.21,81.4,91.84,60.3,90.49,91.15
1870.27,4.74,0,13.78,23.55,29.06,0.33,77.7,80.87,67.89,62.67,53.39,52.65,77.88,94.06,89.18,66.91,89.81,96.58
1871.57,6.61,1.33,5.94,11.81,19.11,13.32,89.87,89.33,88.66,68.64,55.33,72.47,94.08,100.25,95.38,82.39,92.34,115.88
1872.87,1.88,16.79,1.38,0,9.27,18.82,105.13,98.21,107.52,71.37,50.36,77.38,96.7,102.85,103.34,90.63,84.29,111.61
1874.16,1.88,16.79,0.86,5.67,9.27,22.05,105.47,100.84,105.47,71.86,52.14,68.71,100.07,114.88,102.71,73.96,87.66,100.08
1875.46,0,15.46,0.83,5.67,5.23,9.59,81.44,86.78,84.05,48,35.91,42.02,85.42,74.59,85.07,57.93,86.02,79.21
1876.75,12.68,14.53,14.33,13.47,20.15,15.44,77.95,74.24,79.15,48.33,38.88,24.53,96.3,71.46,83.28,58.78,74.24,71.53
1878.05,12.68,14.53,13.5,11.22,20.6,14.19,75.75,72,77.9,38.32,36.84,33.69,84.16,49.3,81.48,61.93,63.78,77.5
1879.34,18.69,20.08,19.34,23.49,23.58,13.81,72.31,73.85,91.06,51.72,46.21,37.93,81.1,76.85,85.09,74.51,47.41,78.89
1880.63,16.68,11.78,5.83,19.34,11.81,7.32,55.95,77.77,84.97,46.89,47.68,40.61,65.13,71.2,78.13,64.18,45.79,82.37
1881.93,33.79,29.79,11.09,20.74,20.93,6.37,56.44,82.22,90.75,49.25,59.69,39.81,85.35,95.08,78.03,72.05,58.71,81.38
1883.22,30.98,26.04,11.95,9.47,26.37,13.09,66.58,93.31,89.15,51.6,45.67,38.33,86.89,95.27,78.23,57.57,61.61,82.04
1884.51,20.31,19.81,11.95,5.82,17.99,8.23,57.9,76.93,67.76,40.48,26.26,29.72,73.62,77.99,51.97,46.96,53.72,63.9
1885.79,15.26,8.48,19.57,18.98,26.2,18.71,59.75,81.07,74.22,42.23,14.32,25.31,50.21,57.24,50.24,39.21,24.35,47.63
1887.08,12.06,6.68,12.88,17.99,18.08,11.51,54.68,53.29,60.09,27.41,18.47,35.65,35.56,46.25,35.6,28.55,21.41,23.11
1888.37,12.63,6.68,12.88,27.63,18.55,11.51,68.36,68.25,70.05,32.67,43.31,43.42,47.33,53,37.38,36.99,18.23,19.01
1889.65,0.57,12.11,0,17.22,0.77,8.42,74.9,65.74,59.19,27.14,65.42,45.06,66.96,56.29,49.35,41.96,29.59,32.78
1890.94,0.57,12.11,0,17.22,0.47,11.33,77.84,74.98,73.76,37.02,56.29,26.78,93.35,59.67,45.08,61.02,37.36,51.98
1892.22,12.92,26.07,16.41,17.8,3.44,34.05,96.32,94.74,99.51,53.11,63.7,40.04,105.59,73.24,76.34,67.28,63.01,83.7
1893.5,13.14,13.97,17.45,12.15,3.44,25.63,86.54,81.25,99.68,59.96,45.19,46.72,101.26,81.56,60.68,63.3,78.08,78.52
1894.78,13.14,13.97,31.44,13.11,9.33,27.51,98.84,94.5,99.26,73.57,61.45,66.5,106.01,103.3,98.78,72.41,96.24,85.43
1896.06,4.35,0,15.04,4.56,17.5,12.61,88.1,71.06,89.81,63.48,43.35,62.58,101.07,97.02,87.52,75.49,85.38,83.64
1897.34,4.13,0,14,6.22,28.72,12.61,99.34,73.25,83.33,63.71,38.56,53.64,90.11,91.05,101.9,74.89,65.83,97.17
1898.62,15.73,3.73,6.08,5.26,33.77,7.82,92.98,87.52,80.59,56.7,45.2,46.46,84.56,78.83,98.7,77.05,61.71,105.78
1899.9,24.47,16.43,6.11,3.59,22.16,13.46,90.6,85.08,78.16,45.66,49.49,37.59,90.32,74.25,109.47,72.86,57.57,87.71
1901.18,43.84,27.99,19.98,5.9,25.53,21.5,87.07,95.84,88.58,48.83,61.64,57.25,102.62,72.53,107.78,85.53,80.63,89.17
1902.45,32.25,24.99,20.59,6.71,14.59,21.5,67.95,63.68,79.41,41.08,49.22,47.01,82.66,49.9,73.84,68.62,53.44,71.05
1903.73,23.96,22.1,20.56,10,17.94,8.45,61.58,63.59,72.99,42.76,47.22,43.52,62.79,41.69,52.65,64.47,46.68,68.36
1905,8.11,10.54,13.71,13.73,3.35,7.18,71.84,57.14,69.21,36.75,50.2,31.34,43.23,53.79,55.76,52.64,36.24,46.64
1906.27,8.11,11.19,11.96,13.91,3.35,14.29,72.17,65.09,59.5,28.83,55.94,31.91,46.41,68.63,74.3,56.23,45.21,48.01
1907.54,3.52,5.94,11.96,10.63,0,13.88,72.92,50.79,42.54,28.66,39.5,27.91,36.35,66.23,57.92,37.31,40.61,52.14
1908.81,8.76,10.99,10.86,10.12,0.29,8.36,50.19,50.68,46.1,19.03,30.87,26.77,35.49,50.03,39.41,41.85,47.88,51.8
1910.08,32.66,16.84,24.31,23.83,7.51,15.73,86.2,62.65,74.74,30.16,33.32,45.39,50.71,65.25,38.32,43.49,58.24,68.55
1911.35,32.66,12.28,24.31,23.83,7.51,21.66,82.85,71.58,82.67,32.26,50.36,48.66,54.24,68.44,59.53,61.7,57.25,63.61
1912.62,23.9,7.22,18.39,14.7,7.22,20.41,75.02,52.37,59.8,41.57,49.33,38.79,55.97,68.82,57.27,39.37,29.53,59.53
1913.88,15.1,10.15,10.93,7.84,5.43,12.2,47.15,37.12,51.89,40.85,40.62,30.23,41.33,51.52,58.66,36.5,15.39,44.1
1915.15,27.33,16.12,21.32,17.57,7.77,15.77,54.47,33.06,47.84,36,23.58,33.87,61.89,64.41,55.24,40.83,17.44,46.21
1916.41,27.33,28.03,28.95,26.97,9.81,36.26,69.86,54.74,70.53,50.24,16.82,36.6,76.54,66.38,67.57,70.4,44.51,67.73
1917.68,19.83,25.6,25.12,31.42,12,29.99,72.56,77.38,64.19,51.79,17.37,43.3,90.82,75.66,72.21,79.13,61.96,78.9
1918.94,7.6,19.62,17.62,21.69,9.66,20.49,62.88,97.99,64.47,52.65,38.1,35.32,72.75,67.92,63.16,62.85,58.4,79.38
1920.2,7.6,7.72,9.98,15.13,13.17,0,54.84,87.23,45.06,36.49,41.94,41.65,58.98,66.82,45.41,39.2,50.49,48.12
1921.46,12.4,5.26,2.89,4.23,11.02,0,50.87,65.88,47.72,29.75,35.21,35.73,46.97,68.8,34.75,13.65,40.33,34.33
1922.72,38.04,16.11,7.46,15.94,25.83,12.79,58.97,58.6,53.13,38.43,24.9,40.23,58.04,67.2,48.51,20.52,55.93,33.3
1923.98,38.04,16.11,8.26,19.25,21.89,16.01,57.04,75.62,72.83,42.42,18.58,27.38,74.41,60.9,63.91,32.71,55.17,45.64
1925.24,28.15,18.62,10.28,40.33,33.05,31.88,72.3,89.49,79.06,58.29,33.12,27.73,86.65,56.81,89.83,64.43,71.62,59.45
1926.49,5.14,7.78,2.82,28.62,18.24,19.09,71.41,87.55,75.8,49.35,36.86,24.94,80.42,64.57,87.29,74.68,57.93,62.46
1927.75,21.42,10.37,5.14,23.9,22.28,15.87,68.92,80.35,68.28,43.83,41.69,42.24,72.6,74.42,89.5,78.36,56.67,68.9
1929,36.84,18.19,19.22,10.63,25.43,8.92,56.29,75,55.62,27.85,37.05,35.07,70.65,74.8,76.24,72.91,45.28,56.2
1930.26,34.21,18.19,19.22,10.63,25.43,8.92,51.51,60.17,45.81,21.06,27.95,30.06,73.89,64.38,73.17,65.65,45.75,46.36
1931.51,48.06,37.44,47.07,27.79,56.67,35.91,82.91,77.52,67.19,36.48,52.05,47.63,91.99,90.15,92.63,89.27,81.1,67.73
1932.76,30.67,21.84,33.68,22.39,42.69,29.5,78.61,69.5,72.86,35.54,42.13,50.17,75.74,92.89,82.74,81.19,71.75,63.74
1934.01,33.97,27.91,42.83,23.38,45.71,35.54,78.72,83.56,89.61,55.68,47.96,63.17,80.56,107.72,87.59,85.21,88.5,81.84
1935.26,3.85,6.07,11.86,4.78,14.17,9.23,45.79,60.57,58.98,31.72,28.44,33.44,45.7,79.18,61.42,47.21,59.23,63.92
1936.51,12.1,24.02,25.12,12.36,16.51,20.13,58.82,67.22,64.32,33.83,38.57,33.02,56.8,66.29,61.22,50.18,78.6,76.97
1937.76,8.8,17.95,15.97,11.37,18.4,20.59,48.59,50.6,64.07,19.35,29.12,34.68,40.99,58.15,68.44,48.92,74.73,63.11
1939,8.8,17.95,15.97,12.57,13.04,19.91,52.76,31.53,56.89,26.05,27.76,29.1,49.6,50.43,54.41,41.52,62.61,46.01
1940.25,0,4.7,0,7.24,4.91,24.91,37.01,15.72,45.11,31.41,15.15,20.28,44.96,50.79,52.13,22.1,53.26,34
1941.49,9.2,11.82,3.71,11.8,10.45,30.01,52.22,29.54,37.3,35.76,24.86,22.1,53.29,51.45,48.82,31.99,55.88,33.96
1942.74,9.79,11.82,4.16,10.61,10.45,30.01,59.28,41.75,51.67,40.97,22.76,28.45,58.48,61.65,74.38,58.31,68.04,51.12
1943.98,15.56,12.21,18.45,22.92,17.1,21.99,79.19,64.27,70.23,48.04,51.2,57.99,80.54,82.37,100.47,95.94,92.07,87.82
1945.22,6.36,5.08,14.74,29.9,13.85,10.39,79.72,64.75,69.75,53.09,60.29,56.52,95.9,87.4,117.19,99.21,91.41,110.16
1946.46,14.76,8.45,28.14,42.4,22.36,14.91,91.33,76.64,74,65.9,81.79,72.79,118.67,116.52,130,103.58,107.17,137.25
1947.7,22.26,13.7,21.64,34.25,24.32,15.76,82.56,75.15,61.55,73.02,75.28,64.71,110.75,121.27,128.11,112.92,107.58,133.66
1948.94,26.69,35.22,28.26,23.55,24.05,15.76,93.87,73.74,71.51,76.56,73.52,74.39,116.59,136.11,119.98,113.02,119.08,133.82
1950.18,17.7,37.34,16.3,11.05,25.22,18.49,81.69,73.84,69.32,80.29,64.63,72.92,110.28,126.14,107.37,105.99,113.45,123.18
1951.41,8.28,27.01,17.22,2.33,25.28,10.76,71.91,66.67,59.19,67.79,58.49,75.21,107.72,123.59,104.85,78.72,98.91,113.63
1952.65,11.63,19.11,12.91,1.5,27.11,18,57.21,57.91,59.48,69.03,59.78,69.93,92.58,117.12,83.41,66.86,88.13,101.5
1953.88,11.78,14.65,12.04,1.5,21.04,11.49,45.91,46.89,49.83,55.03,49.82,58.39,79.86,105.41,77.06,58.77,81.11,89.46
1955.12,9.45,28.41,12.04,0,12.37,8.52,43.45,36.71,50.03,35.17,31.73,44.05,67,87.55,55.57,42.55,69.95,69.95
1956.35,20.77,25.82,15.7,11.92,19.19,14.22,39.63,40.5,45.19,32.34,26.62,31.02,65.44,74.67,65.38,49.3,70.44,68.09
1957.58,22.08,24.79,14.69,11.92,15.57,15.91,29.88,39.24,34.98,17.89,20.15,19.3,43.86,62.09,48.5,49.7,44.08,41.4
1958.81,28.28,17.08,9.22,11.92,15.57,20.15,19.52,28.83,27.29,17.89,27.55,8.45,26.8,41.38,37.82,52.3,23.9,25.05
1960.04,9.57,6.13,3.25,0.27,1.36,17.16,3.01,19.26,6.36,9.44,12.9,13.45,4.36,20.19,13.99,29.11,0.77,3.16
1961.27,8.11,8.71,9.32,3.8,1.36,20.61,3.01,7.35,6.08,9.44,8.2,13.45,3.24,4.1,7.64,13.15,0.77,3.16
1962.5,9.05,7.42,11.6,10.59,11.99,17.27,0,5,3.81,9.44,0,12.08,0,2.22,0.16,3.85,0.77,0
1963.72,26.21,26,27.36,32.14,30,31.15,18.93,10.87,15.81,10.14,4,18.9,14.18,21.5,5.81,16.15,17.47,12.4
1964.95,26.21,27.57,21.3,28.61,32.33,25.28,18.93,10.87,15.81,10.14,4,18.9,14.18,21.64,5.81,16.15,17.47,12.4
1966.18,26.79,23.25,23.55,32.59,33.77,27.93,21.29,12.46,13.42,10.14,4.9,19.11,21.17,21.64,14.78,16.91,20.6,19.42
1967.4,9.23,14.03,9.57,15.35,25.65,14.68,2.36,1.59,1.99,12.55,5.03,4.97,6.99,0.14,8.97,0.76,3.13,15.13
1968.62,14.36,9.87,9.57,15.35,23.32,14.68,2.36,1.59,1.99,12.55,5.03,4.97,9.29,0,8.97,2.32,3.13,15.13
1969.84,5.12,17.96,5.91,4.58,13.18,13.09,0,0,0.57,12.55,4.13,4.05,2.31,0,0,1.56,0,8.11
1971.06,7.13,8.51,7.02,6.42,1.94,2.51,0,0,0,0,1.74,0,6.23,4.94,0,1.56,0,0
1972.28,2,12.63,10.68,6.42,1.94,7.84,0,0,0,3.61,4.68,1.15,3.92,4.94,12.11,2.38,11.2,7.69
1973.5,5.31,6.48,6.56,6.42,6.57,5.33,0,3.54,0,3.61,4.68,1.15,3.92,4.94,17.8,2.38,11.2,16.87
1974.72,18.05,17.63,3.66,4.59,6.75,5.33,0,4.22,0,3.61,4.79,3.69,3.83,0,19.73,5.38,16.74,19.86
1975.94,23.44,17.68,2.29,5.97,7.44,1.04,0,4.22,0,3.74,1.85,2.54,6.21,6.07,7.62,4.81,13.91,12.17
1977.15,20.13,15.32,2.29,5.97,0.87,1.31,0,0.68,0,3.74,1.85,7.66,6.21,8.58,5.18,5.96,17.65,4.47
1978.37,8.62,4.17,2.42,6.55,0.69,2.15,0,0,0,3.74,2.55,5.12,2.38,8.94,7.05,5.9,12.11,4.76
1979.58,11.2,4.53,6.69,5.18,0,1.11,0,0,2.07,0,15.36,11.89,0.5,2.87,13.38,6.15,3.74,8.15
1980.79,11.71,27.95,19.43,5.92,2.9,6.24,0,0,2.07,2.57,15.36,6.77,0.5,0.37,10.12,5,4.49,6.66
1982.01,8.48,27.95,20.9,0.74,2.9,5.4,0,0,2.07,2.57,12.81,6.77,0.5,0,6.33,2.05,4.49,3.39
1983.22,10.71,30.28,26.8,0.74,6.56,14.14,1.65,0,0,9.67,2.98,6.63,9.43,0,0,1.8,4.49,0
1984.43,17.26,11.94,14.06,0,3.66,8.74,1.65,0,0,7.1,2.98,6.63,9.43,0,0,1.8,0,0
1985.63,20.27,20.35,16.39,4.85,10.86,9.59,1.65,0,0,7.1,2.98,6.63,9.43,0,0,1.8,0,0
1986.84,10.06,13.48,3.93,4.85,8,6.58,0,0,0,0,0,0,0,0,0,0,0,0
1988.05,16.36,14.56,16.88,12.36,16.62,8.75,0,0,0,0,0,0,0,0,0,0,0,0
1989.25,13.36,12.08,13.96,7.51,9.42,7.9,0,0,0,0,0,0,0,0,0,0,0,0
1990.46,14.49,27.75,20.03,15.1,21.43,9.43,0,0,0,6.51,3.89,1.57,3.48,0.59,0,7.55,0.09,1.21
1991.66,1.13,21.59,7.08,7.6,12.81,7.26,0,0,0,6.51,3.89,1.57,3.48,0.59,0,7.55,0.09,1.21
1992.87,1.13,23.75,11.8,14.83,17.35,17.82,0,0,0,6.51,3.89,1.57,3.48,0.59,0,7.55,0.09,1.21
1994.07,0,8.07,5.73,7.23,4.55,10.56,0,0,0,0,0,0,0,0,0,0,0,0
1995.27,8.76,14.86,11.44,7.23,11.49,10.56,0,0,0,0,0,0,0,0,0,0,0,0
1996.47,8.76,15.11,7.91,1.84,21.59,0,0,0,0,0,0,0,0,0,0,0,0,0
1997.67,11.05,15.83,12.48,8.21,27.15,7.37,0,0,0,0,0,0,0,0,0,0,0,0
1998.86,15.05,11.27,10.48,10.89,24.46,7.37,0,0,0,0,0,0,0,0,0,0,0,0
2000.06,15.05,2.96,11.93,9.05,9.82,7.37,0,0,0,0,0,0,0,0,0,0,0,0
2001.26,17.36,23.05,16.58,17.19,10.45,15.52,0,0,0,0,0,0,0,0,0,0,0,0
2002.45,4.6,20.82,12.86,14.51,6.19,15.52,0,0,0,0,0,0,0,0,0,0,0,0
2003.65,4.6,25.65,15.39,14.51,6.19,15.52,0,0,0,0,0,0,0,0,0,0,0,0
2004.84,0,4.83,6.16,0,0,0,0,0,0,0,0,0,0,0,0,0,0,0
2006.03,0,4.83,7.26,0,0,0,0,0,0,0,0,0,0,0,0,0,0,0
2007.22,4.35,0,11.42,0.78,1.41,0,0,0,0,0,0,0,0,0,0,0,0,0
2008.41,13.05,0,30.99,2.33,4.22,0,0,0,0,0,0,0,0,0,0,0,0,0
