wavenumber,PS_PLA 10ppm-3,PS_PLA 10ppm-2,PS_PLA 10ppm-1,PS_PLA 50ppm-1,PS_PLA 50ppm-2,PS_PLA 50ppm-3,PS_PLA 100ppm-1,PS_PLA 100ppm-2,PS_PLA 100ppm-3,PS_PLA 200ppm-1,PS_PLA 200ppm-2, PS_PLA 200ppm-3
376.82,654,614.13,610.51,522.51,629.97,625.54,611.52,576.5,560.66,880.48,882.13,937.93
378.98,588.46,592.28,577.23,518.32,521.61,498.73,530.55,493.43,530.97,804.64,763.08,839.02
381.15,561.67,558.53,543.38,448.83,447.95,461.29,430.77,462.57,473.49,750.35,654.57,813.65
383.32,542.95,514.85,512.28,354.34,386.29,426.52,371.42,427.77,419.76,699.82,601.78,668.38
385.48,540.2,526.81,522.81,349.42,374.87,442.3,355.7,388.61,389.68,685.61,608.97,671.43
387.64,525.29,541.63,545.21,384.28,382.9,429.2,413.52,375.98,394.16,690.63,687.35,630.71
389.8,560.69,612.1,577.58,449.04,442.18,481.67,497.01,433.33,472.63,758.31,765.05,766.34
391.96,606.29,641.78,611.17,511.27,524.59,494.92,604.38,548.9,559.66,857.23,876.62,875.53
394.12,701.52,716.1,672.74,576.07,614.59,523.43,693.75,688.46,692.04,964.84,967.52,1007.09
396.28,702.63,691.31,714.86,600.02,633.39,562.73,724.7,798.26,739,1028.69,1032.65,1072.22
398.44,729.72,688.5,720.97,573.55,628.13,593.62,731.67,827.4,787.32,1029.25,1017.12,1093.07
400.6,663.14,635.37,679.08,512.01,513.12,577.76,681.66,747.56,753.34,960.51,950.94,982.62
402.75,625.21,583.89,612.52,469.73,445.39,527.17,616.69,631.41,674.07,905.82,872.45,868.55
404.91,534.72,551.2,553.08,418.5,377.7,450.61,553.54,571.08,590.3,802.62,818.44,761.65
407.06,501.45,498.41,506.53,392.43,374.52,394.89,494.33,532.35,518.14,757.38,788.35,701.38
409.21,451.96,463.73,466.45,349.08,341.05,369.54,497.95,518.77,469.82,675.65,729.09,663.61
411.36,416.48,368.41,429.04,296.67,294.88,320.14,455.97,497.59,456.9,655.65,653.21,621.92
413.51,418.23,360.99,413.87,324.45,316.22,325.25,497.62,531.02,495.95,654.96,631.95,660.21
415.66,437.1,385.7,403.17,389.62,368.62,331.42,532.45,625.64,591.2,713.8,704.53,714.36
417.81,432.99,424.1,387.17,434.42,427,367.55,617.37,622.33,647.86,749.4,780.51,749.94
419.96,354.34,386.64,324.3,361.63,383.12,355.75,576.82,582.22,623.41,697.54,749.02,662.74
422.11,264.83,281.66,250.9,235.92,277.99,279.69,473.15,438.64,508.17,545.23,605.39,531.75
424.25,165.01,208.04,147.88,175.51,186.17,193.27,343.58,331.16,358.04,384.7,446.85,385.22
426.4,97.55,127.13,88.56,167.75,155.66,149.16,344.78,282.12,295.69,314.29,376.08,336.13
428.54,92.34,125.14,63.84,194.53,198.7,177.58,413.33,338.41,318.36,359.23,410.3,343.07
430.68,162.51,121.2,120.83,216.96,241.06,259.65,510,457.15,393.49,434.63,500.63,436.14
432.82,197.16,136.42,148.64,253.16,278.52,277.15,502.91,478.12,417.54,460.61,484.52,468.79
434.97,149.44,90.14,120.59,193.23,189.2,202.2,405.52,372.12,298.28,327.95,349.09,328.47
437.11,61.98,43.59,55.64,112.44,104.29,89.41,212.01,188.42,154.56,166.32,156.71,149.34
439.24,0,0,0,12.29,3.7,7.82,74.74,53.51,18.15,25.47,37.81,7.31
441.38,0,0,0,0,0,0,0,0,0,0,0,0
443.52,0,0,0,0,0,0,0,0,0,0,0,0
445.65,0,0,0,0,0,0,0,0,0,0,0,0
447.79,0,0,0,0,0,13.61,45.34,16.17,20.09,0,0,0
449.92,0,0,0,0,0,13.61,45.34,16.17,20.09,0,0,0
452.05,0,0,0,0,0,13.61,45.34,16.17,20.09,0,0,0
454.19,0,0,0,0,0,0,0,0,0,0,0,0
456.32,0,0,0,0,0,0,0,0,0,0,0,0
458.45,0,0,0,0,0,0,0,0,0,0,0,0
460.57,0,0,0,0,0,0,0,0,0,0,0,0
462.7,0,0,0,0,0,0,0,0,0,0,0,0
464.83,0,0,0,0,0,0,0,0,0,0,0,0
466.95,0,0,0,0,0,0,0,0,0,0,0,0
469.08,0,0,0,0,0,0,0,0,0,0,0,0
471.2,0,0,0,0,0,0,0,0,0,0,0,0
473.32,0,0,0,0,0,0,0,0,0,0,0,0
475.45,0,0,0,0,0,0,0,0,0,0,0,0
477.57,0,0,0,0,0,0,0,0,0,0,0,0
479.69,0,0,0,0,0,0,0,0,0,0,0,0
481.8,0,0,0,0,0,0,0,0,0,0,0,0
483.92,0,0,0,0,0,0,0,0,0,0,0,0
486.04,0,0,0,0,0,0,0,0,0,0,0,0
488.15,0,0,0,0,0,0,0,0,0,0,0,0
490.27,0,0,0,0,0,0,0,0,0,0,0,0
492.38,0,0,0,0,0,0,0,0,0,0,0,0
494.49,0,0,0,0,0,0,0,0,0,0,0,0
496.61,0,0,0,0,0,0,0,0,0,0,0,0
498.72,0,0,0,0,0,0,5.62,0,0,0,0,0
500.83,1.28,8.85,0.32,54.51,28.5,59.03,96.27,102.8,71.04,49.9,97.84,81.86
502.93,1.28,8.85,0.32,54.51,28.5,59.03,114.05,126.47,71.04,49.9,97.84,81.86
505.04,1.28,8.85,0.32,54.51,28.5,59.03,108.43,126.47,71.04,49.9,97.84,81.86
507.15,0,0,0,0,0,0,17.78,23.67,0,0,0,0
509.25,0,0,0,0,0,0,0,0,0,0,0,0
511.36,0,0,0,0,0,0,0,0,0,0,0,0
513.46,0,0,0,0,0,0,0,0,0,0,0,0
515.56,0,0,0,0,0,0,0,0,0,0,0,0
517.66,0,0,0,0,0,0,0,0,0,0,0,0
519.76,0,0,0,0,0,0,0,0,0,0,0,0
521.86,0,0,0,0,0,0,0,0,0,0,0,0
523.96,0,0,0,0,0,0,0,0,0,0,0,0
526.06,0,0,0,0,0,0,0,0,0,0,0,0
528.16,0,0,0,0,0,0,0,0,0,0,0,0
530.25,0,0,0,0,0,0,0,0,0,0,0,0
532.35,0,0,0,0,0,0,0,0,0,0,0,0
534.44,0,0,0,0,0,0,0,0,0,0,0,0
536.53,0,0,0,0,0,0,0,0,0,0,0,0
538.62,0,0,0,0,0,0,0,0,0,0,0,0
540.71,0,0,0,0,0,0,0,0,0,0,0,0
542.8,0,0,0,0,0,0,0,15.56,10.72,0,0,0
544.89,95.89,98.57,62.79,139.27,153.97,176.82,263.16,275.78,269.73,230.67,224.39,214.86
546.98,267.37,242.35,212.79,393.39,410.16,426.88,686.84,720.56,646.28,643.67,660.49,616.08
549.06,458.95,431.52,390.16,673.87,676.07,726.03,1125.85,1167.48,1105.8,1094.81,1167.78,1057.81
551.15,547.13,533.58,502.19,846.5,783.1,821.83,1358.73,1362.5,1297.07,1351.12,1419.21,1281.54
553.23,550.95,543.61,505.53,813.08,758.76,808.91,1354.14,1334.04,1333.21,1338.29,1398.84,1242.14
555.32,418.51,409.73,413.62,667.73,616.16,649.73,1176.54,1149.24,1126.68,1141.11,1177.44,1046.38
557.4,262.17,235.26,287.47,449.11,431.29,458.94,860.93,883.42,860.47,796.92,843.35,762.95
559.48,121.35,111.67,179.52,290.35,264.61,283.67,576.09,626.37,609.7,542.49,560.01,523.94
561.56,127.29,109.84,155.99,279.32,258.66,240.14,546.58,581.98,557.6,480.39,461.66,451.94
563.64,189.09,190.54,196.34,354.48,317.91,300.46,664.52,637.69,637.28,601.07,569.74,534.7
565.72,231.1,226.45,231.89,424.17,384.01,377.97,766.23,723.19,736.41,660.18,652.92,619.24
567.8,169.76,211.68,184.44,366.16,304.76,349.11,707.51,646.58,678.77,587.86,575.32,534.35
569.87,111.52,123.02,95.42,223.23,227.25,217.34,514.81,500.98,518.15,369.21,375.73,337.13
571.95,35.03,56.89,14.48,91.61,95.98,77.95,332.01,275.29,289.77,164.35,173.02,129.76
574.02,31.29,18.2,0,25.51,57.88,10.38,158.83,118.6,135.81,44.81,63.09,40.7
576.09,0,0,0,0,0,0,53.17,19.08,32.68,0,12.87,0
578.17,0,0,0,0,0,0,0,0,0,0,0,0
580.24,0,0,0,0,0,0,0,0,0,0,0,0
582.31,0,0,0,0,0,0,0,0,0,0,0,0
584.38,0,0,0,0,0,0,0,0,0,0,0,0
586.45,0,0,0,0,0,0,0,0,0,0,0,0
588.51,0,0,0,0,0,0,0,0,0,0,0,0
590.58,0,0,0,0,0,0,0,0,0,0,0,0
592.64,0,0,0,0,0,0,0,0,0,0,0,0
594.71,0,0,0,0,0,2.42,2.75,25.97,29.64,0,0,0
596.77,16.68,19.98,28.35,38.01,52.13,53.9,90.97,138.43,113.12,67.9,69.58,62.86
598.83,38.96,51.86,77.61,115.44,102.06,119.85,234.71,268.77,266.16,177.76,196.11,146.38
600.89,96.12,77.95,118.74,156.93,161.41,172.47,397.85,387.64,376.08,295.53,318.19,250.51
602.95,108.13,76.92,120.35,174.43,155.01,167.43,422.27,392.13,423.3,320.26,346.86,263.01
605.01,85.86,45.03,71.1,97.93,121.63,101.48,313.33,303.58,305.81,212.62,224.48,182.12
607.07,100.01,56.82,77.53,141.9,136.7,129.24,300.79,323.77,325.06,189.05,218.49,190.31
609.13,192.08,167.85,170.88,262.77,278.01,246.23,497.77,501.82,518.5,403.99,447.35,408.01
611.18,353.91,349.21,327.93,509.77,510.78,474.93,861.5,853.94,883.36,797.01,856.61,802.46
613.24,449.24,508.85,453.22,690.23,715.69,644.18,1107.99,1112.15,1141.65,1151.44,1218.61,1116.65
615.29,515.93,537.51,505.87,769.04,770.28,734.44,1204.78,1239.33,1239.9,1272.51,1387.58,1274.48
617.35,490.65,493.21,493.22,768.21,735.89,745.39,1178.88,1240.48,1192.81,1331.89,1458.18,1318.62
619.4,426.18,383.04,408.71,681.85,630.64,669.15,1089.08,1150.73,1095.48,1249.69,1364.53,1232.84
621.45,320.85,286.69,306.02,565.63,540.2,554.7,896.05,950.08,901.25,1092.25,1134.63,1047.49
623.5,204,186.15,180.13,359.54,385.89,342.4,594.11,649.19,624.45,763.9,788.16,708.9
625.55,101.81,98.8,91.79,185.38,212.84,166.6,302.05,350.84,308.2,438.09,408.88,396.85
627.6,22.7,36.52,18.51,88.35,69.93,46.69,122.44,153.6,97.06,221.05,220.71,182.23
629.64,36.5,28.98,3.3,95.25,55.61,57.36,142.04,138.91,104.14,179.89,206.41,180.82
631.69,94.82,86.44,83.07,195.41,179.88,148.04,266.19,261.77,256.45,309.61,419.32,320.64
633.73,144.6,155.02,172.62,279.94,279.86,234.01,392.36,419.97,427.42,496.66,591.22,461.11
635.78,193.86,210.61,248.2,371.95,381.66,347.46,507.63,553.28,563.52,698.5,742.23,606.03
637.82,298.5,341.91,328.83,512.67,480.83,499.61,707.59,743.27,762.62,916.33,942.57,816.29
639.86,419.62,474.37,451.28,644.54,635.82,678.25,962,986.04,982.85,1144.62,1207.36,1073.66
641.9,545.35,578.43,594.67,773.35,744.74,798.5,1152.97,1200.72,1146.98,1340.8,1444.7,1261.93
643.94,546.13,543.54,609.11,745.54,746.05,758.11,1133.97,1172.74,1119.13,1387.66,1425.39,1234.21
645.98,463.51,418.93,484.49,591.33,563.95,590.34,865.87,907.01,840.86,1114.42,1164.64,952.39
648.02,255.02,230.29,262.22,322.59,306.93,318.62,469.32,479.53,457.02,631.3,656.46,517.98
650.06,91.28,76.42,87.39,104.14,81.16,116.17,146.24,159.52,129.95,196.26,257.35,166.95
652.09,0,0,0,0,0,0,0,0,0,0,3.41,0
654.13,0,0,0,0,0,0,0,0,0,0,0,0
656.16,0,0,0,0,0,0,0,0,0,0,0,0
658.2,0,0,0,0,0,0,0,0,0,0,0,0
660.23,0,0,0,0,0,0,0,0,0,0,0,0
662.26,0,0,0,0,0,0,0,0,0,0,0,0
664.29,58.08,69.93,38.88,42.49,41.55,53.47,86.82,51.15,71.36,100.65,140.06,125.92
666.32,178.98,157.02,133.25,165.6,154.75,177.25,234.67,221.33,214.79,326.71,362.45,324.26
668.34,224.91,203.47,194.32,228.54,183.84,210.56,282.73,288.07,282.5,416.36,494.03,421.56
670.37,166.83,133.54,155.44,186.06,142.29,157.09,195.91,236.92,211.15,315.7,353.97,295.64
672.4,45.93,46.46,61.07,62.94,29.08,33.31,48.07,66.74,67.71,89.65,131.58,97.3
674.42,8.47,13.03,13.64,0,0,0,0,0,0,0,20.91,13.6
676.45,64.36,77.15,46.71,40.46,51.1,56.61,49.77,44.12,60.98,82.84,135.03,144.52
678.47,73.21,77.15,46.71,40.46,55,56.61,49.77,44.12,60.98,82.84,179.58,144.52
680.49,64.74,64.12,33.07,40.46,55,56.61,49.77,44.12,60.98,82.84,158.67,130.92
682.51,8.85,0,22.82,7.95,3.91,0,0,0,0,5.5,63.42,5.66
684.53,112.64,134.59,144.35,128.4,123.59,126.7,137.2,153.22,159.98,180.89,230.24,171.23
686.55,225.31,214.87,259.58,227.35,228.05,240.59,265.92,295.63,300.2,376.83,458.39,341.03
688.57,288.09,257.95,312.12,284.63,245.82,303.11,333.92,364.32,377.09,471.23,576.55,415.17
690.58,244.45,165.02,258.51,211.43,174.08,225.99,256.1,257.5,287.11,416.48,473.55,347.83
692.6,136.12,121.38,152.88,124.2,107.31,112.1,146.9,135.3,157.76,284.69,300.84,199.44
694.61,73.33,78.3,77.52,58.98,89.54,49.58,78.9,66.62,80.87,184.78,163.8,119.64
696.63,4.33,36.65,9.59,11.73,37.69,0,19.52,20.21,10.87,64.14,55.44,21.41
698.64,81.01,74.04,74.99,43.53,31.62,39.62,70.68,60.03,79.87,86.35,81.05,52.35
700.65,264.09,221.16,193.72,153.28,162.84,167.14,239.9,236.6,252.34,273.92,324.24,271.95
702.66,369.1,335.57,301.41,270.79,285.2,286.12,384.56,375.94,388.97,462.28,526.46,427.69
704.67,368.15,339.67,287.84,261.65,298.84,293.37,386.07,386.45,385.67,464.83,560.74,470.97
706.68,240.85,234.07,198.58,189.81,173.47,199.94,231.23,260.6,240.67,311.02,396.33,300.55
708.69,212.63,156.9,166.74,103.07,81.85,111.94,126.14,195.84,167.1,196.63,300.67,224.56
710.69,146.61,121.26,113.11,74.2,50.77,65.06,66.25,125.3,105.06,109.1,211.54,142.42
712.7,90.84,79.74,86.45,36.29,44.93,30.97,51.87,74.58,77.58,75.34,132.76,93.24
714.7,14.05,42.5,19.78,5.52,14.19,0,12.3,0,14.52,1.37,26.21,13.5
716.71,0,4.47,11.99,0,0,0,0,0,0,0,0,0
718.71,0,4.47,9.18,0,0,0,0,0,0,0,0,0
720.71,0,21.97,4.45,0,0,0,0,0,0,0,0,0
722.71,97.62,88.01,84.58,93.44,72.03,88.45,121.18,137.16,121.1,117.93,113.2,138.83
724.71,231.45,233.07,203.61,247.26,187.82,218.31,332.41,354.37,309.65,318.23,355.69,336.06
726.71,308.92,282.3,271.84,323.91,262.14,310.35,481.12,507.72,409.07,451.02,510.23,472.12
728.71,277.97,236.08,235.95,280.83,207.86,256.33,411.03,422.61,336.83,366.92,454.84,373.06
730.7,157.46,117.95,128.17,127.01,92.07,126.47,199.8,205.41,148.29,166.61,212.35,175.84
732.7,81.72,53.92,64.15,50.36,17.74,34.44,51.09,52.06,48.86,33.82,57.81,39.78
734.69,15.04,29.64,19.9,0,0,0,0,0,0,0,0,0
736.69,1.73,2.71,8.67,0,0,0,0,0,0,0,0,0
738.68,10.51,0,0,0,0,0,0,0,0,0,0,0
740.67,29.1,24.63,0,0,7.36,12.26,0,0,0,0,0,0
742.66,48.97,28.91,19.25,0.22,7.36,12.26,0,0,0,0,0,0
744.65,38.46,28.91,19.25,0.22,7.36,12.26,0,0,0,0,0,0
746.64,19.88,18.62,19.25,0.22,0,0,0,0,0,0,0,0
748.63,69.97,70.1,59.41,48.91,43.04,68.18,86.03,97.94,95.43,64.64,95.33,79.41
750.61,167.33,145.62,135.9,119.77,128.4,134.31,227.35,219.83,228.87,222.89,259.83,194.1
752.6,278.76,251.54,232.82,222.23,252.07,258.73,414.96,414.68,425.01,448.75,447.84,408.41
754.58,347.84,308.02,281.63,293.27,318.57,311.16,506.74,490.44,514.64,578.81,567.27,511.84
756.57,356.93,321.16,292.12,320.99,312.41,355.6,546.54,549.22,529.29,634.88,585.37,581.94
758.55,315.46,256.75,267.05,294.5,258.04,307.49,464.79,478.79,470.74,552.07,545.27,486.17
760.53,266.55,252.23,262.21,295.9,240.23,322.61,445.29,448.93,448.76,506.84,505.07,444.97
762.51,271.86,285.61,263.92,308.54,233.99,307.3,394.04,408.99,444.36,455.51,505.45,439.34
764.49,280.95,303.76,263.08,313.63,256.87,289.78,436.58,442.52,433.76,449.65,495.62,444.84
766.47,268.49,261.03,230.69,243.84,221.54,216.37,380.26,417.84,367.62,404.93,481.93,423.81
768.45,204.93,199.86,188.53,182.29,188.11,166.21,333.53,365.75,305.74,333.78,401.48,342.69
770.42,187.81,197.81,186.48,167.2,137.48,167.5,281.26,307.13,278.66,299.1,399.17,325.7
772.4,202.15,210.87,167.89,178.9,141.63,170.25,282.13,301.64,283.38,307.22,375.66,322.85
774.37,239.82,237.28,252.63,231.62,213.47,235.68,358.36,393.19,352.14,395.04,440.18,397.69
776.34,262.84,266.69,276.05,245.35,252.99,281.46,394.63,424.43,404.92,404.56,440.73,419.89
778.32,245.53,270.78,297.81,243.77,257.86,306.59,410.59,437.71,409.74,410.43,443.64,417.79
780.29,250.12,312.1,270.81,249.43,249.3,297.29,401.48,404.9,437.81,408.89,448.47,432.94
782.26,286.39,316.76,301.81,279.1,273.76,309.02,464.73,465.47,427.92,525.06,525,481.12
784.23,312.33,334.1,304.16,326.8,299.91,319.76,491.35,477.06,482.72,583.25,562.56,542
786.19,310.06,334.56,308.3,339.62,300.18,331.29,529.12,534.81,463.68,601.92,595.94,513.68
788.16,317.25,353.15,335.89,383.25,333.93,345.96,539.37,546.37,567.78,650.08,619.79,578.19
790.13,346.34,360.97,389.06,424.78,381.91,411.88,596.88,629.19,624.14,731.49,711.24,643.28
792.09,373.56,379.25,404.68,459.12,415.36,438.59,611.87,624.16,670.98,793.39,739.84,705.19
794.06,313.34,310.43,311.53,382.36,342.4,366.88,529.46,563.4,563.76,704.88,672.36,606.35
796.02,240.81,264.62,244.07,295.63,258.45,242.2,403.42,433.34,454.24,574.74,529.26,483.9
797.98,151.4,156.28,144.74,161.71,158.97,127.32,266.88,295.1,299.88,394.76,371.65,331.92
799.94,161.34,173.95,184.08,164.14,166.52,156.46,237.37,264.24,275.56,310.49,351.75,314.99
801.9,183.19,205.53,219.67,186.82,191.98,212.18,319.14,318.31,333.51,360.81,409.11,413.32
803.86,281.61,283.68,340.83,301.41,313.03,328.15,467.5,472.99,481.05,590.07,604.07,580.58
805.82,305.82,349.62,346.12,353.15,343.54,356.93,564.35,542.15,568.09,722.49,693.19,642
807.78,321.95,340.47,326.98,341.13,329.3,339.95,531.81,495.59,511.73,702.51,656.59,546.02
809.73,236.42,264.01,212.53,248.14,197.1,257.01,386.65,339.07,399.42,462.24,444.02,360.09
811.69,157.36,133.01,144.87,137.29,101.36,165.2,238.98,196.39,212.6,251.14,243.96,184.31
813.64,80.32,81.7,112.24,99.47,78.66,94.42,156.7,154.75,141.83,132.08,123.28,123.59
815.6,95.86,99.63,164.51,114.91,111.54,104.9,156.69,182.38,163.67,181.3,183.53,185.47
817.55,197.3,225.47,245.69,193.59,231,189.96,294.62,284.62,296.78,319.12,326.07,348.62
819.5,285.21,319.78,313.68,304.42,345.61,318.5,464.72,441.7,438.06,521.78,518.43,518.27
821.45,364.48,374.11,359.02,373.62,416.25,380.07,574.2,556.49,518.72,614.82,597.18,598.64
823.4,308.33,307.69,312.94,367.73,378.81,379.56,525.29,554.56,512.99,624.14,582.22,571.28
825.35,276.98,263.73,268.99,304.66,313.52,309.19,444.55,460.13,437.43,520.63,494.75,455.09
827.29,216.87,246.35,244.29,282.17,264.81,287.08,407.09,431.31,402.48,476.73,450.56,397.18
829.24,232.34,244.22,253.83,257.28,259.03,284.89,430.24,417.78,381.47,458.1,423.98,389.87
831.18,259.62,276.56,298.51,257.86,267.05,328.19,469.89,495.41,430.3,484.99,478.58,485.07
833.13,292.59,289.59,323.89,270.48,309.12,326.85,498.93,489.1,409.19,503.93,483.23,529.33
835.07,323.25,311.64,319.28,300.14,326.21,337.54,490.7,536.51,463.14,531.93,507.28,558.98
837.01,322.83,297.28,279.93,317.39,348.57,366.16,482.75,481.54,443.7,522.54,501.28,510.58
838.95,284.87,253.05,216.72,264.45,287.74,335.93,389.31,428.74,409.76,507.33,488.46,487.68
840.89,229.84,223.41,226.08,253.77,265.84,266.96,335.48,345.9,334.78,420.74,472.58,461.73
842.83,173.72,165.02,213.03,216.68,217.86,179.58,253.27,291.33,278.07,373.76,409,402.07
844.77,162.3,139.65,200.68,186.63,196.58,154.57,235.79,244.83,263.43,253.85,381.14,355.47
846.71,149.13,157.87,183.58,164.18,169.24,205.83,259.26,265.62,213.75,263.23,376.24,347.15
848.64,203.98,210.12,207.17,202.76,186.26,263.45,344.79,312.13,288.12,318.34,448.74,443.9
850.58,224.87,267.73,250.79,273.06,252.99,326.12,439.39,391.38,338.56,463.51,521.31,524.72
852.51,282.56,266.15,292.22,295.5,291.87,331.93,453.17,393.81,399.18,539.2,543.72,548.37
854.44,250.07,211.04,273.79,264.43,297.57,294.56,398.12,351.41,341.97,488.07,507.64,489.54
856.37,266.38,189.41,259.5,248.84,273.42,233.68,346.25,304.52,287.6,423.44,465.75,412.22
858.31,228.28,194.36,225.47,238.85,234.54,249.07,314,307.59,256.52,382.11,472.15,425.19
860.23,273.21,244.01,281.46,270.9,254.02,293.82,317.49,355.39,310.51,486.85,491.62,467.89
862.16,275.61,284.48,316.93,306.43,303.33,369.73,397.82,426.71,398.68,577.11,594.27,584.44
864.09,315.83,317.08,344.22,337.79,368.79,360.8,455,482.53,465.03,665.88,647.11,631.17
866.02,286.64,343.94,334.09,336.74,329.85,345.79,500.13,507.32,477.33,654.94,691.57,651.86
867.94,272.81,316.5,302.66,309.41,269.95,336.16,465.67,462.84,442.7,620.07,611.11,619.96
869.87,231.79,311.21,290.04,276.56,243.54,324.69,447.06,440.55,413.92,544.39,520.17,553.24
871.79,216.59,268.05,255.9,257.87,222.28,294.37,385.63,386.43,360.32,489.23,462.41,499.36
873.71,226.09,235.6,212.46,223.22,224.4,267.43,314.6,378.73,337.8,440.14,405.06,415.9
875.64,206.06,154.63,161.83,192.72,179,215.64,260.75,299.53,284.45,392.9,385.24,395.28
877.56,221.96,171.92,163.79,163.16,192.88,224.45,259.54,282.3,244.4,377.96,353.37,391.63
879.48,171.01,145.01,155.57,151.43,158.24,187.42,242.17,215.59,200.86,341.54,323.03,341.16
881.39,156.87,133.59,136.49,106.97,112.76,149.55,182.32,146.72,135.88,245.98,209.55,236.54
883.31,78.21,43.65,55.3,69.21,41.02,68.19,83.16,56.38,68.72,109.14,82.66,98.11
885.23,36.7,15.74,28.74,18.05,4.74,34.19,23.17,3.59,3.95,21.17,2.44,33.83
887.14,5.56,25.76,9.77,35.15,31.73,35.79,0,12.28,3.95,44.84,2.4,18.44
889.06,27.9,41.81,18.42,42.42,31.73,50.07,13.27,54.71,29.88,75.38,36.49,41.8
890.97,68.84,78.24,61.19,86.19,76.14,71.43,86.51,100.4,81.23,111.53,86.07,92.16
892.88,99.7,53.6,77.33,94.89,81.27,76.5,125.32,112.65,112.47,135.1,132.85,146.01
894.8,91.93,51.21,86.29,119.07,124.01,100.74,136.43,133.75,112.41,166.53,150.03,157.04
896.71,55.2,30.86,34.25,98.98,91.34,84.68,115.95,132.27,77.09,141.03,145.96,145.49
898.62,58.5,58.65,22.62,111.59,100.39,121.34,153.55,163.19,100.84,145.62,179.65,138.68
900.52,75.07,79.93,27.58,105.82,113.7,149.6,224.44,179.74,150.23,173.51,208.63,163.84
902.43,109.79,103.36,72.71,134.2,152.51,191.03,251.53,223.15,215.47,257.59,278.48,190.85
904.34,149.88,127.16,127.85,156.96,172.7,188.5,285.36,273.3,268.45,311.75,311.74,255.95
906.24,159.79,146.11,154.48,189.88,190.72,182.46,293.04,304.98,295.29,329.44,344.53,316.57
908.15,167.19,151.21,165.93,239.63,221.56,205.59,324.58,336.84,334.64,364.99,378.52,381.06
910.05,140.95,146.69,157.75,244.09,247.78,267.1,308.86,339.12,345.41,369.29,379.25,375.62
911.95,168.32,176.76,173.83,235.16,252.61,288.54,308.44,343.69,385.81,392.9,388.63,374.15
913.86,157.28,161.75,174.17,181.5,230.71,249.93,271.32,322.57,363.85,363.14,354.98,339.33
915.76,127.16,141.68,177.11,146.78,208.75,203.92,256.5,291.41,335.51,342.36,320.98,308.14
917.66,95.32,90.87,141.31,138,181.4,159.85,219.99,235.89,286.48,313.55,284.28,253.58
919.55,100.29,99.55,110.66,148.38,167.53,144.94,222.33,215.9,225.97,290.93,256.44,246.23
921.45,112.85,128.49,109.28,203.03,157.61,138.97,208.64,229.87,226.43,318.96,257.92,267.84
923.35,121.69,133.35,139.82,199.63,180.62,160.61,197.58,234.14,220.52,315.63,273.37,260.76
925.24,140.23,125.26,138.07,201.93,197.36,160.63,190.27,173.49,270.02,277.71,240.24,235.44
927.14,128.14,108.21,84.54,168.96,157.81,122.36,178.7,130.26,196.6,196.55,208.19,136.53
929.03,105.66,113.76,34.44,145.93,115.86,93.04,154.44,104.66,157.15,144.36,117.8,110.92
930.92,57.54,114.02,28.37,125.28,80.97,77.11,111.92,105.14,98.44,126.26,113.15,92.74
932.81,72.81,98.98,53.5,112.01,109.79,91.55,102.49,83.37,133.49,153.91,133.93,120.3
934.7,71.67,82.54,63.4,106.02,111.55,119.94,123.35,102.9,164.49,188.87,182.68,134.84
936.59,76.69,62.26,82.46,98.85,109.48,131.82,133.07,138.96,193.36,241.7,198.64,142.92
938.48,43.42,61.68,57.33,96.08,88.12,113.09,127.21,155.43,201.31,229.28,192.68,159.41
940.37,18.85,49.82,37.52,91.02,92.14,63.75,108.43,111.32,147.33,213.28,189.15,139.32
942.25,3.16,54.55,0,61.56,79.78,30.39,71.92,57.07,101.99,127.59,136.26,120.53
944.14,17.69,45.43,17.79,25.01,55.29,9.48,35.3,24.45,41.56,69.76,109.9,66.55
946.02,45.92,29.77,17.79,4.44,19.47,5.29,2.51,33.25,16.42,13.02,81.97,73.05
947.91,45.92,26.97,17.79,14.8,4.59,8.66,8.3,53.11,8.32,13.6,81.02,66.2
949.79,68.91,23.32,7.82,53.6,17.16,61.91,47.59,79.74,51.7,40.37,106.27,102.94
951.67,67.61,23.32,7.82,83.52,38.16,89.21,63.87,111.44,82.27,107.23,148.94,125.7
953.55,92.47,10.5,36.61,77.71,62.44,95.79,73.54,104.79,103.41,124.74,183.92,140.44
955.43,61.15,0,28.8,38.91,59.43,42.54,51.96,95.88,67.97,106,146,140.6
957.31,65.65,6.5,32.63,54.99,78.26,56.33,57.24,63.16,78.38,74.79,137.61,139.63
959.18,40.79,28.21,9.2,56.11,71.8,76.51,47.26,58.19,57.54,93.01,122.98,140.08
961.06,34.21,33.02,28.02,72.67,78.06,92.62,51.7,33.89,49.6,82.38,137.1,123.95
962.94,0,34.34,27.02,25.81,35.65,46.23,30.14,8.24,8.62,42.11,92.65,63
964.81,0,12.64,21.64,16.55,15.82,16.11,24.66,0,0,4.42,57.7,20.77
966.68,0,7.82,2.83,0,0,0,0,0,0,4.42,17.9,0
968.55,0,0,0,0,0,0,0,0,0,0,0,0
970.43,0,0,0,0,0,0,0,0,0,0,0,0
972.3,0,0,0,0,0,0,0,0,0,0,0,0
974.16,0,0,0,0,0,0,0,0,0,0,0,0
976.03,0,0,0,0,0,0,0,0,0,0,0,0
977.9,0,0,0,0,0,0,0,0,0,0,0,0
979.76,0,0,0,0,0,20.36,0,6.45,10.93,3.78,7.75,7.91
981.63,0,0,6.56,0,4.79,26.33,8.57,6.45,10.93,33.9,49.81,44.81
983.49,5.55,0,7.18,7.18,19.55,33.29,8.57,19.1,10.93,76.74,81.52,83.04
985.36,5.55,0,7.18,12.43,42.1,12.93,8.57,12.65,3.98,112.99,137.94,124.5
987.22,5.55,0,0.62,12.43,37.31,12.79,10.36,15.82,3.98,140.77,133.57,148.16
989.08,0,0,0,5.26,38.69,5.84,10.36,3.18,3.98,118.42,111.07,164.69
990.94,0,0,0,0,16.14,5.84,10.36,3.18,0,125.83,116,165.64
992.8,2.63,15.68,4.07,24.43,30.29,28.3,7.17,20,31.06,213.99,197.68,246.35
994.66,31.96,56.74,36.51,100.14,83.27,97.57,110,100.34,140.15,474.69,456.9,465.26
996.51,121.35,144.18,122.68,272.81,226.72,251.16,290.17,294.69,330.3,921.26,870.32,885.03
998.37,216.96,233.47,238.64,423.82,423.13,448.56,585,570.87,616.57,1450.8,1423.73,1396.45
1000.22,303.06,272.9,293.09,582.66,565.71,601.12,814.69,815.91,837.71,1882.22,1831,1850.4
1002.08,318.99,293.83,316.36,648.65,644.45,674.85,942.56,927.47,958.37,2009.16,1965.48,2006.22
1003.93,269.85,237.03,238.23,600.26,568.47,597.52,837.41,804.33,835.66,1727.09,1709.93,1748.35
1005.78,207.31,164.16,171.7,430.81,411.76,437.13,583.22,552.83,613.25,1209.99,1230.7,1222.46
1007.63,101.99,55.78,62.26,203.74,201.43,219.13,293.11,255.08,302.45,634.32,679.9,643.98
1009.48,52.9,7.62,20.36,76.7,66.85,70.76,96.27,82.03,107.82,240.78,262.67,249.17
1011.33,0,0,0,11.61,11.86,9.31,17.94,8.16,0,45.27,66.2,47.45
1013.18,0,0,0,0,0,0,0,0,0,0,0,0
1015.03,0,0,0,0,0,0,0,0,0,0,0,0
1016.87,0,0,0,0,0,0,0,0,0,0,0,0
1018.72,0,0,0,0,0,0,0,0,0,0,0,0
1020.56,0,0,0,0,0,0,0,0,0,0,0,0
1022.4,0,0,0,0,0,0,0,0,0,0,0,0
1024.24,0,0,0,0,0,0,0,0,0,0,0,0
1026.08,0,0,0,0,0,0,0,0,0,0,0,0
1027.92,0,0,0,0,0,0,0,0,0,0,0,0
1029.76,0,0,0,0,0,0,0,0,0,0,0,0
1031.6,0,0,0,0,0,0,0,0,0,0,0,0
1033.44,0,0,0,0,0,0,0,0,0,0,0,0
1035.27,0,0,0,0,0,0,0,0,0,0,0,0
1037.11,0,0,0,0,0,0,0,0,0,0,0,0
1038.94,0,0,0,0,0,0,0,0,0,0,0,0
1040.77,0,0,0,0,0,0,0,0,0,0,0,0
1042.6,0,0,0,0,0,0,0,0,0,0,0,0
1044.43,0,0,0,0,0,0,0,0,0,0,0,0
1046.26,0,0,0,0,0,0,0,0,0,0,0,0
1048.09,0,0,0,0,0,0,0,0,0,0,0,0
1049.92,0,0,0,0,0,0,0,0,0,0,0,0
1051.75,0,0,0,0,0,0,0,0,0,0,0,0
1053.57,0,0,0,0,0,0,0,0,0,0,0,0
1055.4,0,0,0,0,0,0,0,0,0,0,0,0
1057.22,0,0,0,0,0,0,0,0,0,0,0,0
1059.04,0,0,0,0,0,0,0,0,0,0,0,0
1060.86,0,0,0,0,0,0,0,0,0,0,0,0
1062.68,0,0,0,0,0,0,0,0,0,0,0,0
1064.5,0,0,0,0,0,0,0,0,0,0,0,0
1066.32,0,0,0,0,0,0,0,0,0,0,0,0
1068.14,0,0,0,0,0,0,0,0,0,0,0,0
1069.96,0,0,0,0,0,0,0,0,0,0,0,0
1071.77,0,0,0,0,0,0,0,0,0,0,0,0
1073.58,0,0,0,0,0,0,0,0,0,0,0,0
1075.4,0,0,0,0,0,0,0,0,0,0,0,0
1077.21,0,0,0,0,0,0,0,0,0,0,0,0
1079.02,0,0,0,0,0,0,0,0,0,0,0,0
1080.83,0,0,0,0,0,0,0,0,0,0,0,0
1082.64,0,0,0,0,0,0,0,0,0,0,0,0
1084.45,0,0,0,0,0,0,0,0,0,0,0,0
1086.26,0,0,0,0,0,0,0,0,0,0,0,0
1088.06,0,0,0,0,0,0,0,0,0,0,0,0
1089.87,0,0,0,0,0,0,0,0,0,0,0,0
1091.67,0,0,0,0,0,0,0,0,0,0,0,0
1093.48,0,0,0,0,0,0,0,0,0,0,0,0
1095.28,0,0,0,0,0,0,0,0,0,0,0,0
1097.08,0,0,0,0,0,0,0,0,0,0,0,0
1098.88,0,0,0,0,0,0,0,0,0,0,0,0
1100.68,0,0,0,0,0,0,0,0,0,0,0,0
1102.48,0,0,0,0,0,0,0,0,0,0,0,0
1104.27,0,0,0,0,0,0,0,0,0,0,0,0
1106.07,0,0,0,0,0,0,0,0,0,0,0,0
1107.86,0,0,0,0,0,0,0,0,0,0,0,0
1109.66,0,0,0,0,0,0,0,0,0,0,0,0
1111.45,0,0,0,0,0,0,0,0,0,0,0,0
1113.24,0,0,0,0,0,0,0,0,0,0,0,0
1115.03,0,0,0,0,0,0,0,0,0,0,0,0
1116.82,0,0,0,0,0,0,0,0,0,0,0,0
1118.61,0,0,0,0,0,0,0,0,0,0,0,0
1120.4,0,0,0,0,0,0,0,0,0,0,0,0
1122.19,0,0,0,0,0,0,0,0,0,0,0,0
1123.97,0,0,0,0,0,0,0,0,0,0,0,0
1125.76,0,0,0,0,0,0,0,0,0,0,0,0
1127.54,0,0,0,0,0,0,0,0,0,0,0,0
1129.33,0,0,0,0,0,0,0,0,0,0,0,0
1131.11,0,0,0,0,0,0,0,0,0,0,0,0
1132.89,0,0,0,0,0,0,0,0,0,0,0,0
1134.67,0,0,0,0,0,0,0,0,0,0,0,0
1136.45,0,0,0,0,0,0,0,0,0,0,0,0
1138.23,0,0,0,0,0,0,0,0,0,0,0,0
1140,0,0,0,0,0,0,0,0,0,0,0,0
1141.78,0,0,0,0,0,0,0,0,0,0,0,0
1143.55,0,0,0,0,0,0,0,0,0,0,0,0
1145.33,0,0,0,0,0,0,0,0,0,0,0,0
1147.1,0,0,0,0,0,1.34,0,0,0,0,0,0
1148.87,0,6.94,0,0,0,1.34,0,0,0,0,0,0
1150.64,0,6.94,0,0,0,1.34,0,0,0,0,0,0
1152.41,0,6.94,1.99,0,0,8.71,0,0,0,0,0,24
1154.18,0,0,15.71,0,0,8.71,0,2.67,0,1.98,3.64,24
1155.95,0,0,15.71,0,0,8.71,0,2.67,0,20.38,3.64,31.24
1157.72,0,0,13.72,0,0,0,0,2.67,0,20.38,3.64,7.24
1159.48,0,0,0,0,0,1.9,0,0,0,18.4,0,7.24
1161.25,0,0,0,0,0,1.9,0,0,0,0,0,0
1163.01,0,0,0,0,0,1.9,0,0,0,0,0,0
1164.77,0,6.31,0,0,0,0,0,0,0,0,0,0
1166.53,0,6.31,0,0,0,0,0,0,0,0,0,0
1168.3,0,6.31,0,0,0,0,0,0,0,0,0,0
1170.06,0,0,0,0,0,0,0,0,0,0,0,0
1171.81,0,0,0,0,0,0,0,0,0,0,0,0
1173.57,0,0,0,0,0,0,0,0,0,0,0,0
1175.33,0,0,0,0,0,0,0,0,0,0,0,0
1177.08,2.73,0,0,0,0,0,0,0,0,0,0,31.44
1178.84,2.73,0,0,0,0,0,0,0,0,31.34,12.71,48.07
1180.59,2.73,0,0,0,0,0,0,0,0,63.4,54.14,70.34
1182.34,0,0,0,0,0,0,0,0,0,67.42,85.21,47.06
1184.1,0,0,0,0,0,0,0,0,0,36.07,72.5,30.43
1185.85,0,0,0,0,0,0,0,0,0,4.02,31.06,8.16
1187.6,0,0,0,0,0,0,0,0,0,0,0,0
1189.35,0,0,0,0,0,0,0,0,0,0,0,0
1191.09,0,0,0,0,0,0,0,0,0,0,0,0
1192.84,0,0,0,0,0,0,0,0,0,0,0,0
1194.58,0,0,0,0,0,0,0,0,0,0,0,0
1196.33,0,0,0,0,0,0,0,0,0,0,0,0
1198.07,0,0,0,0,0,0,0,0,0,0,0,0
1199.82,0,0,0,0,0,0,0,0,0,0,0,0
1201.56,0,0,0,0,0,0,0,0,0,0,0,0
1203.3,0,0,0,0,0,0,0,0,0,7.72,0,0
1205.04,0,0,0,0,0,0,0,0,0,7.72,0,0
1206.78,0,0,0,0,0,0,0,0,0,7.72,0,0
1208.51,0,0,0,0,0,0,0,0,0,0,0,0
1210.25,0,0,0,0,0,0,0,0,0,0,0,0
1211.98,0,0,0,0,0,0,0,0,0,0,0,0
1213.72,0,0,4.26,0,0,0,0,0,0,0,0,15.68
1215.45,0,0,4.26,0,0,0,0,0,0,0,0,15.68
1217.18,0,22.59,4.26,0,0,0,0,0,0,0,0,15.68
1218.92,0,22.59,0,0,0,0,0,0,0,0,0,0
1220.65,0,22.59,1.24,0,0,0,0,0,0,0,0,3.2
1222.38,0,0,1.24,0,0,0,0,0,0,0,0,3.2
1224.1,0,0,1.24,0,0,0,0,0,0,0,0,3.2
1225.83,0,0,0,0,0,0,0,0,0,0,0,0
1227.56,0,0,0,0,0,0,0,0,0,0,0,0
1229.28,0,0,0,0,0,0,0,0,0,0,0,0
1231.01,0,0,0,2.19,0,0,0,0,0,0,0,0
1232.73,0,0,0,2.19,0,0,0,0,0,0,0,0
1234.45,0,4,0,2.19,0,0,0,0,0,0,0,0
1236.17,4.18,4,0,0,0,0,0,0,0,0,0,0
1237.9,4.18,4,10.04,0.11,1.63,0,0,0,0,0,0,0
1239.61,4.18,5.84,19.67,0.11,1.63,5.63,0,0,0,0,0,0
1241.33,0,5.84,19.67,0.11,1.63,5.63,0,0,0,0,0,0
1243.05,0,5.84,9.63,0,0,5.63,0,0,0,0,0,0
1244.77,0,0,0,0,0,0,0,1.05,0,0,0,0
1246.48,4.09,0,0,0,0,0,0,1.05,0,0,0,0
1248.2,15.84,7.47,12.58,22.11,18.78,15.33,0,4.9,17.23,14.38,0,0
1249.91,15.84,7.47,12.58,22.11,18.78,15.33,0,3.85,25.91,14.38,0,2.69
1251.62,19.07,7.78,24.33,24.98,21.03,16.53,0,12.53,25.91,33.61,0,2.69
1253.33,7.32,0.31,23.16,2.87,2.25,1.2,0,8.68,8.68,26.44,8.43,8.78
1255.04,7.32,0.31,26.34,2.87,18.23,1.2,0,8.68,0,39.45,17.67,11.55
1256.75,0,0,14.59,0,15.98,0,0,0,0,40.6,17.67,11.55
1258.46,0,0,3.18,0,15.98,0,0,0,0,46.01,9.24,5.46
1260.17,0,20.12,0,0,2.28,6.7,0,0,0,49.79,9.07,6.36
1261.87,1.92,27.5,25.13,18.98,2.28,19.65,0,0,0,52.17,29.12,29.93
1263.58,12.02,38.03,33.08,41.72,13.25,22.42,15.09,9.34,9.6,70.47,66.37,62.95
1265.28,22.64,17.9,37.85,56.22,10.96,15.72,15.47,9.34,16.16,53.68,86.11,93.74
1266.99,20.72,10.53,12.72,38.64,24.63,17.3,15.47,17.42,16.16,47.4,88.88,79.57
1268.69,10.62,28.25,22.76,51.85,13.67,24.34,9.57,35.61,22.97,66.94,109.8,88.89
1270.39,0,28.25,18.72,53.96,14.62,40.2,9.19,48.69,16.41,106.54,131.99,107.13
1272.09,1.58,51.42,25.63,81.65,37.38,36.39,49.23,47.02,23.35,129.26,166.1,130.96
1273.79,2.6,23.17,19.97,63.14,48.19,26.58,45.28,31.82,6.94,81.8,135.02,119.61
1275.49,25.54,47.63,22.1,57.08,64.88,33.36,60.18,29.41,20.44,88.49,140.43,89.4
1277.18,30.58,29.9,17.03,46.49,28.45,26.6,37.82,22.99,13.5,58.99,91.99,56.17
1278.88,29.55,29.9,4.71,29.05,17.64,26.6,32.58,10.67,13.5,55.98,64.88,47.37
1280.57,6.62,5.45,1.85,18.49,0,3.95,17.68,0,0,9.69,8.49,32.05
1282.27,0,7.23,1.96,4.38,8.23,0.35,0,0,0,13.41,14.93,32.05
1283.96,5.89,19.48,24.26,16.71,39.42,6.03,1.28,3.52,0,55.93,49.98,21.91
1285.65,5.89,24.75,46.25,48.97,60.25,11.38,23.69,19.19,23.42,125.57,79.19,32.14
1287.34,5.89,17.52,44.29,44.59,70.27,11.03,23.69,19.19,23.42,112.16,68.06,57.07
1289.03,0,5.27,21.99,32.27,44.87,5.35,22.41,15.68,23.42,77.9,33.01,45.03
1290.72,0,0,0,16.57,34.25,0,0,0,0,8.26,3.8,44.69
1292.41,8.48,24.65,17.03,23.55,20.32,0,0,0,0,20.74,2.78,73.71
1294.1,22.71,39.7,19.44,49.15,14.53,3.98,16.38,0,25.45,58.46,56.75,129.44
1295.78,30.72,39.7,19.44,53.5,18.96,3.98,26.93,16.64,25.45,102.3,89.27,150.2
1297.47,23.46,33.67,13.4,89.86,29.06,51.13,35.75,53.25,25.45,130.31,137.34,115.65
1299.15,9.22,34.77,24.49,82.67,29.93,73.45,19.37,55.84,21.87,108.46,83.36,81.91
1300.84,26.67,59.88,44.63,87.05,44.4,91.35,26.99,90.21,63.15,119.2,115.83,104.09
1302.52,66.91,55.68,74.76,79.89,67.65,79.37,51.07,99.37,96.17,163.08,139.43,165.74
1304.2,104.84,69.39,77.12,99.29,79.48,81.28,87.15,135.1,93.85,210.87,228.14,222.31
1305.88,112.01,72.79,105.51,101.71,82.31,123.21,108.81,125.17,104.87,246.7,227.69,241.58
1307.56,71.97,84.31,88.02,100.25,66.93,111.59,76.91,96.69,105.68,193.66,185.05,210.98
1309.24,53.74,62.3,81,69.91,54.24,115.43,47.48,61.34,86.13,159.76,121.21,161.86
1310.91,52.07,54.19,45.21,42.2,49.22,62.51,7.65,51.21,39.29,107.44,74.95,110.32
1312.59,50.64,56.32,25.67,7.49,26.92,44.15,6.64,42.65,5.46,122.04,79.61,79.03
1314.26,46.35,75.58,35.25,36.74,45.03,27.91,21.45,53.88,25.78,142.78,120.41,105.87
1315.94,41.4,88.19,23.85,61.6,44.7,26.35,57.89,59.44,21.3,172.88,173.56,119.41
1317.61,67.81,78.16,39.14,98.37,82.9,44.8,87.08,67.35,44.05,164,202.41,131.64
1319.28,85.79,86.36,37.99,104.2,87.82,48.48,109.46,94.82,69.14,164.36,197.84,129.11
1320.95,78,74.46,48.75,79.34,78.97,62.72,78.75,97.18,109.45,151.31,196.18,130.83
1322.62,62.01,80.03,41.31,58.85,63.91,58.76,89.48,114.33,107.89,168.06,202.99,159.03
1324.29,58.04,64.27,58.54,33.71,51.52,40.13,91.88,85.15,86.33,176.5,193.49,139.24
1325.96,54.86,58.65,62.91,45.95,42.92,32.63,117.07,62.09,58.21,151.74,168.46,135.92
1327.63,44.44,35.04,78.29,55.6,21.99,28.46,106.26,38.69,56.1,111.33,135.45,116.62
1329.29,25.96,16.78,57.35,68.26,29.4,37.31,104.79,60.97,67,119.28,138.46,141.02
1330.96,26.94,27.64,68.2,77.37,48.6,50.27,115.77,85.03,102.34,130.03,164.6,187.21
1332.62,43.74,43.41,52.62,93.71,70.37,52.13,129.64,116.65,146.58,187.69,207.32,210.64
1334.28,65.52,59.75,51.62,85.61,78.69,69.56,141.4,112.16,148.37,167.59,227.95,184.99
1335.95,49.5,33.39,43.4,67.63,50.8,67.1,130.94,87.79,120.28,171.96,204.72,111.8
1337.61,40.2,33.98,43.98,62.77,33.36,82.42,94.93,45.86,97.3,168.79,147.27,90.74
1339.27,21.81,18.13,43.12,40.78,6.98,56.98,52.47,15.6,65.21,138.86,83.08,65.92
1340.92,45.02,42.79,33.28,71.82,43.11,66.87,63.35,41.56,97.46,149.29,87.23,102.79
1342.58,45.1,35.42,56.23,62.3,62.69,63.88,89.34,87.63,105.48,131.84,111.51,111.45
1344.24,88.19,55.4,71.2,110.81,97.11,94.9,120,132.93,163.84,187.42,176.14,169.13
1345.89,95.29,53.38,83.17,108.31,78.03,96.26,134.66,133.67,179.87,209.67,176.79,187.16
1347.55,111.85,44.4,63.94,118.59,77.07,84.06,145.76,131.19,177.34,214.39,189.24,195.66
1349.2,96.65,46.75,65.27,100.09,88.67,82.1,150.76,147.6,173.36,220.68,181.59,174.06
1350.86,101.68,39,71.51,121.83,97.83,81.36,159.63,164.22,166.94,205.21,191.51,169.69
1352.51,134.06,76.35,82.42,112.9,115.66,116.95,180.84,205.52,171.51,217.42,177.12,176.68
1354.16,121.78,79.29,71.01,112.3,107.83,134.22,176.05,192.14,159.42,206.31,176.07,213.35
1355.81,103.29,84.68,63.73,113.16,110.11,133.94,139.7,200.21,142.1,208,166.48,188.15
1357.46,64.7,67.65,67.01,121.9,101.28,108.55,140.57,159.49,152.01,202.25,187.46,170.84
1359.1,57.79,58.28,60.3,131.98,99.79,99.82,141.44,147.78,157.91,172.52,195.79,142.22
1360.75,74.11,70.82,52.5,109.62,91.53,76.33,142.52,102.28,149.02,153.36,176.69,135.84
1362.4,76.33,82.93,48.26,102.15,73.82,61.39,97.83,76.66,113.03,139.1,141.16,120.02
1364.04,85.34,93.16,82.47,83.46,68.23,44.23,82.91,62.82,109.14,150.63,84.41,111
1365.68,74.03,89.39,87.36,54.44,82.31,64.74,82.98,83.31,112.91,144.18,109.68,130.99
1367.33,87.62,88.86,105.82,35.31,99.94,88.81,130.6,125.68,146.56,142.62,144.52,149.21
1368.97,81.33,72.12,87.73,76.29,111.69,135,155.66,183.83,152.99,169.19,162.14,177.88
1370.61,94.6,76.27,110.87,94.83,120.32,140.07,179.94,200.52,211.64,211.65,165.34,190.8
1372.25,86.55,74.44,93.69,126.37,143.29,160.47,191.88,212.87,217.61,264.13,187.87,223.05
1373.89,87.95,97.39,96.29,102.69,145.04,124.33,195.59,194,235.35,265.4,214.53,245.76
1375.53,82.81,85.8,81.02,122.12,149.24,118.29,204.4,204.23,187.2,242.45,229.64,244.26
1377.16,83.79,76.66,88.19,144.65,141.54,121.03,197.66,181.23,188.15,216.95,195.2,227.21
1378.8,56.66,44.3,66.16,124.3,96.95,102.22,141.34,127.66,128.2,131.07,144.22,132.83
1380.43,26.66,22.68,41.02,83.23,51.7,73.36,77.61,58.85,77.85,72.79,66.97,67.13
1382.07,0,1.76,6.6,17.76,5.45,32.21,3.34,8.48,12.97,0,11.86,0
1383.7,0,4.1,0,0,5.45,18.85,0,0,0,0,0,0
1385.33,28.68,25.5,9.88,27.48,24.64,47.2,29.18,29.09,39.86,26.35,15.1,2.99
1386.96,71.93,52.42,36.62,65.58,64.05,70.05,101.76,90.27,94.12,86.11,61.29,12.65
1388.59,87.97,88.67,71.78,122.19,104.79,136.67,159.96,164.76,173.01,160.83,105.8,63.54
1390.22,103.34,106.26,81.68,158.05,147.09,148.74,200.14,218.02,200.56,205.4,166.76,148.22
1391.85,96.05,124.19,74.26,177.58,155.39,162.14,197.64,235.94,238.76,221.3,202.72,185.23
1393.47,128.33,122.01,94.74,193.66,177.57,144.1,213.02,250.4,239.17,248.43,266.57,220.81
1395.1,120.61,101.51,118.56,164.07,173.42,147.72,216.05,247.18,248.91,247.9,244.76,207.4
1396.72,101.02,76.79,117.82,142.26,170.38,132.45,216.19,214.73,208.41,205.16,232.4,186.09
1398.35,85.42,63.41,89.43,110.11,137.33,127.17,202.31,194.6,189.57,158.75,184.7,157.46
1399.97,58.17,71.37,79.7,96.96,125.62,101.56,186.09,188.46,169.38,139.34,184.02,116.17
1401.59,41.81,61.67,73.99,83.8,92.24,84.62,152.19,183.64,139.17,144.93,144.33,112.88
1403.21,33.56,36.88,47.94,57.97,67.85,61.34,110.61,143.47,93.96,111.2,110.98,62.59
1404.83,38.77,40.97,14.06,70.92,30.57,58.16,87.79,97.74,73.51,85.91,89.74,29.63
1406.45,38.77,37.17,11.25,74.64,23.06,52.09,84.74,90.76,85.83,78.07,67.95,55.57
1408.07,32.1,59.8,25.77,84.35,58.22,54.69,127.01,121.78,130.46,123.56,94.16,86.85
1409.68,23.54,42.13,52.37,104.84,79.82,89.39,167.04,153.22,150.52,167.83,115.82,143.69
1411.3,50.98,53.34,67.57,107.55,116.96,108.64,207.27,193.54,167.8,183.33,170.36,180.3
1412.91,53.1,38.68,58.22,136.36,103.88,109.67,215.28,203.95,179.5,160.94,162.02,163.02
1414.53,74.23,50.68,43.54,127.17,103.47,99.35,195.26,218.02,198.52,168.21,159.01,155.75
1416.14,65.58,61.24,36.09,133.86,89.93,101.26,194.79,225.29,216.08,196.37,152.89,121.69
1417.75,48.6,60.48,47.97,116.87,79.39,104.82,212.3,229.21,212.29,210.87,146.09,172.64
1419.36,47.4,51.82,59.64,133.66,88.96,93.83,218.24,221.56,190.59,161.47,127.41,169.02
1420.97,46.54,32.84,69.97,135.11,76.52,85.49,191.49,203.56,190.22,121.07,105.06,175.08
1422.58,94.01,50.19,71.98,121.89,83.74,123.15,156.4,184.55,168.82,125.67,126.04,143.8
1424.19,107.49,41.88,65.99,89.66,87.95,120.14,176.62,179.51,173.75,166.6,130.35,143.85
1425.79,105.08,62.36,58.44,88.53,102.27,136.9,217.6,185.57,169.43,205.98,149.44,133.67
1427.4,105.78,75.27,70.34,132.17,127.03,118.76,257.68,232.39,231.54,216.46,177.63,180.6
1429,109.94,101.97,97.36,151.25,136.56,159.72,264.84,259.64,286.74,239.38,216.93,212.31
1430.6,141.76,90.67,102.71,175.66,163.41,169.02,258.33,298.2,331.93,250.97,257.56,255.35
1432.21,144.8,63.59,117.28,160.95,162.81,186.19,287.35,289.3,297.65,264.44,252.08,251.94
1433.81,131.74,67.07,142.08,150.45,172.76,179.91,279.91,294.93,268.91,250.46,283.47,261.41
1435.41,114.12,92.34,160.65,164.06,168.82,176.07,290.22,290.33,253.93,262.59,293.31,241.99
1437.01,126.5,133.26,152.23,178.66,167.2,156.55,267.52,281.37,262.59,282.04,300.14,284.24
1438.61,163.22,144.53,134.48,193.91,178.57,168.03,294.46,285.39,256.57,339.83,298.63,310.47
1440.2,185.49,169.35,127.61,151.38,183.15,167.72,287.94,271.61,256.42,327.83,305.67,341.26
1441.8,162.99,159.72,148.31,137.73,195.95,169.62,282.29,273.7,250.8,339.38,324.93,320.93
1443.4,140.82,140.1,124.67,162.07,172.4,160.18,286.95,284.77,275.83,313.25,344.51,324.93
1444.99,132.09,107.25,138.8,178.84,161.3,141.51,279.7,304.26,282.95,351.23,364.86,332.36
1446.58,131.15,121.19,130.05,168.72,171.62,147.94,266.21,292.18,288.5,362.65,352.32,324.56
1448.18,123.2,135.78,130.63,122.58,160.94,129.7,214.36,260.41,254.35,341.72,337.76,293.43
1449.77,134.92,161.38,126.88,118.77,158.92,149.11,215.16,240.62,225.85,297.46,306.2,281.95
1451.36,118.97,134.32,97.13,125.62,125.55,136.18,204.6,234.14,243.33,238.52,292.63,269.47
1452.95,115.02,131.58,102.05,148.12,141.84,157.58,224.69,229.3,267.46,243.23,294.72,286.64
1454.53,104.3,90.4,90.18,144.84,139.67,151.85,238.31,217.66,258.12,275.5,297.68,288.03
1456.12,130.35,116.33,108.43,156.65,124.94,173.89,250.69,222.45,224.86,299.86,296.75,285.85
1457.71,129.06,115.93,110.67,142.46,96.86,148.58,250.71,216.21,210.92,274.22,272.14,255.99
1459.29,131.89,146.3,108.03,138.7,88.22,151.38,228.15,207.72,201.06,252.67,245.63,240.57
1460.88,147.94,131.56,114.94,106.48,115.46,130.72,240.46,214.77,215.74,241.67,254.99,211.7
1462.46,170.32,152.82,141.18,126.25,156.68,154.38,249.07,246.46,233.39,272.67,258.35,232.48
1464.04,185.58,162.63,178.97,173.9,186.78,151.92,290.89,269.35,275.25,297.53,288.25,248.14
1465.62,201.85,201.44,195.1,223.87,214.21,178.12,309.68,317.55,314.41,328.72,336.14,320.79
1467.2,205.11,188.25,191.89,239.49,199.62,191.3,337.11,338.39,318.88,339.24,374.68,356.43
1468.78,214.37,210.39,192.34,237.43,202.69,228.48,356.52,375.53,334.66,335.74,391.54,407.05
1470.36,167.96,201.86,193.79,235.03,197.75,226.3,365.57,373.32,341.41,357.22,372.39,391.67
1471.94,150.21,214.32,206.24,216.62,188.46,197.12,333.6,347.76,338.81,360.7,356.89,370.6
1473.52,124.68,193.34,179.25,192.75,164.71,160.81,297.49,309.38,299.07,348.38,338.27,291.08
1475.09,127.6,168.47,137.69,162.65,127.06,139.6,246.13,268.1,231.09,286.49,271.41,259.32
1476.67,129.18,170.93,128.8,153.86,127.07,155.04,242.41,272.12,218.41,254.6,253.54,232.55
1478.24,138.31,141.94,137.79,136.29,128.29,150.36,236.22,258.34,206.92,239.24,250.88,256.32
1479.81,174.32,161.17,183.67,161.59,148.71,163.23,269.23,283.75,249.97,289.75,320.42,287.63
1481.38,201,174.07,174.87,189.21,148.79,177.08,308.55,297.8,272.66,324.92,354.28,322.59
1482.95,217.9,221.51,209.63,212.04,191.08,215.47,336.73,328.72,352.88,371.97,368.34,373.43
1484.52,209.68,227.17,211.61,203.41,185.25,225.07,347.1,321.83,369.96,371.22,354.62,397.81
1486.09,240.24,218.28,235.7,204.21,212.84,238.77,354.56,358.36,387.45,397.56,378.32,414.95
1487.66,239.57,200.82,217.89,210.44,178.87,217.23,335.76,362.3,362.37,382.34,394.78,404.19
1489.22,238.56,209.69,223.08,221.66,205.21,228.68,321.95,378.55,350.92,403.43,393.22,403.41
1490.79,223.32,214.67,238.04,217.64,195.99,227.22,311.54,351.55,340.56,372.28,366.1,426.73
1492.35,225.75,211.98,234.32,193.27,204.42,234.75,340.11,332.19,325.17,354.11,339.29,401.03
1493.92,210.73,198.17,227.83,167.78,200.72,230.83,354.88,323.36,322.64,329.82,369.35,365.2
1495.48,203.25,185.25,187.22,157.16,194.23,192.77,322.5,310.39,304.64,335.73,364.94,328.91
1497.04,198.44,198.32,198.94,183.86,204.39,189.04,293.43,320.72,319.61,365.96,410.19,343.6
1498.6,208.18,205.6,197.54,193.1,202.43,175.84,282.56,293.25,308.77,362.39,381.64,362.84
1500.16,196.69,209.33,201.25,185.1,207.23,179.41,283.43,270.19,303.35,346.59,376.18,322.83
1501.72,209.53,192.72,182.28,165.43,207.01,176.96,295.61,265.77,276.57,321.76,365.7,322.13
1503.27,223.47,181.21,178.09,176.18,211.56,176.61,296.2,284.09,279.54,308.36,368.65,300.87
1504.83,241.41,192.7,193.55,199.91,226.42,209.24,339.1,328.06,308.14,349.94,393.57,363.58
1506.38,223.23,213.73,215.57,233.18,250.5,246.08,361.85,359.88,362.61,393.06,421.37,364.5
1507.94,218.82,225.54,209.69,231.88,257,252.69,386.03,391.79,395.49,446.26,445.59,398.51
1509.49,206.29,233.23,219.7,240.13,260.37,263.83,389.06,393.89,406.56,447.01,456.34,400.38
1511.04,211.32,228.13,214.58,243.24,233.62,244.51,373.28,387.18,388.16,452.95,423.97,435.13
1512.59,225.67,220.7,251.8,264.67,247.51,266.17,376.81,384.44,379.06,453.88,442.57,471.53
1514.14,226.45,206.04,252.45,260.86,274.51,256.6,368.08,381.78,400.38,470.23,467.93,486.34
1515.69,240.34,209.48,237.87,258.82,293.93,263.79,374.77,398.53,408.44,466.66,468.38,490.25
1517.24,250.11,229.46,233.5,276.98,299.55,270.51,381.32,405.14,410.03,479.64,489.02,479.03
1518.79,275.1,251.67,259.35,304.01,279.38,273.45,388.72,426.95,402.81,484.81,481.54,486.67
1520.34,280.97,252.42,270.42,304.24,276.09,267.58,382.65,409.27,419.45,505.19,534.92,480.52
1521.88,269.61,272.61,263.92,271.91,284.55,266.15,377.99,411.02,437.84,508.32,529.06,480.79
1523.42,246.35,251.9,209.19,221.33,263.78,237.47,360.42,370.84,404.97,486.87,526.61,482.15
1524.97,225.64,237.41,198.68,187.63,268.21,244.34,360.36,355.85,365.96,446.62,512.7,477.04
1526.51,225.92,218.57,182.49,183.57,246.29,238.85,347.28,346.5,338.59,420.68,517.44,465.9
1528.05,251.53,251.73,217.96,235.17,259.69,267.68,360.5,383.78,365.85,429.06,504.14,471.08
1529.59,264.79,271.21,239.76,280.41,275.73,265.16,360.02,419.03,388.08,474.07,510.16,503.24
1531.13,254.16,275.8,256.66,307.08,288.54,278.4,377.62,421.36,409.73,519.85,512.6,536.15
1532.67,235.62,248.15,242.99,277.51,283.44,274.73,361.97,408.1,385.12,529.37,512.13,535.82
1534.2,223.42,232.16,217.98,248.25,242.99,263.37,350.28,354.48,315.14,473.54,468.63,474.46
1535.74,196.87,196.5,186.3,184.31,194.52,213.34,260.56,291.49,248.47,347.35,393.1,373.41
1537.28,123.42,153.61,140.72,115.46,130.48,136.72,173.59,163.91,152.54,219.91,300,244.45
1538.81,110.41,145.48,118.91,70.04,91.53,101.87,84.69,103.08,113.02,146.23,216.65,184.91
1540.34,102.17,134.79,116.86,77.38,66,97.11,65.21,69.99,97.25,144.63,184.71,191.79
1541.88,143.14,137.65,122.03,104.92,104.02,138.89,92.25,99.76,137.01,180.9,222.31,241.53
1543.41,171.65,163.38,154.08,141.67,149.9,156.54,146.15,139.72,169.61,240.36,280.1,303.14
1544.94,210.83,183.11,186.79,168.73,187.1,182.17,228.35,195.31,206.19,303.47,353.53,350.05
1546.47,243.32,251.82,243.15,209.1,205.95,221.78,296.18,272.2,260.4,398.21,436.61,411.61
1547.99,266.92,260.31,270.61,245.57,226.22,268.81,373.09,344.17,329.69,471.38,488.43,465.58
1549.52,265.17,312.78,296.4,273.02,261.81,305.83,402.97,384.11,368.61,529.51,529.89,520.53
1551.05,263.64,298.8,287.4,264.67,287.6,297.38,398.03,373.9,354.39,495.52,486.89,513.01
1552.57,206.65,282.03,266.94,228.52,269.26,256.47,329.62,305.55,294.7,432.38,438.74,449.68
1554.1,194.65,230.92,252.48,207.02,230.23,230.21,260.84,250.83,231.96,364.88,386.56,402.33
1555.62,197.86,225.36,254.22,182.72,192.41,211.48,238.59,204.64,187.42,344.24,355.92,376.51
1557.14,196.51,225.22,252.74,163.85,176.35,224.51,237.08,180.18,191.29,332.69,359.69,372.44
1558.66,174.03,211.63,206.13,115.52,145.49,197.42,185.42,122.25,157.68,275,295.65,308.23
1560.18,145.43,162.59,172.4,87.38,103.49,159.19,102.29,66.78,110.93,227.17,236.81,242.88
1561.7,170.04,140.09,148.54,69.45,76.37,146.16,49.34,43.23,73.03,182.2,160.16,191.39
1563.22,182.2,152.14,149.24,76.72,80.12,135,44.58,56.53,69.65,174.1,155.71,185.76
1564.74,172.68,182.84,144.58,87.64,82.51,139.82,38.46,56.53,77.91,148.29,159.89,188.44
1566.25,135.7,160.75,128.81,67.43,50.1,97.18,14.89,31.4,47.21,108.68,158.26,151.32
1567.77,105.49,116.43,90.8,34.43,18.37,60.96,0.4,0,17.9,53.36,99.05,81.72
1569.28,87.49,56.66,66.34,4.85,0,28.61,0,0,0,16.69,45.07,20.83
1570.79,57.48,66.2,55.53,0,0,9.21,0,0,0,4.66,3.42,2.29
1572.31,71.57,86.51,91.15,36.69,49.71,37.93,10.67,17.36,29.25,38.84,49.12,74.38
1573.82,83.42,129.59,107.87,78.27,95.69,91.75,33.52,47.91,45.36,93.32,110.87,149.03
1575.33,129.04,134.43,136.7,106.84,133.71,142.01,62.97,87.76,84.42,199.54,200,232.07
1576.84,133.2,154.82,153.06,106.04,116.39,149.11,79.35,91.53,81.85,232.61,210.06,253.63
1578.34,116.24,110.08,127.3,64.46,70.41,94.92,56.5,60.98,65.75,183.88,148.31,189.71
1579.85,63.39,65.59,73.73,35.89,32.39,44.66,27.05,21.13,26.68,73.01,59.18,104.39
1581.36,19.57,4.82,11.55,0,0,0,0,0,0,5.75,0,10.74
1582.86,18.13,0.6,5.98,0,0,0,0,0,0,0,0,0
1584.37,24.43,7.01,12.76,0,0,2.21,0,0,0,0,0,0
1585.87,70.36,46.66,35.11,30.66,7.45,14.45,0.06,0,0,29.69,43.23,39.39
1587.37,96.32,76.52,63.61,39.15,44.44,56.25,0.06,1.67,9.88,48.26,102.99,121.92
1588.87,114.49,84.58,56.83,39.15,44.44,64.63,0.06,1.67,9.88,48.26,102.99,121.92
1590.37,77.76,44.93,34.48,8.49,36.99,52.4,0,1.67,9.88,18.56,59.76,82.53
1591.87,33.67,14.47,0,0,0,10.59,0,0,0,0,0,0
1593.37,9.19,0,0,0,0,0,0,0,0,0,0,0
1594.86,11.2,0,2.71,0,0,1.56,0,0,0,0,0,0
1596.36,44.66,49.94,47.63,27.41,13.21,36.42,18.43,17.74,0,48.01,66.48,93.62
1597.86,95.14,97.87,103.53,87.81,85.13,107.03,92.08,76.71,67.18,182.03,217.62,253.2
1599.35,127.1,139.78,143.04,155.88,153.09,171.15,162.26,143.9,118.57,338.73,381.44,430.06
1600.84,118.61,115.85,140.75,190.63,189.32,183.14,212.65,165.01,179.62,419.53,449.87,465.35
1602.33,111.11,96.91,122.79,173.36,165.53,167.11,181.66,168.41,157.69,402.96,433.27,454.95
1603.83,111.59,89.62,129.48,152.41,153.72,156.38,178.98,146.44,168.72,363.7,405.31,432.17
1605.32,139.39,117.65,130.82,169.09,172.89,175.97,185.59,174.77,193.38,383.73,415.97,450.7
1606.8,136.73,114.89,135.7,172.65,162.93,157.1,178.39,134.62,191.24,356.29,362.16,376.42
1608.29,93.08,80.26,86.8,125.54,106.78,102.14,110.9,89.4,128.81,238.86,226.32,222.33
1609.78,40.32,26.22,42.82,46.69,38.17,35.7,35.47,22.22,43.1,90.02,80.74,74.89
1611.27,0,0,0,0,0,0,0,0,0,0,0,0
1612.75,0,0,0,0,0,0,0,0,0,0,0,0
1614.23,0,0,0,0,0,0,0,0,0,0,0,0
1615.72,0,0,0,0,0,0,0,0,0,0,0,0
1617.2,0,0,0,0,0,0,0,0,0,0,0,0
1618.68,0,3.87,0,0,0,0,0,0,0,0,0,0
1620.16,32.97,22.45,16.11,30.86,26.45,26.9,25.14,29.71,17.92,0,23.58,5.67
1621.64,80.45,36.49,63.01,58.16,64.72,62.98,76.19,94.34,56.78,60.71,81.22,57.01
1623.12,80.45,32.62,63.01,63.89,72.47,77.57,76.19,106.24,56.78,60.71,81.22,57.01
1624.59,47.48,14.04,46.9,33.03,46.02,50.67,51.05,76.53,38.86,60.71,57.63,51.34
1626.07,0,0,0,5.73,7.75,14.59,0,11.89,0,0,0,0
1627.54,0,0,0,0,0,0,0,0,0,0,0,0
1629.02,0,0,0,0,0,0,0,0,0,0,0,0
1630.49,0,0,0,0,0,0,0,0,0,0,0,0
1631.96,0,0,0,0,0,0,0,0,0,0,0,0
1633.43,0,0,0,0,0,0,0,0,0,0,0,0
1634.9,0,0,0,0,0,0,0,0,0,0,0,0
1636.37,0,0,0,0,0,0,0,0,0,0,0,0
1637.84,0,0,0,0,0,0,0,0,0,0,0,0
1639.31,0,0,0,0,0,0,0,0,0,0,0,0
1640.77,0,0,0,0,0,0,0,0,0,0,0,0
1642.24,0,0,0,0,0,0,0,0,0,0,0,0
1643.7,0,0,0,0,0,0,0,0,0,0,0,0
1645.17,0,0,0,0,0,0,0,0,0,0,0,0
1646.63,0,0,0,0,0,0,0,0,0,0,0,0
1648.09,0,0,0,0,0,0,0,0,0,0,0,0
1649.55,0,0,0,0,0,0,0,0,0,0,0,0
1651.01,0,0,0,0,0,0,0,0,0,0,0,0
1652.46,0,0,0,0,0,0,0,0,0,0,0,0
1653.92,0,0,0,0,0,0,0,0,0,0,0,0
1655.38,0,0,0,0,0,0,0,0,0,0,0,0
1656.83,0,0,0,0,0,0,0,0,0,0,0,0
1658.29,0,0,0,0,0,0,0,0,0,0,0,0
1659.74,0,0,0,0,0,0,0,0,0,0,0,0
1661.19,0,0,0,0,0,0,0,0,0,0,0,0
1662.64,0,0,0,0,0,0,0,0,0,0,0,0
1664.09,0,0,0,0,0,0,0,0,0,0,0,0
1665.54,0,0,0,1.74,0.21,9.14,28.03,9.04,23.71,0,0,0
1666.99,5.32,0.22,11.19,26.8,3.45,41.34,79.75,65.79,79.79,5.96,0,17.21
1668.44,21.09,4.19,11.19,72.85,46.73,79.6,150.47,143.88,148.56,32.38,55.79,70.5
1669.88,30.96,33.9,20.51,118.46,102.5,110.1,214.82,228.61,215.64,117.92,127.67,124.52
1671.33,51.83,57.02,32.61,146.61,163.8,133.81,267.03,254.19,269.24,196.82,209.85,170.6
1672.77,44.58,62.34,43.17,135.63,144.3,128.05,292.44,254.63,265.69,222.58,220.22,197.53
1674.21,34.71,32.63,33.84,116.74,108.89,110.37,265.58,240.48,231.23,183.41,194.65,189.86
1675.66,8.51,9.29,10.56,63.52,44.34,54.47,177.7,163.97,128.4,107.2,112.46,126.57
1677.1,0,0,0,28.46,20.56,21.97,81.58,86.21,63.32,55.02,46.32,46.36
1678.54,0,0,0,0,0,0,16.04,15.19,7.65,8.66,0,0
1679.97,0,0,3.65,21.32,18.95,9.12,39.4,45.25,33.73,0,0.87,0
1681.41,8.08,17.68,8.22,62.11,44.76,33.79,96.27,89.83,101.33,37.58,33.3,10.64
1682.85,11.1,27.6,12.7,101.04,82.75,55.66,151.59,155.72,153.24,83.06,68.59,44.45
1684.29,19.07,37.43,22.42,99.1,106.29,70.28,181.3,191.79,191.66,110.08,104.55,65.76
1685.72,17.22,31.83,23.13,89.48,133.49,83.88,185.31,218.84,185.73,105.73,115.13,85.25
1687.15,14.19,21.9,18.65,54.62,110.11,62.9,164.07,182.3,175.88,63.12,95.12,53.82
1688.59,6.23,12.07,5.27,41.62,73.26,56.45,145.68,139.62,137.22,52.36,58.29,32.51
1690.02,0,0,0,10.45,20.26,18.19,84.81,67.22,82.97,19.13,15.29,2.38
1691.45,0,3.18,0,6.39,8.81,17.29,64.14,40.26,68.69,16.26,0,2.17
1692.88,0,3.18,0,4.33,14.23,0,54,48.15,59.94,0,0,2.17
1694.31,19.38,29.22,23.2,34.07,68.76,33.6,135.63,128.71,135.05,69.52,53.84,55.61
1695.74,50.98,43.94,39.59,76.88,106.59,54.67,201.87,195.32,178.68,124.83,100.1,83.96
1697.16,61.14,61.04,58.83,95.09,116.28,75.88,227.31,230.79,229.51,163.25,132.78,123.85
1698.59,41.76,35,35.63,65.35,61.75,42.28,150.5,158.02,158.08,93.72,78.94,72.46
1700.01,10.16,17.1,19.24,22.54,20.76,21.21,70.83,80.41,86.02,38.41,32.68,41.95
1701.44,0,0,0,0,0,0,4.81,7.78,11.25,0,0,2.05
1702.86,0,0,0,0,0,0,0,0,0,0,0,0
1704.28,0,0,0,0,0,0,0,0,0,0,0,0
1705.7,0,0,0,0,3.29,0,10.97,9.99,15.83,0,0,0
1707.12,0,2.5,0,14.68,3.29,21.51,33.12,49.17,25.52,0.36,4.8,0
1708.54,0,2.5,0,14.68,17.14,21.51,39.77,60.2,38.74,0.36,4.8,0
1709.96,0,2.5,0,14.68,13.85,21.51,28.8,50.21,22.91,0.36,4.8,0
1711.38,0,0,0,0,13.85,0,6.65,11.03,13.22,0,0,0
1712.79,0,0,0,0,0,0,0,0,0,0,0,0
1714.21,0,0,0,0,0,0,0,0,0,0,0,0
1715.62,0,0,0,0,0,0,0,0,0,0,0,0
1717.04,0,0,0,0,0,0,0,0,0,0,0,0
1718.45,0,0,0,0,0,0,0,0,0,0,0,0
1719.86,0,0,0,0,0,0,0,0,1.63,0,0,0
1721.27,0,0,0,0,0,0,0,0,1.63,0,0,0
1722.68,0,0,0,0,0,0,0,0,1.63,0,0,0
1724.08,0,0,0,0,0,0,0,0,0,0,0,0
1725.49,0,0,0,0,0,0,0,0,0,0,0,0
1726.9,0,0,0,0,0,0,0,0,0,0,0,0
1728.3,0,0,0,0,0,0,0,0,0,0,0,0
1729.71,0,0,0,0,0,0,0,0,0,0,0,0
1731.11,0,0,0,0,0,0,0,0,0,0,0,0
1732.51,0,0,0,0,0,0,0,0,0,0,0,0
1733.91,0,0,0,0,0,0,0,0,0,0,0,0
1735.31,0,0,0,0,0,0,0,0,0,0,0,0
1736.71,0,0,0,0,0,0,0,0,0,0,0,0
1738.11,0,0,0,0,0,0,0,0,0,0,0,0
1739.51,0,0,0,0,0,0,0,0,0,0,0,0
1740.9,0,0,0,0,0,0,0,0,0,0,0,0
1742.3,0,0,0,0,0,0,0,0,0,0,0,0
1743.69,0,0,0,0,0,0,0,0,0,0,0,0
1745.08,0,0,0,0,0,0,0,0,0,0,0,0
1746.48,0,0,0,0,0,0,0,0,0,0,0,0
1747.87,0,0,0,0,0,0,0,0,0,0,0,0
1749.26,0,0,0,0,0,0,0,0,0,0,0,0
1750.65,6.11,6.68,0.89,8.89,5.24,12.79,11.56,18.58,14.66,4.59,0,0
1752.03,6.67,7.78,0.89,36.03,24.79,33.9,55.27,48.98,48.81,27.92,32.33,12.85
1753.42,6.67,9.51,0.89,36.03,24.79,33.9,55.27,54.4,51.66,27.92,32.33,12.85
1754.81,0.55,2.82,0,27.14,19.54,21.11,43.7,35.82,37,23.33,32.33,12.85
1756.19,0,1.73,0,0,0,0,0,5.42,2.85,0,0,0
1757.58,0,0,0,0,0,0,0,0,0,0,0,0
1758.96,0,0,0,0,0,0,0,0,0,0,0,0
1760.34,4.17,0,0,0,0,10.33,2.5,4.25,9.37,0,0,0
1761.72,4.17,0,6.74,3.54,3.92,10.61,34.08,26.59,36.52,26.32,15.81,16.49
1763.1,4.46,0,18.18,16.29,15.76,21.15,82.75,73.36,65.44,62.29,60.25,38.92
1764.48,0.29,0,18.18,16.29,20.84,22.29,110.67,96.64,88.74,79.23,80.63,47.27
1765.86,0.29,0,11.44,12.75,16.92,22.02,94.68,74.3,61.59,52.91,64.82,33.15
1767.24,0,0,0,0,5.08,11.47,46.01,27.52,32.67,16.94,20.38,10.72
1768.61,0,0,0,0,0,0,15.59,0,0,0,0,2.37
1769.99,0,0,0,0,0,0,0,0,0,0,0,0
1771.36,0,0,0,0,0,0,0,0,0,0,0,0
1772.73,0,0,0,0,0,0,0,0,0,0,0,0
1774.1,0.22,0,0,0,0,0,0,12.62,0,0,0,0
1775.48,16.67,1.24,7.98,0,0,2.27,20.03,49.84,12.09,17.2,9.11,22.54
1776.85,16.67,1.24,7.98,0,0,2.27,24.2,49.84,12.09,17.2,19.18,22.54
1778.21,44.23,11.43,16.22,0.23,6.13,18.95,39.94,56.16,18.59,45.79,31.98,39.72
1779.58,27.78,10.19,8.25,0.23,6.13,16.69,19.91,18.95,6.5,28.59,22.87,17.17
1780.95,27.78,10.19,8.25,0.23,6.13,16.69,15.74,18.95,6.5,28.59,12.79,17.17
1782.32,0,0,0,0,0,0,0,0,0,0,0,0
1783.68,0,0,0,0,0,0,0,0,0,0,0,0
1785.04,0,0,0,0,0,0,0,0,0,0,0,0
1786.41,0,0,0,0,0,0,0,0,0,0,0,0
1787.77,0,0,0,0,0,0,0,0,0,0,0,0
1789.13,0,0,0,0,0,0,0,0,0,0,0,0
1790.49,0,0,0,0,0,0,0,0,0,0,0,0
1791.85,0,0,0,0,0,0,0,0,0,0,0,0
1793.21,0,0,0,0,0,0,0,0,0,0,0,0
1794.57,0,0,0,0,0,0,0,0,0,0,0,0
1795.92,14,7.43,0,17.82,0,0,15.62,16.61,15.24,24.86,5.1,17.81
1797.28,33.04,21.21,14.07,39.83,19.82,8.92,49.64,55.63,46.56,68.54,27.66,59.38
1798.63,49.87,35.1,22.24,66.81,48.31,14.2,97.83,92.16,78.06,102.13,64.12,104.82
1799.98,35.87,27.66,23.84,48.99,54.79,21.49,127.55,111.58,96.5,98.1,91.69,113.31
1801.34,21.15,14.2,16.7,45.76,51.35,41.09,141.27,106.32,102.59,95.71,103.24,107.11
1802.69,17.19,12.84,9.98,45.29,53.66,57.11,131.08,121.5,111.78,114.07,112.86,97.65
1804.04,20.51,12.84,8.38,51.75,62.97,61.13,115.55,126.33,105.29,139.39,105.12,125.49
1805.39,16.2,12.52,1.46,32.97,52.14,32.61,78.57,95.7,81.01,98.9,83.57,113.86
1806.73,3.32,0,0,6.46,21.34,11.3,40.57,44,40.32,54.61,40.21,77.88
1808.08,0,0,0,0,5.55,0,10.75,3.13,13.13,8.45,15.28,23.74
1809.43,0,0,0,0,0,0,0,0,0,7.65,2.72,0
1810.77,0,0,0,0,0,0,0,0,0,0,0,0
1812.12,0,0,0,0,0,0,0,0,0,0,0,0
1813.46,0,0,0,0,0,0,0,0,0,0,0,0
1814.8,0,0,0,0,0,0,0,0,0,0,0,0
1816.14,0,0,0,0,0,0,0,0,0,0,0,0
1817.48,0,0,0,0,0,0,0,0,0,0,0,0
1818.82,0,0,0,0,0,0,0,0,0,0,0,0
1820.16,0,0,0,0,0,0,0,0,0,0,0,0
1821.5,0,0,0,0,0,0,0,0,0,0,0,0
1822.83,0,0,0,0,0,0,0,0,0,0,0,8.64
1824.17,0,0,0,0,0,0,0,0,0,0,2.22,8.64
1825.5,0,0,9.84,8.05,6.64,0,6.85,10.7,19.75,19.45,29.13,28.62
1826.83,0,0.37,9.84,15.65,12.52,0,12.13,20.85,26.29,35.93,48.06,52.28
1828.17,0,0.37,9.84,15.65,12.52,0,12.13,20.9,26.29,35.93,45.84,54
1829.5,0,0.37,0,7.6,5.89,0,5.28,10.19,6.54,16.48,18.93,34.03
1830.83,0,0,0,0,0,0,0,0.04,0,0,0,1.72
1832.16,0,0,0,0,0,0,0,0,0,0,0,0
1833.49,0,0,0,0,0,0,0,0,0,0,0,0
1834.81,0,0,0,0,0,0,0,0,0,0,0,0
1836.14,0,0,0,0,0,0,0,0,0,0,0,0
1837.46,0,0,0,0,0,0,0,0,0,0,0,0
1838.79,0,0,0,0,0,0,0,0,0,0,0,0
1840.11,0,0,0,0,0,0,0,0,0,0,0,0
1841.43,0,0,0,0,0,0,0,0,0,0,0,0
1842.75,0,0,0,0,0,0,0,0,0,0,0,0
1844.07,5.34,0,0,8.08,0,0,0,0,0,0,11.71,4.31
1845.39,14.42,6.68,0.39,18.11,6.43,0.02,2.06,15.06,13.8,23.83,26.44,9.26
1846.71,14.42,6.68,0.39,18.11,6.43,0.02,2.06,15.06,13.8,23.83,26.44,9.26
1848.03,9.08,6.68,0.39,10.03,6.43,0.02,2.06,15.06,13.8,23.83,14.72,4.95
1849.34,9.47,0,0,0,0,0,0,0,0,0,0,0
1850.66,9.47,0,0,0,0,0,0,0,0,0,0,0
1851.97,22.15,14.18,10.53,5.06,23.28,22.93,20.07,6.45,17.85,28.47,33.3,24.34
1853.29,37.73,40.38,33.06,46.05,52.2,51.5,72.67,54.11,57.9,80.25,107.56,88.6
1854.6,60.82,49.59,44.94,69.31,84.73,61.37,117.81,93.32,94.5,138.66,159.44,136.44
1855.91,75.82,63.19,64.86,109.66,93.5,77.83,153.97,143.18,130.69,181.76,182.18,184.73
1857.22,50.77,36.99,48.42,68.66,65.59,53.96,122.8,114.71,108.54,168.18,137.89,145.33
1858.53,49.74,40.9,61.31,69,68.67,61.74,109.96,95.57,109.73,153.57,143.25,143.24
1859.84,22.06,13.12,30.87,32.54,36.62,35.74,53.73,39.26,56.48,108.49,93.14,88.01
1861.15,22.06,13.12,24.77,32.54,35.62,36.62,32.3,20.07,38.57,70.3,63.17,63.15
1862.45,0,0,0,8.95,0,18.97,0,0,0.78,34.62,5.93,17.4
1863.76,11.44,15.41,20.37,27.93,26.07,26.39,24.13,25.6,30.64,49.92,37.86,46.21
1865.06,26.54,26.47,29.04,41.1,59.08,42.24,50.13,56.76,68.5,85.95,84.95,90.6
1866.36,70.09,50.95,53.79,90.3,106.46,80.74,92.12,115.25,122.36,165.19,168.03,184.61
1867.67,95.52,79.99,70.48,113.15,134.39,120.36,146.2,182.02,170.45,222.64,246.78,227.9
1868.97,125.61,105.01,99.15,158.66,160.64,165.64,204.95,239.8,227.89,301.06,322.52,298.17
1870.27,125.02,117.02,116.14,184.49,168.88,182.92,240.7,271.92,269.99,325.8,358.56,331.75
1871.57,127.41,104.02,130.78,200.99,182.79,184.19,252.8,262.71,289.44,369.84,367.25,355.64
1872.87,120.01,99.23,132.3,193.7,174.24,170.68,250.45,250.07,276.78,346.09,333.47,340.73
1874.16,91.61,94.75,104.81,149.08,156.03,143.49,219.11,210.09,226.46,304.98,272.34,286.8
1875.46,52.34,71.16,63.53,103.68,109.69,104.52,183.67,170.68,166.03,227.07,203.08,216.07
1876.75,43.35,79.77,49.46,87.16,98.24,92.1,150.12,142.5,127.83,191.69,200.35,199.53
1878.05,54.35,70.38,61.71,97.97,90.12,106.68,154.25,146.66,119.3,194.96,221.27,202.65
1879.34,79.74,91.3,90.28,116.77,114,131.92,157.71,156.5,142.79,207.21,248.83,249.07
1880.63,75.71,84.55,104.84,130.24,108.87,129.15,151.19,161,151.28,252.43,247.38,249.81
1881.93,75.34,84.11,98.06,112.37,115.06,120.38,148.34,146.52,158.44,249.64,233.24,250.85
1883.22,49.95,66,78.59,98.5,85.92,94.94,127.5,118.38,123.94,221.82,190.08,218.88
1884.51,25.45,37.76,53,50.15,65.67,67.05,92.89,65.76,77.68,148.21,140.45,164.11
1885.79,24.26,32.52,37.74,48.83,50.74,33.15,54.96,48.2,53.76,112.9,106.14,120.98
1887.08,38.29,21.85,18.22,26.4,37.37,18.81,17.48,22.75,27.02,79.14,72.37,90.73
1888.37,59.75,33.25,24.6,47.1,42.44,18.91,29.9,40.91,43.78,80.46,68.69,95.56
1889.65,70.98,41.08,55.07,65.21,60.61,53.45,66.77,72.82,71.67,117.21,115.77,124.48
1890.94,84.64,64.64,86.12,108.1,102.23,81.09,123.55,136.31,135.06,190.05,184.94,174.83
1892.22,113.5,102.11,112.24,141.88,145.4,136.96,181.45,197.91,190.3,277.1,250.31,237.72
1893.5,110.59,97.8,109.24,139.21,141.46,145.71,194.91,198.75,196.44,292.01,248.56,254.81
1894.78,126.99,114.14,120.56,136.88,141.84,166.46,199.73,207.59,202.93,289.58,272.46,267.21
1896.06,102.93,99.02,112.76,116.76,126.78,143.76,191.11,187.68,182.64,264.01,259.89,251.81
1897.34,87.09,104.45,109.17,109.53,137.61,141.95,187.72,182,172.93,241.65,246.53,255.96
1898.62,85.02,99.65,104.35,124.08,139.54,129.91,191.13,175.11,159.68,234.37,221.6,243.52
1899.9,90.82,83.72,105.07,125.19,131.7,119.76,174.44,157.12,154.66,209.98,213.54,243.96
1901.18,97.73,86.9,118.56,127.73,108.63,109.39,156.54,147.92,160.76,224.34,224.24,229.16
1902.45,63.51,52.62,81.59,81.17,75.78,74.23,102.21,111.3,124.1,183.57,195.15,200.9
1903.72,45.73,42.44,60.06,66.05,59.71,59.19,79.34,96.13,97.56,171.89,171.82,169.06
1905,46.04,27.69,37.3,47.71,69.08,52.26,77.26,94.09,72.82,159.65,147.92,156.65
1906.27,51.9,61.16,60.75,71.59,77.67,68.55,95.75,100.29,90.32,159.27,162.23,169.78
1907.54,40.53,58.39,55.3,60.58,72.71,66.28,87.37,104.29,81.6,168.99,154.63,150.34
1908.81,33.6,52.73,48.28,66.36,57.19,50.79,74.46,85.08,80.02,153.14,157.79,140.66
1910.08,36.77,40.83,47.7,57.24,63.45,56.74,65.67,82.33,77.23,162.39,152.39,126.07
1911.35,44.59,43.59,42.78,64.12,65.37,62.36,69.89,57.93,95.45,138.61,139.97,138.8
1912.62,28.29,45.9,33.73,55.56,64.52,55.2,60.36,53.43,81.92,124.38,104.43,120.4
1913.88,37.2,49.41,20.9,49.23,54.56,47.93,72.07,50.18,85.95,130.36,96.42,113.54
1915.15,41.89,58.03,25.83,55.67,67.37,53.44,83.91,75.73,73.79,150.43,111.19,115.44
1916.41,73.11,70.2,48.31,61.01,72.74,78.84,104.32,98.85,106.86,166.37,141.16,136.56
1917.68,79.11,64.8,56.9,60.12,85.56,84.01,108.19,111.76,98.39,168.74,147.23,135.76
1918.94,63.77,46.73,50.14,38.91,64.38,62.86,70.75,79.93,87.28,145.44,135.62,109.96
1920.2,32.1,31.98,32.7,23.03,43.53,46.04,38.67,52.88,43.85,100.12,104.33,61.8
1921.46,10.96,22.1,20.15,11.04,21.57,26.77,4.16,14.42,28.33,80,81.58,51.85
1922.72,34.14,46.56,35.58,46.05,42.61,56.51,41.67,55.41,55.84,97.88,86.82,88.56
1923.98,61.63,58.34,47.67,76.4,77.99,62.58,72.2,92.32,90.02,150.07,132.72,139.58
1925.24,102.35,81.33,83.31,104.98,110.26,91.21,135.31,127.47,130.12,185.48,174.5,178.48
1926.49,92.62,76.53,80.17,84.45,102.42,83.4,127.66,121.2,115.13,192.09,188.82,165.92
1927.75,99.87,69.73,88.35,74.25,92.25,84.92,129.37,113.95,110.49,184.02,169.12,174.02
1929,69.01,57.8,58.74,55.28,74.97,81.33,95.66,115.95,103.43,150.5,147.31,154.32
1930.26,55.2,49.65,54.23,39.35,59.48,64.86,87.08,106.08,103.5,132.07,134.93,163.39
1931.51,55.44,79.15,64.72,71.83,76.65,93.39,108.52,116.24,133.93,154.97,170.54,173.45
1932.76,50.44,71.76,72.64,68.77,78.6,95.37,112.1,104.53,127.5,187.96,169.25,193.61
1934.01,78.6,90.47,88.67,107.57,105.67,131.13,144.48,125.29,166.19,214.06,204.4,208.19
1935.26,70.7,65.84,70.36,77.29,88.41,109.9,122.22,121.08,152.92,204.81,196.54,212.44
1936.51,84.46,88.2,78.7,97.68,96.15,103.66,121.65,130.89,162.33,191.55,198.67,204
1937.76,57.99,71.67,60.81,85.52,75.34,62.55,93.55,94.17,122.88,161.06,160.57,169.67
1939,33.4,64.68,40.32,77.93,56.09,57.65,72.37,69.04,89.01,120.78,128.01,119.21
1940.25,26.8,50.35,35.97,58,51.51,48.1,60.54,51.93,59.49,122.82,114.78,95.75
1941.49,56.75,56.24,48.18,64.64,61.82,75.11,82.97,85.73,88.23,152.41,138.43,123.82
1942.74,80.36,77.45,83.86,96.62,96.47,100.45,132.09,134.56,138.32,204.98,188.41,186.22
1943.98,107.08,97.77,110.49,141.71,141.24,151.58,201.67,206.87,209.22,271.66,274.15,270.73
1945.22,113.67,123.3,132.34,159.04,172.24,174.93,244.85,251.43,252.04,322.22,337.11,346.44
1946.46,151.04,142.6,148.29,181.81,202.35,211.74,293.49,281.46,294.32,369.22,374.18,374.59
1947.7,159.84,156.68,144.68,192.7,200.58,209.99,301.28,299.29,299.41,375.65,389.35,388.18
1948.94,175.86,145.96,147.96,208.16,201.04,218.14,309.65,311.71,300.42,361.29,380.07,369.64
1950.18,158.1,134.47,130.11,206.18,179.06,197.52,282.94,286.39,293.02,340.82,375,353.99
1951.41,138.44,133.41,120.37,180.65,153.86,181.02,250.7,242.87,273.42,314.45,329.71,308.43
1952.65,117.78,131.68,104.62,150.8,137.67,149.52,208.82,208.38,230.18,282.07,287.41,254.54
1953.88,85.66,102.17,106.76,108.17,102.71,96.58,158.2,169.14,157.86,216.91,212,199.19
1955.12,56.87,54.64,80.55,79.22,76.09,62.65,115.95,125.61,106.57,155.07,155.58,146.17
1956.35,46.63,43.34,77.9,77.17,59.36,52.29,94.61,95.66,81.53,120.78,125.05,106.7
1957.58,33.04,32.61,41.97,52.57,45.59,46.71,61.33,63.19,58.97,98.93,86.95,69.67
1958.81,23.35,24.45,30.3,35.59,24.55,26.24,36.43,38.49,32.65,54.85,50.23,32.84
1960.04,0,0.35,0,1.44,0,3.6,0,3.24,3.48,17.69,5.4,7.99
1961.27,0,0.35,0,0,0,0,0,0,0,0,0,0
1962.5,0,7.74,12.21,0,0,0,0,0,0,0,0,0
1963.72,23.27,21.29,24.59,11.91,10.94,10.42,14.5,13.42,12.16,11.31,10.18,21.29
1964.95,25.51,21.29,24.6,11.91,10.94,10.42,14.5,13.42,12.16,11.31,10.18,21.29
1966.17,29.63,13.9,12.39,11.91,10.94,10.42,14.5,13.42,12.16,11.31,10.18,21.29
1967.4,6.36,0.44,0,0,0,0,0,0,0,0,0,0
1968.62,4.11,0.44,0,0,0,0,0,0,0,0,0,0
1969.84,0,0.44,0,0,0,0,0,0,0,0,0,0
1971.06,0,5.4,0,0,0,0,0,0,0,0,0,0
1972.28,19.98,13.2,4.9,0,0,0,0,1.94,2.11,0,6.15,3.56
1973.5,20.49,24.49,10.64,0,12.64,0,0,3.14,3.45,14.64,12.62,3.56
1974.72,29.74,32.78,25.09,11,19.94,2.85,10.6,12.52,8.92,32.45,12.62,3.56
1975.94,14.2,36.17,22.13,11,19.94,8.48,17.15,17.24,6.81,32.45,21.16,0
1977.15,13.69,28.89,16.4,11,7.3,8.48,17.15,16.04,5.47,17.82,14.69,0
1978.37,12.7,23.83,10.32,8.48,8.4,9.95,10.78,23.73,0,6.45,23.14,12
1979.58,38.92,20.98,21.13,19.97,18.81,16.64,7.34,28.02,15.9,14.4,13.46,19.11
1980.79,46.44,28.8,35.04,26.26,27.67,21.44,15.09,47.32,33.77,15.31,13.46,28.1
1982,50.22,20.18,26.66,25.88,22.59,17.12,21.29,39.91,40.29,8.86,5,16.1
1983.22,34.21,34.43,21.9,16.07,19.07,14.96,19.08,45.44,26.69,1.49,0,10.86
1984.43,27.42,32.58,7.99,9.78,12.12,10.17,11.32,26.14,8.82,0.58,0,1.87
1985.63,15.39,32.58,10.18,1.68,8.8,10.17,0.89,16.48,2.3,0.58,0,1.87
1986.84,0.73,9.98,2.19,0,1.91,0,0,0,0,0,0,0
1988.05,0,0,2.19,0,0,0,0,0,0,0,0,0
1989.25,0,0,0,0,0,0,0,0,0,0,0,0
1990.46,2.28,6.42,14.78,2.19,0,14.3,13.18,6.23,2.8,0,0,0
1991.66,2.28,6.42,15.49,2.19,0,14.3,13.18,6.23,2.8,0,0,0
1992.87,2.28,7.47,23.56,2.19,0,14.3,13.18,6.23,2.8,0,0,0
1994.07,0,1.05,8.78,0,0,0,0,0,0,0,0,0
1995.27,0,1.05,8.07,0,0,0,0,0,0,0,0,0
1996.47,0,0,0,0,0,0,0,0,0,0,0,0
1997.67,0,0,0,0,0,0,0,0,0,0,0,0
1998.86,0,0,0,0.86,0,2.9,0,0,0,0,0,0
2000.06,0,0,0,0.86,0,2.9,0,0,0,0,0,0
2001.26,0.62,0,0,0.86,0,2.9,0,0,0,0,0,0
2002.45,0.62,0,0,0,0,0,0,0,0,0,0,0
2003.65,0.62,0,0,0,0,0,0,0,0,0,0,0
2004.84,0,0,0,0,0,0,0,0,0,0,0,0
2006.03,0,0,0,0,0,0,0,0,0,0,0,0
2007.22,0,0,0,0,0,0,0,0,0,0,0,0
2008.41,0,0,0,0,0,0,0,0,0,0,0,0
