wavenumber,PS_PMMA-50ppm-3,PS_PMMA-50ppm-2,PS_PMMA-50ppm-1,PS_PMMA-100ppm-1,PS_PMMA-100ppm-2,PS_PMMA-100ppm-3,PS_PMMA-200ppm-1,PS_PMMA-200ppm-2,PS_PMMA-200ppm-3
498.72,0,0,0,0,0,0,0,0,0
500.83,0,0,0,0,0,0,0,0,0
502.93,0,0,0,0,0,0,0,0,0
505.04,0,0,0,0,0,0,0,0,0
507.15,0,0,0,0,0,0,0,0,0
509.25,0,0,0,0,0,0,0,0,0
511.36,0,0,0,0,0,0,0,0,0
513.46,0,0,0,0,0,0,0,0,0
515.56,0,0,0,0,0,0,0,0,0
517.66,0,0,0,0,0,0,0,0,0
519.77,0,0,0,0,0,0,0,0,0
521.86,0,0,0,0,0,0,0,0,0
523.96,0,0,0,0,0,0,0,0,0
526.06,0,0,0,0,0,0,0,0,0
528.16,0,0,0,0,0,0,0,0,0
530.25,0,0,0,0,0,0,0,0,0
532.35,0,0,0,0,0,0,0,0,0
534.44,0,0,0,0,0,0,0,0,0
536.53,0,0,0,0,0,0,0,0,0
538.62,0,0,0,0,0,0,0,0,0
540.71,0,0,0,0,0,0,0,0,0
542.8,0,0,0,0,0,0,0,0,0
544.89,43.72,24.13,8.14,0,9.21,16.92,0,0,0
546.98,117.01,99.22,65.97,67.15,78.83,103.3,0,0,0
549.06,204.09,198.5,151.72,142.57,183.43,181.37,0,40.99,18.37
551.15,240.91,271.15,228.24,260.6,298.5,286.56,24.78,70.36,54.97
553.23,228.73,254.14,250.75,278.56,334.63,295.82,24.78,70.36,54.97
555.32,176.77,177.01,181.48,231.46,265.04,269.35,24.78,29.37,36.59
557.4,108.58,97.32,117.3,132.53,140.76,155.37,0,0,0
559.48,47.47,42.84,41.34,48.55,35.01,59.74,0,0,0
561.56,25.27,20.7,42.15,20.23,11.69,8.14,0,0,0
563.64,23.74,56.32,49.95,34.12,33.6,36.3,0,0,0
565.72,50.44,70.71,68.19,63.84,59.74,51.54,0,0,0
567.8,37.52,70.71,50.9,63.84,48.05,51.54,0,0,0
569.87,26.71,41.65,22.62,30.84,26.14,15.24,0,0,0
571.95,0,23.65,0,0,0,0,0,0,0
574.02,0,23.65,0,0,0,0,0,0,0
576.09,0,0,0,0,0,0,0,0,0
578.17,0,0,0,0,0,0,0,0,0
580.24,0,0,0,0,0,0,0,0,0
582.31,0,0,0,0,0,0,0,0,0
584.38,0,0,0,0,0,0,0,0,0
586.45,0,0,0,0,0,0,0,0,0
588.51,0,0,0,0,0,0,0,0,0
590.58,0,0,0,0,0,0,0,0,0
592.64,0,0,0,0,0,0,0,0,0
594.71,0,0,0,0,0,0,0,0,0
596.77,28.83,16.85,17.21,60.22,43.94,15.39,0,0,0
598.83,38.49,55.24,51.02,113.74,87.57,67.16,0,8.35,10.19
600.89,75.44,82.63,61.19,161.36,162.01,124.42,0,8.35,16.13
602.95,59.71,96.04,78.73,156.4,186.21,170.33,0,8.35,16.13
605.01,51.31,57.64,44.93,123.46,154.74,118.9,0,0,5.94
607.07,38.34,62.8,67.87,111.29,147.71,125.92,0,7.85,0
609.13,84.68,106.95,112.14,144.78,166.02,172.27,23.29,52.47,86.57
611.18,171.9,183.76,204.94,233.83,306.89,322.18,100.6,147.49,188.58
613.24,286.33,271.65,291.95,364.11,408.3,446.63,250.9,263.33,345.97
615.29,349.86,322.63,323.72,445.82,492.83,523.52,378.95,397.78,437.52
617.35,363.03,366.27,333.13,513.19,503.34,547.74,459.83,447.06,501.53
619.4,333.52,362.22,321.53,496.21,497.52,502.61,433.2,444.83,502.99
621.45,291,327.49,294.58,435.57,428.02,439.47,362.39,359.07,432.9
623.5,215.35,235.63,230.83,270.8,289.06,287.88,228.28,232.67,293.46
625.55,106.46,119.24,122.3,132.01,126.05,149.27,104.61,111.22,134.62
627.6,26.01,28.59,38.47,22.19,24.59,29.64,24.09,17.9,26.58
629.64,0,23.23,9.21,23.93,11.14,31.22,0,1.11,8.31
631.69,0,28.7,56.37,33.98,51.05,64.45,0,1.29,35.96
633.73,55.93,55.74,102.46,74.04,109.72,119.99,19.42,38.58,101.3
635.78,95.93,55,117.14,113.39,167.88,148.17,74.2,77.45,171.25
637.82,175.34,138.13,157.04,216.27,225.25,228.23,204.37,192.65,289.83
639.86,208.55,206.79,191.46,298.35,302.48,291.47,331.87,295.15,367.36
641.9,269.64,284.33,260.09,373.96,372.24,369.92,404.01,399.97,460.17
643.94,264.71,277.17,245.37,364.88,379.64,342.01,382.57,413.54,455.69
645.98,207.09,223.67,186.96,291.77,275.02,275.06,310.88,316.51,375.93
648.02,106,123.65,94.42,162.84,135.95,143.98,183.95,171.71,204.85
650.06,31.52,42.2,22.1,49.03,31.27,53.63,75.23,42.77,63.1
652.09,0,0,0,0,0,0,0,0,0
654.13,0,0,0,0,0,0,0,0,0
656.16,0,0,0,0,0,0,0,0,0
658.2,0,0,0,0,0,0,0,0,0
660.23,0,0,0,0,0,0,0,0,0
662.26,0,0,0,0,0,0,0,0,18.68
664.29,0,8.67,0,21.1,27.83,0,24.2,19.36,63.65
666.32,46.1,46.8,34.65,66.41,100.24,55.48,101.83,99.47,154.15
668.34,50.51,55.95,50.68,98.8,115.46,65.42,162.79,142.89,180.37
670.37,50.51,47.28,50.68,77.7,87.64,65.42,138.59,123.53,135.39
672.4,4.41,9.15,16.02,32.39,15.22,9.95,60.96,43.42,44.9
674.42,0,0,0,0,0,0,0,21.27,6.64
676.45,0,0,16.11,0.89,0,7.69,40.96,45.97,49.77
678.47,6.53,0,16.11,0.89,13.68,8.44,63.58,52.33,93.62
680.49,6.53,0,16.11,0.89,13.68,8.44,63.58,31.06,86.97
682.51,8.49,0,0,0,13.68,0.75,49.14,23.9,70.95
684.53,46.29,34,42.41,57.48,66.11,46.86,121.79,111.5,143.68
686.55,85.98,96.39,83.91,130.35,128.65,123.16,238.83,212.21,280.68
688.57,101.07,99.17,88.82,149.58,162.96,173.56,269.78,277.45,363.66
690.58,77.14,108.34,58.39,120.68,118.91,154.85,268.05,277.99,328.59
692.6,37.45,45.94,16.89,59.07,60.14,94.75,214.62,228.17,267.48
694.61,20.4,43.16,11.98,39.83,25.84,44.36,161.93,145.4,179.43
696.63,0,0,0,11.25,3.78,16.21,83.22,55.63,131.32
698.64,36.4,47.95,20.87,25.81,20.86,30.63,117.02,78.04,158.71
700.65,84.67,96.15,87.66,109.76,107.26,122.14,272.89,210.89,320.83
702.66,142.37,146.45,150.26,226.74,191.75,207.41,414.16,341.77,440.32
704.67,145.3,152.14,152.02,229.47,221.34,232.34,415.16,376.72,473.86
706.68,134.99,124.59,102.87,205.25,162.31,176.66,377.89,334.05,395.77
708.69,109.55,111.57,72.25,170.86,133.12,134.82,348.79,312.55,360.5
710.69,104.87,62.31,49.63,202.86,127.32,108.36,354.4,292.77,336.93
712.7,66.9,41.67,31.98,143.13,104.79,93.51,311.95,247.6,327.29
714.7,34.65,4.38,0,60.53,49.5,50.09,237.55,178.14,279.01
716.71,8.24,3.39,0,13.69,4.85,20.99,199.97,150.83,242.54
718.71,8.24,3.39,0,13.69,0,0,160.1,133.9,213.76
720.71,32.11,6.13,8.56,49.32,20.07,36.56,190.04,210.78,244.78
722.71,82.09,52.53,68.2,131.74,109.7,134.69,274.35,303.7,352.82
724.71,171.21,128.25,153.79,267.22,227.43,248.25,437.47,463.1,502.99
726.71,219.15,193.94,209.55,351.85,322.28,313.78,529.96,528.85,601.18
728.71,200.41,195.62,194.95,324.09,308.4,301.59,532.69,500.19,561.94
730.7,154.87,158.82,134.22,288.16,230.68,238.23,491.89,450.33,471.82
732.7,87.2,105.23,88.36,212.39,143.79,176.69,416.55,332.94,406.49
734.69,68.95,70.74,59.93,173.33,111.29,139.21,375.57,302.9,372.49
736.69,31.69,41.22,46.81,133.21,91.39,119.33,314.16,271.76,347.06
738.68,40.07,54.68,50.34,110.36,72.76,126.06,304.32,285.86,319.19
740.67,39.33,63.68,58.4,102.34,86.63,121.95,297.6,303.42,333.76
742.66,49.79,69.22,78.01,110.47,129.66,150.67,325,284.1,364.78
744.65,52.45,64.3,73.14,139.09,179.84,148.89,358.52,325.56,362.57
746.64,63.32,60.24,69.15,165.88,200.52,171.93,405.48,357.14,361.13
748.63,103.06,101.39,87.36,199.82,229.37,213.8,463.23,454.17,416.13
750.61,147.56,126.97,134.34,276.14,286.92,267.72,563.64,522.87,530.13
752.6,197.26,195.75,189.18,373.95,364.64,334.47,660.17,608.01,655.56
754.58,218.84,244.06,205.89,394.59,420.85,345.04,692.13,659.92,708.42
756.57,237.95,266.92,231.48,419.05,458.21,398.78,701.2,700.28,728.04
758.55,229.83,236.2,219.83,401.22,449.3,370.9,690.59,664.29,712.99
760.53,250.13,228.58,255.6,419.1,451.09,420.73,714.64,691.96,731.25
762.51,240.3,244.49,256.24,441.15,419.05,406.39,736.13,725.07,771.6
764.49,258.35,285.61,279.43,473.35,408.5,469.21,742.71,792.28,761.05
766.47,262.61,260.94,272.48,481.37,414.1,439.52,731.05,775.91,755.58
768.45,279.84,240.25,274.86,447.99,438.98,459.77,731.27,739.42,689.65
770.42,288.51,210.65,280.99,421.99,443.9,417.74,751.47,698.92,716.04
772.4,262.71,229.26,263,416.15,443.65,445.54,768.09,659.51,719.17
774.37,258.24,270.19,281.32,447.91,470.67,435.6,758.92,704.63,777.5
776.34,251.75,255.1,263.63,441.27,475.63,475.94,771.61,728.95,784.69
778.32,275.46,245.88,257.15,452.13,440.08,451.43,755.05,755.37,791.63
780.29,301.27,246.76,243.76,457.36,401.58,472.31,758.14,740.76,795.55
782.26,313.96,286.18,265.57,504.08,439.56,499.02,755.64,743.23,816.54
784.23,325.08,310.03,301.82,548.84,493.27,511.11,816.79,795.68,841.84
786.2,336.95,313.98,292.17,578.99,521.02,527.58,846.9,814.44,843.77
788.16,350.15,330.91,304.16,607.74,537.37,533.99,860.87,855.72,869.55
790.13,356.23,328.05,306.7,610.64,569.55,586.56,864.92,864.75,869.42
792.09,356.17,317.06,334.78,591.37,583.23,577.63,883.38,869.2,880.69
794.06,329.55,308.17,334.96,550.15,543.62,558.41,868.48,863.61,864.26
796.02,291.81,281.83,317.68,523.08,502.83,527.69,838.65,835.1,838.91
797.98,242.5,253.91,260.83,482.73,444.1,499.35,760.12,793.23,802.85
799.94,238.39,249.87,255.52,488.86,462.19,504.5,763.33,772.09,782.53
801.9,248.05,264.6,238.65,510.05,492.66,530.04,762.5,774.93,771.18
803.86,297.82,318.42,300.21,624.95,625.19,618.63,891.64,849.72,839.45
805.82,324.56,334.9,296.42,736.79,690.32,689.17,941.95,928.04,913.24
807.78,350.08,353.14,346.06,824.67,763.16,780.08,1003.9,991.32,1004.99
809.73,340.69,352.48,347.81,865.6,775.72,817.72,977.14,994.89,991.36
811.69,348.63,337.82,376.54,843.47,799.23,817.29,931.22,937.31,961.25
813.64,355.11,328.02,333.82,779.17,749.22,743.03,863.04,869.14,876.21
815.6,312.47,295.78,305.3,659.36,685.38,660.27,790.26,787.37,842.24
817.55,286.37,280.07,273,587.71,595.04,586.33,776.55,724.67,795.33
819.5,252.82,257.58,277.58,533.55,556.52,549.23,766.57,700.71,801.16
821.45,274.93,241.41,272.15,505,510.28,526.07,766.78,695.92,779.18
823.4,220.91,216.46,216.93,434.28,434.87,440.74,680.71,690.88,708.92
825.35,180.33,163.6,184.15,366.94,346.18,361.13,603.27,637.46,655.96
827.29,140.74,139.4,147.02,315.54,317.76,296.14,528.67,604.55,588.51
829.24,158.7,133.09,158.77,306.31,282.17,287.3,530.13,563.04,584.79
831.18,167.65,174.76,161.52,336.34,325.2,334.08,579.44,574.38,589.58
833.13,176.81,174.98,193.48,338.55,295.05,352.03,594.81,573.45,603.11
835.07,173.3,158.86,191.09,343.36,349.52,359.59,591.36,592.7,614.15
837.01,185.56,171.17,199.48,354.88,357.71,357.54,613.19,604.57,607.81
838.95,173.59,184.92,160.3,351.47,351.95,335.54,614.98,601.4,594.1
840.89,173.94,207.33,164.79,329.66,333.14,334.82,623.61,584.73,585.9
842.83,135.96,151.73,125.59,287.13,290.93,278.72,553.42,557.58,580.87
844.77,124.63,122.46,128.06,262.21,286.68,274.23,538.4,512.28,572.69
846.71,123.3,117.18,118.19,292.9,292.37,281.03,525.88,508.82,543.03
848.64,170.29,159.23,167.98,312.53,313.67,309.1,536.55,529.53,536.54
850.58,194.06,192.05,176.55,342.89,322.7,341.23,561.49,558.2,582.67
852.51,175.6,177.31,181.88,339.63,311.12,322.09,558.06,571.16,583.77
854.44,139.02,152.12,146.77,298.22,280.04,293.46,548.69,515.19,562.59
856.37,105.89,122.7,117.76,279.19,288.02,245.88,506.28,494.17,496.71
858.31,99.41,121.61,111.74,266.78,269.62,257.93,495.37,465.67,505.68
860.24,118.71,125.96,123.51,267.09,271.61,264.03,474.42,458.78,490.93
862.16,130.12,132.42,141.37,275.79,255.67,274.53,484.75,481.86,503.48
864.09,156.3,158.32,144.68,277.89,275.45,279.43,504.38,492.56,487.32
866.02,157.59,149.32,133.43,285.38,264.29,279.73,486.62,505.21,508.12
867.94,154.76,147.88,127.07,285.05,264.31,271.2,475.93,458.26,479.33
869.87,143.6,126.77,92.03,245.66,233.28,252.96,439.08,428.17,435.71
871.79,106.99,108.21,61.89,214.11,215.75,239.56,415.96,398.8,384.51
873.71,98.04,94.31,36.4,174.52,165.18,204.11,374.69,357.62,358.15
875.64,56.99,49.69,33.47,146.1,123.12,151.84,312.82,279.18,322.53
877.56,44.59,50.01,54.21,126.96,85.68,121.87,288.13,234.58,289.76
879.48,21.09,16.35,41.94,76.67,84.76,85.73,245.84,194.72,250.73
881.4,15.71,16.35,31.69,46.56,60.67,61.45,195.95,186.6,215.45
883.31,2.94,0,0,17.84,34.56,16.01,141.02,110.11,124.46
885.23,0,0,0,10.87,0,5.08,89.38,83.91,88.77
887.14,0,0,1.06,2.59,0,3.45,82.47,83.45,92.82
889.06,0,0,1.06,1.07,0,15.66,55.42,100.84,121.4
890.97,0,8.51,16.42,8.94,23.54,33.5,71.33,111.86,166.28
892.89,0,17.86,15.36,14.37,30.77,41.97,72.86,115.85,133.12
894.8,7.15,17.86,24.15,24.29,30.77,29.76,94.24,147.35,167.82
896.71,7.15,9.36,8.78,16.42,25.35,39.82,70.15,174.05,137.04
898.62,31.08,7.35,19.1,28.47,33.11,48.73,115.79,189.82,196.68
900.52,40.91,21.77,37.73,55.38,82.3,59.8,149.51,213.33,202.41
902.43,57.52,42.15,54.81,81.87,97.1,47.09,213.97,233.59,229.88
904.34,75.58,61.26,81.67,120.59,156.2,101.34,240.28,237.04,251.88
906.24,86.99,67.37,97.2,145.93,117.6,148.88,277.45,235.35,257.07
908.15,92.84,80.6,101.85,191.35,168.4,193.17,295.26,249.29,278.24
910.05,93.03,78.5,88.5,191.74,184.51,172.77,292.25,242.43,264.61
911.95,84.33,112.85,88.61,170.53,235.69,178.43,294.88,259.21,281.95
913.86,70.75,108.31,92.82,128.07,204.95,156.85,273.81,255.96,256.6
915.76,67.07,99.67,96.93,129.46,154.73,133.46,245.83,280.12,237.35
917.66,54.83,71.14,59.83,122.6,136.92,75.14,208.15,209.6,189.4
919.55,64.94,67.29,52.39,114.7,117.08,65.47,182,164.94,183.66
921.45,28.16,79.88,52.41,84.22,122.33,58.21,170.82,135.25,158.57
923.35,46.83,75.93,83.55,90.15,103.32,69.7,170.95,164.54,169.79
925.24,44.62,66.43,68.8,98.16,96.4,56.61,150.39,173.15,156.33
927.14,42.9,48.93,51.39,83.47,75.78,32.59,103.02,116.96,140.41
929.03,23.49,34.56,41.11,78.87,71.57,16.22,57.31,120.74,95.81
930.92,30.74,28.85,37.35,49.3,59.68,1.1,46.79,68.4,48.42
932.81,30.97,18.04,44.85,48.43,35.08,14.35,76.59,63.4,41.01
934.7,37.91,50.02,41.59,27.08,43.13,60.57,65.14,72.46,63.71
936.59,33.31,67.12,54.6,43.42,34.93,95.29,95.35,68.85,102.73
938.48,35.71,67.12,37.8,48.8,44.84,82.03,81.76,75.09,91.63
940.37,22.79,36.9,16.34,50.82,35.93,64.3,84.71,32.89,49.82
942.25,6.33,14.14,14,34.48,29.8,65.66,52.31,43.69,3.63
944.14,10.54,14.14,18.34,17.16,50.29,65.66,25.69,51.02,0
946.02,22.1,18.07,33.69,13.23,60.43,36.07,31.05,42.58,0
947.91,20.44,21.45,23.17,49.84,60.43,5.49,14.66,26.11,0
949.79,50.02,45.32,37.88,81.27,42.2,28.65,22.21,42.09,42.28
951.67,74.28,69.61,60.93,98.61,39.62,68.83,32.2,29.56,43.63
953.55,99.21,89.59,93.99,97.6,39.62,105.08,32.2,29.56,43.63
955.43,69.49,78.9,101.07,101.23,27.45,97.98,42.3,0,1.35
957.31,67.68,78.45,89.71,107.74,25.71,87.43,27.5,7.81,0
959.18,44.65,56.8,89.48,99.35,73.34,99.63,27.5,19.98,24.72
961.06,67.3,59.49,104.6,89.94,116.89,143.83,31.59,55.15,24.72
962.94,53.97,43.52,98.73,71.85,119.55,140.34,21.73,75.34,24.72
964.81,92.54,47.79,86.76,57.64,91.75,87.74,21.73,63.17,0
966.68,63.18,31.92,44.26,38.41,48.2,27.47,0,28.01,0
968.55,41.78,10.32,21.01,19.42,19.83,1.34,0,0,0
970.43,0,0,0,6.43,0,0,0,0,0
972.3,0,0,0,0,0,0,0,0,0
974.16,7.65,6.58,0,0,0,0,0,0,0
976.03,11.6,22.46,22.76,8.69,9.04,0,0,0,0
977.9,60.41,55.22,53.43,16.8,25.3,32.23,0,15.08,0
979.77,94.44,95.95,84.68,63.67,82.79,70.41,17.87,32.15,27.35
981.63,151.48,135.03,118.52,123.38,128.92,121.34,28.39,87.29,34.69
983.49,165.66,159.23,140.49,168.19,172.82,154.11,48.87,109.39,54.33
985.36,188.96,166.9,175.25,225.44,224.16,200.65,122.74,169.5,58.56
987.22,178.73,203.37,215.81,240.8,235.94,267.3,146.63,189.97,110.16
989.08,182.96,230.29,221.5,257.61,260.83,265.73,197.2,217.13,148.45
990.94,206.32,273.02,243.99,264.85,264.83,253.27,223.13,262.31,218.43
992.8,259.81,311.54,247.27,344.88,361.95,292.26,356.09,351.19,332.45
994.66,341.66,425.08,364.57,516.9,553.06,457.25,546.62,546.65,530.4
996.51,519.08,599.86,539.45,756.49,782.73,740.46,859.97,852.58,849.15
998.37,767.74,830.89,801.91,1093.96,1092.63,1058.23,1299.11,1286.99,1267.06
1000.22,990.42,1013.26,996.71,1395.1,1365.19,1341.01,1714.52,1712.98,1641.89
1002.08,1049.57,1058.77,1048.32,1498.69,1470.54,1443.9,1869.28,1835.01,1823.1
1003.93,907.96,887.86,896.84,1267.18,1276.45,1258.69,1620.53,1590.19,1589.46
1005.78,648.6,615.86,614.93,849.56,868.25,848.04,1114.58,1074.52,1084.97
1007.63,332.14,330.76,318.6,399.84,427.95,405.62,535.79,531.66,483.44
1009.48,120.84,140.7,107.18,130.09,148.09,116.49,178.03,177.59,126.22
1011.33,8.46,32.9,18.65,4.82,7.55,15.96,6.98,7.47,0
1013.18,0,0,0,0,0,0,0,0,0
1015.03,0,0,0,0,0,0,0,0,0
1016.87,0,0,0,0,0,0,0,0,0
1018.72,0,0,0,0,0,0,0,0,0
1020.56,0,0,0,0,0,0,0,0,0
1022.4,0,0,0,0,0,0,0,0,0
1024.24,0,0,0,0,0,0,0,0,0
1026.08,0,0,0,0,0,0,0,0,0
1027.92,0,0,0,0,0,0,0,0,0
1029.76,0,0,0,0,0,0,0,0,0
1031.6,0,0,0,0,0,0,0,0,0
1033.44,0,0,0,0,0,0,0,0,0
1035.27,0,0,0,0,0,0,0,0,0
1037.11,0,0,0,0,0,0,0,0,0
1038.94,0,0,0,0,0,0,0,0,0
1040.77,0,0,0,0,0,0,0,0,0
1042.6,0,0,0,0,0,0,0,0,0
1044.43,0,0,0,0,0,0,0,0,0
1046.26,0,0,0,0,0,0,0,0,0
1048.09,0,0,0,0,0,0,0,0,0
1049.92,0,0,0,0,0,0,0,0,0
1051.75,0,0,0,0,0,0,0,0,0
1053.57,0,0,0,0,0,0,0,0,0
1055.4,0,0,0,0,0,0,0,0,0
1057.22,0,0,0,0,0,0,0,0,0
1059.04,0,0,0,0,0,0,0,0,0
1060.86,0,0,0,0,0,0,0,0,0
1062.68,0,0,0,0,0,0,0,0,0
1064.5,0,0,0,0,0,0,0,0,0
1066.32,0,0,0,0,0,0,0,0,0
1068.14,0,0,0,0,0,0,0,0,0
1069.96,0,0,0,0,0,0,0,0,0
1071.77,0,0,0,0,0,0,0,0,0
1073.59,0,0,0,0,0,0,0,0,0
1075.4,0,0,0,0,0,0,0,0,0
1077.21,0,0,0,0,0,0,0,0,0
1079.02,0,0,0,0,0,0,0,0,0
1080.83,0,0,0,0,0,0,0,0,0
1082.64,0,0,0,0,0,0,0,0,0
1084.45,0,0,0,0,0,0,0,0,0
1086.26,0,0,0,0,0,0,0,0,0
1088.06,0,0,0,0,0,0,0,0,0
1089.87,0,0,0,0,0,0,0,0,0
1091.67,0,0,0,0,0,0,0,0,0
1093.48,0,0,0,0,0,0,0,0,0
1095.28,0,0,0,0,0,0,0,0,0
1097.08,0,0,0,0,0,0,0,0,0
1098.88,0,0,0,0,0,0,0,0,0
1100.68,0,0,0,0,0,0,0,0,0
1102.48,0,0,0,0,0,0,0,0,0
1104.27,0,0,0,0,0,0,0,0,0
1106.07,0,0,0,0,0,0,0,0,0
1107.86,0,0,0,0,0,0,0,0,0
1109.66,0,0,0,0,0,0,0,0,0
1111.45,0,0,0,0,0,0,0,0,0
1113.24,0,0,0,0,0,0,0,0,0
1115.03,0,0,0,0,0,0,0,0,0
1116.82,0,0,0,0,0,0,0,0,0
1118.61,0,0,0,0,0,0,0,0,0
1120.4,0,0,0,0,0,0,0,0,0
1122.19,0,0,0,0,0,0,0,0,0
1123.97,0,0,0,0,0,0,0,0,0
1125.76,0,0,0,0,0,0,0,0,0
1127.54,0,0,0,0,0,0,0,0,0
1129.33,0,0,0,0,0,0,0,0,0
1131.11,0,0,0,0,0,0,0,0,0
1132.89,0,0,0,0,0,0,0,0,0
1134.67,0,0,0,0,0,0,0,0,0
1136.45,0,0,0,0,0,0,0,0,0
1138.23,0,0,0,0,0,0,0,0,0
1140,0,0,0,0,0,0,0,0,0
1141.78,0,0,0,0,0,0,0,0,0
1143.55,0,0,0,0,0,0,0,0,0
1145.33,0,0,0,0,0,0,0,0,0
1147.1,0,0,0,0,0,0,0,0,0
1148.87,0,0,0,0,0,0,0,0,0
1150.64,0,0,0,0,0,0,0,0,0
1152.41,0,0,0,0,0,0,0,0,0
1154.18,0,0,0,0,0,0,0,0,0
1155.95,0,0,0,0,0,0,0,0,0
1157.72,0,0,0,0,0,0,0,0,0
1159.48,0,0,0,0,0,0,0,0,0
1161.25,0,0,0,0,0,0,0,0,0
1163.01,0,0,0,0,0,0,0,0,0
1164.77,0,0,0,0,0,0,0,0,0
1166.54,0,0,0,0,0,0,0,0,0
1168.3,0,0,0,0,0,0,0,0,0
1170.06,0,0,0,0,0,0,0,0,0
1171.81,0,0,0,0,0,0,0,0,0
1173.57,0,0,0,0,0,0,0,0,0
1175.33,0,0,0,0,0,0,0,0,0
1177.08,0,0,14.46,0,0,0.7,0,0,0
1178.84,9.13,11.31,14.46,0,4.19,0.7,0,0,0
1180.59,18.07,16.1,17.68,9.55,42.81,26.8,0,0,0
1182.34,25.51,24.38,3.22,14.11,46.21,37.38,0,0,0
1184.1,16.38,13.07,3.22,14.11,42.02,37.38,0,0,0
1185.85,7.44,8.28,0,4.56,3.4,11.28,0,0,0
1187.6,0,0,0,0,0,0,0,0,0
1189.35,0,0,0,0,0,0,0,0,0
1191.09,0,0,0,0,0,0,0,0,0
1192.84,0,0,0,0,0,0,0,0,0
1194.59,0,0,0,0,0,0,0,0,0
1196.33,0,0,0,0,0,0,0,0,0
1198.07,0,0,0,0,0,0,0,0,0
1199.82,0,0,0,0,0,0,0,0,0
1201.56,2.54,0,0,0,0,0,0,0,0
1203.3,2.54,0,0,0,0,0,0,0,0
1205.04,2.54,0,0,0,0,0,0,0,0
1206.78,0,0,0,0,0,0,0,0,0
1208.51,0,0,0,0,0,0,0,0,0
1210.25,0,0,0,0,0,0,0,0,0
1211.98,0,0,0,0,0,0,0,0,0
1213.72,0,0,0,0,0,0,0,0,0
1215.45,0,0,0,0,0,0,0,0,0
1217.19,0,0,0,0,0,0,0,0,0
1218.92,0,0,0,0,0,0,0,0,0
1220.65,0,0,0,0,0,0,0,0,0
1222.38,0,0,0,0,0,0,0,0,0
1224.1,0,0,0,0,0,0,0,0,0
1225.83,0,0,0,0,0,0,0,0,0
1227.56,0,0,0,0,0,0,0,0,0
1229.28,0,0,0,0,0,0,0,0,0
1231.01,0,0,0,0,0,0,0,0,0
1232.73,0,0,0,0,0,0,0,0,0
1234.45,0,0,0,0,0,0,0,0,0
1236.18,0,0,0,0,0,0,0,0,0
1237.9,0,0,0,0,0,0,0,0,0
1239.61,0,0,0,0,0,0,0,0,0
1241.33,0,0,0,0,0,0,0,0,0
1243.05,0,0,0,0,0,0,0,0,0
1244.77,0,0,0,0,0,0,0,0,0
1246.48,0,0,0,0,0,0,0,0,0
1248.2,0,0,0,0,7.28,0,0,0,0
1249.91,0,0,0,0,10.92,45.45,0,2.91,0
1251.62,11.95,0,0,24.99,40.5,81.23,0,2.91,0
1253.33,40.45,1.54,0,42.34,41.57,81.23,0,2.91,0
1255.04,40.45,1.54,0,61.2,48.85,40.66,0,45.15,0
1256.75,28.5,11.88,1.97,58.39,29.57,28.19,0,45.15,18.24
1258.46,3.46,10.34,5.43,45.24,32.95,39.96,0,45.15,33.18
1260.17,20.76,43.66,29.05,60.99,55.21,48.04,1.75,12.54,43.21
1261.87,24.92,51.83,56.23,64.84,89.92,50.88,14.11,40.76,32.14
1263.58,49.38,95.42,79.35,106.69,121.63,63.72,53.02,65.27,42.13
1265.28,41.23,88.26,86.19,98.99,131.77,77,96.9,82.71,50.28
1266.99,60.13,82.14,82.76,97.41,112.7,83.39,120.61,106.64,56.6
1268.69,47.76,75.09,82.04,126.6,123.06,88.89,138.5,141.08,31.67
1270.39,52,80.64,77.6,137.12,100.76,97.04,104.45,111.11,47.55
1272.09,47.07,85.69,86.32,163.87,79.34,89.76,73.68,126.22,35.38
1273.79,48.09,65.35,69.32,141.95,36.26,84.8,42.64,86.73,44.69
1275.49,50.05,65.96,44.6,121.04,47.17,67.84,81.34,126.77,30.64
1277.18,33.07,58.96,10.16,79.58,75.87,42.58,101.21,59.5,48.43
1278.88,16.5,50.23,1.3,36.78,65.16,34.4,75.45,42.64,48.28
1280.57,1.15,19.79,0,30.33,33.21,16.97,25.18,6.51,28.27
1282.27,0.67,16.95,0,27.87,0,27.85,15.25,36.13,13.92
1283.96,18.33,9.47,0,47.76,1.77,12.33,30.09,74.14,5.64
1285.65,28,15.19,18.24,63.98,40.11,44.05,97.25,109.88,56.35
1287.34,27.33,7.59,19.27,56.99,47.5,50.31,95.98,118.8,94.98
1289.03,9.67,7.59,20.67,59.11,57.42,70.34,102.57,119.24,116.13
1290.72,12.91,0,5.21,51.68,42.46,65.49,98.34,132.86,117.46
1292.41,36.02,17.33,38.48,79.04,87.61,95.75,140.29,175,150.97
1294.1,53.34,31.19,40.25,117.96,163.33,127.57,178.88,226.43,191.11
1295.78,86.31,42.27,65.52,172.78,179.27,153.61,210.77,259.83,224.88
1297.47,83.89,42.5,65.73,220.6,166.54,174.98,258.41,303.64,261.72
1299.15,104.2,49.11,87.32,244.21,130.93,170.81,322.23,329.63,338.75
1300.84,73.67,71.56,88.42,224.71,170.88,187.19,326.36,351.93,357.41
1302.52,77.42,107.95,89.47,226.89,208.51,182.9,343.24,362.97,367.49
1304.2,72.34,138.18,118.34,220.3,238.69,222.18,350.42,356.64,331.2
1305.88,97.65,139.46,137.27,263.17,265.32,233.57,392.13,372.85,372.09
1307.56,125.02,118.8,156.92,243.48,250.74,233.41,400.7,383.91,352.85
1309.24,109.78,116.2,142.96,239.59,278.6,233.36,444.14,410.5,379.8
1310.91,99.03,120.43,142.17,208.59,265.03,237.54,447.22,434.39,377.05
1312.59,104.9,107.27,132.65,221.94,293.8,266.05,457.05,406.37,420.39
1314.26,113.05,87.39,142.08,219.96,271.58,279.58,428.64,431.43,468.81
1315.94,148.37,101.34,138.01,237.55,271.91,278.66,405.2,411.81,472.53
1317.61,110.3,135.58,135.55,244.14,256.92,280.41,414.86,430.6,453.68
1319.28,127.07,157.65,129.59,233.31,262.83,263.39,396.16,384.04,397.13
1320.95,113.67,161.88,131.46,217.71,249.97,280.93,390.45,366.79,372.56
1322.62,139.99,149.84,114.72,221.56,241.22,279.93,372.27,400.73,372.52
1324.29,138.26,149.08,123.92,250.76,217.15,297.59,377.85,434.44,376.24
1325.96,124.14,141.26,145.07,271.64,226.42,281.59,362.53,447.24,409.71
1327.63,116.97,140.39,166.83,263.86,221.04,257.27,355.97,406.46,400.94
1329.29,105.18,136.24,129.98,260.2,249.1,246.4,380.28,397.89,430.7
1330.96,119.79,125.48,107.85,279,241.62,254.31,414.47,400.85,413.67
1332.62,118.57,121.89,98.88,288.7,280.7,293.45,479.97,389.14,439.29
1334.28,132.95,122.58,141.2,297.75,311.46,280.93,484.25,418.85,471.99
1335.95,135.73,139.32,133.57,268.59,301.01,291.87,511.06,468.1,484.91
1337.61,164.68,156.9,136.1,250.33,282.79,270.03,486.87,506,482.47
1339.27,155.24,135.76,103.58,224.09,233.57,268.2,490.11,504.33,435.46
1340.92,128.96,132.12,102.56,274.74,284.59,263.6,483,491.32,448.1
1342.58,110.86,127.64,108.37,324.97,298.18,243.89,494.22,520.63,464.06
1344.24,121.92,150.34,143.35,347.76,318.32,265.09,516.1,512.26,486.34
1345.9,146.82,156.53,146.82,299.45,309.04,277.51,559.98,519.21,506.28
1347.55,118.66,145,133.91,284.16,311.43,311.94,541.95,484.6,504.64
1349.2,117.67,137.31,105.17,288.11,290.39,290.93,490.25,459.64,497.66
1350.86,113.29,121.23,117.36,301.74,252.36,262.94,463,435.12,454.45
1352.51,125.86,118.76,103.17,285.38,246.34,261.95,463.18,429.04,483
1354.16,126.82,126.01,101.37,256.48,261.44,278.41,483.24,432.84,485.76
1355.81,117.83,126.99,80.62,259.37,268.99,285,466.86,431.85,478.74
1357.46,127.23,143.69,83.59,267.05,294,282.37,470.7,418.08,473.92
1359.1,107.25,121.67,91.51,270.75,259.69,281.08,491.31,443.41,447.88
1360.75,111.88,122.59,93.7,286.46,262.72,278.8,513.7,467.18,495.94
1362.4,115.23,106.9,101.95,282.63,223.88,276.3,489.97,469.17,485.55
1364.04,131.52,116.49,96.47,256.48,239.71,281.82,478.03,449.93,563.93
1365.69,144.76,86.69,111.94,243.68,225.89,279.35,449.52,427.8,563.41
1367.33,145.95,71.5,127.02,276.23,255.74,266.21,503.13,473.77,579.33
1368.97,131.97,71.48,148.26,337.68,303.5,273.31,519.07,499.75,533.24
1370.61,116.38,112.85,142.89,337.26,327.04,299.53,570.24,530.61,522.71
1372.25,119.51,138.61,130.57,319.96,309.7,330.53,594.63,557.36,565.05
1373.89,136.81,157.2,121.43,294.57,319.6,313.77,633.35,559.44,651.06
1375.53,138.05,148.06,118.55,315.86,310.52,294.68,612.86,589.62,694.18
1377.16,159.91,159.88,145.29,316.5,338.77,281.27,619.81,612.92,684.73
1378.8,150.37,147.63,118.97,319.49,303.7,260.54,563.54,603.67,632.73
1380.43,139.34,147.89,114.14,279.71,304.2,252.03,555.61,605.75,612.39
1382.07,113.92,120.09,79.93,268.61,251.38,231.87,541.13,575.93,576.5
1383.7,93.66,97.46,91.22,257.76,221.46,239.94,559.99,585.79,540.93
1385.33,122.35,115.1,103.44,312.58,228.22,261.68,620.3,579.09,525.47
1386.96,111.98,137.35,121.95,338.09,262.32,300.77,622.05,550.84,554.45
1388.59,136.45,183.11,151.62,359.49,289.99,345.75,664.15,544.93,597.1
1390.22,124.74,180.03,130.78,348.47,279.89,339.64,632.58,580.01,649.09
1391.85,126.87,174.44,134.11,348.69,271.36,331.08,620.02,599.1,631.4
1393.47,144.39,166.58,153.83,323.7,286.95,326.32,620.36,638.75,631.6
1395.1,145.86,151.67,160.15,308.06,295.55,320.89,614.82,584.18,618.92
1396.72,160.71,151.14,140.53,292.21,321.6,297.59,590.17,570.83,628.78
1398.35,141.72,141.11,113.74,299.93,273.23,262.18,563.53,550.49,611.32
1399.97,160.46,123.13,116,274.1,266.31,232.56,520.45,524.71,574.74
1401.59,149.81,104.76,125.54,220.3,232.4,225.29,523.82,511.71,519.94
1403.21,178.43,84.01,122.35,219.84,249.5,201.68,442.65,459.49,511.26
1404.83,126.78,86.64,118.88,178.84,242.39,213.53,448.71,465.5,502.13
1406.45,135.95,73.43,116.58,201.07,212.84,215.28,436.11,461.51,550.67
1408.07,123.07,84.5,94.88,212.32,197.64,187.37,512.96,479.97,546.32
1409.68,150.25,99.96,79.9,255.7,210.56,188.91,521.72,494,544.19
1411.3,148.47,109.47,61.64,268.2,254.27,183.57,520.03,513.58,529.62
1412.91,126.87,94.14,66.54,250.94,244.21,220.46,521.36,511.17,489.38
1414.53,126.64,75.2,80.16,242.46,236.94,216.8,553.25,507.66,531.37
1416.14,114.36,79.21,85.39,257.34,208.68,209.82,610.93,493.26,533.81
1417.75,126.03,81.82,91.89,277.23,227.09,211.84,580.39,486.65,551.36
1419.36,123.97,99.71,77,286.13,231.85,201.54,563.98,481.48,517.35
1420.97,127.4,112.09,90.61,294.27,234.84,176.8,514.24,481.32,484.02
1422.58,134.22,131.53,90.6,296.53,258.61,220.85,542.4,514.39,531.24
1424.19,135.32,127.57,134.52,306.13,258.07,235.24,565.35,520.92,540.24
1425.79,128.02,128.89,133.06,292.09,273.2,273.96,572.43,549.22,567.35
1427.4,121.56,159.04,136.42,289.27,295.55,266.92,566.51,565.87,564.13
1429,111.7,168.13,122.73,285.47,315.92,284.55,527.04,562.96,591.69
1430.61,145.79,160.49,154.3,308.35,343.3,324.85,567.04,576.18,608.04
1432.21,154.14,139.79,150.15,316.91,325.02,330.49,586.48,588.17,616.16
1433.81,175.33,143.26,163.49,351.03,334.63,352.69,637.94,612.84,606.95
1435.41,160.57,163.78,155.89,363.95,326.03,351.34,607.96,580.41,596.96
1437.01,163.08,164.9,187.22,367.87,369.11,360,646.43,568.09,596.09
1438.61,162.09,165.52,193.71,371.03,358.08,385.88,661.59,579.12,600.89
1440.2,162.71,180.08,204.48,408.86,373.06,347.77,694.86,637.26,630.46
1441.8,180.15,203.8,208.07,430.6,383.27,388.22,712.14,645.4,652.7
1443.4,202.64,222.24,226.38,458.46,443.92,393.12,702.66,652.11,676.17
1444.99,211.3,215.5,219.51,480.21,485.48,453.58,698.52,689.49,705.97
1446.58,209.34,209.82,213.36,551.09,502.82,487.49,657.28,749.43,703
1448.18,217.21,198.3,212.04,555.86,508.72,487.96,664.04,790.38,708.36
1449.77,248.02,214.05,216.32,540.65,530.29,529.76,694.26,737.11,705.83
1451.36,243.43,206.74,225.2,505.11,528.54,522.9,723.27,717.62,723.08
1452.95,252.78,248.03,226.02,526.91,556.45,545.71,759.07,712.91,734.77
1454.53,215.07,218.93,215.45,504.06,533.04,498.19,777.98,713.99,719.24
1456.12,219.52,237.32,211.03,486.76,512.19,468.23,730.57,674.41,723.72
1457.71,179.69,198.43,181.99,451.59,473.12,446.72,684.39,638.05,706.41
1459.29,200.8,204.47,192.9,420.76,456.06,438.2,665.33,651.81,716.22
1460.88,209.51,168.79,185.07,436.94,467,438.69,703.72,665.68,686.13
1462.46,214.82,188.04,199.17,413.45,458.28,424.85,712.23,698.34,709.83
1464.04,209.18,208.68,199.66,456.09,457.67,448.12,671.97,688.22,707.41
1465.62,211.48,224.91,211.75,417.06,451.06,437.72,669.16,700.55,742.1
1467.21,226.05,206.42,213.44,420.38,436.46,441.99,652.14,637.66,713.56
1468.78,230.44,176.76,205.29,432.59,424.42,399.82,654.45,646.1,698.02
1470.36,209.67,182.58,197.29,416.02,410.26,381.87,631.44,606.55,647.15
1471.94,185.82,176.34,207.24,416.8,392.78,365.58,615.88,609.44,631.06
1473.52,166.69,174.82,212.89,384.35,362.74,365.41,603.55,555.23,573.18
1475.09,126.5,139.56,186.14,385.25,313.7,344.23,517.33,534.46,519.74
1476.67,125.02,131.69,169.11,367.93,278.44,316.5,537.01,507.24,455.86
1478.24,103.37,126.3,145.9,321.5,292.4,294.99,499.02,498.03,466.63
1479.81,112.31,139.85,160.62,286.74,329.7,268.81,548.48,495.6,494.52
1481.38,99.42,153.56,150.17,250.87,328.88,264.18,484.28,503.16,489.39
1482.95,135.01,151.42,159.2,276.23,310.96,269.1,496.42,497.39,495.27
1484.52,149.99,136.33,146.28,293.7,267.47,286.14,474.45,466.18,452.36
1486.09,179.12,121.4,151.18,328.73,284.88,288.05,513.15,456.96,505.11
1487.66,154.19,96.06,136.02,301.09,269.61,289.97,522.29,456.85,488.29
1489.22,146.41,108.22,99,271.68,267.57,291.77,511.77,468.74,499.14
1490.79,131.9,100.98,76.59,215.6,227.52,296.89,452.02,427.41,431.42
1492.35,111.98,119.33,64.44,156.85,206.47,265.68,359.06,357.18,372.47
1493.92,124.67,110.62,80.9,157.11,213.08,213.46,329.54,352.73,347.63
1495.48,123.3,95.18,85.61,180.03,207.69,167.57,312.46,373.38,356.55
1497.04,110.96,115.78,98.37,222.39,207.74,175.12,347.94,428.59,369.02
1498.6,86.78,100.2,100.28,214.97,153.01,178.55,355.08,408.79,361.81
1500.16,53.98,103.99,84.9,163.33,148.38,144.42,363.78,370.54,295.82
1501.72,77.11,72.39,79.46,147.69,133.75,123.28,342.58,314.72,318.25
1503.27,71.28,86.83,63.05,143.83,162.22,93.58,295.27,281.12,298.57
1504.83,86.5,71.64,79.35,184.07,178.8,154.64,274.51,276.4,322.76
1506.38,93.65,102.72,105.58,189.3,192.7,158.03,283.52,296.79,333.04
1507.94,100.39,104.39,126.41,172.87,175.93,206.75,287.31,323.28,337.76
1509.49,116.07,128,144.83,156.43,162.15,186.12,315.54,351.2,333.91
1511.04,128.01,114.54,138.52,152.66,153.03,189.48,299.53,360.22,302.15
1512.6,151.77,127.89,155.36,172.1,186.13,165.39,341.19,359.57,350.71
1514.15,148.01,132.74,124.68,187.09,193.1,183.5,336.5,349.57,387.26
1515.69,129.41,138.06,115.82,183.63,210.62,194.5,352.48,332.22,361.12
1517.24,129.29,150.88,116.78,196.05,193.69,221.7,363.11,336.2,332.29
1518.79,136,139.51,139.22,216.35,203.3,217.45,388.06,353.16,316.45
1520.34,144.52,142.95,128.81,229.87,192.45,214.41,390,352.44,325.59
1521.88,156.41,139.44,154.44,227.82,205.04,213.13,350.82,339.6,355.6
1523.42,139.56,153.19,123.66,184.76,205.95,218.83,293.74,306.18,351.03
1524.97,139.53,143.09,125.7,172.25,193.06,194.08,292.65,302.08,346.77
1526.51,116.43,141.58,125.33,151.07,171.5,189.98,291.99,283.07,298.6
1528.05,131.48,152.56,145.11,171.42,171.15,181.75,314.97,281.72,292.08
1529.59,137.68,175.35,153.71,150.32,189,214.39,328.62,283.34,289.87
1531.13,169.48,177.74,146.9,167.22,204.17,205.36,338.35,275.05,301.4
1532.67,172.31,170.5,159.46,175.54,205.78,205.74,306.63,249.3,312.14
1534.21,169.84,143.63,153.05,201.29,183.14,199.56,235.44,224.76,301.4
1535.74,135.31,123.01,116.91,162.03,141.16,158.36,219.68,193.63,247.42
1537.28,95.7,73.4,64.71,108.09,67.82,103.47,160.34,152.92,136.12
1538.81,86.68,61.64,70.41,82.14,47.47,67.89,175.76,94.64,105.3
1540.34,64.03,42.58,84.48,76.94,45.54,86.08,112.05,100.22,108.01
1541.88,75.19,82.6,104.02,106.63,76.15,93.8,145.32,130.77,158.09
1543.41,75.39,110.73,113.94,124.07,83.18,115.6,112.45,173.19,202.96
1544.94,87.96,134.56,114.56,150.27,110.31,117.17,140.11,190.14,207.35
1546.47,106.35,144.2,149.32,138.01,112.97,154.93,127.09,229.72,246.71
1547.99,128.55,159.98,148.57,141.29,167.84,175.23,177.37,256.94,264.7
1549.52,181.56,184.25,164.96,165.11,159.57,212.4,242.29,283.8,302.32
1551.05,191.49,177.44,168.27,201.57,195.61,196.2,285.62,284.74,288.02
1552.57,172.12,130,159.95,194.46,159.07,167.09,264.15,264.2,268.57
1554.1,144.35,109.48,163.22,192.99,159.84,176.29,201.43,226.41,260.86
1555.62,139.49,90.55,133.74,166.84,143.26,149.47,122.79,140.02,233.56
1557.14,147.56,110.2,146.51,150,138.65,140.62,101.57,104.72,208
1558.66,129.88,81.12,103.54,111.13,114.69,81.07,85.42,94.15,193.83
1560.18,104.8,80.28,104.83,83.58,98.36,87.17,106.01,86.66,187.08
1561.7,87.52,76.59,74.59,62.89,83.23,75.79,71.24,72.8,150.28
1563.22,75.39,77.05,79.49,31.85,106.29,61.94,67.1,25.23,78.1
1564.74,88.73,68.64,77.54,14.34,69.23,49.95,39.59,29.95,48.54
1566.25,65.43,60.61,65.28,0,42.14,38.04,46.27,14.34,35.5
1567.77,54.06,56.82,63.94,13.64,5.78,43.09,15.57,11.42,31.04
1569.28,19.22,59.62,58.85,13.64,16.06,29.05,15.57,0,19.52
1570.79,13.91,33.09,45.28,13.64,16.06,15.99,0,0,0
1572.31,20.07,37.84,63.81,4.1,10.28,5.74,0,0,0
1573.82,32.88,48.18,82.92,22.48,36.24,34.18,0,13.48,0
1575.33,49.1,71.79,116.13,46.84,57.97,78.68,17.1,39.63,11.88
1576.84,72.24,103.52,109.63,59.1,99.88,86.54,43.09,67.19,19.72
1578.34,92.97,110.5,94.38,48.99,77.98,73.37,43.09,53.71,19.72
1579.85,91.94,96.72,88.05,24.63,56.24,28.86,25.99,27.56,7.84
1581.36,53.48,57.65,62.74,8.28,14.34,15.4,15.78,0,0
1582.86,25.95,31.04,37.58,0,0,0.13,15.78,0,0
1584.37,6.01,26.02,10.7,0,0,0.13,15.78,0,0
1585.87,39.35,15.81,24.25,22.58,8.84,14.32,0,3.82,10.1
1587.37,80.57,35.62,70.17,43.01,19.37,33.91,18.14,9.76,15.87
1588.87,85.16,38.79,78.39,43.01,19.37,33.91,18.14,9.76,15.87
1590.37,70.77,38.32,68.69,20.43,10.53,19.58,18.14,5.94,5.77
1591.87,24.08,10.54,26.68,0,0,0,0,0,0
1593.37,19.49,2.55,25.25,0,0,0,0,0,0
1594.87,7.29,0.22,23.06,0,0,0.46,0,0,0
1596.36,22.67,38.19,46.79,8.14,52.92,6.2,1.11,14.27,2.03
1597.86,77.11,101.19,117.77,72.19,110.91,57.25,39.77,45.92,67.98
1599.35,140.09,164.13,163.76,144.28,199.44,114.63,112.81,120.46,104.69
1600.84,184.76,203.72,215.78,192.17,213.83,184.4,145.07,189.21,150.06
1602.33,184.13,208,200.83,165.47,209.28,194.9,143.48,218.79,131.24
1603.83,154.63,197.09,165.67,153.94,163.25,173.91,109.16,181.62,107.69
1605.32,136.49,166.19,134.54,107.15,124.61,140.31,106.99,107.94,91.94
1606.8,94.25,113.54,82.98,87.98,71.17,89,69.91,46.71,44.8
1608.29,54.02,61.52,60.84,27.42,28.67,52.16,31.19,9.34,31.65
1609.78,11.57,14.63,11.26,18.17,0,10.24,0,0,0
1611.27,0,0,0,0,0,0,0,0,0
1612.75,0,0,0,0,0,0,0,0,0
1614.23,0,0,0,0,0,0,0,0,0
1615.72,0,0,0,0,0,0,0,0,0
1617.2,0,0,0,0,0,0,0,0,0
1618.68,0,0,0,0,0,0,0,0,0
1620.16,0,0,0,0,0,0,0,0,0
1621.64,0,0,0,0,0,0,0,0,0
1623.12,0,0,0,0,0,0,0,0,0
1624.59,0,0,0,0,0,0,0,0,0
1626.07,0,0,0,0,0,0,0,0,0
1627.54,0,0,0,0,0,0,0,0,0
1629.02,0,0,0,0,0,0,0,0,0
1630.49,0,0,0,0,0,0,0,0,0
1631.96,0,0,0,0,0,0,0,0,0
1633.43,0,0,0,0,0,0,0,0,0
1634.9,0,0,0,0,0,0,0,0,0
1636.37,0,0,0,0,0,0,0,0,0
1637.84,0,0,0,0,0,0,0,0,0
1639.31,0,0,0,0,0,0,0,0,0
1640.77,0,0,0,0,0,0,0,0,0
1642.24,0,0,0,0,0,0,0,0,0
1643.7,0,0,0,0,0,0,0,0,0
1645.17,0,0,0,0,0,0,0,0,0
1646.63,0,0,0,0,0,0,0,0,0
1648.09,0,0,0,0,0,0,0,0,0
1649.55,0,0,0,0,0,0,0,0,0
1651.01,0,0,0,0,0,0,0,0,0
1652.46,0,0,0,0,0,0,0,0,0
1653.92,0,0,0,0,0,0,0,0,0
1655.38,0,0,0,0,0,0,0,0,0
1656.83,0,0,0,0,0,0,0,0,0
1658.29,0,0,0,0,0,0,0,0,0
1659.74,0,0,0,0,0,0,0,0,0
1661.19,0,0,0,0,0,0,0,0,0
1662.64,0,0,0,0,0,0,0,0,0
1664.09,0,0,0,0,0,0,0,0,0
1665.54,0,0,0,0,0,0,0,0,0
1666.99,0,0,0,0,0,0,0,0,0
1668.44,0,0,0,0,0,0,0,0,0
1669.88,0,0,0,0,0,0,0,0,0
1671.33,0,0,0,0,0,0,0,0,0
1672.77,0,0,0,0,0,0,0,0,0
1674.21,0,0,0,0,0,0,0,0,0
1675.66,0,0,0,0,0,0,0,0,0
1677.1,0,0,0,0,0,0,0,0,0
1678.54,0,0,0,0,0,0,0,0,0
1679.97,0,0,0,0,0,0,0,0,0
1681.41,0,0,0,0,0,0,0,0,0
1682.85,0,0,0,0,0,0,0,0,0
1684.29,0,0,0,0,0,0,0,0,0
1685.72,0,0,0,0,0,0,0,0,0
1687.15,0,0,0,0,0,0,0,0,0
1688.59,0,0,0,0,0,0,0,0,0
1690.02,0,0,0,0,0,0,0,0,0
1691.45,0,0,0,0,0,0,0,0,0
1692.88,0,0,0,0,0,0,0,0,0
1694.31,0,2.12,0,0,0,0,0,0,0
1695.74,0,2.12,0,0,0,0,0,0,0
1697.16,0,2.12,0,0,0,0,0,0,0
1698.59,0,0,0,0,0,0,0,0,0
1700.01,0,0,0,0,0,0,0,0,0
1701.44,0,0,0,0,0,0,0,0,0
1702.86,0,0,0,0,0,0,0,0,0
1704.28,0,0,0,0,0,0,0,0,0
1705.7,0,0,0,0,0,0,0,0,0
1707.12,0,0,0,0,0,0,0,0,0
1708.54,0,0,0,0,0,0,0,0,0
1709.96,0,0,0,0,0,0,0,0,0
1711.38,0,0,0,0,0,0,0,0,0
1712.79,0,0,0,0,0,0,0,0,0
1714.21,0,0,0,0,0,0,0,0,0
1715.62,0,0,0,0,0,0,0,0,0
1717.04,0,0,0,0,0,0,0,0,0
1718.45,0,0,0,0,0,0,0,0,0
1719.86,0,0,0,0,0,0,0,0,0
1721.27,0,0,0,0,0,0,0,0,0
1722.68,0,0,0,0,0,0,0,0,0
1724.09,0,0,0,0,0,0,0,0,0
1725.49,0,0,0,0,0,0,0,0,0
1726.9,0,0,0,0,0,0,0,0,0
1728.3,0,0,0,0,0,0,0,0,0
1729.71,0,0,0,0,0,0,0,0,0
1731.11,0,0,0,0,0,0,0,0,0
1732.51,0,0,0,0,0,0,0,0,0
1733.91,0,0,0,0,0,0,0,0,0
1735.31,0,0,0,0,0,0,0,0,0
1736.71,0,0,0,0,0,0,0,0,0
1738.11,0,0,0,0,0,0,0,0,0
1739.51,0,0,0,0,0,0,0,0,0
1740.9,0,0,0,0,0,0,0,0,0
1742.3,0,0,0,0,0,0,0,0,0
1743.69,0,0,0,0,0,0,0,0,0
1745.08,0,0,0,0,0,0,0,0,0
1746.48,0,0,0,0,0,0,0,0,0
1747.87,0,0,0,0,0,0,0,0,0
1749.26,0,0,0,0,0,0,0,0,0
1750.65,0,0,0,0,0,0,0,0,0
1752.03,0,0,0,0,0,0,0,0,0
1753.42,0,0,0,0,0,0,0,0,0
1754.81,0,0,0,0,0,0,0,0,0
1756.19,0,0,0,0,0,0,0,0,0
1757.58,0,0,0,0,0,0,0,0,0
1758.96,0,0,0,0,0,0,0,0,0
1760.34,0,0,0,0,0,0,0,0,0
1761.72,0,0,0,0,0,0,0,0,0
1763.1,0,0,0,0,0,0,0,0,0
1764.48,0,0,0,0,0,0,0,0,0
1765.86,9.27,0,0,0,0,0,0,0,0
1767.24,9.27,0,0,0,0,0,0,0,0
1768.61,9.27,0,0,0,0,0,0,0,0
1769.99,0,0,0,0,0,0,0,0,0
1771.36,0,0,0,0,0,0,0,0,0
1772.73,0,0,0,0,0,0,0,0,0
1774.11,0,0,0,0,0,0,0,0,0
1775.48,0,0,0,0,6.48,0,0,0,0
1776.85,0,0,0,0,6.48,0,0,0,0
1778.22,6.79,17.58,0,0,6.48,0,0,0,0
1779.58,6.79,17.58,0,0,0,0,0,0,0
1780.95,6.79,17.58,0,0,0,0,0,0,0
1782.32,0,0,0,0,0,0,0,0,0
1783.68,0,0,0,0,0,0,0,0,0
1785.05,0,0,0,0,0,0,0,0,0
1786.41,0,0,0,0,0,0,0,0,0
1787.77,0,0,0,0,0,0,0,0,0
1789.13,0,0,0,0,0,0,0,0,0
1790.49,0,0,0,0,0,0,0,0,0
1791.85,0,0,0,0,0,0,0,0,0
1793.21,0,0,0,0,0,0,0,0,0
1794.57,0,0,0,0,0,0,1.29,0,0
1795.92,0,0,0,22.1,0,0.5,1.29,0,0
1797.28,4.35,10.72,1.37,40.06,14.93,16.58,28.21,0.8,0
1798.63,21.44,16.82,15.72,64.19,18.18,29.89,41.12,0.8,13.22
1799.98,21.44,16.82,15.72,42.93,27.28,40.78,55.76,18.91,45.53
1801.34,23.88,15.51,15.52,47.94,27.05,24.7,52.65,23.55,45.53
1802.69,16.39,11.6,16.4,55.31,41.87,31.57,48.88,23.55,34.68
1804.04,24.36,12.13,24.91,77.72,46.05,53.15,70.1,24.18,19.82
1805.39,17.58,14.7,23.74,54.75,31.35,55.34,65.31,40.47,37.44
1806.73,7.97,25.01,8.5,23.25,23.61,48.66,64.84,59.25,35.9
1808.08,0,24.48,0,0,10.46,15.69,28.98,40.51,18.45
1809.43,0,12.51,0,0,10.46,13.5,9.95,18.78,0.84
1810.77,0,0,0,0,0.14,0,0,0,0
1812.12,0,0,0,0,0,0,0,0,0
1813.46,0,0,0,0,0,0,0,0,0
1814.8,0,0,0,0,0,0,0,0,0
1816.14,0,0,0,0,0,0,0,0.92,0
1817.48,0,0,0,0,10.74,0,0,0.92,0
1818.82,0,5.73,9.31,10.62,19.75,25.06,31.14,28.86,19.97
1820.16,0,5.73,9.31,10.62,19.75,27.48,37.74,35.13,26.72
1821.5,9.22,10.81,24.17,34.69,11.77,27.48,64.29,66.09,31.77
1822.83,12.84,19.86,30.37,44.71,38.6,17.39,69.71,77.29,47.54
1824.17,21.63,23.44,30.37,69.66,66.24,23.99,107.08,102.78,67.61
1825.5,35.9,31.62,28.03,78.39,88.44,62.26,130.41,111.56,107.31
1826.83,45.12,16.84,20.65,105.68,86.55,71.46,126.58,139.18,100.53
1828.17,38.63,22.94,24.48,111.22,69.89,78.9,124.93,147.31,125.59
1829.5,22.43,9.68,11.95,110.65,75.15,60.92,112.11,141.62,104.49
1830.83,29.51,18.93,20.11,78.99,62.98,47.17,116.12,107.09,84.57
1832.16,27.22,9.26,17.78,54.46,73.59,47.22,92.18,75.96,64.71
1833.49,19.93,9.26,24.35,50.38,48.67,52.4,107.3,75.21,59.92
1834.81,0,0,8.06,34.1,26.91,41.98,104.58,60.29,50.88
1836.14,0,0,6.57,28.15,5.3,25.47,106.01,58.86,37.75
1837.46,0,0,0,0,0,0,62.38,40.04,18.9
1838.79,0,0,0,0,0,0,36.23,35.04,26.27
1840.11,2.32,5.45,0,10.62,0,11.07,59.68,50.3,29.52
1841.43,2.32,6.72,0,27.67,9.88,25.67,65.61,82.38,54.25
1842.75,15.86,27.34,10.15,66.68,47.88,66.99,133.57,117.16,110.02
1844.07,20.35,21.89,35.14,96.53,78.18,95.8,162.68,153.43,139.95
1845.39,39.28,59.25,62.17,147.61,119.77,130.85,230.59,196.84,182.03
1846.71,35.34,43.55,64.32,124.57,113.92,104.46,216.97,202.72,185.26
1848.03,28.53,52.11,39.33,84.1,95.07,80.4,201.94,189.85,178.07
1849.35,13.7,33.2,27.93,61.05,82.89,52.68,185.81,192.23,175.14
1850.66,11.38,34.79,33.37,77.45,82.14,76.07,177.37,209.97,162.25
1851.97,37.13,57.22,61.51,121.72,109.18,129.24,190.95,248.4,195.37
1853.29,79.48,65.15,80.62,157,137.98,192.18,234.21,269.5,232.53
1854.6,90.99,81.58,70.24,198.04,166.23,238.9,273.15,289.96,269.37
1855.91,121.33,98.18,81.36,237.86,207.92,258.06,306.77,335.44,300.9
1857.22,91.18,88.61,57.65,213.44,214.71,212.67,293.72,322.25,288.45
1858.53,103.97,98.66,90.21,208.9,231.04,182.15,316.46,356.19,305.45
1859.84,63.48,85.76,67.17,185.34,210.7,160.3,311.43,332.02,293.37
1861.15,69.93,91.8,78.41,192,183.58,173.66,335.5,333.97,280.07
1862.45,44.11,71.23,45.04,171.3,148.77,167.68,304.8,312.81,252.33
1863.76,59.22,86.27,62.61,190.15,157.17,179.57,318.2,325.76,277.71
1865.06,55.51,86.47,71.34,201.76,168.67,193.24,306.59,330.04,295.76
1866.36,92.51,120.73,100.47,236.35,208.83,230.89,336.2,354.2,342.71
1867.67,100.78,121.6,120.21,246.14,238.52,247.75,374.24,360.13,346.1
1868.97,143.33,156.4,129.55,286.13,286.75,268.15,415.71,396.16,394.59
1870.27,153.6,153.93,144.62,288.43,277.29,287.54,460.38,406.07,405.31
1871.57,187.25,151.83,142.4,286.05,290.82,304.91,467.26,432.52,420.24
1872.87,176.61,137.13,142.9,274.97,271.65,305.93,467.34,422.17,409.71
1874.16,166.25,129.36,135.02,271.76,273.36,273.15,451.17,410.92,390.95
1875.46,125.72,109.42,101.96,259.96,232.15,226.46,417.64,371.97,368.18
1876.75,117.35,114.97,103.73,244.58,221.7,232.2,394.75,386.34,368.39
1878.05,104.24,113.13,99.1,229.73,225.11,235.8,370.6,378.12,371.36
1879.34,109.63,134.44,110.31,235.62,241.93,241.16,368.09,405.54,387.3
1880.63,102.51,117.25,113.01,230.27,256.18,232.6,377.21,403.93,390.89
1881.93,113.11,130.11,114.42,244.88,273.06,240.35,385.84,422.5,386.35
1883.22,122.53,120.45,122.67,258.23,276.02,243.19,389.77,418.37,374.44
1884.51,111.33,119.51,82.29,237.21,239.62,215.33,371.54,387.42,367.06
1885.79,108.51,112.95,70.63,233.5,237.86,203.45,364.49,380.99,378.2
1887.08,79.51,105.55,63.13,192.19,203.5,203.31,359.72,373.52,361.64
1888.37,89,103.3,96.12,222.95,232.56,204.25,383.9,383.33,350.04
1889.65,97.09,103.65,112.71,236.9,222.13,212.71,405.13,410.53,369.84
1890.94,117.89,113.05,130.68,266.47,253.67,231.48,417.87,430.24,394.83
1892.22,150.29,139.05,150.59,297.22,270.06,276.1,427.99,463.01,446.55
1893.5,150.18,127.53,144.32,284.04,270.52,300.46,432.06,437.72,420.89
1894.78,156.11,144.72,147.76,298.15,285.94,309.12,445.61,449.6,440.4
1896.06,144.19,144.07,149.69,279.33,287.1,303.52,450.1,434.41,425.19
1897.34,147.76,161.57,154.44,288.9,302.66,283.32,450.85,457.5,440.94
1898.62,152.03,152.11,152.24,306.42,294.51,265.09,455.75,467.41,451.84
1899.9,141.13,146.47,130.86,301.35,286.42,248.25,445.25,452.91,440.03
1901.18,150.93,147.21,125.19,302.55,279.63,240.38,452.56,449.91,452.04
1902.45,145.44,137.65,104.22,281.7,259.78,243.46,412.68,424.71,416.87
1903.73,141.21,128.35,100.19,256.03,252.78,255.39,393.17,421.22,408.42
1905,123.91,123.65,97.76,247.52,246.62,246.49,391.68,405.77,400.68
1906.27,128.86,115.87,103.92,257.85,261.63,242.11,404.89,393.34,404.98
1907.54,109.53,101.47,99.46,272.45,244.25,226.01,413.56,376.39,398.1
1908.81,102.01,101.55,108.14,264.44,240.94,228.97,418.81,393.69,371.14
1910.08,110.97,114.11,120.65,251.49,244.01,237.32,446.3,403.23,384.44
1911.35,126.07,117.49,122.97,239.59,245.81,218.74,447.03,427.68,386.33
1912.62,121.88,99.57,104,241.62,224.88,211.77,418.21,410.27,376.69
1913.88,91.18,93.13,96.18,224.38,227.68,189.19,403.3,401.42,360.3
1915.15,89.28,105.17,104.17,233.18,227.2,193.67,402.62,415.81,336.82
1916.41,93.2,117.69,110.32,235.03,229.76,204.87,399.83,403.77,367.93
1917.68,108.15,123.58,109.5,245.14,212.94,199.35,400.15,400.19,382.16
1918.94,96.58,109.61,97.83,233.97,209.16,189.22,378.04,379.16,378.64
1920.2,86.26,113.23,107.75,228.62,208.88,177.58,366.92,384.14,367.46
1921.46,74.87,96.78,101.59,208.43,193.42,178.77,351.8,354.79,344.63
1922.72,85.95,113.8,115.25,210.28,219.34,203.35,373.89,341.33,375.7
1923.98,96.29,93.75,114.17,211.94,228.09,207.09,386.64,338.53,362.78
1925.24,103.99,120.39,128.12,233.53,253.1,240.76,390.16,388.51,361.31
1926.49,104.95,112.62,130.33,231.94,242.26,210.93,367.34,392.14,343.85
1927.75,103.94,125.22,129.24,227.94,233.02,211.69,357.27,395.88,348.17
1929,110.4,115.29,111.63,207.31,217.49,185.84,363.41,372.83,344.37
1930.26,110.12,99.61,83.27,182.16,188.11,197.14,357.53,358.76,319.24
1931.51,132.31,124.41,102.72,212.38,192.77,199.48,382.85,363.56,340.66
1932.76,122.97,102.02,94.32,219.63,193.47,191.54,360.69,347.9,348.96
1934.01,138.44,122.76,116.06,231.91,219.54,203.63,397.73,374.78,376.14
1935.26,104.83,92.76,81.06,193.33,217.42,195.2,361.08,355.96,353.64
1936.51,106.13,103.01,96.3,190.9,214.78,215.26,369.39,365.12,333.13
1937.76,75.02,76.84,79.14,185.93,191.95,187.47,319.67,339.25,306.27
1939,83.04,65.81,83.11,179.66,161.81,178.72,304.8,315.24,280.28
1940.25,76.87,53.25,73.23,170.75,147.38,148,274.44,298.75,249.83
1941.49,80.73,73.38,75.71,184.41,150.86,158.87,281.49,293,252.13
1942.74,88.16,92.1,85.77,195.22,191.82,178.22,281.82,299.55,256.4
1943.98,117.74,111.62,112.97,210.37,227.14,209.93,333.33,329.28,306.87
1945.22,131.78,118.27,129.65,216.22,240.49,233.34,339.68,352.19,309.86
1946.46,128.96,117.06,125.79,229.42,243.19,233.79,364.54,371.94,350.38
1947.7,106.6,124.66,114.41,236.3,234.92,216.59,330.89,361.2,340.09
1948.94,98.83,120.16,106.28,233.65,231.78,210.2,323.19,344.41,365.42
1950.18,100.96,115.58,96.73,226.79,200.78,200.61,292.09,318.24,335.72
1951.41,93.12,106.69,82.88,203.84,173.69,190.28,286.38,275.79,328.09
1952.65,95.42,102.6,81.49,194.57,147.95,170.63,271.5,264.5,281.97
1953.88,71.29,91.09,81.69,166.42,148.67,148.79,270.54,233.16,251.14
1955.12,62.62,66.04,66.69,136.95,128.08,135.96,219.08,223.31,217.48
1956.35,52.32,59.69,52.71,112.05,129.73,121.39,209.65,195.17,222.55
1957.58,40.5,50.24,34.31,80.27,110.5,98.61,157.49,175.97,205.23
1958.81,26.9,46.59,38.05,56.83,90.96,64.85,117.13,148.26,177.09
1960.04,19.99,20.63,23.47,21.29,53.98,38.33,72.15,103.25,121.32
1961.27,19.99,10.79,18.04,9.58,25.12,26.83,54.64,66.72,86.73
1962.5,13.67,1.09,1.73,10.06,8.96,16.88,54.27,38.35,61.62
1963.72,24.81,11.19,5.22,20.2,11.35,29.41,50.7,34.45,66.35
1964.95,24.81,11.19,5.22,20.2,18.65,21.98,46.27,28.43,44.89
1966.18,28.21,11.19,12.66,13.35,21.61,21.98,42.97,13.81,32.26
1967.4,4.37,0,14.77,0,10.26,0,16.35,11.22,4.55
1968.62,4.37,0,14.77,0,2.96,0,6.13,11.22,3.79
1969.84,0,0,8.93,0,0,0,0.78,10.83,0
1971.06,0,0,1.88,0,0,0,0,0,0
1972.28,2.15,0,1.88,2.51,0,0,0,0,0
1973.5,2.15,0,0.29,2.51,0,0,0,0,0
1974.72,3.27,0,0,2.51,0,0,0,0,0
1975.94,1.12,0,0,0,0,0,0,0,0
1977.15,1.12,0,0,0,0,0,0,0,0
1978.37,0,0,1.14,0,0,0,0,0,0
1979.58,5.8,0,1.14,0,0,0,0,0,0
1980.79,5.8,0,1.14,0,0,0,0,0,0
1982.01,5.8,0,0,0,0,0,0,0,0
1983.22,0,0,0,0,0,0,0,0,0
1984.43,0,0,0,0,0,0,0,0,0
1985.63,0,0,0,0,0,0,0,0,0
1986.84,0,0,0,0,0,0,0,0,0
1988.05,0,0,0,0,0,0,0,0,0
1989.25,0,0,0,0,0,0,0,0,0
1990.46,0,0,0,0,0,0,0,0,0
1991.66,0,0,0,0,0,0,0,0,0
1992.87,0,0,0,0,0,0,0,0,0
1994.07,0,0,0,0,0,0,0,0,0
1995.27,0,0,0,0,0,0,0,0,0
1996.47,0,0,0,0,0,0,0,0,0
1997.67,0,0,0,0,0,0,0,0,0
1998.86,0,0,0,0,0,0,0,0,0
2000.06,0,0,0,0,0,0,0,0,0
2001.26,0,0,0,0,0,0,0,0,0
2002.45,0,0,0,0,0,0,0,0,0
2003.65,0,0,0,0,0,0,0,0,0
2004.84,0,0,0,0,0,0,0,0,0
2006.03,0,0,0,0,0,0,0,0,0
2007.22,0,0,0,0,0,0,0,0,0
2008.41,0,0,0,0,0,0,0,0,0
