wavenumber,PE 5ppm-1,PE 5ppm-2,PE 5ppm-3,PE 10ppm-1,PE 10ppm-2,PE 10ppm-3,PE 50ppm-1,PE 50ppm-2,PE 50ppm-3,PE 100ppm-1,PE 100ppm-2,PE 100ppm-3,PE 200ppm-1,PE 200ppm-2,PE 200ppm-3
376.82,1449.76,837.68,809.57,918.72,469.2,469.66,247.05,275.66,191.52,502.22,494.07,591.26,288.82,283.5,214.98
378.98,1454.85,890.48,827.15,945.95,475.22,462.38,240.57,240.38,233.07,529.34,521.3,553.64,260.82,242.76,203.44
381.15,1465.41,928.3,854.07,980.86,473.48,463,238.19,229.52,273.71,514.9,541.66,547.79,241.81,236.35,222.58
383.32,1455.8,930.42,903.61,996.38,508.21,482.06,239.22,239.75,287.43,559.9,544.13,525.38,222.41,219.55,217.35
385.48,1441.79,935.29,931.88,999.97,531.51,498.68,233.12,252.18,284.01,528.12,504.17,532.53,203.41,223.16,222.87
387.64,1469.04,921.91,958.21,1007.95,576.07,529.53,244.22,265.13,271.12,569.55,500.1,551.89,214.46,218.49,208.8
389.8,1504.89,961.29,971.28,1047,590.54,566.29,253.85,266.61,256.75,557.53,511.26,563.14,235.23,247.56,224.47
391.96,1519.45,959.19,1008.53,1075.9,613.05,570.06,256.45,247.73,241.68,514.18,530.1,544.72,270.18,253.8,241.68
394.12,1486.93,961.52,1042.84,1091.86,612.81,583.41,252.25,219.71,242.47,500.7,504.49,484.17,276.52,261.11,270.96
396.28,1415.57,914.82,1042.11,1075.11,595.06,583.88,225.47,192.1,228.34,435.66,445.01,427.73,252.48,255.72,263.89
398.44,1374.79,888.21,1028.46,1052.1,579.57,588.27,241.55,187.36,221.74,454.17,421.07,410.17,232.16,230.39,256.56
400.6,1305.05,864.13,937.65,977.94,566.79,565.36,211.93,186.58,193.77,396.67,359.15,400.27,199.02,188.24,201.1
402.75,1240.13,803.37,863.13,930.41,551.16,528.58,204.07,200.88,191.21,367.27,331.33,376.81,192.84,143.39,161.94
404.91,1183.35,740.25,756.25,861.51,524.03,492.95,157.62,192.94,188.73,315.31,307.96,336.11,147.28,121.5,137.1
407.06,1108.71,645.44,661.33,803.9,448.39,443.46,126.26,164.4,178.67,243.11,271.7,290.18,105.67,88.23,125.9
409.21,1026.89,563.95,551.37,702.93,388.92,406.12,83.31,100.28,158.35,187.34,186.22,230.02,71.02,62.6,89.7
411.36,907.54,483.44,458.37,630.58,293.28,340.26,53.78,69.91,120.1,127.34,97.52,151.96,64,47.6,60.12
413.51,821,417.58,420.68,572.87,260.48,298.89,37.66,78.61,97.61,87.11,75.59,120.33,78.93,62.23,74.19
415.66,749.49,350.25,358.51,520.35,189.06,249.56,51.85,99.95,81.41,66.86,96.66,121.69,107.72,65.06,118.09
417.81,684.12,255.92,275.3,426.47,138.83,198.07,49.12,104.04,72.29,52.71,99.51,115.81,113.13,54.84,113.67
419.96,591.45,153.12,173.96,358.78,75.99,140.95,53.7,70.76,43.8,41.72,78.02,72.92,106.4,37.83,63.12
422.11,510.69,67.35,84.36,277.17,35.44,72.44,47.46,47,23.17,19.37,51.74,35.76,67.07,21.19,24.34
424.25,430.85,18.45,32.95,234.64,24.18,42.88,38.09,26.76,6.16,0,30.22,19.71,42.49,12.94,12.98
426.4,378.03,0,0.3,199.64,9.26,12.4,31.69,39.83,13.68,0,16.45,0,32.1,0,10.11
428.54,318.23,0,0,177.84,8.62,10.41,13.88,37.86,10.88,0,0,0,21.8,0,18.5
430.68,269.24,0,0,132.35,0,0,7.94,33.88,10.88,0,0,0,24.9,0,13.51
432.82,238.05,0,0,95.5,0,0,0,14.73,5.18,0,0,0,8.97,0,13.91
434.97,190.89,0,0,56.85,0,0,0,6,5.18,0,0,0,8.97,0,0.41
437.11,128.74,0,0,48.73,0,0,0,6,5.18,0,0,0,1.79,0,0.41
439.24,47.78,0,0,12.66,0,0,0,0,0,0,0,0,0,0,0
441.38,6.46,0,0,12.66,0,0,0,0,0,0,0,0,0,0,0
443.52,0,0,0,0,0,0,0,0,0,0,0,0,0,0,0
445.65,0,0,0,0,0,0,0,0,0,0,0,0,0,0,0
447.79,0,0,0,0,0,0,0,0,0,0,0,0,0,0,0
449.92,0,0,0,0,0,0,0,0,0,0,0,0,0,0,0
452.05,0,0,0,0,0,0,0,0,0,0,0,0,0,0,0
454.19,0,0,0,0,0,0,0,0,0,0,0,0,0,0,0
456.32,0,0,0,0,0,0,0,0,0,0,0,0,0,0,0
458.45,0,0,0,0,0,0,0,0,0,0,0,0,0,0,0
460.57,0,0,0,0,0,0,0,0,0,0,0,0,0,0,0
462.7,0,0,0,0,0,0,0,0,0,0,0,0,0,0,0
464.83,0,0,0,0,0,0,0,0,0,0,0,0,0,0,0
466.95,0,0,0,0,0,0,0,0,0,0,0,0,0,0,0
469.08,0,0,0,0,0,0,0,0,0,0,0,0,0,0,0
471.2,0,0,0,0,0,0,0,0,0,0,0,0,0,0,0
473.32,0,0,0,0,0,0,0,0,0,0,0,0,0,0,0
475.45,0,0,0,0,0,0,0,0,0,0,0,0,0,0,0
477.57,0,0,0,0,0,0,0,0,0,0,0,0,0,0,0
479.69,0,0,0,0,0,0,0,0,0,0,0,0,0,0,0
481.8,0,0,0,0,0,0,0,0,0,0,0,0,0,0,0
483.92,0,0,0,0,0,0,0,0,0,0,0,0,0,0,0
486.04,0,0,0,0,0,0,0,0,0,0,0,0,0,0,0
488.15,0,0,0,0,0,0,0,0,0,0,0,0,0,0,0
490.27,0,0,0,0,0,0,0,0,0,0,0,0,0,0,0
492.38,0,0,0,0,0,0,0,0,0,0,0,0,0,0,0
494.49,0,0,0,0,0,0,0,0,0,0,0,0,0,0,0
496.61,0,0,0,0,0,0,0,0,0,0,0,0,0,0,0
498.72,0,0,0,0,0,0,0,0,0,0,0,0,0,0,0
500.83,0,0,0,0,0,0,0,0,0,0,0,0,0,1.17,0
502.93,0,0,0,0,0,0,0,0,0,0,0,0,0,1.17,0
505.04,0,0,0,0,0,0,0,0,0,0,0,0,0,1.17,0
507.15,0,0,0,0,0,0,0,0,0,0,0,0,0,0,0
509.25,0,0,0,0,0,0,0,0,0,0,0,0,0,0,0
511.36,0,0,0,0,0,0,0,0,0,0,0,0,0,0,0
513.46,0,0,0,0,0,0,0,0,0,0,0,0,0,0,0
515.56,0,0,0,0,0,0,0,0,0,0,0,0,0,0,0
517.66,0,0,0,0,0,0,0,0,0,0,0,0,0,0.45,0
519.76,0,0,0,0,0,0,0,0,0,0,0,0,0,0.45,0
521.86,0,0,0,0,0,0,0,0,0,0,0,0,0,0.45,0
523.96,0,0,0,0,0,0,0,0,0,0,0,0,0,0,0
526.06,0,0,0,0,0,0,0,0,0,0,0,0,0,0,0
528.16,0,0,0,0,0,0,0,0,0,0,0,0,0,3.82,0
530.25,0,0,0,0,0,0,0,0,0,0,0,0,0,3.82,0
532.35,0,0,0,0,0,0,0,0,0,0,0,0,0,3.82,0
534.44,0,0,0,0,0,0,0.51,0,0,0,0,0,0,0,0
536.53,0,0,0,0,0,0,20.56,0,0,0,0,0,0,0,0
538.62,0,0,0,0,0,0,20.56,0,0,0,0,0,0,0,0
540.71,0,0,0,0,0,0,20.05,0,0,0,0,0,0,0,0
542.8,0,0,0,0,0,0,0,0,0,0,0,0,15.83,0,0
544.89,0,0,0,0.36,0,0,0,0,0,0,0,0,69.71,44.63,62.01
546.98,0,0,0,17.33,0,0,5.46,0,0,0,4.76,0,139.39,110.05,144.8
549.06,0,0,0,17.33,0,0,5.46,0,0,24.73,4.76,0,204.13,159.68,225.79
551.15,0,0,0,16.97,3.86,0,5.46,0,0,24.73,4.76,0,227.78,149.31,220.39
553.23,0,0,0,0,3.86,0,0,0,0,24.73,0,0,215.9,128.74,183.47
555.32,0,0,0,0,3.86,0,0,0,0,0,0,0,155.94,98.09,102.48
557.4,0,0,0,0,0,0,0,0,0,0,0,0,80.68,64.47,45.87
559.48,0,0,0,0,0,0,0,0,0,0,0,0,26.77,19.61,0
561.56,0,0,0,0,0,0,0,0,0,0,0,0,12.12,0.63,0
563.64,0,0,0,0,0,0,0,0,0,0,0,0,17.27,0,0
565.72,0,0,0,0,0,0,0,4.4,0,0,0,0,34.79,0.77,0
567.8,0,0,0,0,0,0,0,4.4,0,0,0,0,28.84,0.77,0
569.87,0,0,0,0,0,0,0,4.4,0,0,0,0,21.42,0.77,0
571.95,0,0,0,0,0,0,0,0,0,0,0,0,0,0,0
574.02,0,0,0,0,0,0,0,0,0,0,0,0,0,0,0
576.09,0,0,0,0,0,0,0,0,0,0,0,0,0,0,0
578.17,0,0,0,0,0,0,0,0,0,0,0,0,0,0,0
580.24,0,0,0,0,0,0,0,0,0,0,0,0,0,0,0
582.31,0,0,0,0,0,0,0,0,0,0,0,0,0,0,0
584.38,0,0,0,0,0,0,0,0,0,0,0,0,0,0,0
586.45,0,0,0,0,0,0,0,0,0,0,0,0,0,0,0
588.51,0,0,0,0,0,0,0,0,0,0,0,0,0,0,0
590.58,0,0,0,0,0,0,0,0,0,0,0,0,0,0,0
592.64,0,0,0,0,0,0,0,0,0,0,0,0,0,0,0
594.71,0,0,0,0,0,0,0,0,0,0,0,0,0,0,0
596.77,0,0,0,0,0,0,0,0,0,0,0,0,0,0,0
598.83,0,0,0,0,0,0,0,0,0,0,0,0,0,0,0
600.89,0,0,0,0,0,0,0,0,0,0,0,0,0,0,6.02
602.95,0,0,0,0,0,0,0,0,0,0,0,0,15.06,0,14.08
605.01,0,0,0,0,0,0,0,0,0,0,0,0,15.06,0,14.08
607.07,0,0,0,0,0,0,0,0,0,0,0,0,15.06,1.57,8.06
609.13,0,0,0,0,0,0,0,0,0,0,0,0,42.64,29.99,23.07
611.18,0,0,0,0,0,0,0,0,0,6.87,0,0,71.99,65.47,60.89
613.24,0,0,0,0,0,0,0,1.97,0,6.87,11.35,8.78,113.92,113.29,116.32
615.29,0,0,0,0,0,0,0,1.97,0,6.87,23.55,9.65,127.98,108.39,135.49
617.35,0,0,0,0,0,0,1.57,1.97,0,0.82,50.15,9.65,136.65,94.1,133.94
619.4,0,0,0,0,0,0,1.57,0,0,17.27,38.8,0.87,137.93,72.41,110
621.45,0.55,0,0,0,0,0,1.57,0,0,24.91,46.32,0,101.48,93.01,99
623.5,0.55,0,0,0,0,0,0,0,0,24.69,19.72,0,63.46,71.83,62.74
625.55,0.55,0,0,0,0,0,0,0,0,8.24,19.72,3.89,26.23,44.11,31.25
627.6,1.75,0,0,0,0,0,5.34,0,0,15.99,0,11.39,5.98,12.76,6.31
629.64,1.75,14.22,0,0,0,0,5.34,0,0,24.06,0,27.06,11.93,30.97,6.31
631.69,25.91,39.74,10.98,14.6,13.08,2.55,5.34,0,3.34,39.88,3.5,23.21,11.2,30.97,10.1
633.73,57.52,86.43,46.95,22.91,13.08,11.13,5.15,5.98,3.34,72.36,53.02,32.67,32.95,39.9,34.46
635.78,83.85,129.83,71.98,22.91,13.08,47.16,5.15,5.98,3.34,132.38,96.69,76.01,42.67,58.67,60.1
637.82,139.76,209.61,114.54,56.32,53.09,85.51,29.13,35.83,28.74,169.16,148.77,137.78,106.12,121.02,120.02
639.86,150.33,240.01,134.04,92.01,93.25,116.11,23.98,37.61,47.94,198.26,160.17,170.21,135.52,146.47,146.89
641.9,173.66,270.13,195.26,117.88,123.01,116.42,37.63,64.85,66.12,198.12,169,191.39,196.31,183.31,170.16
643.94,156.87,266.42,225.33,95.81,136.46,132.19,29.29,53.24,53.77,226.53,168.04,185.12,187.94,178.99,156.94
645.98,170.95,277.22,236.89,86.92,123.73,140.79,47.36,68.48,49.28,175.81,157.63,177.06,185.07,158.52,126.56
648.02,176.69,241.96,197.4,72.32,121.92,127.3,33.71,42.7,47.09,134.74,125.2,147.98,108.61,84.7,77.65
650.06,164.41,218.98,172.53,46.38,84.04,99.42,31.52,33.89,48.21,60,70.59,98.56,48.28,26.67,27.16
652.09,129.67,193.51,156.83,26.58,84.65,75.68,21.85,10.87,42.19,33.75,31.7,57.23,0,0,0
654.13,128.03,205.1,184.19,15.31,74.96,73.31,29.09,13.99,26.19,37.98,34.57,6.12,0,0,0
656.16,119.71,204.97,217.84,15.31,90.87,87.21,18.14,10.75,30.22,81.53,57.96,14.99,0,0,0
658.2,130.71,216.8,259.11,7.17,73.71,88.71,15.17,18.54,52.22,116.45,46.33,14.99,0,0,0
660.23,123.81,244.68,290.43,7.17,65.6,92.92,19.62,21.68,75.04,90.42,25.63,14.99,0,0,0
662.26,156.44,279.08,296.27,38.15,77.31,85.62,30.59,25.01,80.65,60.6,12.47,10.17,0.36,0,0
664.29,189.51,324.87,311.51,43,93.41,104.03,25.16,36.43,75.02,33.89,30.89,31.1,30.21,25.09,14.21
666.32,213.46,326.17,320.92,48.5,125.66,111.6,32.42,41.37,76.92,51.05,60.72,76.89,75.65,54.46,37.73
668.34,227.94,323.31,326.51,36.06,109.41,113.67,30.21,48.17,61.67,64.09,57.09,85.93,84.85,81.97,54.43
670.37,222.41,286.41,303.05,24.03,108.43,103.34,34.79,28.97,36.62,55.89,38.66,65,54.99,56.88,40.22
672.4,192.76,257.02,264.45,21.74,82.94,81.5,15.85,16.32,11.92,52.47,6.6,19.21,9.56,27.51,17.72
674.42,165.53,261.7,284.9,3.21,68.84,76.06,4.59,1.36,4.26,19.43,19.61,20.22,0,22.32,26.64
676.45,172.85,270.55,289.21,3.39,88.24,64.44,4.16,5.24,10.91,37.56,32.97,40.4,1.26,33.97,45.6
678.47,200.38,303.26,323.7,25.21,102.48,79.66,11.5,13.62,18.29,46.01,32.97,80.21,9.15,52.25,69.89
680.49,212.67,286.69,289.92,25.21,116.77,88.27,15,12.26,14.78,54.95,13.36,59.99,9.15,29.93,44.28
682.51,188.39,283.2,276.88,25.03,95.45,104.94,10.84,8.38,8.12,36.81,4.35,39.81,7.88,18.28,25.31
684.53,211.09,292.33,242.47,9.65,93.41,130.22,13.09,0,10.01,48.13,36.1,0,21.1,17.58,35.04
686.55,218.45,284.08,237.68,12.78,71.66,132.45,9.59,29.09,24.2,82.77,43.25,28.74,57.44,37.75,66.37
688.57,235.91,284.58,239.3,14.94,51.29,120.41,9.59,29.09,24.2,83.64,73.01,47.31,61.9,42.4,66.37
690.58,211.46,285.48,238.33,39.02,52.33,88.09,0,45.42,17.9,56.16,67.21,117.28,55.57,47.48,31.33
692.6,216.34,305.67,232.66,37.07,58.98,62.73,8.78,16.33,2.96,32,60.06,95.13,19.23,27.31,6.82
694.61,239.98,297.94,221.39,34.91,69.03,61.1,8.78,29.87,7.9,40.29,25.95,99.42,14.78,22.66,6.82
696.63,206.71,290.95,208.86,16.13,66.15,55.54,8.78,23.73,9.08,40.02,5.36,29.45,0,0,6.82
698.64,190.99,279.14,215.53,41.54,69.44,38.06,7.87,36.55,22.09,35.64,43.35,32.4,0,0,0
700.65,187.81,298.85,262.71,48.11,114.58,52.52,15.38,31.8,17.15,61.81,67.61,49.23,0,10.03,16.1
702.66,230.95,282.52,305.52,47.69,130.34,74.27,20.86,34.35,13,104.97,98.13,67.76,22.72,14.46,16.96
704.67,270.19,277.27,299.75,49.36,136.84,103.19,12.99,21.53,0.65,116.25,103.09,92.37,22.72,19.06,16.96
706.68,257.52,264.1,262.05,56.11,78.4,96.42,5.48,12.74,0.65,80.92,87.5,80.43,22.72,9.03,0.87
708.69,230.4,288.78,229.21,56.07,65.16,82.83,0,14.33,11.96,77.53,97.13,73.03,0,4.6,0
710.69,193.27,279.09,234.34,27.8,50.53,53.9,0,14.33,11.31,51.21,62.43,46.97,0,0,0
712.7,171.23,282.15,248.22,14.48,62.65,53.02,0,14.33,11.31,89.3,61.83,90.36,0,0,0
714.7,159.51,247.17,241.73,0.81,59.4,34.43,0,0,0,38.09,23.24,112.08,0,0,0
716.71,149.12,248.17,234.55,11.64,58.12,43.1,0.85,0,0,77.4,38.32,155.8,0,0,0
718.71,142.93,245.68,223.89,21.82,69.68,13.66,0.85,0,0,39.31,37.29,102.41,0,0,0
720.71,157.73,243.83,253.21,23.31,70.55,16.53,0.85,0,0,58.18,73.93,107.02,0,0,0
722.71,157.52,253.29,272.16,12.48,77.72,10.69,1.35,2.06,0,54.12,66.23,101.63,0,7.16,11.26
724.71,192.41,272.49,308.87,44.04,112.63,46.61,8.82,14.21,15.99,65.55,102.66,128.7,17.02,35.19,39.75
726.71,220.39,305.11,302.99,79.69,119.96,86.61,12.18,17.22,29.07,55.39,84.86,109.54,25.64,38.18,43.23
728.71,240.37,316.03,299.42,99.96,148.59,102.24,10.83,17.79,29.07,20.13,73.4,74.72,25.64,31.02,31.97
730.7,252,296.92,269.49,102.91,101.53,97.85,9.14,5.65,16.67,45.64,55.95,30.24,8.62,2.99,6.94
732.7,244.83,252.68,259.09,64.96,75.32,52.36,5.78,5.4,3.59,36.94,38.72,11.93,0,0,3.46
734.69,220.11,238.51,224.44,58.21,60.2,52.24,11.07,2.76,3.59,43.56,36.61,0.33,0,0,3.46
736.69,200.81,213.77,204.21,56.22,64.84,18.36,5.29,5.74,0,18.2,26.29,0,0,0,0
738.68,168.95,228.44,168.74,58.77,75.56,41.38,5.29,3.77,0,32.74,20.08,18.16,0,0,0
740.67,159.96,198.98,175.47,45.25,58.8,38.31,9.96,3.77,0,26.12,24.1,18.16,0,0,0
742.66,109.18,184.38,149.07,2.55,42.17,42.63,9.96,0.79,0,14.54,8.41,18.16,0,0,0
744.65,98.29,161.31,138.53,8.62,55.15,19.61,9.96,0,0,0,6.08,0,0,0,0
746.64,87.93,150.44,104.19,8.62,38,4.32,10.24,3.21,0,0,0,0,0,0,0
748.63,94.01,161.99,112.95,43.89,47.02,12.28,12.3,4.21,0,0,0,0,0,0,0
750.61,72.64,183.4,129.57,49.47,22.83,12.28,12.3,4.21,0,0,0,0,0,0,0.71
752.6,59.59,195.13,159.84,71.16,34.95,53.24,10.19,1.66,0,0,3.2,0,23,11.42,0.71
754.58,75.08,193.72,183.31,57.95,50.28,88.26,8.13,2.64,0,0,3.2,0,26.42,11.42,0.71
756.57,91.89,198.29,224.44,75.05,87.92,115.44,17.54,9.82,0,0,3.2,0,40.46,11.42,0
758.55,100.81,212.95,218.32,85.6,104.99,95.87,9.41,9.21,0,0,0,0,17.46,0,0
760.53,102.16,239.04,253.96,113.91,144.82,80.06,27.18,27.36,21.38,8.38,0,0,30.22,12.37,9.69
762.51,96.28,227.54,215.37,112.33,136.08,71.02,17.77,20.17,21.38,8.98,0,0,16.74,17.17,9.69
764.49,96.61,180.25,190.64,96.62,115.89,65.52,17.77,20.13,21.38,8.98,0,0,16.74,17.17,9.69
766.47,84.71,156.39,139.68,71.35,73.45,37.79,0,0,0,2.65,8.02,0,0.57,4.79,0
768.45,82.8,137.51,143.37,53.41,55.01,19.66,0,0,0,33,48.29,30.29,0,0,0
770.42,59.1,163.83,202.27,41.69,67.78,43.46,7.1,0,0,50.53,79.14,32.04,0,0,0
772.4,53.83,150.58,220.27,39.4,62.31,61.7,7.1,0.49,0,83.91,108.56,92.27,0,0,0
774.37,103.23,197.98,265.92,42.44,70.83,94.33,22.18,11.58,15.47,110.97,130.67,144.34,4.18,1.92,26.07
776.34,148.84,215.25,245.77,56.7,66.57,81.12,24.01,15.15,28.35,142.94,142.67,184.99,4.18,16.13,26.07
778.32,165.77,250.5,246.29,44.96,76.63,88.56,30.92,22.49,40.08,161.59,166.69,193.32,46.99,25.07,37.54
780.29,158.14,230.85,248.9,83.32,107.79,90.44,49.17,31.92,60.63,144.36,167.51,170.78,55.76,44.26,38.8
782.26,163.72,219.07,273.39,114.57,125.51,92.54,68.96,61.89,58.72,169.38,210.23,162.47,80.19,48.67,65.98
784.23,207.63,249.28,305.86,153.81,151.21,112.64,90.41,102.18,66.14,183.75,227.98,149.52,53.16,85.07,65.78
786.19,218.41,249.36,309.55,148.94,132.47,108.95,100.73,132.34,67.09,220.69,265.96,179.81,73.02,87.35,70.46
788.16,253.08,264.32,329.46,152.63,162.95,153.15,114.94,147.38,98.26,247.54,282.51,227.67,80.1,107.18,93.02
790.13,253.41,217.27,296.02,157.31,156.42,164.35,145.13,158.4,123.09,268.74,333.08,262.56,70.17,106.34,123.9
792.09,258.06,208.53,281.57,159.66,180.88,185.88,150.31,172.08,137.9,299.29,341.01,265.13,81.23,114.83,141.45
794.06,227.16,190.9,215.55,148.12,167.46,145.53,153.92,195.86,149.15,299.31,335.07,273.83,60.41,100.42,117.1
796.02,212.35,195.36,228.64,160.36,169.81,128.61,159.64,205.4,157.16,299.12,291.92,287.33,73.69,82.13,106.19
797.98,202.09,184.03,195.61,158.15,145.05,121.26,177.56,203.15,154.73,288.18,249.69,272.41,35.52,50.24,61.83
799.94,220.94,202.14,252.36,218.06,157.07,171.02,213.59,214.67,168.39,286.38,255.26,269.28,54.46,74.27,99.91
801.9,224.45,216.57,240.76,192.96,175.76,158.78,211.61,217.17,179.71,290.93,258.51,229.18,63.06,99.3,108.65
803.86,236.39,274.77,299.93,235.98,224.22,218.32,228.06,253.78,237.47,293.94,314.56,274.55,129.78,173.57,150.17
805.82,253,318.62,305.43,229.34,233.02,228.2,231.5,271.04,252.21,277.65,320.97,300.61,156.82,188.04,153.02
807.78,281.93,345.47,359.93,308.03,259.15,280.75,270.93,296.62,295.29,293.71,364.74,373.02,185.87,189.51,187.2
809.73,281.08,350.19,348.98,322.62,273.18,291.87,288.25,332.75,275.58,326.68,354.42,340.02,151.8,181.19,206.6
811.69,298.12,355.13,372.58,302.1,286.1,326.21,314.44,338.75,301.41,332.24,347.35,343.93,138.62,179.44,191.22
813.64,335.48,385.4,431.51,298.58,329.36,376.89,337.29,384.08,349.24,383.16,352.97,368.2,154.78,208.01,192.17
815.6,352.39,407.88,449.99,316.29,370.17,385.81,376.36,381.29,385.28,365.98,419.5,417.71,194.83,214.15,207.01
817.55,367.07,403.79,460.91,388.45,411.11,384.51,392.86,402.6,405.09,419.62,488.5,449.7,248.65,250.39,248.3
819.5,337.31,418.93,445.39,373.17,411.6,388.44,392.91,393.46,402.12,441.83,549.75,473.94,287.37,275.53,284.8
821.45,377.31,454.5,489.31,415,385.22,407.82,377.74,388.08,394.26,511.86,552.81,504.65,328.86,329.45,292.09
823.4,375.54,488.62,501.45,362.07,362.73,419.44,349.77,397.92,377.61,495.79,548.12,490.94,306.92,315.26,297.93
825.35,375.65,500.62,482.81,380.36,365.14,415.29,311.03,374.3,343.51,413.65,471.01,440.15,257.86,292.62,271.66
827.29,364.09,482.96,456.17,323.67,393.89,441.15,316.27,380.68,372.4,379.2,456.93,445.73,237.48,256.99,300.73
829.24,332.97,447.4,464.65,324.75,407.1,456.47,303.62,356.5,379.4,388.89,432.32,422.11,216.88,249.14,285.24
831.18,352.18,450.5,470.12,294.18,394.31,480.47,319.64,369.97,411.73,444.95,459.41,447.52,247.62,264.97,303.42
833.13,367.05,419.27,462.59,283.62,350.87,482.48,278.31,335.77,397.72,418.36,409.86,411.96,233.69,256.46,302.27
835.07,398.48,446.25,411.96,319.62,310,468.06,283.53,321.78,377.6,414.37,374.56,445.66,244.99,256.18,308.69
837.01,414.79,437.79,405.54,352.86,317.36,479.88,302.64,324.35,347.02,386.29,358.18,413.61,242.19,258.8,327.99
838.95,385.76,441.99,419.8,378.77,330.06,445.38,295.74,343.9,337.45,380.25,366.17,385.59,247.39,238.75,322.3
840.89,395.18,433.97,444.51,364.8,382.23,450.68,305.62,351.23,348.31,375.02,397.31,392.39,263.38,236.16,339.72
842.83,362.82,402.17,450.44,362.4,373.63,419.55,285.38,340.78,351.39,349.38,374.02,423.44,279.6,234.46,315.04
844.77,399.67,419.59,459.59,373.57,414.26,407.99,330.36,355.21,334.03,337.32,363.33,440.07,324.38,264.33,326.92
846.71,404.97,420.46,485.53,370.86,452.36,406.56,353.78,379.41,358.11,354.08,356.45,423.86,379.28,283.64,337.59
848.64,448.16,469.21,502.36,396.05,481.69,443.03,407.75,402.49,372.41,420.43,398.83,444.23,400.08,291.86,350.81
850.58,467.79,488.08,528.64,397.36,483.49,459.97,415.16,397.02,404.81,456.92,433.02,447.76,369.32,278.86,309.82
852.51,469.2,509.06,562.03,441.47,480.08,451.04,431.35,449.65,412.99,484.23,481.69,481.09,328.03,276.98,297.95
854.44,505.38,492.48,592.21,458.03,507.46,430.25,429.97,487.39,432.95,460.35,508.17,471.91,283.19,239.88,272.53
856.37,543.34,509.01,637.84,476.38,502.31,453.91,438.05,525.57,453.02,504.95,508.46,495.87,256.8,228.58,282.9
858.31,553.74,514.66,601.59,459.52,483.28,495.71,427.23,505.52,446.87,478.04,500.57,513.99,245.86,238.06,266.72
860.23,519.7,527.87,591.57,450.24,461.83,468.76,398.63,499.36,438.27,482.38,510.27,529.69,240.16,231.11,263.43
862.16,493.66,512.41,523.88,442.97,471.06,459.15,387.02,473.53,411.33,457.09,517.68,577.44,238.47,259.83,274.49
864.09,503.4,551.73,574.65,433.49,442.1,419.69,378.53,443.48,403.84,456.29,545.9,557.33,246.24,257.35,315.34
866.02,492.13,524.73,553.76,398.03,413.15,449.24,364.04,392.09,351.02,423.2,511.49,551.6,258.02,300.88,329.86
867.94,476.54,509.72,581.55,393.58,397.89,417.16,308.55,347.7,312.87,387.14,485.46,506.24,253.14,293.41,350.39
869.87,436.05,469.84,551.45,383.26,401.76,400.87,262.16,292.08,245.82,358.9,431.91,451.37,243.39,294.08,343.38
871.79,402.68,449.73,529.81,370.07,358.43,367.39,209.22,247.91,184.89,285.82,415.84,385.98,225.76,289.2,346.16
873.71,350.98,433.96,477.18,321.9,329.8,349.93,179.28,220.4,145.96,221.11,352.48,320.97,236.48,287.33,341.62
875.64,301.5,356.09,417.78,303.96,283.07,318.06,131.57,180.12,123.25,110.33,237.06,256.89,197.43,267.36,293.64
877.56,299.24,361.78,403.28,307.94,290.25,299.43,136.07,168.06,139.11,115.48,167.56,241.41,205.96,264.63,286.9
879.48,287.98,332.47,355.79,266.26,243.8,288.17,114.25,138.32,138.29,56,135.77,197.97,190.16,227.58,261.16
881.39,285.07,345.18,321.65,222.6,228.7,267.93,120.75,155.93,124.15,101.24,173.02,190.91,194.05,216.55,302.11
883.31,249.48,293.55,278.85,187.63,208.29,255.38,110.59,151.86,104.67,83.19,154.98,150.89,152.29,200.2,287.08
885.23,225.46,299.16,300.95,224.23,218.79,269.75,110.99,162.36,73.09,113.4,203.21,144.47,156.76,223.75,278.94
887.14,239.21,294.55,320.18,250.3,233.77,304.93,125.17,155.96,89.62,144.77,185.26,167.87,174.7,220.09,249.93
889.06,245.19,296.17,366.97,258.94,251.66,297.03,112.91,155.79,102.38,167.07,210.24,165.88,217.87,205.01,261.49
890.97,253.51,249.13,378.11,260.6,277.91,302.82,142.98,148.95,134.8,194.09,223.61,192.6,230.39,223.94,210.73
892.88,237.61,236.21,405.7,222.06,282.96,273.43,149.16,142.23,136.68,142.93,282.46,206.81,230.37,231.67,172.76
894.8,220.04,222.97,430.31,225.88,259.38,274.06,156.02,136.51,138.22,136.82,282.69,266.4,222.38,220.08,133.15
896.71,210.93,219.51,455.72,199.16,246.93,222.5,133.65,132.56,158.55,179.86,262.41,254.81,218.84,193.96,122.32
898.62,212.04,179.62,440.69,196.35,223.07,196.19,123.52,122.51,154.77,223.84,215.73,263.17,222.88,156.4,98.74
900.52,206.37,171.96,358.23,177.78,219.12,170.81,119.6,105.69,135.22,255.1,218.99,272.46,216.49,141.09,57.06
902.43,158.94,156.87,298.68,176.79,150.76,141.34,114.25,100.42,96.57,198.95,228.52,326.02,176.01,77.68,33.74
904.34,123.17,173.79,272.47,187.83,130.77,135.25,112.23,82.83,86.58,230.86,248.77,343.63,181.54,71.96,39.31
906.24,84.08,150.72,280.95,145.22,96.13,97.85,87.55,79.57,80.94,225.15,269.73,342.63,160.77,52.93,30.85
908.15,85.77,161.77,243.89,131.74,74.31,97.26,90.99,69.76,75.08,290.6,269.18,371.12,150.12,76.69,57.45
910.05,66.25,158.95,227.29,116.07,66.96,86.82,53.88,68.06,63,276.54,304.46,412.43,102.27,49.68,38.63
911.95,80.61,179.03,185.26,126.64,69.19,92.63,52.32,72.26,86.15,290.1,295.35,423.36,89.67,51.81,85.78
913.86,72.21,150.01,178.81,116.13,89.68,71.37,25.66,79.68,73.2,255.92,254.85,373.56,67.31,59.52,82.11
915.76,67.48,166.33,145.37,111.31,57.4,63.48,45.68,68.78,80.26,269.47,254.39,351.48,66.97,79.83,93.13
917.66,65.65,161.56,154.5,113.4,24.84,58.84,52.25,58.44,45.87,279.95,258.54,345.01,44.54,79.13,64.39
919.55,86.71,178.02,177.21,97.73,8.21,45.58,49.69,41.33,36.72,278.71,295.3,320.81,53.35,63.02,56.89
921.45,117,192.39,198.16,86.65,8.21,42.46,31.06,47.77,25.13,228.75,221.34,245.23,42.74,57.48,40.96
923.35,129.3,193.77,177.8,70.26,21.53,37.71,8.37,29.89,21.22,192.51,165.76,189.69,58.15,77.96,60.39
925.24,134.27,206.83,144.12,68.9,21.21,75.55,8.37,22.69,36.31,137.65,115.9,169.88,68.92,81.13,95.51
927.14,148.36,190.01,128.57,69.34,25.8,82.99,0,13.72,25.02,117.3,105.54,164.24,67.15,86.11,114.43
929.03,147.68,215.44,161.59,77.69,44.89,112.35,24.78,23.53,37.13,146.56,104.46,112.21,63.64,69.99,121.92
930.92,142.01,225.88,200.97,61.08,63.02,126.75,42.58,32.01,16.33,145.54,88.43,64.84,56.47,77.9,81.43
932.81,139.9,205.55,257.6,48.71,88.4,139.41,44.75,32.01,16.33,110.84,83.34,49.47,77.89,79.05,76.19
934.7,150.14,174.58,292.24,27.37,89.48,99.78,30.05,14.31,0,41.15,71.98,69.17,69.66,84.89,54.3
936.59,159.38,150.29,300.9,20.91,81.93,59.18,18.03,16.04,0,43.86,54.76,69.17,74.46,76.09,67.1
938.48,102.86,135.24,275.81,42.52,72.31,89.85,15.87,16.04,0,43.86,27.85,41.17,61.17,62.87,67.48
940.37,93.34,119.21,232.07,56.48,53.72,127.22,5.78,22.09,0,23.63,0,0,81.91,27.99,50.22
942.25,90.28,97.97,223.47,73.73,65.62,159.75,0,10.52,0,0,0,0,73.78,10.93,40.43
944.14,158.9,69.75,214.22,71.53,64.22,122.98,0,10.52,0,0,0,10.68,77.35,18.23,21.32
946.02,183.86,76.21,244.66,75.02,57.52,93.25,0,4.46,0,0,0,10.68,79.27,18.23,18.24
947.91,187.61,83.47,228.9,76.66,44.64,60.01,0,0,0,0,0,10.68,87.67,14.97,5.17
949.79,159.25,106.64,213.72,79.21,68.02,65.7,0,0,0,8.66,0,0,84.31,10.34,10.47
951.67,143.91,88.49,184.23,87.47,80.44,84.43,0,0,0,8.66,0,0,71.31,34.75,26.46
953.55,162.36,119.14,190.87,68.58,84,110.64,0,0,0,15.36,0,0,61.79,60.02,29.71
955.43,189.48,135.47,175.54,64.34,48.94,85.9,0,0,0,18.44,0,0,54.29,69.25,22.33
957.31,191.62,159.83,169.57,64.46,42.25,126.2,0,0,0,55.7,0,0.07,61.15,62.51,3.25
959.18,186.54,152.98,159.06,89.99,49.72,127.32,0,0,0,52.35,0,0.07,49.48,40.9,4.23
961.06,154.37,154.71,144.47,76.17,42.45,161.04,0,0,0,40.61,0,0.07,60.4,35.22,4.23
962.94,145.77,121.68,107.46,82.94,32.77,113.02,0,0,0,3.35,0,9.34,47.9,20.11,4.23
964.81,121.62,97.12,56.25,69.52,13.91,95.16,0,0,0,3.75,0,9.34,44.84,16.45,0
966.68,114.81,74.57,38.73,69.46,33.08,63.01,0,0,0,3.75,0,9.34,18.58,2.56,0
968.55,66.54,61.94,22.46,49.33,39.85,71.46,0,0,0,3.75,0,0,0,0,0
970.43,28.41,32.77,16.81,39,30.2,76.07,0,0,0,0,0,0,0,0,0
972.3,0.21,29.52,11.26,44.59,48.06,69.94,0,0,0,0,0,0,0,0,0
974.16,39.17,44.4,5.27,24.15,66.41,62.63,0,0,0,0,0,0,0,0,0
976.03,72.67,47.85,5.27,51.48,71.93,46.59,0,0,0,0,0,0,0,0,0
977.9,72.46,71.11,8.24,77.28,56.69,55.38,0,0,0,0,0,0,0,0,0
979.76,57.64,85.28,23.38,106.19,67.72,41.43,0,0,0,0,0,0,0,0,0
981.63,40.95,93.58,57.1,110.39,81.56,66.64,0,0,0,0,0,0,0,0,0
983.49,78.2,63.68,55.27,86.41,94.23,56.34,0,0,0,0,0,0,0,13.33,0
985.36,85.43,50.25,75.57,78.9,94.05,76.19,0,0,0,0,0,0,0,13.33,0
987.22,115.34,69.85,83.91,85.76,105.58,67.76,0,0,6.47,0,0,0,0,13.33,0
989.08,103.26,61.14,110.61,118.66,101.49,66.38,0,0,17.45,0,6.58,0,0,0,0
990.94,86.42,60.67,120.56,134.48,121,47.93,0,0,31.51,0,6.58,0,0,0,0
992.8,69.82,62.78,117.76,170.56,110.44,42.08,1.59,13.03,31.74,25.51,6.58,0,0,0,0
994.66,71.68,93.7,128.43,178.78,143.37,63.73,1.59,22.36,34.1,36.97,4.79,16.76,0,0,0
996.51,76.22,97.97,104.8,214.7,121.68,90.42,1.59,44.78,32.48,52.2,22.34,26.19,0,0,0
998.37,76.78,98.28,120.53,202.33,140.36,115.83,0,58.15,45.88,49.27,48.21,62.87,0,0,0
1000.22,58.91,91.49,76.75,187.88,118.31,131.84,0,48.81,39.52,89.97,59.85,103.63,0,0,0
1002.08,57.73,67.36,57.76,176.13,124.31,88.87,0,37.77,29.51,110.73,98.24,125.13,0,0,0
1003.93,27.06,31.72,2.78,139.87,120.8,59.75,0,11.37,9.41,105.35,86.48,91.47,0,0,0
1005.78,17.89,0,2.78,112.19,85.22,26.91,0,11.37,2.43,53.19,98.67,59.11,0,0,0
1007.63,0,0,0,61.44,41.18,26.91,0,0,0,17.19,42.74,28.19,0,0,0
1009.48,0,0,0,33.83,5.67,10.71,0,0,0,0,28.64,25.16,0,0,0
1011.33,0,0,0,10.65,0,0,0,0,0,0,0,0,0,0,0
1013.18,0,0,0,0,0,0,0,0,0,0,0,0,0,0,0
1015.03,0,0,0,0,0,0,0,0,0,0,0,0,0,0,0
1016.87,0,0,0,0,0,0,0,0,0,0,0,0,0,0,0
1018.72,0,0,0,0,0,0,0,0,0,0,0,0,0,0,0
1020.56,0,0,0,0,0,0,0,0,0,0,0,0,0,0,0
1022.4,0,0,0,0,0,0,0,0,0,0,0,0,0,0,0
1024.24,0,0,0,0,0,0,0,0,0,0,0,0,0,0,0
1026.08,0,0,0,0,0,0,0,0,0,0,0,0,0,0,0
1027.92,0,0,0,0,0,0,0,0,0,0,0,0,0,0,0
1029.76,0,0,0,0,0,0,0,0,0,0,0,0,0,0,0
1031.6,0,0,0,0,0,0,0,0,0,0,0,0,0,0,0
1033.44,0,0,0,0,0,0,0,0,0,0,0,0,0,0,0
1035.27,0,0,0,0,0,0,0,0,0,0,0,0,0,0,0
1037.11,0,0,0,0,0,0,0,0,0,0,0,0,0,0,0
1038.94,0,0,0,0,0,0,0,0,0,0,0,0,0,0,0
1040.77,0,0,0,0,0,0,0,0,0,0,0,0,0,0,0
1042.6,0,0,0,0,0,0,0,0,0,0,0,0,0,0,0
1044.43,0,0,0,0,0,0,0,0,0,0,0,0,0,0,0
1046.26,0,0,0,0,0,0,0,0,0,0,0,0,0,0,0
1048.09,0,0,0,0,0,0,0,0,0,0,0,0,0,0,0
1049.92,0,0,0,0,0,0,0,0,0,0,0,0,0,0,0
1051.75,0,0,0,0,0,0,0,0,0,0,0,0,0,0,0
1053.57,0,0,0,0,0,0,0,0,0,0,0,0,0,0,0
1055.4,0,0,0,0,0,0,0,0,0,0,0,0,0,0,0
1057.22,0,0,0,0,0,0,0,0,0,0,0,0,0,0,0
1059.04,0,0,0,0,0,0,0,0,0,0,0,0,38.43,0.65,27.1
1060.86,0,0,0,0,0,0,0,0,0,0,0,0,90,70.13,102.65
1062.68,0,0,0,0,0,0,0,0,0,0,0,0,148.61,87.33,141.21
1064.5,0,0,0,0,0,0,0,0,0,0,0,0,110.19,86.68,114.11
1066.32,0,0,0,0,0,0,0,0,0,0,0,0,58.62,17.2,38.56
1068.14,0,0,0,0,0,0,0,0,0,0,0,0,0,0,0
1069.96,0,0,0,0,0,0,0,0,0,0,0,0,0,0,0
1071.77,0,0,0,0,0,0,0,0,0,0,0,0,0,0,0
1073.58,0,0,0,0,0,0,0,0,0,0,0,0,0,0,0
1075.4,0,0,0,0,0,0,0,0,0,0,0,0,0,0,0
1077.21,0,0,0,0,0,0,0,0,0,0,0,0,0,0,0
1079.02,0,0,0,0,0,0,0,0,0,0,0,0,0,0,0
1080.83,0,0,0,0,0,0,0,0,0,0,0,0,0,0,0
1082.64,0,0,0,0,0,0,0,0,0,0,0,0,0,0,0
1084.45,0,0,0,0,0,0,0,0,0,0,0,0,0,0,0
1086.26,0,0,0,0,0,0,0,0,0,0,0,0,0,0,0
1088.06,0,0,0,0,0,0,0,0,0,0,0,0,0,0,0
1089.87,0,0,0,0,0,0,0,0,0,0,0,0,0,0,0
1091.67,0,0,0,0,0,0,0,0,0,0,0,0,0,0,0
1093.48,0,0,0,0,0,0,0,0,0,0,0,0,0,0,0
1095.28,0,0,0,0,0,0,0,0,0,0,0,0,0,0,0
1097.08,0,0,0,0,0,0,0,0,0,0,0,0,0,0,0
1098.88,0,0,0,0,0,0,0,0,0,0,0,0,0,0,0
1100.68,0,0,0,0,0,0,0,0,0,0,0,0,0,0,0
1102.48,0,0,0,0,0,0,0,0,0,0,0,0,0,0,0
1104.27,0,0,0,0,0,0,0,0,0,0,0,0,0,0,0
1106.07,0,0,0,0,0,0,0,0,0,0,0,0,0,0,0
1107.86,0,0,0,0,0,0,0,0,0,0,0,0,0,0,0
1109.66,0,0,0,0,0,0,0,0,0,0,0,0,0,0,0
1111.45,0,0,0,0,0,0,0,0,0,0,0,0,0,0,0
1113.24,0,0,0,0,0,0,0,0,0,0,0,0,0,0,0
1115.03,0,0,0,0,0,0,0,0,0,0,0,0,0,0,0
1116.82,0,0,0,0,0,0,0,0,0,0,0,0,0,0,0
1118.61,0,0,0,0,0,0,0,0,0,0,0,0,0,0,0
1120.4,0,0,0,0,0,0,0,0,0,0,0,0,0,0,0
1122.19,0,0,0,0,0,0,0,0,0,0,0,0,4.35,0,0
1123.97,0,0,0,0,0,0,0,0,0,0,0,0,43.53,61.2,25.15
1125.76,0,0,0,0,0,0,0,0,0,0,0,0,162.44,160.48,122.33
1127.54,0,0,0,0,0,0,0,0,0,0,0,0,357.3,333.74,293.43
1129.33,0,0,0,0,0,0,0,0,0,0,0,0,546.21,474.68,456.88
1131.11,0,0,0,0,0,0,0,2.84,0,0,0,0,597.05,543.22,500.26
1132.89,0,0,0,0,0,0,0,2.84,10.71,0,0,0,536.37,491.24,453.46
1134.67,0,0,0,4.3,0,0,5.05,2.84,10.71,0,0,0,389.73,364.98,346.03
1136.45,0,0,0,4.3,0,0,5.05,0,10.71,0,0,0,281.69,258.3,273.2
1138.23,0,0,0,4.3,14.51,0,5.05,0,0,0,0,27.3,189.58,226.89,208.96
1140,0,0,9.48,12.88,14.51,0,0,0,0,0,25.05,53.86,170.63,200.3,203.88
1141.78,0,0,22.02,12.88,59.56,44.04,5.13,0,0,0,25.05,53.86,162.93,196.31,225.06
1143.55,0,0,39.96,12.88,88.96,88.36,7.83,0,0,0,25.05,26.55,154.06,185.14,230.06
1145.33,0,0,60.08,13.92,140.3,146.52,7.83,0,0,0,0,26.37,147.9,203.01,213.43
1147.1,0,0,83.12,36.15,156.02,195.5,2.7,0,0,0,0,26.37,154.66,226.47,217.74
1148.87,10.5,19.73,117.65,68.58,133.91,231.99,0,0,0,10.56,0,35.09,183.25,242.42,233.2
1150.64,10.5,36.47,139,70.2,106.62,222.63,0,0,0,10.56,0,8.71,188.65,288.52,251.14
1152.41,10.5,36.47,127.27,47.98,49.28,202.22,0,0,0,10.56,0,8.71,195.32,333.22,262.68
1154.18,2.67,23.73,127.59,59.91,43.98,187.19,0,0,0,0,0,0,198.7,339.3,284.93
1155.95,21.13,7,108.84,44.36,24.62,160.77,0,0,0,0,0,0,206,308.31,295.78
1157.72,35.15,38.64,117.01,67.27,55.87,130.29,0,0,0,0,0,0,215.91,288.91,300.22
1159.48,32.48,39.91,64.22,22.91,72.28,72.3,0,0,0,0,0,0,239.63,295,278.49
1161.25,14.02,57.26,42.37,22.91,86.85,61.48,0,0,0,0,0,0,278.84,286.57,298.9
1163.01,0,30.05,40.89,0,70.81,25.71,0,0,0,0,0,0,333.43,289.52,305.69
1164.77,42.19,33.88,77.9,0,55.48,32,0,0,0,0,0,0,378.39,316.85,356.86
1166.53,62.24,22.97,76.4,0,43.09,34.22,0,0,0,0,0,0,425.62,379.11,398.63
1168.3,95.8,49.98,57.15,0,42.64,40.05,0,0,0,0,0,0,482.77,430.96,466.99
1170.06,74.16,78.15,31.39,0,25.06,54.38,0,0,0,0,0,0,524.41,462.3,486.84
1171.81,104.54,121.69,66.67,0,18.19,53.42,0,0,0,0,0,0,539.43,492.68,516.06
1173.57,130.3,144.27,89.33,0,20,46.85,0,0,0,0,0,0,524.82,488.44,523.99
1175.33,165.86,127.33,94.47,0,20,18.46,0,0,0,0,0,0,490.04,471.35,517.08
1177.08,163.13,129.1,67.32,0,21.32,35.77,0,0,0,0,0,0,472.62,453.63,484.21
1178.84,142.09,114.9,38.54,0,4.39,34.46,0,0,0,0,0,0,435.25,412.29,406.05
1180.59,125.76,135.75,22.14,0,4.39,35.53,0,0,0,0,0,0,420.26,361.99,348.93
1182.34,111.24,125.41,5.19,2.14,6.67,17.77,0,0,0,0,0,0,369.08,298.18,289.96
1184.1,89.53,92.56,0,2.14,8.44,13.45,0,0,0,0,0,0,318.4,233.52,211.48
1185.85,58.52,48.39,0,2.14,8.44,12.38,0,0,0,0,0,0,238.08,155.57,150.04
1187.6,25.35,6.98,0,0,4.84,0,0,0,0,0,0,0,189.03,90.22,94.53
1189.35,8.77,0,0,0,0,0,0,0,0,0,0,0,119.8,39.74,58.89
1191.09,0,0,0,0,0,0,0,0,0,0,0,0,70.06,19.59,32.31
1192.84,0,0,0,0,0,0,0,0,0,0,0,0,17.2,0,0
1194.58,0,0,0,0,0,0,0,0,0,0,0,0,0,0,0
1196.33,0,0,0,0,0,0,0,0,0,0,0,0,12.72,0,0
1198.07,0,0,0,0,0,0,0,0,0,0,0,0,12.72,0,0
1199.82,1.96,0,3.43,0,0,0,0,0,0,0,0,0,12.72,0,23.84
1201.56,24.65,0,3.43,0,0,0,0,0,0,0,0,0,0,0,35.53
1203.3,24.65,0,3.43,0,4.63,0,0,0,0,0,0,0,0,0,57.86
1205.04,23.69,6.63,0,0,17.59,0,0,0,0,0,0,0,7.15,0,49.22
1206.78,1,6.63,0,0,35.32,30.61,0,0,0,0,0,0,31.34,10.04,61.06
1208.51,1.67,24.67,40.19,0,56.44,77.02,0,0,0,0,0,0,31.34,18.02,57.51
1210.25,7.48,38.41,79.2,0,51.61,123.56,0,0,0,2.31,0,0,38.61,18.02,63.33
1211.98,27.43,66.12,113.03,0,59.38,130.32,0,0,0,2.31,0,0,14.42,7.99,49.08
1213.72,61.21,79.16,115.19,0,78.87,109.46,0,0,0,9.29,0,31.75,44.13,0,30.31
1215.45,94.46,75.01,131.83,6.57,109.18,96.76,0,0,0,6.98,0,31.75,29.71,0,9.28
1217.18,113.08,83.91,163.85,30.68,100.54,87.1,0,0,0,6.98,0,31.75,29.71,0,0
1218.92,104.85,56.95,174.35,43.81,94.39,97.61,0,0,0,0,0,0,0,0,0
1220.65,112.32,91.7,177.89,51.4,118.95,93.5,0,0,0,13.07,0,0,0.12,5.04,7.81
1222.38,128.27,66.6,159.59,49.81,153.67,119.54,0,0,0,13.07,0,0,17.4,5.04,7.81
1224.1,124.48,88.76,135.21,57.49,154.33,99.19,0,0,0,13.07,0,0,17.4,5.04,7.81
1225.83,127.5,43.07,103.98,94.99,115.14,116.34,0,0,0,0,0,0,17.28,0,0
1227.56,124.67,54.87,95.91,112.64,94.12,85.64,0,0,0,0,0,0,0,0,0
1229.28,141.77,43.6,87.44,117.22,83.03,106.21,0,0,0,0,0,0,0,0,0
1231.01,138.23,84.03,100.34,122.84,100.65,117.5,0,0,0,14.02,0,26.76,12.98,0,13.11
1232.73,147.73,113.16,97.27,132.84,127.32,181.5,24,19.67,18.08,50.66,18.82,26.76,27.64,0,13.11
1234.45,168.16,153.23,124.14,186.78,175.25,219.76,57.79,31.13,30.65,95.49,67.45,68.86,65.23,0,20.1
1236.17,181.07,178.11,116.5,193.53,212.01,244.19,91.26,63.95,56.61,138.41,134.15,85.91,96.01,19.76,17.78
1237.9,171.79,171.81,108.33,236.1,249.26,228.11,116.09,87.48,67.55,162.88,150.79,106.15,118.61,65.71,53.7
1239.61,180.44,162.1,115.44,259.6,270.12,256.96,134.84,105.26,102.75,212.68,160.09,149.73,126.14,117.19,59.79
1241.33,169.67,130.33,137.47,308.37,289.23,257.42,140.51,137.64,111.21,261.12,178.04,162.64,129.6,149.67,98.81
1243.05,182.95,193.59,171.87,319.18,283.07,285.92,162.88,172.72,133.7,309.33,232.76,241.32,115.43,162.2,90.53
1244.77,170.93,212.89,190.31,302.7,283.28,243.47,158.96,198.84,127.23,325.31,261.24,230.43,110.31,173.44,116.97
1246.48,178.5,236.45,205.36,272.49,281.42,262.29,155.28,200.22,145.35,333.95,275.05,258.19,84.11,151.27,98
1248.2,178.22,174.83,206.21,266.09,293.39,254.26,155.09,191.07,141.29,347.79,303.73,269.17,94.06,134.92,106.85
1249.91,199.08,171.03,191.56,265.85,272.18,265.06,148.03,197.08,143.7,343.51,280.29,309.02,83.84,96.72,81.52
1251.62,228.43,160.37,198.05,286.75,282.46,279.35,190.13,207.56,157.93,340.11,287.06,318.09,85.76,110.01,96.01
1253.33,245.04,202.98,194.48,272.26,254.67,275.9,203.14,201.97,176.42,364.7,259.48,336.14,56.28,94.22,79.1
1255.04,244.68,185.29,194.94,271.81,260.26,300.84,234.53,191.42,204.94,384.72,308.33,327.96,39.51,84.14,74.89
1256.75,241.58,204.53,169,265.29,227.78,279.04,212.83,168.46,202.38,392.39,313.18,327.77,19.33,47.33,44.28
1258.46,240.63,167.59,148.87,294.59,239.13,269.4,198.28,149.97,216.64,341.27,342.9,319.46,15.76,35.33,24.69
1260.17,245.83,226.8,145.57,287.7,252.96,268.58,206.2,169.64,214.72,379.04,309.49,351.69,13.89,23.15,27.72
1261.87,233.73,201.38,143.3,278.19,261.84,246.13,236.83,180.34,216.49,407.9,317.86,385.35,22.05,30.35,13.01
1263.58,218.78,206.11,150.86,272.5,231.2,258.85,248.27,222.19,217.08,464.3,326.09,402.22,24.25,33.36,23.36
1265.28,196.32,165.32,149.56,267.63,221.06,249.05,248.52,242.86,232.82,433.25,386.21,397.98,13.13,50.52,20.07
1266.99,201.33,154.35,144.41,246.25,191.73,250.41,253.58,256.67,254.7,442.74,392.87,394.61,6.08,57.17,20.07
1268.69,208.82,163.86,122.75,197.02,198.89,240.25,280.12,271.96,280.07,429.44,436.4,407.78,35.52,76.64,9.71
1270.39,181.24,125.64,105.35,167.38,177.65,197.36,274.24,277.51,284.36,439.47,420.92,461.94,41.81,64.7,0
1272.09,186.7,132.12,75.32,174.45,170.12,181.52,311.74,310.1,302.68,463.59,451.54,477.2,64.21,80.8,10.29
1273.79,158.42,90.86,64.89,192.12,176.19,158.61,309.15,310.28,326.93,469.37,415.49,487.78,51.55,61.83,12.24
1275.49,169.84,81.3,63.16,218.82,179.64,143.4,349.6,341.83,384.21,495.91,478.19,478.47,45.26,87.56,41.84
1277.18,153.85,68.34,82.69,186.79,192.68,141.47,339.98,361.64,406.76,455.77,489.55,511.47,25.89,85.89,32.39
1278.88,132.79,70.64,100.82,180.03,172.65,152.13,350.6,383.71,397.22,495.62,517.57,506.8,13.12,94.48,30.45
1280.57,126.43,83.98,76.99,143.63,149.67,176.5,336.93,381.48,353.06,503.24,515.01,469.89,18.72,83.44,0.84
1282.27,101.11,57.02,64.19,156.61,147.06,179.24,345.96,378.95,354.6,555.28,522.56,460.74,26.69,67.45,0
1283.96,104.39,54.32,52,157.52,156.04,155.92,340.24,384.68,375.73,540.65,528.09,453.59,34.93,58.38,0
1285.65,125.69,61,80.5,190.47,188.41,160.64,363.89,397.12,399.9,561.79,541.72,468.2,59.2,87.68,23.65
1287.34,133.82,98.82,103.82,176.23,192.59,138.51,326.69,385.37,387.88,542.13,556.22,463.68,70.29,115.47,57.73
1289.03,156.54,133.91,123.07,168.93,210.36,138.98,328.41,378.21,374.45,562.79,554.05,518.16,154.64,189.51,138.91
1290.72,149.51,126.25,128.92,166.22,193.07,167.71,319.05,365.31,386.61,568.77,562.19,558.29,294.92,312.16,274.11
1292.41,160.53,135.3,149.8,223.88,232.49,233.15,359.05,380.11,378.81,630.86,634.1,657.85,509.91,519.5,499.02
1294.1,160.91,122.39,143.72,246.25,259.28,254.96,383.43,371.62,371.71,696.04,729.44,685.17,691.59,739.22,688.3
1295.78,149.22,130.4,146.9,251.21,291.33,246.04,387.06,362.38,351.2,762.2,772.43,707.82,773.88,813.87,781.84
1297.47,136.01,135.89,114.57,251.32,255.53,237.94,385.16,355.63,366.17,748.24,725.3,656,709.31,712.66,672.87
1299.15,118.84,139.76,86.94,257.14,221.44,237.54,371.64,357.58,361.85,691.05,631.27,621.62,483.78,481.83,478.6
1300.84,117.93,147.22,56.9,262.89,193.95,217.74,351.7,359.45,347.45,593.51,553.88,570.9,254.18,268.92,252.93
1302.52,101.61,124.94,50.79,253.23,196.38,201.87,348.02,344.58,324.97,548.95,514.15,514.49,77.77,135.28,104.18
1304.2,98,72.87,64.71,219.27,181.19,183.04,321.7,324.75,308.86,489.16,509.86,466.85,22.83,54.97,27.99
1305.88,81.75,56,54.68,207.02,180.03,173.25,319.42,332.63,319.46,457.13,477.99,429.64,0,19.11,1.27
1307.56,81.54,40.16,30.34,161.48,137.92,121.16,273.84,319.87,306.76,428.87,441.88,349.52,0,0,0
1309.24,75.37,45.85,10.38,122.97,101.17,117.78,265.29,297.48,278.09,373.37,369.87,286.17,0,0,0
1310.91,62.9,21.08,9.46,93.17,56.8,91.77,250.44,238.46,207.79,310.3,316.29,210.25,0,0,0
1312.59,33.45,5.69,7.89,63.63,32.97,66.29,230.85,200.03,183.41,232.21,242.03,169.99,0,0,0
1314.26,10.26,0,7.19,46.36,19.04,45.7,199.73,203.42,166.52,205,192.98,131.26,0,0,0
1315.94,0,0,0,17.56,0,38.03,174.2,199.73,162.88,180.78,158.58,111.85,0,0,0
1317.61,0,0,0,4.67,0,38.03,161.15,207.19,161.39,166.42,136.39,100.99,0,0,0
1319.28,0,0,0,4.67,0,13.59,177.69,183.24,169.16,142.39,147.84,71.78,0,0,0
1320.95,0,0,0,0,0,0,153.04,163.77,166.07,129.23,115.51,35.27,0,0,0
1322.62,0,0,0,0,0,0,141.87,122.45,136.13,83.95,104.38,16.91,0,0,0
1324.29,0,0,0,0,0,0,120.95,136.05,123.12,60.98,90.9,10.1,0,0,0
1325.96,0,0,0,0,0,0,114.74,122.69,114.47,28.44,92.52,10.1,0,0,0
1327.63,0,0,0,0,0,0,106.55,137.37,100.19,33.33,103.56,10.1,0,0,0
1329.29,0,0,0,0,0,0,82.4,122.08,85.28,29.64,74.7,0,0,0,0
1330.96,0,0,0,0,0,0,73.94,121.16,67.07,21.69,54.67,0,0,0,0
1332.62,0,0,0,0,0,0,61.41,101.5,62.45,13.76,13.15,0,0,0,0
1334.28,0,0,0,0,0,0,42.14,54.76,27.13,7.8,0,0,0,0,0
1335.95,0,0,0,0,0,0,24.11,58.06,26.81,17.97,11.89,0,0,0,0
1337.61,0,0,0,0,0,0,10.13,41.61,13.07,66.76,11.89,0,0,0,0
1339.27,0,0,0,0,0,0,1.57,42.65,13.07,83.76,11.89,0,0,0,0
1340.92,0,0,0,0,0,0,21.54,20.39,8.18,117.85,0,0,0,0,0
1342.58,0,0,0,0,0,0,33.09,30.83,18.66,81.03,0,0,0,0,0
1344.24,0,0,0,0,0,0,39.39,40.3,41.86,87.64,26.61,0,0,0,0
1345.89,0,0,0,0,0,0,70.56,51.37,72.3,62.9,26.61,0,0,0,0
1347.55,0,0,0,0,0,0,70.54,50.58,80.21,89.37,26.61,24.08,0,0,0
1349.2,0,0,0,0,0,0,85.78,62.72,79.39,128.81,8.87,52.72,0,0,0
1350.86,0,0,0,0,0,0,55.27,54.11,62.81,143.9,10.34,72.63,0,0,0
1352.51,0,0,0,0,0,0,67.69,48.76,48.83,97.9,24.21,80.87,0,0,0
1354.16,0,0,0,0,0,0,46.15,44.34,39.44,67.96,42.09,52.23,0,0,0
1355.81,0,0,0,0,0,0,27.52,35.95,37.75,62.11,46.39,32.32,0,0,0
1357.46,0,0,0,0,0,0,2,36.15,31.64,62.11,48.67,0,0,0,0
1359.1,0,0,0,0,0,0,11.52,12.65,21.91,28.76,29.04,0,0,0,0
1360.75,0,0,0,0,0,0,9.52,7.94,3.36,0,23.28,0,0,0,0
1362.4,0,0,0,0,0,0,9.52,0,3.25,0,7.12,0,0,0,0
1364.04,0,0,0,0,0,0,0,0,0,0,0,0,0,0,0
1365.68,0,0,0,0,0,0,0,0,0,0,0,0,0,0,0
1367.33,0,0,0,0,0,0,3,0,0,0,0,0,0,0,0
1368.97,0,0,0,0,0,0,3,0,0,0,0,0,0,0,0
1370.61,0,0,0,0,0,0,3,0,0,0,0,0,0,0,0
1372.25,0,0,0,0,0,0,0,0,0.63,0,0,0,0,0,0
1373.89,0,0,0,0,0,0,0,0,0.63,0,0,0,0,0,0
1375.53,0,0,0,0,0,0,0,0,0.63,0,0,0,0,0,0
1377.16,0,0,0,0,0,0,19.01,1.55,15.15,12.22,0,0.3,0,0,0
1378.8,0,0,0,0,0,0,19.01,1.55,18.91,12.22,0,0.3,0,0,0
1380.43,0,0,0,0,0,0,19.01,3.43,20.73,12.22,0,0.3,0,0,0
1382.07,0,0,0,0,0,0,0,1.87,5.57,0,0,0,0,0,0
1383.7,0,0,0,0,0,0,0,1.87,1.82,0,0,0,0,0,0
1385.33,0,0,0,0,0,0,0,0,0,0,0,0,0,0,0
1386.96,0,0,0,0,0,0,2.95,0,0,0,0,0,0,0,0
1388.59,0,0,0,0,0,0,2.95,0,4.16,0,0,0,0,0,0
1390.22,0,0,0,0,0,0,2.95,0,4.16,0,0,0,0,0,0
1391.85,0,0,0,0,0,0,0,0,4.16,0,0,0,0,0,0
1393.47,0,0,0,0,0,0,0,0,0,0,0,0,0,0,0
1395.1,0,0,0,0,0,0,0,0,0,0,0,0,0,0,0
1396.72,0,0,0,0,0,0,0,0,0,0,0,0,0,0,0
1398.35,0,0,0,0,0,0,0,0,0,0,0,0,0,0,0
1399.97,0,0,0,0,0,0,0,0,0,0,0,0,0,0,0
1401.59,0,0,0,0,0,0,0,0,0,0,0,0,0,0,0
1403.21,0,0,0,0,0,0,0,0,0,0,0,0,0,0,0
1404.83,0,0,0,0,0,0,0,0,0,0,0,0,0,0,0
1406.45,0,0,0,0,0,0,0,0,0,0,0,0,0,0,0
1408.07,0,0,0,0,0,0,0,0,0,0,0,0,0,0,0
1409.68,0,0,0,0,0,0,0,0,0,0,0,0,0,0,0
1411.3,0,0,0,0,0,0,0,0,0,0,0,0,0,0,0
1412.91,0,0,0,0,0,0,0,0,0,0,0,0,0,0,0
1414.53,0,0,0,0,0,0,0,0,0,0,0,0,11.14,0,0
1416.14,0,0,0,0,0,0,0,0,0,0,0,0,29.49,3.17,0
1417.75,0,0,0,0,0,0,0,0,0,0,0,0,29.49,3.17,0
1419.36,0,0,0,0,0,0,0,0,0,0,0,0,18.35,3.17,0
1420.97,0,0,0,0,0,0,0,0,0,0,0,0,0,0,0
1422.58,0,0,0,0,0,0,0,0,0,0,0,0,0,0,0
1424.19,0,0,0,0,0,0,0,0,0,0,0,0,0,0,0
1425.79,0,0,0,0,0,0,0,0,0,0,0,0,0,0,0
1427.4,0,0,0,0,0,0,0,0,0,0,0,0,0,0,0
1429,0,0,0,0,0,0,0,0,0,0,0,0,0,0,0
1430.6,0,0,0,0,0,0,0,0,0,0,0,0,0,0,0
1432.21,0,0,0,0,0,0,0,0,0,0,0,0,30.55,30.5,29.3
1433.81,0,0,0,0,0,0,0,0,0,0,0,0,84.08,82.67,64.94
1435.41,0,0,0,0,0,0,0,0,0,0,0,0,177.94,184.16,144.92
1437.01,0,0,0,0,0,0,0,0,0,0,0,7.84,288.01,262.61,215.39
1438.61,0,0,0,15.34,13.55,0,0,0,0,0,1.81,24.82,407.66,368.3,335.12
1440.2,0,0,0,42.24,17.56,6.75,0,0,6.2,0,18.22,24.82,463.34,411.02,394.53
1441.8,0,0,0,42.24,34.92,23.3,1.96,0,6.2,10.75,18.22,16.98,460.16,428.21,409.42
1443.4,0,0,0,47.88,21.37,38.77,10.7,0,6.2,10.75,16.41,0,401.45,387.54,354.78
1444.99,0,0,0,22.65,38.44,53.86,21.33,19.33,1.23,10.75,0,0,337.2,322.34,266.61
1446.58,0,0,0,32.27,41.31,79.74,28.13,22.92,18.72,0,8.42,18.65,253.43,248.6,203.25
1448.18,0,0,0,23.97,70.14,86.42,19.39,26.88,28.91,10.98,13.02,41.15,185.78,189.67,143.35
1449.77,0,0,0,22.29,113.38,86.67,33.57,40.13,51.13,10.98,23.03,41.15,157.39,172.65,132.7
1451.36,0,0,0,24.82,129.2,82.5,24.81,55.63,58.61,10.98,43.64,32.78,162.57,171.54,125.3
1452.95,0,0,0,29.26,150.59,119.24,54.15,101.71,88,29.73,110.2,55.05,177,202.68,157.48
1454.53,0,0,0,34.8,121.12,124.44,50.3,102.27,109.86,34.45,133.96,85.11,191.57,212.28,178.47
1456.12,0,0,0,41.39,127.33,104.32,78.98,136.85,123.09,56.98,138.78,99.63,211.16,229.24,218.14
1457.71,0,0,0,41.12,106,78.33,68.29,162.24,140.78,72.5,110.13,92.35,250.55,220.34,231.96
1459.29,0,0,0,52.65,108.13,84.8,93.73,204.43,166.61,72.54,141.32,122.24,282.4,232.24,272.9
1460.88,0,7.88,5.79,61.87,110.28,107.63,120.2,210.99,213.8,96.65,190.26,128.55,327.28,273.49,283.88
1462.46,0,7.88,7.44,64.89,122.89,107.91,131.8,187.35,224.47,105.94,180.04,146.37,335.29,286.88,302.32
1464.04,0,7.88,19.08,81.03,140.97,109.66,127.21,186.85,217.93,172.08,195.68,171.04,346.77,301.73,294.56
1465.62,5.45,12.83,35.48,100.54,152.39,116.42,138.97,209.04,226.09,220.3,207.39,238.11,351.27,299.94,302.83
1467.2,6.59,18.84,54.68,111.17,158.62,138.31,134.21,237.7,220.39,225.69,289.94,225.71,373.57,309.62,274.56
1468.78,12.11,32.04,82.57,119.49,173.85,162.55,163.46,263.72,238.71,245.16,307.9,221.04,374.23,297.65,268.98
1470.36,25.33,19.21,112.03,86.06,177.33,156.36,153.63,257,208.95,251.92,316.82,223.99,344.46,266.59,254.65
1471.94,37.13,24.14,121.07,70.2,177.37,148.74,184.05,248.85,209.77,268.64,314.7,248.24,294.6,240.78,260.57
1473.52,43.85,22.31,151.36,72.91,170.33,149.7,175.05,209.95,175.83,234.65,298.21,217.78,251.66,219.87,232.06
1475.09,39.04,22.31,128.44,69.42,137.07,145.77,157.18,173.52,147.04,143.84,267.89,154.5,205.17,192.43,190.69
1476.67,26.09,12.97,154.88,83.62,136.5,152.2,125.67,150.79,121.93,110.1,198.31,117.96,184.05,175.02,174.67
1478.24,14.55,5.54,125.22,46.73,73.83,116.53,79.73,96.3,92.74,99.98,119.69,76.04,149.83,164.84,174.57
1479.81,11.49,18.73,134.37,49.63,55.95,112.98,73.6,79.28,59.35,89.18,60.91,38.17,154.41,178.46,183.26
1481.38,31.6,32.12,139.2,22.22,40.43,107.78,68.49,36.96,29.31,52.98,25.87,13.17,142.01,182.77,177.64
1482.95,30.91,29.64,180.16,20.27,67.02,132.04,60.18,29.5,29.08,6.71,22.43,5.59,169.74,196.21,182.49
1484.52,27.7,16.46,170.47,6.83,80.97,130.98,27.1,7.25,27.5,6.71,8.11,5.59,173.15,190.67,164.36
1486.09,19.62,60.8,158.58,10.02,69.37,131.38,7.82,0,39.76,0,0,0,187.03,221.93,159.03
1487.66,37.36,77.83,134.04,4.62,81.12,113.12,0,0,28.38,0,0,0,175.6,218.2,146.72
1489.22,29.78,88.49,140.74,9.58,85.11,113.76,0,0,29.29,0,0,0,171.41,233.39,165.65
1490.79,23,69.45,155.13,28.06,100.44,109.09,0,0,12.51,0,0,0,175.9,241.92,198.27
1492.35,36.46,90.65,183.09,39.06,102.67,131.98,0,0,4.31,0,0,0,196.63,261.7,220.47
1493.92,59.28,97.42,228.3,53.01,109.47,155.44,0,0,3.4,0,0,0,227.27,280.72,233.24
1495.48,90.57,106.44,247.74,46.53,102.18,192.46,0,0,0,0,0,0,224.82,262.98,215.58
1497.04,94.21,127.14,263.86,42.73,130.56,238.83,0,0,0,0,0,0,250.39,274.59,230.95
1498.6,103.55,157.19,284.34,54.62,147.95,267.88,0,0,0,0,0,0,252.3,287.88,243.34
1500.16,98.58,168.93,296.5,64.53,172.36,286.27,0,0,0,0,0,0,288.9,293.19,277.74
1501.72,119.18,169.58,311.24,95,179.33,300.89,0,0,0,0,0,0,279.08,321.41,299.72
1503.27,144.7,199.13,317.21,85.05,192.53,324.75,0,0,0,0,0,0,293.16,336.87,311.27
1504.83,185.13,232.26,348.42,96.33,223.3,347.17,0,0,0,0,0,0,291.81,377.23,324.07
1506.38,201.91,283.4,372.65,117.97,222.75,374.93,0,0,0,0,0,0,312.48,401.61,343.55
1507.94,243.05,315.23,416.22,141.28,244.21,377.71,0,0,0,0,0,0,319.83,423.01,380.04
1509.49,285.55,359.41,458.15,177.27,270.68,425.82,0,0,0,0,0.38,8.44,332.2,431.42,396.23
1511.04,329.4,389.61,517.75,189.28,305.83,423.28,0,0,0,34.02,1.73,26.85,323.91,414.51,404.76
1512.59,368.93,442.15,566.71,209.64,360.98,488.75,0,2.81,0,67.75,50.73,27.26,329.31,423.63,425.31
1514.14,393.94,485.16,603.79,222.79,371.92,502.67,0,3.79,0,78.42,50.35,82.14,345.17,442.2,428.65
1515.69,433.63,526.52,630.22,230.61,387.87,534.26,0,3.79,0,79.82,83.58,72.08,363.38,465.45,431.68
1517.24,470.56,567.11,671.56,266.01,415.72,575.08,21.5,0.98,11.06,98.5,101.09,150.3,387.49,480.61,431.95
1518.79,545.74,620.94,709.46,302.98,482.14,621.81,29.91,0,21.85,154.45,167.77,171.79,404.51,492.33,455.12
1520.34,585.27,667.13,733.38,342.29,529.22,668.2,32.14,14.52,22.93,187.8,204.28,259.35,425.2,515.41,473.31
1521.88,621.93,734.44,766.76,400.05,533.1,695.38,14.01,44.03,39.25,210.31,215.3,267.74,459.03,534.28,503.63
1523.42,622.83,757.32,787.37,433.72,524.2,705.45,13.13,59.19,46.47,247.77,234.92,302.73,476.09,535.38,505.85
1524.97,639.42,804.54,778,470.4,571.64,737.54,40.94,81.17,67.05,255.28,217.27,319.12,517.83,549.5,520.09
1526.51,624.92,801.68,755.53,479.65,612.98,743.51,62.65,93.39,72.87,273.73,225.56,380.45,533.47,580.52,539.9
1528.05,616,842.38,767.62,507.47,667.55,779.72,92.93,114.84,79.27,244.8,235.47,365.06,593.01,608.45,552.94
1529.59,616.09,831.43,777.4,529.96,674.13,796.93,108.9,109.99,89.35,261.59,282.42,379.06,627.24,614.72,584.67
1531.13,634.64,856.94,792.96,545.91,690.49,833.92,136,112.27,80.23,247.54,285.54,363.55,667.59,637.11,584.52
1532.67,634.89,842.46,781.21,564.54,699.86,845.92,159.78,127.89,94.45,251.54,289.72,403.1,696.95,668.85,615.05
1534.2,645.37,844.22,806.02,576.06,752.12,874.48,175.13,164.76,108.59,259.49,311.5,426.26,716.21,700.83,611.83
1535.74,647.42,821.21,832.74,584.15,790.94,862.94,175.39,192.21,121.97,283.37,312.55,427.02,740.71,700.37,620.16
1537.28,652.27,775.66,848.57,535.7,799.88,869.51,152.11,174.44,125.8,269.75,325.11,415.95,752,697.7,621.63
1538.81,650.36,759.02,880.31,537.48,817.05,886.97,156.07,187.92,133.21,297.41,335.93,430.82,809.52,719.94,650.33
1540.34,651.47,760.38,897.06,558.6,842.22,918.77,158.05,177.75,157.31,273.44,357.48,441.07,838.39,742.52,683.38
1541.88,634.37,784.87,896.59,616.84,867.84,925.68,169.15,202.38,170.2,320.98,380.85,456.81,873.72,780.56,726.88
1543.41,628.63,810.04,887.81,646.09,864.8,916.6,173.27,192.02,191.1,295.56,369.27,462.94,895.72,813.94,773.07
1544.94,653.45,816.11,868.92,661.57,854.32,912.74,200.29,211.91,203.25,322.08,384.3,473.01,952.29,849.88,809.15
1546.47,708.74,815.3,904.82,694.17,879.62,920.67,229.11,247.25,229.85,337.76,411.15,504.9,1005.31,880.29,831.69
1547.99,773.48,846.95,919.51,733.23,911.36,927.37,241.39,257.39,243.92,383.93,473.49,535.62,1035.45,919.48,836.69
1549.52,809.58,857.94,975.54,767.96,995.78,966.41,260.68,283.55,271.34,463.82,540.22,596.05,1057.61,953.35,855.37
1551.05,820.36,898.95,984.25,788.03,1037.87,1006.12,256.65,284.05,295.77,533.08,580.33,623.2,1044.11,964.89,882.39
1552.57,792.04,888.52,965.19,783.33,1044.85,1035.05,267.2,295.13,302.77,555.95,609.37,628.28,995.51,953,883.32
1554.1,786.4,895.77,943.47,831.3,1043.83,1033.32,247.09,303.56,324.79,568.53,669.79,614.41,960.25,929.12,903.92
1555.62,795.89,898.14,942.2,858.39,1025.59,1027.03,259.11,297.11,330.94,566.27,693.7,622.36,934.44,933.69,906.3
1557.14,844.07,932.85,987.28,903.49,1043.36,1033.41,263.81,317.68,360.1,625.05,690.66,634.36,941.98,972.95,936.7
1558.66,847.92,920.24,995.36,890.6,1014.46,1019.8,253.18,311.26,338.6,642.21,652.33,647.41,898.86,972.87,914.12
1560.18,855.9,896.42,987.23,896.82,1008.01,999.62,241.35,321.64,346.24,650.52,618.82,654.27,834.2,944.92,888.65
1561.7,820.89,838.93,965.45,890.71,978.22,977.78,217.54,316.03,315.55,621.55,630.02,660.51,764.87,894.64,858.86
1563.22,823.67,837.24,909.77,874.39,950.55,959.39,220.51,295.22,317.32,658.39,632.38,702.24,723.33,874.81,847.85
1564.74,811.47,812.56,873.11,873.08,928.21,951.33,206.84,292.08,291.44,678.95,642.78,724.01,691.8,861.33,840.86
1566.25,797.72,792.32,852.23,852.54,898.98,918.38,189.95,255.41,294.02,684.99,626.99,717.27,669.06,819.63,829.65
1567.77,769.77,752.88,853.47,848.13,907.53,914.2,172.52,241.52,271.06,619.85,599.7,664.68,637.1,801.38,805.56
1569.28,760.6,745.22,862.5,832.16,918.52,915.14,165.54,222.43,242.88,579.86,554.56,645.91,629.26,802.25,785.26
1570.79,750.12,718.57,824.86,835.2,952.19,969.41,167.58,217.35,205.72,531.25,559.12,650.19,608.42,811.8,757.3
1572.31,750.31,739.26,829.56,830.91,984.85,981.01,167.3,219.95,207.24,518.34,568.72,675.16,634.93,827.02,756.02
1573.82,721.4,721.84,813.83,829.51,1039.4,990.16,174.59,198.79,220,514.36,607.59,681.4,651.33,844.8,725.63
1575.33,699.18,739.1,807.43,789.11,1035.94,943.98,163.22,186.64,223.43,531.09,592.49,680.35,664.41,848.92,709.58
1576.84,678.63,712.37,792.37,770.72,1031.82,912.13,168.86,179.16,211.87,540.52,586.77,683.66,643.49,827.04,686.54
1578.34,643.09,690.98,763.32,694,987.04,875.28,156.84,190.37,196.66,524.99,597.75,660.35,603.58,783.51,677.51
1579.85,620.78,653.48,755.15,664.5,956.8,855.65,151.73,188.48,200.69,500.05,611.66,642.63,585.9,739.54,642.38
1581.36,576.93,642.43,733.11,601.12,895.01,858.79,135.4,171.38,198.5,521.92,624.72,658.06,551.99,703.02,593.36
1582.86,574.98,668.61,744.63,602.63,842.44,834.15,145.98,172.17,195.55,502.39,605.03,618.08,561.66,692.39,576.24
1584.37,580.71,687.13,731.81,596.47,807.2,787.84,142.56,155.32,183.6,553.56,538.38,607.47,554.65,664.76,552.79
1585.87,606,691.55,704.56,575.87,775.18,742.42,163.71,154.36,191.56,525.98,541.99,555.46,540.55,650.7,556.9
1587.37,618.3,687.63,680.64,563.61,776.82,707.99,162.87,148.08,198.86,568.78,570.63,580.47,518.44,623.64,544.02
1588.87,582.83,691.61,670.94,547.91,767.69,671.12,174.93,164.36,205.06,560.83,618.53,545.74,489.9,605.48,543.7
1590.37,536.37,682.93,668.25,574.2,731.21,653.57,163.66,167.33,196.6,578.91,580.8,549.72,476.03,577.98,509.72
1591.87,498.25,671.25,645.57,574.5,673.73,629.02,171.74,161.97,201.49,584.7,553.43,537.72,449.83,549.16,492.74
1593.37,508.81,647.91,617.55,551.79,625.92,632.13,176.83,164.28,210.05,565.18,572.76,542.43,421.3,546.01,467.1
1594.86,514.82,621.02,572.98,506.2,618.54,588.34,186.03,166.39,204.4,553.14,601.24,532.94,397.88,518.63,457.58
1596.36,501.61,564.91,536.19,473.39,595.94,563.66,166.36,169.94,208.87,547.57,595.85,490.6,370.58,513.04,446.84
1597.86,470.97,529.03,515.95,460.8,572.22,542.87,175.92,192.4,229.91,553.92,608.39,515.51,372.5,508.67,462.65
1599.35,436.56,486.04,495.94,467.76,561.72,561.62,184.37,201.42,246.5,546.53,602.18,480.34,363.31,505.87,455.03
1600.84,423.6,463.16,469.71,465.83,561.33,558.81,221.61,206.56,233.89,531.61,604.44,518.31,353.91,478.84,416.86
1602.33,398.54,430.84,410.7,478.13,567.49,534.89,222.74,193.26,224.17,515.61,556.63,516.2,307.06,434.37,357.58
1603.83,372.81,420.19,366.36,468.09,536.3,501.29,221.89,159.97,209.79,501.63,492.84,482.78,293.55,400.57,309.96
1605.32,362.31,399.76,334.57,458.27,522.67,509.57,200.93,150.92,224.64,498.91,489.97,466.28,261.26,366.99,276.58
1606.8,344.38,365.23,326.01,432.01,495.25,512.74,191.2,144.42,203.06,450.77,456.68,414.03,249.2,309.63,221.75
1608.29,311.45,309.69,289.78,416.07,454.16,473.23,162.8,139.6,172.81,388.99,426.42,396.48,184.13,253.61,174.92
1609.78,280.08,268.05,255.1,414.36,446.29,426.6,160.31,124.67,136.46,288.46,353.74,351.5,153.63,181.48,135.99
1611.27,235.05,244.74,213.1,387.98,422.41,407.97,134.15,106.42,109.12,231.28,263.42,300.56,93.12,131.02,108.72
1612.75,229.91,215.65,184.31,360.82,409.07,391.21,122.22,111.4,90.34,183.36,215.35,260.19,52.17,67.64,63.83
1614.23,187.34,165.46,144.41,298.54,355.95,358.34,101.86,84.27,64.46,145.01,141.19,197.4,10.45,25.07,20.71
1615.72,171.76,125.93,116.51,254.26,318.49,315.79,101.16,79.15,42.91,155.02,179.05,161.97,3.35,3.06,0
1617.2,139.19,112.4,99.61,225.98,303.03,296.89,93.81,61.04,54.7,143.06,173.61,161.57,11.29,3.06,5.69
1618.68,123.85,141.42,97.26,200.58,267.77,265.88,74.01,77.15,65.73,149.34,211.41,170.41,23.45,5.81,5.73
1620.16,92.29,124.89,65.68,203.62,259.62,249.3,58.33,53.05,63.2,97.75,166.35,163.05,43.43,11.79,10.47
1621.64,65.51,120.81,48.88,197.43,237.24,230.83,34.74,50.06,40.12,91.63,138.42,127.49,46.14,28.67,8.77
1623.12,43.06,61.62,13.21,161.91,228.19,196.34,13.96,20.49,11.72,53.27,63.17,123.28,31.11,25.92,8.72
1624.59,53.51,68.42,9.44,158.94,212.68,190.07,7.63,45.4,17.2,49.41,44.84,129.32,11.14,25.9,3.98
1626.07,37.3,31.66,0,120.08,168.6,155.23,9.44,33.85,13.23,14.61,24.82,102.93,0,9.02,0
1627.54,21.1,31.66,0,112.43,147.4,153.27,13,33.85,13.23,14.61,32.53,53.68,0,9.02,0
1629.02,0,0,0,75.77,109.2,113.96,10.68,0,0,0,7.8,8.22,0,0,0
1630.49,0,0,0,53.34,114.87,114.87,15.25,0,0,0,9.25,8.22,0,0,0
1631.96,0,0,0,37.11,83.42,83.65,11.69,0,0,2.79,1.45,0,0,0,0
1633.43,0,0,0,18.55,72.96,61.75,6.39,0,0,2.79,1.45,3.81,0,0,0
1634.9,0,0,0,13.65,36.49,33.18,0,0,0,2.79,0,3.81,0,0,0
1636.37,0,0,0,13.06,21.65,25.08,0,0,0,0,0.93,3.81,0,0,0
1637.84,0,0,0,20.03,0.49,19.7,0,0,0,0,0.93,0,0,0,0
1639.31,0,0,0,16.19,0,11.53,0,0,0,0,0.93,0,0,0,0
1640.77,0,0,0,16.19,0,11.53,0,0,0,0,0,0,0,0,0
1642.24,0,0,0,0,0,4.34,0,0,0,0,0,0,0,0,0
1643.7,0,0,0,0,0,0.6,0,0,0,0,0,0,0,0,0
1645.17,0,0,0,0,0,11.95,0,0,0,0,0,0,0,0,0
1646.63,0,0,0,0,0,11.34,0,0,0,0,0,0,0,0,0
1648.09,0,0,0,0,0,11.34,0,0,0,0,0,0,0,0,0
1649.55,0,0,0,0,0,0,0,0,0,0,0,0,0,0,0
1651.01,0,0,0,0,0,0,0,0,0,0,0,0,0,0,0
1652.46,0,0,0,0,0,0,0,0,0,0,0,0,0,0,0
1653.92,0,0,0,0,0,0,0,0,0,0,0,0,0,0,0
1655.38,0,0,0,0,0,0,0,0,0,0,0,0,0,0,0
1656.83,0,0,0,0,0,0,0,0,0,0,0,0,0,0,0
1658.29,0,0,0,0,0,0,0,0,0,0,0,0,0,0,0
1659.74,0,0,0,0,0,0,0,0,0,0,0,0,0,0,0
1661.19,0,0,0,0,0,0,0,0,0,0,0,0,0,0,0
1662.64,0,0,0,0,0,0,0,0,0,0,0,0,0,0,0
1664.09,0,0,0,0,0,0,0,0,0,0,0,0,0,0,0
1665.54,0,0,0,0,0,0,0,0,0,0,0,0,0,0,0
1666.99,0,0,0,0,0,0,0,0,0,0,0,0,0,0,0
1668.44,0,0,0,0,0,0,0,0,0,0,0,0,0,0,0
1669.88,0,0,0,0,0,0,0,0,0,0,0,0,0,0,0
1671.33,0,0,0,0,0,0,0,0,0,0,0,0,0,0,0
1672.77,0,0,0,0,0,0,0,0,0,0,0,0,0,0,0
1674.21,0,0,0,0,0,0,0,0,0,0,0,0,0,0,0
1675.66,0,0,0,0,0,0,0,0,0,0,0,0,0,0,0
1677.1,0,0,0,0,0,0,0,0,0,0,0,0,0,0,0
1678.54,0,0,0,0,0,0,0,0,0,0,0,0,0,0,0
1679.97,0,0,0,0,0,0,0,0,0,0,0,0,0,0,0
1681.41,0,0,0,0,0,0,0,0,0,0,0,0,0,0,0
1682.85,0,0,0,0,0,0,0,0,0,0,0,0,0,0,0
1684.29,0,0,0,0,0,0,0,0,0,0,0,0,0,0,0
1685.72,0,0,0,0,0,0,0,0,0,0,0,0,0,0,0
1687.15,0,0,0,0,0,0,0,0,0,0,0,0,0,0,0
1688.59,0,0,0,0,0,0,0,0,0,0,0,0,0,0,0
1690.02,0,0,0,0,0,0,0,0,0,0,0,0,0,0,0
1691.45,0,0,0,0,0,0,0,0,0,0,0,0,0,0,0
1692.88,0,0,0,0,0,0,0,0,0,0,0,0,0,0,0
1694.31,0,0,0,0,0,0,0,0,0,0,0,0,0,0,0
1695.74,0,0,0,0,0,0,0,0,0,0,0,0,0,0,0
1697.16,0,0,0,0,0,0,0,0,0,0,0,0,0,0,0
1698.59,0,0,0,0,0,0,0,0,0,0,0,0,0,0,0
1700.01,0,0,0,0,0,0,0,0,0,0,0,0,0,0,0
1701.44,0,0,0,0,0,0,0,0,0,0,0,0,0,0,0
1702.86,0,0,0,0,0,0,0,0,0,0,0,0,0,0,0
1704.28,0,0,0,0,0,0,0,0,0,0,0,0,0,0,0
1705.7,0,0,0,0,0,0,0,0,0,0,0,0,0,0,0
1707.12,0,0,0,0,0,0,0,0,0,0,0,0,0,0,0
1708.54,0,0,0,0,0,0,0,0,0,0,0,0,0,0,0
1709.96,0,0,0,0,0,0,0,0,0,0,0,0,0,0,0
1711.38,0,0,0,0,0,0,0,0,0,0,0,0,0,0,0
1712.79,0,0,0,0,0,0,0,0,0,0,0,0,0,0,0
1714.21,0,0,0,0,0,0,0,0,0,0,0,0,0,0,0
1715.62,0,0,0,0,0,0,0,0,0,0,0,0,0,0,0
1717.04,0,0,0,0,0,0,0,0,0,0,0,0,0,0,0
1718.45,0,0,0,0,0,0,0,0,0,0,0,0,0,0,0
1719.86,0,0,0,0,0,0,0,0,0,0,0,0,0,0,0
1721.27,0,0,0,0,0,0,0,0,0,0,0,0,0,0,0
1722.68,0,0,0,0,0,0,0,0,0,0,0,0,0,0,0
1724.08,0,0,0,0,0,0,0,0,0,0,0,0,0,0,0
1725.49,0,0,0,0,0,0,0,0,0,0,0,0,0,0,0
1726.9,0,0,0,0,0,0,0,0,0,0,0,0,0,0,0
1728.3,0,0,0,0,0,0,0,0,0,0,0,0,0,0,0
1729.71,0,0,0,0,0,0,0,0,0,0,0,0,0,0,0
1731.11,0,0,0,0,0,0,0,0,0,0,0,0,0,0,0
1732.51,0,0,0,0,0,0,0,0,0,0,0,0,0,0,0
1733.91,0,0,0,0,0,0,0,0,0,0,0,0,0,0,0
1735.31,0,0,0,0,0,0,0,0,0,0,0,0,0,0,0
1736.71,0,0,0,0,0,0,0,0,0,0,0,0,0,0,0
1738.11,0,0,0,0,0,0,0,0,0,0,0,0,0,0,0
1739.51,0,0,0,0,0,0,0,0,0,0,0,0,0,0,0
1740.9,0,0,0,0,0,0,0,0,0,0,0,0,0,0,0
1742.3,0,0,0,0,0,0,0,0,0,0,0,0,0,0,0
1743.69,0,0,0,0,0,0,0,0,0,0,0,0,0,0,0
1745.08,0,0,0,0,0,0,0,0,0,0,0,0,0,0,0
1746.48,0,0,0,0,0,0,0,0,0,0,0,0,0,0,0
1747.87,0,0,0,0,0,0,0,0,0,0,0,0,0,0,0
1749.26,0,0,0,0,0,0,0,0,0,0,0,0,0,0,0
1750.65,0,0,0,0,0,0,0,0,0,0,0,0,0,0,0
1752.03,0,0,0,0,0,0,0,0,0,0,0,0,0,0,0
1753.42,0,0,0,0,0,0,0,0,0,0,0,0,0,0,0
1754.81,0,0,0,0,0,0,0,0,0,0,0,0,0,0,0
1756.19,0,0,0,0,0,0,0,0,0,0,0,0,0,0,0
1757.58,0,0,0,0,0,0,0,0,0,0,0,0,0,0,0
1758.96,0,0,0,0,0,0,0,0,0,0,0,0,0,0,0
1760.34,0,0,0,0,0,0,0,0,0,0,0,0,0,0,0
1761.72,0,0,0,0,0,0,0,0,0,0,0,0,0,0,0
1763.1,0,0,0,0,0,0,0,0,0,0,0,0,0,0,0
1764.48,0,0,0,0,0,0,0,0,0,0,0,0,0,0,0
1765.86,0,0,0,0,0,0,0,0,0,0,0,0,0,0,0
1767.24,0,0,0,0,0,0,0,0,0,0,0,0,0,0,0
1768.61,0,0,0,0,0,0,0,0,0,0,0,0,0,0,0
1769.99,0,0,0,0,0,0,0,0,0,0,0,0,0,0,0
1771.36,0,0,0,0,0,0,0,0,0,0,0,0,0,0,0
1772.73,0,0,0,0,0,0,0,0,0,0,0,0,0,0,0
1774.1,0,0,0,0,0,0,0,0,0,0,0,0,0,0,0
1775.48,0,0,0,0,0,0,0,0,0,0,0,0,0,0,0
1776.85,0,0,0,0,0,0,0,0,0,0,0,0,0,0,0
1778.21,0,0,0,0,0,0,0,0,0,8.11,0,0,0,0,3.11
1779.58,0,0,0,0,0,0,0,0,0,8.11,0,0,0,0,3.11
1780.95,0,0,0,0,0,0,0,0,0,8.11,0,0,0,0,3.11
1782.32,0,0,0,0,0,0,0,0,0,0,0,0,0,0,0
1783.68,0,0,0,0,0,0,0,0,0,0,0,0,0,0,0
1785.04,0,0,0,0,0,0,0,0,0,0,0,0,0,0,0
1786.41,0,0,0,0,0,0,0,0,0,0,0,0,0,0,0
1787.77,0,0,0,0,0,0,0,0,0,0,0,0,0,0,0
1789.13,0,0,0,0,0,0,0,0,0,0,0,0,0,0,0
1790.49,0,0,0,0,0,0,0,0,0,0,0,0,0,0,0
1791.85,0,0,0,0,0,0,0,0,0,0,0,0,0,0,0
1793.21,0,0,0,0,0,0,0,0,0,0,0,0,0,0,0
1794.57,0,0,0,0,0,0,0,0,0,11.44,0,0,0,0,0
1795.92,0,0,0,0,0,0,0,0,0,15.1,13.83,0,0,0,0
1797.28,0,0,0,0,0,0,0,0,0,15.1,13.83,0,2.75,9.19,0
1798.63,0,0,0,0,0,0,0,0,2.13,13.37,20.97,0,2.75,18.76,1.22
1799.98,0,0,0,0,0,0,0,0,2.13,9.71,10.39,0,2.75,18.76,1.22
1801.34,0,0,0,0,0,0,0,0,2.13,9.95,36.97,0,5.08,9.57,1.22
1802.69,0,0,0,0,0,0,0,3.66,0,6.94,29.84,0,5.08,14.51,6.38
1804.04,0,0,0,0,0,0,0,5,0,18.52,26.58,3.93,7.64,20.81,6.38
1805.39,0,0,0,0,0,0,0,5,0,39.51,0,3.93,2.55,20.81,6.38
1806.73,0,0,0,0,0,0,0,1.35,7.08,39.32,0,6.72,2.55,6.29,0
1808.08,0,0,0,0,0,0,0,0,7.08,27.74,1.13,7.04,0,0,0
1809.43,0,0,0,0,0,0,0,0,7.08,6.51,14.7,8.4,0,0,0
1810.77,0,0,0,0,0,0,9.63,0,0,13.93,14.7,5.61,0,0,0
1812.12,0,0,0,0,0,0,11.75,1.82,0,13.93,13.56,2.19,0,0,0
1813.46,0,0,0,0,0,0,11.75,1.82,0,13.93,0,0.84,0,0,0
1814.8,0,0,0,0,0,0,4.43,1.82,0,14.38,8.62,9.96,0,0,0
1816.14,0,0,0,0,0,0,3.19,8.63,4.12,23.9,17.68,18.69,1.69,0,0
1817.48,0,0,0,0,0,0,17.63,8.63,4.12,33.87,17.68,23.68,1.69,0,0
1818.82,0,0,0,14.04,3.28,5.71,21.44,35.41,24.07,26.02,11.03,39.73,16.72,8.32,9.99
1820.16,0,0,0,14.04,3.28,5.71,20.56,26.78,19.94,33.87,23.76,37.15,15.03,9.49,9.99
1821.5,0,0,0,14.04,3.28,5.71,20.63,36.88,30.89,46.55,43.12,57.07,22.57,9.49,15.26
1822.83,0,0,0,0,0,0,20.78,14.73,22.42,57.61,58.05,44.03,7.55,16.94,21.23
1824.17,0,0,0,0,0,0,28.67,23.44,38.31,40.24,43.91,51.59,16.56,15.76,21.23
1825.5,0,0,0,6.81,0,0,27.76,24.22,31.45,26.16,24.56,45.08,12.31,17.6,22.12
1826.83,0,0,0,6.81,0,0,25.48,37.29,20.88,22.01,20.28,48.5,12.31,6.94,11.98
1828.17,0,0,0,6.81,0,0,17.59,36.11,9.72,37.61,12.63,39.96,17.76,12.27,11.98
1829.5,0,0,0,0,9.52,0,13.69,26.23,7.52,29.03,12.63,29.02,24.84,11.64,7.54
1830.83,0,0,0,0,9.52,0,25.09,21.64,7.96,15.6,0,33.68,33.44,8.64,9.73
1832.16,0,0,0,2.56,9.52,0,37.58,18.12,3.22,0,8.42,38.05,18.97,3.32,12.43
1833.49,0,0,0,7.54,6.51,2.13,39.02,26.23,12.7,6.47,37.53,37.67,12.4,15.36,13.65
1834.81,0,0,0,7.54,6.51,2.13,30.09,21.64,11.8,33.98,54.98,17.46,3.79,13.26,5.65
1836.14,0,0,0,4.98,6.51,2.13,35.01,33.23,14.34,47.85,74.32,7.08,7.96,19.52,7.68
1837.46,0,0,0,0,0,0,30.34,28.89,11.37,50.02,47.36,0,6.27,6.26,4.74
1838.79,0,0,0,0,0,0,28.87,21.07,14.92,22.51,29.92,0,6.27,6.26,4.74
1840.11,0,0,0,3.08,4.47,0,36.91,28.1,29.65,34.65,34.25,1.12,3.28,12.22,0
1841.43,0,0,0,3.08,4.47,0,41.02,40.2,36.45,26,32.1,2.01,3.04,18.45,1.26
1842.75,0,0,0,3.08,4.47,0,46.54,53.7,47.67,33.05,43.81,22.11,3.04,18.45,4.01
1844.07,0.42,0,0,0,0,0,31.36,51.5,31.51,28.18,11.72,36.14,16.16,6.22,14.12
1845.39,20.71,0.58,5.05,25.65,10.61,23,55.81,70.92,44.64,75.72,47.83,64.42,45.92,27.25,45.65
1846.71,20.71,0.58,5.05,25.65,10.61,25.18,57.11,75.19,42.63,78.58,45.9,44.33,48.5,31.79,42.9
1848.03,20.29,0.58,5.05,39.38,10.61,25.18,67.82,77.53,43.68,64.48,61.43,40.13,42.51,33.03,32.79
1849.34,1.11,0,2.49,34.48,0,12.71,55.71,68.38,41.26,38.86,77.34,51.07,17.37,15.5,17.75
1850.66,1.11,0,2.49,34.48,0,17.52,53.23,57.19,41.46,49.15,70.83,51.45,14.79,13.6,23.47
1851.97,1.11,0,2.49,32.16,0,25.43,46.38,49.29,58.95,57.7,90.58,42.23,17.24,16.32,34.24
1853.29,11.79,0,0,14.79,9.9,22.15,34.83,62.35,57.73,69.17,39.58,34.26,29.32,38.33,46.07
1854.6,11.79,0,0,20.47,9.9,15.16,26.46,64.59,56.37,48.96,43.72,47.1,47.65,48.19,51.09
1855.91,25.27,3.34,9.02,22.78,40.11,8.24,46.93,81.68,68.18,65.38,36,72.41,75.09,74.24,75.95
1857.22,13.48,3.34,11.52,19.4,34.12,1,44.15,41.48,50.4,51.16,41.98,49.09,63.94,56.68,47.22
1858.53,13.48,10.02,22.6,30.95,50.15,13.57,70.55,59.14,63.13,81.56,64.43,82.9,74.63,70.98,61.66
1859.84,10,6.68,13.58,31.46,21.63,23.19,50.24,53.09,48.49,65.06,64.12,107.96,57.62,58.9,42.06
1861.15,22.32,6.68,11.08,45.35,30.06,33.51,67.23,72.36,72.14,65.14,81.73,121.94,73.9,66.11,56.08
1862.45,29.62,0,0,31.32,14.03,20.94,58.73,65.44,63.97,51.36,84.15,74.91,50.7,39.32,35.62
1863.76,55.42,0.52,5.35,44.46,34.82,29.21,84.07,76.71,94.64,50.71,117.7,30.16,64.01,61.23,68
1865.06,57.05,0.52,5.35,33.44,22.48,21.99,59.94,66.82,77.16,70.54,109.72,14.55,56.84,55.65,70.89
1866.36,57.96,9.3,5.35,57.38,29.38,37.07,64.43,71.55,90.64,83.61,113.66,59.33,87.29,82.2,96.07
1867.67,39.37,8.79,10.14,35.49,18.82,44.32,45.76,58.45,58.3,114.15,93.06,90.76,86.93,81.76,88.09
1868.97,47.51,17.67,28.95,44.99,41.3,64.3,66.17,70.09,70.35,112.71,124.15,125.89,91.63,88.72,100.52
1870.27,39.36,8.88,36.19,22.22,51.2,56.69,47.64,56.79,56.14,108.96,128.93,120.7,87.73,87.08,105.68
1871.57,48.6,14.68,54.51,36.85,73.17,47.47,51.52,55.56,73,95.57,125.73,141.2,99.57,77.51,94.9
1872.87,33.45,22.87,58.77,42.43,63.76,36.88,59.02,72.28,70.48,113.75,127.44,160.61,112.7,90.56,84.07
1874.16,53.03,36.41,61.09,52.07,57.08,36.69,77.26,83.06,80.03,114.62,147.5,169.04,100.91,89.01,69.98
1875.46,56.76,36.84,32.64,46.22,38.58,29.67,64.34,93.36,65.08,137.96,141.36,168.27,64.95,88.3,49.07
1876.75,72.11,40.88,21.76,65.64,56.7,41.61,56.71,90.93,74.09,144.53,168.13,152.08,71.96,84.89,72.44
1878.05,64.06,31.87,15.16,51.64,56.78,39.17,48.38,98.13,62.39,159.35,147.47,146.45,73.25,83.43,68.43
1879.34,49.29,36.48,27.45,40.97,47.48,29.26,61.33,89.61,75.31,162.41,155.72,121.74,80.17,82.93,77.05
1880.63,50.01,26.27,15.26,25.8,25.68,22.95,65.79,73.93,71.41,158.26,156.43,141.49,66.26,72.93,60.5
1881.93,60.57,35.89,33.96,41.52,35.4,26.16,81.43,74.43,85.68,180.58,165.6,157.03,77.21,90.45,76.8
1883.22,79.4,36.13,28.94,59.14,55.74,39.74,79.7,84.54,84.57,177.8,171.68,168.14,86.44,98.26,84.71
1884.51,75.83,35.65,28.94,47.04,59.03,21.62,64.58,83.6,69.75,155.59,153,146.82,68.29,93.69,75.58
1885.79,85.2,41.45,26.14,51.89,61.27,35.68,61.09,87.95,76.88,145.95,153.55,167.74,61.77,84.4,72.73
1887.08,81.07,36.43,25.19,50.91,43.69,30.92,53.11,68.8,70.52,147.11,144.22,201.46,49.42,70.63,66.73
1888.37,91.88,47.68,40.82,77.21,43.73,46.36,74.08,73.27,82.78,170.5,143.47,208.41,74.7,88.47,78
1889.65,86.74,49.34,36.21,87.57,42.84,56.95,82.78,70.8,67.76,194.24,146.73,213.04,80.38,87.72,97.68
1890.94,78.42,56.82,29.9,87.43,61.78,74.72,93.66,80.17,63.59,217.43,162.44,213.46,96.9,88.81,122.86
1892.22,76.49,74.37,48.52,88.69,93.46,102.56,99.28,94.93,84.82,224.31,183.17,237.89,113.15,104.96,143.11
1893.5,77.05,52.76,34.3,82.11,95.65,91.24,77.06,95.53,80.55,213.3,188.69,219.44,114.24,102.28,121.52
1894.78,96.99,76.87,66.03,88.26,98.56,95.64,85.58,111.85,103.01,230.31,201.88,201.01,133.41,112.68,118
1896.06,101.42,66.81,57.38,79.24,94.65,79.23,71.28,114.01,95.31,227.11,203.53,190.03,122.41,100.24,107.99
1897.34,109.68,80.59,70.24,83.06,89.59,74.32,84.81,108.68,101.45,237.69,175.97,172.5,111.26,96.32,111.81
1898.62,90.43,72.21,84.59,78.72,86.36,65.92,84.85,98.85,85.42,213.4,215.85,210.1,96.95,101.9,107.47
1899.9,94.34,60,82.79,83.21,64.31,51.7,83.74,81.52,71.91,203.89,202.53,217.14,88.82,94.99,110.98
1901.18,113.63,93.84,90.04,86.42,84.32,66.54,85.35,95.91,81.45,197.72,256.54,228.2,98.75,115.15,130.87
1902.45,116.19,91.63,63.9,82.58,76.95,62,76.25,89.59,81.61,186.78,205.12,172.82,73.97,105.59,107.38
1903.72,113.79,94.81,61.82,76.8,81.31,81.85,87.55,104.99,85.83,176.52,200.71,130.77,74.92,96.09,96.62
1905,90.66,75.94,64.69,78.29,77.95,72.33,83.46,99.67,83.33,174.15,160.52,119.63,90.48,91.21,85.81
1906.27,100.69,70.24,75.39,78.95,73.44,78.31,91.21,107.18,76.01,168.56,153.45,118.93,111.23,92.84,111.83
1907.54,87.43,67.59,76.82,72.34,65.99,60.69,75.69,95.42,70.74,151.98,154.72,89.56,89.7,89.19,106.92
1908.81,79.33,69.11,89.74,65.22,50.04,59.91,77.01,88.16,63.31,128.52,144.77,70.98,69.02,74.39,98.51
1910.08,83.16,69.9,86.62,84.72,61.05,69.75,68.62,81.17,80.49,143.28,165.37,81.63,67.62,76.54,99.38
1911.35,108.92,72.31,94.1,75.82,68.67,64.87,58.17,74.47,78.96,150.6,154.87,133.18,88.17,80.3,90.53
1912.62,117.84,62.89,81.08,62.43,64.13,60.84,44.56,73.26,78.26,132.04,159.15,143.84,76.23,68.57,85.18
1913.88,113.13,82.85,82.46,62.43,69.33,58.53,44.02,85.45,80.29,118.81,147.43,115.5,71.36,54.9,82.56
1915.15,98.8,89.54,72.88,67.81,72.25,54.29,55.2,82.68,77.7,149.25,134.72,104.16,64.21,55.29,85.67
1916.41,103.52,88.61,59.03,62.91,82.89,61.11,62.44,67.64,82.85,173.02,133,92.48,68.79,64.42,89.83
1917.68,110.61,76.08,55.24,50.4,75.61,47.66,68.41,59.66,70.38,164.13,99.62,121.48,73.1,68.26,82.72
1918.94,107.29,59.48,48.72,57.84,65.6,69.49,57.99,64.62,82.86,129.46,110.46,109.36,57.03,62.06,84.22
1920.2,111.35,71.94,56.26,70.33,52.99,61.05,63.96,79.29,83.73,107.46,109.96,108.57,50.69,57.25,74.11
1921.46,105.9,68.57,60.96,84.65,59.88,64.45,68.11,78.47,81.43,89.57,116.24,112.23,45.18,70.95,74.84
1922.72,115.71,86.8,78.27,88.91,62.06,65.14,93.53,93.92,70.41,118.89,102.08,117.44,63.63,88.26,85.84
1923.98,88.01,67.54,79.42,96.01,77.08,58.66,80.13,85.54,73.89,126.66,78.02,135.43,63.58,81.74,80.68
1925.24,90.24,80.88,87.51,80.04,76.71,68.47,70.01,81.76,77.99,116.65,100.51,118.64,80.82,67.17,82.8
1926.49,74.39,89.83,73.53,80.02,73.29,53.9,57.16,68.6,78.03,80.53,99.56,105.06,75,59.89,65.2
1927.75,99.92,96.83,89.62,73.39,69.27,65.39,70.38,67.82,68.45,78.06,108.27,116.15,99.25,84.99,73.99
1929,97.49,88.56,79.09,70.47,62.64,45.27,66.99,70.75,62.94,95.6,69.97,113.57,81.56,72.16,68.5
1930.26,90.66,57.22,61.21,54.16,66.96,45.77,49.2,57.96,46.7,86.02,71.89,132.87,72.15,53.6,67.96
1931.51,99.3,82.05,69.45,71.02,76.78,78.44,63.59,73.67,70.29,97.2,124.58,121.27,78.24,69.55,91.58
1932.76,86.43,86.71,70.19,70.37,72.78,91.96,51.48,57.54,58.05,96.83,126.37,118.11,75.51,76.67,95.03
1934.01,111.71,110.53,103.38,86.55,75.28,101.31,74.87,62.24,71.63,125.9,133.61,135.73,86.95,96.96,112.66
1935.26,96.03,95.73,99,65.78,47.17,58.05,50.98,36.99,42.94,118.96,80.83,126,71.45,76.3,84.33
1936.51,108.94,90.55,115.57,75.62,43.68,68.74,65.71,54.68,61.86,122.9,123.94,133.49,79.22,92.93,89.62
1937.76,82.67,80.52,105.63,57.96,31.36,64.28,57.93,66.86,59.28,118.94,108.48,106.74,74.84,89.39,81.08
1939,87.88,67.99,90.51,62.79,45.55,70.98,57.66,72.87,58.86,99.75,127.12,81.1,59.96,68.02,85.03
1940.25,73.23,66.96,77.9,42.78,34.57,40.19,50.22,53.71,50.27,88.33,86.53,59.56,53.25,49.49,69.15
1941.49,76.74,68.42,78.45,53.27,44.09,34.57,45.28,37.38,50.52,54.34,81.71,56.12,43.71,33.79,76.1
1942.74,75.28,75.26,83.04,47.81,47.68,34.68,38.06,32.76,47.48,46.01,63.21,49,44.9,46.48,79.77
1943.98,93.86,80.83,95.02,68.4,60.99,57.18,35.56,42.86,52.83,51.34,79.69,62.88,52.14,62.56,95.83
1945.22,91.13,100.77,98.39,60.38,49.69,60.08,21.76,41.01,48.56,68.65,67.5,46.74,60.11,75.37,84.6
1946.46,88.23,100.21,90.25,63.18,47.9,57.48,37.14,57.65,54.12,80.4,77.74,81.03,76.25,85.01,75.21
1947.7,68.24,96.26,80.39,51.92,52.38,52.83,33.14,48.56,61.62,92.36,88.52,97.2,64,82.93,75.43
1948.94,70.96,81.02,94.24,68.38,57.6,42.9,45.89,53.18,57.84,97.97,95.29,105.35,68.15,75.57,81.7
1950.18,66.49,85.27,97.25,68.99,47.31,49.15,37.44,36.96,60.89,105.34,93.49,82.27,62.79,61.38,88.8
1951.41,82.94,94.13,93.53,70.22,44.98,58.68,38.6,38.02,36.88,89.59,65.89,59.73,57.05,51.47,76.51
1952.65,91.42,106.37,92.2,59.49,46.37,67.93,43.14,30.78,45.25,66.82,73.28,73.5,54.7,49.95,70.27
1953.88,87.61,102.33,100.58,61.48,42.48,51.58,41.08,29.93,44.67,55.38,75.66,83.6,41.08,51.14,61.42
1955.12,73.83,94.66,103.01,52.51,33.98,29.29,38.06,25.46,43.15,34.24,68.35,84.01,47.84,45.07,55.29
1956.35,76.08,94.05,109.82,59.6,42.55,35.72,39.76,37.37,39.67,79.43,74.35,62.07,40,47.38,63.87
1957.58,64.92,90.37,101.57,63.62,50.73,41.77,28.41,28.54,20.8,85.16,43.23,38.72,37.1,36.63,62.06
1958.81,65.35,77.96,100.6,62.25,42.52,50.1,20.67,25.98,26.19,100.75,71.31,19.86,19.5,23.02,61.2
1960.04,71.48,61.27,72.67,55.59,42.7,39.16,13.64,8.81,25.98,75.33,62.04,20.98,12.27,21.94,53.71
1961.27,77.41,68.4,87.23,33.75,36.38,50.72,11.97,9.12,24.57,62.33,86.86,48.14,8.54,21.69,49.72
1962.5,71.6,76.47,82.73,24.19,46.01,32.89,16.04,5.37,13.13,41.21,69.22,68.55,19.07,27.86,48.01
1963.72,60.82,83.59,104.94,32.34,41.04,39.12,26.83,24.66,16.39,53.4,69.55,82.95,21.67,26.61,42.68
1964.95,55.41,83.08,83.21,29.21,38.45,21.41,27.15,27.66,16.39,53.9,43.06,55.79,17.02,19.91,31.37
1966.17,62.58,70.18,93.07,39.01,31.14,35.99,26.93,25.8,23.96,54.6,49.91,45.36,17.29,18.99,25.03
1967.4,71.56,72.77,73.43,17.63,28,25.73,7.87,10.56,14.03,31.73,48.51,46.36,10.8,8.23,10.19
1968.62,68.24,66.73,75.17,20.31,25.26,25.86,7.56,6.24,14.03,39.5,49.9,46.36,10.8,8.23,10.19
1969.84,68.61,62.08,54.29,14.36,18.25,23.39,3.7,6.24,11.86,33.35,33.46,37.31,0,2.98,0.78
1971.06,49.68,60.81,54.12,14.46,4.95,34.31,0,0,11.74,21.41,37.67,10.49,1.53,0,1.08
1972.28,63,65.47,74.22,30.5,3.93,47.17,0,4.94,13.33,5.34,39.07,30.46,1.53,0,1.08
1973.5,50.34,80.51,87.03,32.91,8.61,36.43,0,7.11,7.93,7.13,29.39,26.9,1.53,0,1.08
1974.72,46.17,82.7,88.34,40.15,11.48,31.86,0,7.11,3.61,12.45,2.79,26.9,7.3,0,0
1975.94,35.13,89.72,79.8,26.88,26.52,21.79,0,2.17,2.79,8.99,0,17.85,19.6,0,0
1977.15,32.11,88.45,70.97,19.64,29.62,38.78,0,0,2.79,7.19,0,10.92,19.6,0,0
1978.37,34.35,93.45,72.08,15.68,46.32,33.04,0.43,0,0.76,3.77,2.77,12.31,12.3,1.34,0
1979.58,33.51,85.04,75.46,12.66,36.31,38.59,0.43,0,0,3.77,2.77,11.96,12.51,2.21,1.29
1980.79,30.8,73.46,73.99,21.14,39.46,26.98,0.43,0,0.06,3.77,2.77,11.96,12.51,2.21,1.29
1982,17.84,49.37,75.35,18.43,33.78,22.86,0,0,0.06,0,0,10.56,12.51,0.87,1.29
1983.22,15.19,54.54,79.3,28.66,34.72,27.69,0,0,0.06,0,0,0,0,0,0
1984.43,12.34,59.54,78.08,20.17,23.78,20.73,0,0,0,0,0,0,0,0,0
1985.63,12.34,55.91,61.91,12.98,8.57,23.13,0,0,0,0,0,0,0,0,0
1986.84,3.24,30.54,43,1.34,0,22.47,0,0,0,0,0,5.15,0,0,0
1988.05,0,34,61.58,14.05,21.97,26.93,0,0,0,0,0,5.15,0,0,0
1989.25,0,40.61,68.31,14.05,21.97,20.9,0,0,0,0,0,5.15,0,0,0
1990.46,3.36,59.71,77.54,17.88,28.25,17.08,0,0,3.93,2.47,0,0,0,0,0
1991.66,3.36,38.46,48.58,5.17,6.28,12.61,0,0,3.93,2.47,0,0,0,0,0
1992.87,3.36,45.09,58,6.81,13.23,12.61,0,0,3.93,2.47,0,0,0,0,0
1994.07,0,24.32,42.36,1.64,6.96,0,0,0,0,0,0,0,0,0,0
1995.27,0,33.09,56.76,1.64,6.96,11.89,0,0,0,0,0,0,0,0,0
1996.47,0,31.51,51.64,0,2.61,16.25,0,0,0,0,0,0,0,0,0
1997.67,0,38.08,55.68,0,2.61,16.25,0,0,0,0,0,0,0,0,0
1998.86,0,43.7,60.1,0,5.05,4.36,0,0,0,0,0,0,0,0,0
2000.06,0,32.02,58.56,0,2.44,0,0,0,0,0,0,0,0,0,0
2001.26,0,43.17,58.5,0,2.44,5.39,0,0,0,0,0,0,0,0,0
2002.45,0,28.78,40.05,0,0,5.39,0,0,0,0,0,0,0,0,0
2003.65,0,24.56,36.97,0,0,5.39,0,0,0,0,0,0,0,0,0
2004.84,0,7.6,22.65,0,0,0,0,0,0,0,0,0,0,0,0
2006.03,0,23.26,23.65,0,0,0,0,0,0,0,0,0,0,0,0
2007.22,0,23.05,8.67,0,0,0,0,0,0,0,0,0,0,0,0
2008.41,0,12.57,0,0,0,0,0,0,0,0,0,0,0,0,0
