wavenumber,PS5ppm-1,PS5ppm-2,PS5ppm-3,PS10ppm-1,PS10ppm-2,PS10ppm-3,PS50ppm-1,PS50ppm-2,PS50ppm-3,PS100ppm-1,PS100ppm-2,PS100ppm-3,PS200ppm-1,PS200ppm-2,PS200ppm-3
376.82,1330.89,1392.36,1404.48,2358.95,2320.43,2257.12,649.73,713.98,691.72,544.2,493.93,474.28,617.11,603,586.45
378.98,1348.65,1354.34,1375.38,2273.63,2280.33,2228.26,697.1,712.05,713.83,512.47,467.08,447.03,563.25,557.9,543.52
381.15,1334.74,1352.99,1336.31,2255.29,2265.86,2211.71,745.45,731.13,727.94,453.97,457.78,453.67,520.56,545.64,520.76
383.32,1298.62,1339.1,1316.37,2289.01,2259.12,2193.56,745.38,746.81,759.31,402.74,440.77,438.6,492.39,539.59,498.89
385.48,1287.61,1295.99,1271.23,2322.47,2245.79,2175.81,800.56,744.44,800.3,386.79,435.05,443.82,474.42,511.75,485.9
387.64,1286.94,1247.9,1266.45,2294.22,2256.4,2172.01,810.9,741.24,826.79,424.02,423.83,418.55,492.54,495.02,486.36
389.8,1273.94,1251.13,1270.02,2303.25,2234.63,2184.18,871.06,791.89,843.45,435.41,448.79,415.47,505.07,502.73,515.59
391.96,1233.49,1235.94,1282.84,2292.46,2212.36,2184.85,887.92,868.94,866.18,449.21,448.81,429.12,556.93,549.09,545.82
394.12,1232.49,1238.52,1257.78,2304.4,2172.16,2156.59,940.07,938.29,929.2,466.62,495.8,462.74,606.32,573.68,563.62
396.28,1201.05,1187.66,1199.3,2229.84,2134.12,2084.84,927.6,948.05,952.3,492.43,491.19,493.43,632.36,594.94,602.08
398.44,1179.49,1152.69,1163.39,2110.79,2029.92,2048.26,943.52,939.57,949.15,493.98,515.31,504.54,632.39,595.2,618.55
400.6,1115.04,1047.17,1101.27,1989.14,1900.78,1985.41,896.07,891.74,880.3,462.82,472.4,486.94,584.63,573.03,590.93
402.75,1056.92,963.32,1034.5,1923.43,1769.25,1858.18,853.46,839.77,871.66,424.17,456.35,456.2,545.31,536.97,544.09
404.91,989.68,869.36,948.31,1849.89,1710.55,1713.12,807.6,764.24,809.44,401.6,406.7,426.55,506.99,491.59,485.6
407.06,907.78,810.06,881.79,1703.3,1581.47,1559.35,766.59,726.58,758.11,361.54,366.58,370.75,447.11,470.33,447.58
409.21,820.98,757.21,782.39,1536.44,1470.44,1428.63,688.56,681.26,623.09,327.79,292.09,311.6,385.11,417.64,407.13
411.36,723.17,693.02,698.68,1390.18,1283.68,1275.19,573.72,607.82,534.63,274.89,245.8,254.64,338.23,370.08,341.47
413.51,645.8,616.61,611.08,1263.32,1172.98,1117.15,471.54,502.73,447.5,261.63,207.15,238.33,315.58,323.76,310.07
415.66,575.54,549.3,579.94,1117.84,1024.66,1030.16,431.33,459.64,405.04,257.34,236.13,250.33,299.15,318.35,259.91
417.81,527.26,500.65,520.14,972.98,936.62,931.12,395.35,396.79,374.15,233.57,231.32,245.53,255.51,312.08,259.56
419.96,459.65,460.34,480.68,845.39,788.52,805.03,341.91,360.84,325.83,208,204.37,200.93,229,253.61,234.35
422.11,397.14,392.46,398.01,719.18,686.13,694.32,214.8,240.91,242.85,121.76,137.07,122.99,186.05,175.72,210.72
424.25,313.95,337.91,321.34,573.25,533.68,545.22,101.41,141.57,137.46,107.03,77.96,51.63,139.9,113.64,177.58
426.4,263.74,284.68,267.35,450.27,441.17,469.74,28.43,71.14,59.98,70.83,79.73,44.09,101.21,93.37,148.25
428.54,196.98,249.23,209.47,356.33,347.05,311.64,24.79,30.16,22.7,95.27,79.82,76.89,91.43,108.36,141.18
430.68,176.53,202.1,175.26,277.33,258.86,248.15,39.57,30.7,14.51,95.26,104.78,133.84,130.45,131.82,129.59
432.82,114.07,149.29,124.39,211.61,196.6,139.6,43.08,12.49,26.91,94.12,116.61,141.39,143.27,137.77,143.83
434.97,104.93,104.48,121.85,110.82,98.64,86.21,41.51,12.49,26.91,100.85,98.33,113.82,139.9,97.2,123.22
437.11,54.31,50.45,72.91,45.24,57.62,18.97,26.73,8.05,13.47,61.32,68.85,56.86,81.44,40.22,78.22
439.24,30.26,20.77,42.71,5,0,0,12.89,0,0,31.17,12.76,18.06,33.6,6.17,24.61
441.38,0,0,8.49,0,0,0,0,0,0,0,0,0,0.81,0,0
443.52,0,0,8.49,0,0,0,0,0,0,0,0,0,0,0,0
445.65,0,0,0,0,0,0,0,0,0,0,0,0,0,0,0
447.79,0,0,0,0,0,0,0,0,0,0,0,0,0,0,0
449.92,0,0,0,0,0,0,0,0,0,0,0,0,0,0,0
452.05,0,0,0,0,0,0,0,0,0,0,0,0,0,0,0
454.19,0,0,0,0,0,0,0,0,0,0,0,0,0,0,0
456.32,0,0,0,0,0,0,0,0,0,0,0,0,0,0,0
458.45,0,0,0,0,0,0,0,0,0,0,0,0,0,0,0
460.57,0,0,0,0,0,0,0,0,0,0,0,0,0,0,0
462.7,0,0,0,0,0,0,0,0,0,0,0,0,0,0,0
464.83,0,0,0,0,0,0,0,0,0,0,0,0,0,0,0
466.95,0,0,0,0,0,0,0,0,0,0,0,0,0,0,0
469.08,0,0,0,0,0,0,0,0,0,0,0,0,0,0,0
471.2,0,0,0,0,0,0,0,0,0,0,0,0,0,0,0
473.32,0,0,0,0,0,0,0,0,0,0,0,0,0,0,0
475.45,0,0,0,0,0,0,0,0,0,0,0,0,0,0,0
477.57,0,0,0,0,0,0,0,0,0,0,0,0,0,0,0
479.69,0,0,0,0,0,0,0,0,0,0,0,0,0,0,0
481.8,0,0,0,0,0,0,0,0,0,0,0,0,0,0,0
483.92,0,0,0,0,0,0,0,0,0,0,0,0,0,0,0
486.04,0,0,0,0,0,0,0,0,0,0,0,0,0,0,0
488.15,0,0,0,0,0,0,0,0,0,0,0,0,0,0,0
490.27,0,0,0,0,0,0,0,0,0,0,0,0,0,0,0
492.38,0,0,0,0,0,0,0,0,0,0,0,0,0,0,0
494.49,0,0,0,0,0,0,0,0,0,0,0,0,0,0,0
496.61,0,0,0,0,0,0,0,0,0,0,0,0,0,0,0
498.72,0,0,0,0,0,0,0,0,0,0,0,0,0,0,0
500.83,0,0,0,0,0,0,0,0,0,0,0,0,0,0,0
502.93,0,0,0,0,0,0,0,0,0,0,0,0,0,0,0
505.04,0,0,0,0,0,0,0,0,0,0,0,0,0,0,0
507.15,0,0,0,0,0,0,0,0,0,0,0,0,0,0,0
509.25,0,0,0,0,0,0,0,0,0,0,0,0,0,0,0
511.36,0,0,0,0,0,0,0,0,0,0,0,0,0,0,0
513.46,0,0,0,0,0,0,0,0,0,0,0,0,0,0,0
515.56,0,0,0,0,0,0,0,0,0,0,0,0,0,0,0
517.66,0,0,0,0,0,0,0,0,0,0,0,0,0,0,0
519.76,0,0,0,0,0,0,0,0,0,0,0,0,0,0,0
521.86,0,0,0,0,0,0,0,0,0,0,0,0,0,0,0
523.96,0,0,0,0,0,0,0,0,0,0,0,0,0,0,0
526.06,0,0,0,0,0,0,0,0,0,0,0,0,0,0,0
528.16,0,0,0,0,0,0,0,0,0,0,0,0,0,0,0
530.25,0,0,0,0,0,0,0,0,0,0,0,0,0,0,0
532.35,0,0,0,0,0,0,0,0,0,0,0,0,0,0,0
534.44,0,0,0,0,0,0,0,0,0,0,0,0,0,0,0
536.53,0,0,0,0,0,0,0,0,0,0,0,0,0,0,0
538.62,0,0,0,0,0,0,0,0,0,0,0,0,0,0,0
540.71,0,0,0,0,0,0,0,0,0,0,0,0,0,0,0
542.8,0,0,0,0,0,0,0,0,0,0,0,0,0,0,0
544.89,0,0,0,0,0,0,0.14,22.51,21.16,2.03,15.71,28.07,16.63,21.19,11.97
546.98,0,0,0,0,0,0,70.41,103.65,67.98,76.52,98.91,99.59,106.4,112.84,77.01
549.06,0,0,0,0,0,0,130.29,176.9,175.29,158.34,189.47,181.1,234.5,212.49,192.99
551.15,0,0,0,0,0,0,219.25,250.35,247.52,238.1,237.66,238.17,324.94,295.24,270.9
553.23,0,0,0,0,0,0,194.98,228.26,269.87,223.82,256.12,211.2,307.29,276.58,277.07
555.32,0,0,0,0,0,0,165.83,170.62,172,165.15,205.21,179.18,191.21,201.17,173.15
557.4,0,0,0,0,0,0,78.12,82.44,78.62,83.35,146.9,115.44,104.04,113,85.81
559.48,0,0,0,0,0,0,32.12,23.39,9.44,23.15,45.24,70.89,31.92,40.01,14.61
561.56,0,0,0,0,0,0,1.39,7.78,0,8.43,5.6,21.5,19.9,15.78,10.23
563.64,0,0,0,0,0,0,10.37,18.99,0,13.3,0,13.29,41.8,8.37,7.68
565.72,0,0,0,0,0,0,15.46,18.99,12.56,36.02,4.04,28.01,41.8,27.51,31.05
567.8,0,0,0,0,0,0,15.46,18.99,12.56,27.59,4.04,27.91,41.8,27.51,23.37
569.87,0,0,0,0,0,0,5.08,0,12.56,22.73,4.04,14.72,0,19.14,23.37
571.95,0,0,0,0,0,0,0,0,0,0,0,0,0,0,0
574.02,0,0,0,0,0,0,0,0,0,0,0,0,0,0,0
576.09,0,0,0,0,0,0,0,0,0,0,0,0,0,0,0
578.17,0,0,0,0,0,0,0,0,0,0,0,0,0,0,0
580.24,0,0,0,0,0,0,0,0,0,0,0,0,0,0,0
582.31,0,0,0,0,0,0,0,0,0,0,0,0,0,0,0
584.38,0,0,0,0,0,0,0,0,0,0,0,0,0,0,0
586.45,0,0,0,0,0,0,0,0,0,0,0,0,0,0,0
588.51,0,0,0,0,0,0,0,0,0,0,0,0,0,0,0
590.58,0,0,0,0,0,0,0,0,0,0,0,0,0,0,0
592.64,0,0,0,0,0,0,0,0,0,0,0,0,0,0,0
594.71,0,0,0,0,0,0,0,0,0,0,0,0,0,0,0
596.77,0,0,0,0,0,0,0,0,0,0,0,0,0,0,0
598.83,0,0,0,0,0,0,0,0,0,0,0,0,0,0,0
600.89,0,0,0,0,0,0,0,0,0,0,0,0,0,9.45,0
602.95,0,0,0,0,0,0,0,0,0,7.36,0.25,4.5,17.24,9.45,13.41
605.01,0,0,0,0,0,0,0,0,0,7.36,0.25,4.5,17.24,9.45,13.41
607.07,0,0,0,0,0,0,0,0,0,7.36,19.03,8.15,17.24,0,29.35
609.13,0,0,0,0,0,0,39.45,11.34,15.9,29.77,83.53,53.26,73.72,54.88,117.52
611.18,0,0,9.1,0,0,0,112.21,97.92,55.07,117.02,205.8,116.37,183.93,190.64,231.26
613.24,0,3.45,17.07,0,0,0,183.68,171.46,152.22,243.52,314.58,226.43,332.39,319.02,367.33
615.29,0,3.45,21.14,0,0,0,271.26,242.15,214.3,360.4,364.55,329.35,433.93,417.03,443.24
617.35,0,3.45,22.75,0,0,0,272.58,212.58,262.13,410.14,389.06,420.48,529.97,454.87,500.33
619.4,0,0,23.66,0,0,0,270.42,212.88,226.83,414.85,393.54,436.58,532.97,486.01,536.37
621.45,0,0,19.59,0,0,0,193.46,157.38,171.05,352.54,381.66,376.99,492.91,425.76,494.03
623.5,0,0,8.89,0,0,0,119.38,100.37,84.06,233.22,260.1,244.05,311.47,312.81,373.32
625.55,0,0,0,0,0,0,50.06,26.52,22.21,134.86,128.06,125.43,172.32,153.29,187.24
627.6,0,0,0,0,0,0,0,0,0,56.94,31.56,32.48,37.12,60.64,54.89
629.64,0,0,0,0,0,0,0,0,0,65.77,6.35,36.37,41.77,32.45,54.28
631.69,10.62,4.6,23.01,0,0,0,24.33,10.84,6.62,50.24,42.71,52.58,62.71,81.4,66.64
633.73,38.74,22.99,50.81,7.44,0,0,50.59,36.22,13.79,111.7,93.94,110.18,125.05,154.51,133.62
635.78,51.67,52.82,75.71,32.64,5,0,92.74,48.1,19.15,142.59,145.06,133.46,160.35,204.31,160.34
637.82,96.33,104.05,123.92,82.8,47.54,57.09,157.62,140.5,95.26,229.01,213.91,213.62,251.16,280.29,281.59
639.86,146.19,160.13,177.32,119.11,109.91,108.94,241.27,249.34,213.14,289.98,285.31,277.32,343.16,371.46,370.02
641.9,212.24,230.08,238.59,200.92,163.43,182.19,319.68,359.28,314.13,380.48,374.24,362.55,414.01,457.48,450.98
643.94,202.58,260.65,273.16,216.67,182.56,214.07,306.65,366.45,334.01,394.64,371.83,366.78,457.82,467.47,446.9
645.98,189.79,247.75,232.59,229.59,190.19,218.78,268.06,300.73,272.34,341.34,329.96,309.55,362.15,371.98,383.01
648.02,110.81,159.48,146.42,143.11,163.1,174.77,147.68,178.9,173.55,212.69,200.41,184.97,254.45,230.13,238.76
650.06,67.94,73.19,57.79,114.57,137.94,122.71,71.5,68.5,70.95,94.76,97.61,73.2,86.58,95.21,107.27
652.09,32.16,11.61,44.58,85.42,122.17,74.03,0.19,0,7.57,19.23,10.51,9.13,27.91,26.42,12.94
654.13,32.16,39.7,64.58,106.54,140.01,115.97,0,0,0,0,0,0,0,0,0
656.16,61.42,98.53,100.09,107.06,161.91,166.63,19.11,16.46,5.07,0,0,6.13,3.86,14.29,13.07
658.2,41.53,137.24,99.13,139.07,162.31,217.12,28.81,18.47,17.05,12.38,6.47,6.13,15.79,47.72,41.93
660.23,66.05,122.01,100.25,158.13,177.42,178.68,28.81,28.24,17.05,12.38,6.47,6.13,15.79,52.16,41.93
662.26,84.55,116.08,82.01,162.48,214.49,177.51,16.93,48.93,60.45,49.35,24.93,18.38,22.09,92.67,57.38
664.29,145.23,132.34,104.64,162.66,252.38,180.85,43.5,113.43,93.31,112.73,75.75,72.91,54.26,135.37,88.37
666.32,196.89,184.24,137.23,161.11,282.56,243.47,120.12,183.83,199.81,218.62,160.52,142.59,196.96,247.38,198.86
668.34,192.73,190,162.02,156.07,283.24,240.26,172.72,225.03,239.71,245.21,214.88,205.93,250.3,273.26,247.36
670.37,151.77,148.95,155,122.53,255.75,235.56,136.45,160.7,194.88,169.45,167.78,151.4,206.2,204,195.73
672.4,96.77,77.2,108.96,78.94,196.55,140.21,59.83,80.53,88.37,63.56,83.01,81.72,63.5,87.54,85.24
674.42,64.41,50.09,100.89,41.75,118.29,96.07,29.72,37.7,48.23,30.37,10.57,10.27,23,24.58,32.23
676.45,80.35,49.28,77.46,103.06,104.65,74.55,70.52,97.45,118.88,89.08,53.46,45.25,92.44,66.6,81.88
678.47,102.37,64.89,81.78,141.75,121.4,145.03,112.28,134.99,153.82,117.02,79.47,80.14,117.55,108.89,110.46
680.49,88.36,33.24,31.07,172.93,125.1,136.86,82.56,99.47,105.58,86.65,79.09,70.8,94.55,91.18,96.19
682.51,48.32,20.12,34.34,91.19,92.42,112.98,76.23,51.43,54.9,51.22,26.01,57.13,51.75,57.26,38.33
684.53,44.14,29.86,65.46,72.63,134.58,109.27,119.37,86.87,127.37,94.35,84.56,100.01,121.48,104.54,101.91
686.55,101.6,84.47,106.23,145.01,211.69,171.18,210.56,196.46,195.05,190.43,153.48,176.89,190.74,200.27,193.15
688.57,118.36,113.49,131.64,211.01,231.75,217.38,237.87,241.42,245.04,214.89,217.11,199.11,223.1,264.53,240.95
690.58,102.09,142.48,121.36,218.63,240.1,287.53,209.45,236.98,207.62,192.69,173.33,182.32,220.12,255.44,200.16
692.6,105.57,126.88,128.82,185.31,206.51,240.75,176.4,201.58,195.24,120.93,134.33,132.99,215.58,214.44,162.81
694.61,103.13,109.37,95.04,187.73,231.66,245.38,135.39,146.55,150.57,73.96,70.7,109.77,180.12,171.55,115.01
696.63,101.99,66.5,62.21,152.09,198.42,133.62,88.98,78.02,80.59,34.32,29.92,61.22,104,91.07,63.63
698.64,91.6,78.71,56.82,176.86,178.59,171.93,100.61,81.98,122.24,57.13,62.15,83.45,113.3,92.93,64.47
700.65,125.63,115,104.52,223.36,211.82,198.98,213.28,190.98,186.93,130.72,138.9,99.13,208.71,174.9,163.63
702.66,150.41,146.05,158.66,307.25,263.78,282.43,306.67,292.82,291.24,199.1,208.58,181.59,298.55,251.87,253.47
704.67,141.94,136.18,120.87,284.55,310.14,276.95,290.77,299.59,254.03,173.92,164.15,183.84,295.82,258.38,249.62
706.68,125.32,91.84,91.6,227.03,262.69,221.66,217.36,223.53,174.32,109.98,87.62,170.65,217.98,170.43,190.99
708.69,92.8,78.24,66.75,215.9,214.64,191.1,160.01,155.85,125.66,78.48,38.54,97.57,177.91,153.26,149.8
710.69,67.57,60.63,70.55,218.07,200.21,173.83,147.27,86.46,81.61,81.66,33.13,77.18,113.16,103.74,99.28
712.7,61.32,69.32,45.32,218.87,214.74,218.53,101.8,89.34,98.17,71.24,54.4,66.78,76.41,73.4,58.75
714.7,47.46,35.88,21.85,195.06,184.34,187.63,65.38,66.95,49.46,25.13,33.8,44.95,10.91,13.59,10.1
716.71,30.61,13.07,42.13,191.99,143.34,171.47,24.26,54.29,46.81,0,36.3,12.39,4.37,0.96,0
718.71,2.61,22.02,35.4,172.67,114.76,121.39,9.68,14.63,19.98,0,14.82,0,0,0.96,0
720.71,10.17,32.7,41.29,170.52,112.35,168.49,52.56,18.2,24.56,8.86,18.66,1.1,0,0.96,0
722.71,42.12,55.15,22.5,151,172.24,203.22,133.15,95.39,77.77,47.55,36.19,35.72,49.13,42.99,60.48
724.71,88.26,71.91,61.45,200.44,208.76,269.59,255.54,194.92,186.16,98.17,142.51,108.97,117.87,119.31,140.63
726.71,115.16,96.09,83.39,213.96,276.69,253.69,291.05,271.14,251.05,113.43,212.17,153.66,174.08,169.54,163.02
728.71,98.59,83.47,88.2,212.33,239.14,248.66,256.4,238.2,215.45,105.59,186.74,129.57,144.54,152.9,125.04
730.7,71.33,54.82,55.64,200.99,252.88,197.92,188.71,194.22,131.14,88.43,94.98,65.83,78,99.26,45.07
732.7,58.38,41.82,41.41,199.29,179.59,166.48,112.31,125.53,81.46,64.31,21.48,20.05,21.78,49.04,23.44
734.69,60.95,31.06,44.37,201.43,157.49,167.23,98.75,94.02,99.29,35.4,22.97,11.56,2.19,23.96,0.93
736.69,57.17,22.23,63.64,178.22,198.69,203.29,72.16,65.15,110.76,1.93,8.41,3.09,0,1.27,0.75
738.68,35.67,26.82,69.33,179.41,235.3,215.43,94.31,75.68,149.29,1.93,8.41,5.13,5.82,1.27,0
740.67,37.73,42.12,51.12,202.34,283.32,198.97,115.19,111.62,166.57,14.29,14.5,14.91,9.02,0,24.26
742.66,37.54,53.22,33.33,225.69,254.42,193.61,129.82,136.31,164.93,20.01,20.45,19.81,43.95,12.9,24.26
744.65,58.04,43.86,15.4,203.23,243.04,176.1,125.31,171.52,137.81,29.6,40.29,17.77,42.55,23.37,24.26
746.64,43.92,40.03,15.07,173.62,191.53,160.78,104.65,168.92,101.88,15.31,52.98,24.48,57.71,29.87,9.01
748.63,45.88,44.62,45.1,168.77,157.43,141.88,140.73,182.41,143.04,40.73,93.47,64.99,57.66,52.73,43.61
750.61,50.16,62.86,54.45,173.88,140.63,189.29,167.79,197.86,183.83,92.17,128.3,118.37,110.29,80.26,91.79
752.6,60.31,77.96,89.95,228.85,200.36,211.23,251.04,267.18,262.14,168.77,177.05,185.81,178.81,165.69,153.23
754.58,81.43,109.05,94.48,210.13,201.4,194.81,254.26,310.8,295.77,206.81,194.81,193.59,218.01,197.46,192.68
756.57,99.65,123.22,100.1,235.15,256.85,160.14,320.23,324.85,332.81,208.97,222.36,217.51,247.67,270.35,230.26
758.55,124.62,96.65,85.81,174.59,215.06,139.89,288.95,299.98,347.27,167.6,192.05,218.89,213.11,242.37,225.29
760.53,129.57,91.56,93.5,212.01,248.57,200.95,332.99,304.75,361.05,179.24,218.09,261.29,256.24,267.06,258.66
762.51,115.83,67.78,117.85,191.4,222.73,225.65,333,341.51,373.8,215.58,202.81,239.37,286.37,287.1,267.38
764.49,108.63,107.05,136.39,246.99,248.08,266.89,403.21,406.46,402.09,285.16,253.45,242.04,359.74,343.04,309.01
766.47,106.07,114.46,134.92,239.55,241.74,254.11,431.73,453.06,462.35,321.09,257.77,257.72,357.46,399.33,337.31
768.45,86.39,121.4,115.32,244.64,247.61,229.52,481.45,495.2,472.82,304.6,274.33,309.98,354.74,390.51,339.86
770.42,89.46,110.11,105.48,232.82,297.56,204.7,473.61,491.77,480.72,304.25,291.7,311.04,342.82,401.5,349.86
772.4,98.96,116.91,97.4,258.42,304.93,224.63,474.18,469.44,418.05,304.69,307.19,316.23,337.7,374.94,333.65
774.37,156.88,142.8,140.08,300.11,349.06,304.32,425.19,425.86,430.14,337.94,336.49,324.23,347.7,405.51,327.58
776.34,175.56,170.45,161.52,332.22,332.62,370.44,386.96,376.05,401.65,289.32,318.25,314.69,338.16,373.2,297.96
778.32,162.67,153.86,155.05,360.43,379.59,386.98,323.16,334.01,378.27,218.83,274.48,274.95,310.75,328.36,270.81
780.29,179.87,166.03,150.68,436.72,424,365.28,335.13,328.4,343.32,197.81,245.85,231.02,290.8,293.64,283.78
782.26,188.83,183.63,163.4,456.44,463.83,399.68,366.53,353.55,321.8,234.27,262.35,227.22,298.98,287.05,316.22
784.23,215.67,222.1,183,468.7,501.53,473.95,385.8,415.92,355.16,299.3,314.76,265.66,315.4,316.37,334.23
786.19,216.48,250.89,185.58,447.6,483.89,534.88,363.74,414.28,382.85,321.69,325.86,302.13,309.84,329.71,357.93
788.16,272.62,278.33,214.15,496.82,553.22,535.78,375.66,445.3,451.86,364.11,345.33,363.63,339.3,369.74,373.98
790.13,291.95,313.98,254.92,500.25,543.77,522.23,433.8,440.2,486.09,393.11,345.37,384.04,383.67,364.67,403.28
792.09,328.5,335.16,310.24,559.88,593.18,533.56,508.16,481.65,500.87,397.7,395.99,419.37,418.29,346.52,419.48
794.06,303.92,347.22,321.43,537.38,561.47,519.43,493.4,461.99,441.86,376.86,382.87,379.61,397.14,346.93,392.26
796.02,319.1,333.05,311.38,546.65,543.86,514.73,442.41,441.43,387.29,363.17,356.21,340.33,344.8,341.82,364.18
797.98,287.26,282.19,256.99,496.57,488.24,474.36,371.08,380.2,298.39,301.17,257.25,258.07,282.48,270.73,272.78
799.94,300.53,274.76,246.02,484.92,444.72,472.41,349.87,318.42,307.6,273.64,203.42,229.61,254.96,218.1,252.85
801.9,278.11,299.32,275.71,480.92,450.51,488.13,333.65,304.97,312.8,231.14,173.62,197.52,251.46,219.83,224.28
803.86,333.56,349.75,353.95,501.47,481.19,514.72,377.66,357.74,400.9,276.56,221.74,230.34,287.55,294.47,277.29
805.82,323.34,347.51,384.5,547.68,539.86,534.31,404,408.52,407.33,288.34,240.89,217.86,296.32,307.13,277.65
807.78,319.88,279.36,386.15,599.31,545.96,502,413.11,397.4,403.87,257.26,234.18,205.85,242.23,267.27,241.49
809.73,268.63,259.76,337.68,567.83,517.94,499.24,378.12,332.51,334.97,190.1,193.38,162.77,182.39,176.98,176.57
811.69,273.92,248.37,329.08,526.89,474.13,513.7,293.69,282.18,274.29,112.19,120.84,129.26,89.13,99.28,117.56
813.64,304.53,294.29,343.48,491.28,478.66,525.81,291.6,244.53,239.29,97.64,90.99,108.45,88.23,65.6,96.92
815.6,325.35,311.43,355.42,502.55,507.73,522.81,269.4,243.76,224.85,93.69,59.4,90.57,52.25,69.16,77.86
817.55,369.94,351,391.12,545.25,538.9,557.58,339.31,271.78,256.85,136.54,94.28,127.15,107.07,103.87,102.6
819.5,411.07,364.12,400.71,556.51,539.97,586.58,382.79,336.03,320.76,184.65,141.07,133.66,154.81,163.16,149.26
821.45,455.53,370.56,403.61,622.09,578.69,641.9,426.28,375.96,385.67,213.45,189.9,180.2,219.91,203.14,224.61
823.4,420.3,355.66,390.18,588.66,599.74,574.22,402.44,376.56,403.92,200.29,190.77,154.43,214.03,216.48,206.32
825.35,368.74,361.08,356.4,584.57,592.79,535.54,367.28,326.17,353.85,173.49,177.99,151.7,187.86,186.85,171.4
827.29,347.16,344.49,350.28,554.47,540.84,514.19,350.79,294.45,320.79,168.72,169.58,124.33,171.38,173.25,151.5
829.24,358.8,330.78,307.7,567.92,490.77,533.73,371.21,276.98,280.63,164.55,164.43,168.55,173.15,147.56,158.86
831.18,412.65,367.95,351.34,545.26,494.26,562.82,375.86,314.73,311.7,173.63,172.19,208.03,186.84,165.47,203.46
833.13,389.6,370.22,370.08,516.71,485.86,530.03,359.3,337.61,316.9,189.52,188.1,207.65,224.01,188.84,209.21
835.07,393.21,373.82,398.81,502.16,510.46,572.24,355.75,339.17,360.11,211.77,225.38,200.63,233.21,233.58,227.33
837.01,402.81,369.74,407.54,551.94,569.06,619.12,391.22,370.74,400.67,226.4,241.35,197.32,289.1,280.68,267.13
838.95,418.51,376.77,402.03,543.17,584.11,586.12,424.81,355.11,400.35,212.84,230.47,211.48,276.14,302.26,260.75
840.89,407.98,407.9,444.97,568.84,584.27,568.56,409.53,399.27,376.16,180.76,228.74,206.12,305.66,292.64,268.85
842.83,385.11,392.69,427.23,536.18,534.1,519.34,376.6,367.78,315.65,156.04,200.37,174.13,268.21,258.06,235.31
844.77,401.13,399.69,457.04,546.41,558.16,577.35,371.25,377.53,305.38,155.25,170.59,172.07,225.35,210.07,249.69
846.71,433.14,388.69,444.84,535.98,580.22,588.03,388.24,366.96,332.8,173.16,130.18,179.7,192.18,203.77,259.77
848.64,457.36,426.58,457.52,553.44,635.18,611.61,412.81,399.31,377.79,201.33,136.7,233.26,220.94,235.06,264.77
850.58,461.8,460.35,471.09,582.79,646.7,628.41,400.29,423.56,420.69,222.43,169.13,260.74,256.96,280.28,263.03
852.51,485.46,500.33,440.55,653.04,653.45,618.45,396.35,437.38,444.83,222.12,236.16,265.48,285.24,283.41,270.21
854.44,515.88,496.75,442.1,689.4,623.98,638.27,386.87,411.34,432.77,196.95,256.67,229.04,254.66,250.69,277.87
856.37,529.64,519.17,453.66,723.1,626.85,682.77,356.74,390.32,416.73,199.49,264.22,183.63,264.11,240.01,273.89
858.31,533.62,539.81,532.43,717.7,649.29,740.5,375.19,394.88,397.27,200.96,215.02,176.48,257.83,248.91,267.84
860.23,522.25,537.44,541.53,728.98,656.41,755.25,368,394.46,395.5,194.79,200.19,192.03,251.57,226.18,237.49
862.16,531.55,536.74,550.63,754.26,720.86,729.67,395.5,414.39,405.42,207,202.07,196.62,224.03,239.49,249.18
864.09,514.52,532.37,521.06,693.89,695.67,749.1,410.69,406.02,424.69,228.58,209.65,195.24,217.18,260.83,267.9
866.02,476.59,551.43,539.26,662.97,693.92,724.32,369.69,406.79,387.44,225.3,223.71,171.35,219.49,270.99,278.1
867.94,455.21,549.06,500.35,603.28,644.42,716.45,329.93,363.46,356.76,190.29,219.03,190.71,240.05,256.07,211.56
869.87,422.16,504.68,447.11,629.27,614.59,639.59,264.53,323.5,316.44,139.65,211.38,173.12,223.32,188.85,169.72
871.79,432.45,438.96,433.19,601.27,552.11,601.41,257.83,281.23,308.49,144.05,181.78,156.23,162.96,143.67,111.92
873.71,398.4,380.91,405.61,541.62,500.98,523.92,252.15,265.66,272.56,112.82,133.21,122.71,103.3,86.86,103.16
875.64,365.46,312.64,366.8,424.76,432.31,446.55,239.28,230.88,231.77,90.74,107.46,70.34,40.13,80.87,57.88
877.56,338.63,283.14,304.77,368.36,432.76,387.31,233.21,202.25,261.11,59.48,67.19,55.45,62.44,100.02,80.74
879.48,341.46,238.65,264.41,356.64,356.23,336.09,197.51,173.99,259.49,29.75,40.23,30.93,59.13,73.88,59.42
881.39,318.08,262.93,272.49,357.05,341.16,316.99,155.62,142.52,210.34,28.35,11.5,30.9,58.87,47.76,59.14
883.31,272.47,233.99,246.01,311.25,314.22,275.03,89.53,91.87,120.33,2.42,0,13.52,16.65,3.29,16.67
885.23,212.86,245.71,229.87,225.13,272.3,258.42,65.15,70.25,97.36,2.42,0,1.56,0,0,16.67
887.14,195.58,198.44,185.07,139.37,263.74,235.83,32.97,39.85,96.41,0,0,0,0,0,3.93
889.06,150.2,190.73,143.48,79.84,194.08,208.82,30.2,33.1,83.71,0,0,0,0,0,0
890.97,138.37,168.57,138.12,73.89,218.66,204.05,49.69,24.69,57.94,0,0,0,0,0,6.27
892.88,123.1,172.3,131.65,91.52,195.49,160.53,57.92,28.66,40.09,0,0,0,0,0,6.27
894.8,131.05,184.26,128.41,114.72,200.56,148.25,66.92,40.5,51.83,0.98,0,0,0,0,6.27
896.71,144.89,191.78,120.72,111.83,150.54,126.22,32.18,42.85,53.82,0.98,0,0,0,0,11.86
898.62,158.3,217.52,151.93,148.85,149.44,160.76,40.02,52.12,89.4,6.91,9.45,0,33.65,5.84,11.86
900.52,178.7,207.6,171.13,154.89,134.02,149,62.9,62.43,100.69,15.7,20.06,17.68,38,30.41,45.22
902.43,165.55,223.46,183.46,179.74,151.41,166.38,118.27,78.55,120.45,23.41,58.95,32.32,38,44.19,70.93
904.34,170.19,240.76,159.23,162.71,190.27,135.56,142.11,107.48,141.69,44.5,66.02,64.94,29.66,66.33,116.4
906.24,148.61,259.52,163.11,166.49,213.93,184.54,163.43,156.56,169.42,55.41,78.23,57.21,49.14,92.3,133.41
908.15,168.14,219.73,152.45,165.74,210.39,178.67,156.57,214.12,189.29,76.14,78.94,81.96,135.27,131.75,145.24
910.05,150.9,179.83,150.67,181.57,167.78,238.38,213.97,251.61,190.09,84.46,98.57,66.31,154.17,156.13,157.01
911.95,202.44,165.38,159.35,206.54,172.63,244.22,237.52,286.92,219.03,118.27,131.03,106.48,186.23,172,189.26
913.86,214.98,186.6,161.7,230.53,206.51,277.77,262.45,266.59,216.35,120.8,119.19,99.69,139.66,190.58,170.88
915.76,246.43,194.05,179.28,240.45,233.98,279.9,232.96,253.86,247.92,135.58,108.62,118.17,131.36,184.75,153.77
917.66,224.87,199.18,191.86,231.72,242.81,295.06,225.85,223.83,217.87,106.75,113.75,100.69,121.11,174.63,93.04
919.55,219.66,191.64,209.78,225.35,286.01,276.25,236.45,226.84,223.19,107.95,129.26,116.25,118.56,171.89,109.68
921.45,208.46,204.45,216.38,213.02,273.57,241.14,234.42,227.23,219.89,96.87,152.15,121.85,135.06,178.19,147.69
923.35,208.37,200.71,204.1,233.49,292.6,221.18,254.87,250.43,253.06,93.28,128.52,130.94,133.72,191.98,183.2
925.24,196.29,213.97,218.82,245.66,246.34,228.25,229.04,234.68,270.62,89.39,116.6,112.73,127.75,188.82,192.41
927.14,167,193.36,176.99,268.3,229.55,266.13,226.69,246.07,232.65,57.99,75.17,82.35,112.28,188.8,174.78
929.03,150.49,179.53,178.29,255.76,168.91,250.82,189.16,231.29,220.18,79.75,60.23,81.46,96.62,145.61,149.3
930.92,119.21,161.93,125.48,222.13,128.86,234.44,192.23,257.43,196.63,66.11,39.22,83.49,104.24,125.68,120.76
932.81,126.94,157.01,161.01,140.7,96.51,153.76,219.34,279.95,202.46,98.18,66.25,103.24,96.9,104.47,79.25
934.7,141.02,140.76,165.22,63.81,106.86,122.46,233.82,285.85,208.32,84.96,98.32,121.37,135.27,98.63,107.8
936.59,147.43,125.86,172.1,41.62,104.59,116.85,256.36,290.45,242.24,103.45,135.78,115.53,158.69,101.5,128.38
938.48,151.42,122.53,149.89,88.87,102.57,118.84,238.49,264.65,277.41,121.87,109.83,103.63,164.04,113.31,150.57
940.37,113.41,135.2,130.68,110.64,85.25,86.2,240.33,266.23,228.63,107,79.92,70.11,137.44,143.82,124.13
942.25,79.3,137.77,95.04,88.01,95.53,48.49,236.77,244.08,211.12,77.07,51.28,45.18,131.11,160.61,126.96
944.14,54.2,116.36,94.07,64.41,79.52,27.5,267.93,244.97,192.98,59.19,71.02,66.3,139.16,148.43,117.17
946.02,56.45,105.96,70.12,45.85,73.21,20.64,273.46,250.57,257.89,81.34,77.8,72.8,151.93,162.64,151.42
947.91,76.38,79.23,108.18,39.99,33.34,25.72,259.04,246.22,276.51,107.21,78.29,106.34,150.73,128.56,122.39
949.79,108.54,97.41,114.81,65.07,30.34,51.71,268.88,295.46,305.39,104.35,101.05,107.15,169.15,176.41,158.62
951.67,94.93,121.82,128,55.48,6.21,81.22,320.67,323.31,318.21,124.42,94.4,136.22,211.5,196.2,173.45
953.55,83.78,150.02,118.32,71.63,28.23,87.32,373.61,386.31,329.52,145.65,140.92,142.45,262.67,273.14,222.44
955.43,45.42,165.01,99.43,33.94,28.8,63.56,401.04,401.14,347.99,171.7,165.59,131.83,311,264.57,229.25
957.31,85.3,158.91,117.43,44.09,81.35,65.75,426.41,422.9,392.39,185.35,219.85,143.15,365.27,281.94,260.66
959.18,98.97,193.93,123.24,45.48,70,69.42,479.93,448.82,445.95,202.49,241.61,196.62,393.36,288.13,321.57
961.06,138.32,208.97,136.05,82.92,92.03,137.14,507.18,483.79,488.55,213.34,268.75,240.47,415.17,340.7,381.85
962.94,133.68,223.68,141.88,90.39,83.11,125.57,531.47,510.47,519.21,238.91,280.26,239.7,421.36,365.98,418.51
964.81,176.06,191.41,143.05,127.24,88.57,136.04,548.47,518.53,518.24,265.85,260.48,216.3,419.93,364.98,401.22
966.68,125.39,148.16,143.91,89.47,60.74,89.57,536.52,503.97,515.32,268.84,214.42,168.95,383.55,353.68,363.3
968.55,112.13,96.92,94.12,78.42,32.95,82.14,469.63,447.46,428.45,208.54,166.73,115.98,323.89,296.77,276.1
970.43,44.78,82.59,62.22,17.26,43.44,36.18,384.33,388.88,381.51,158.51,126.98,51.95,257.16,249.13,211.84
972.3,85.4,91.83,73.24,8.74,48.87,13.29,409.98,384.58,379.18,164.08,134.83,68.51,286.37,263.09,243.84
974.16,92.63,120.42,98.27,16.6,69.34,37.79,473.01,466.66,464.56,223.04,166.06,131.12,334.96,336.76,316.55
976.03,121.44,125.24,130.87,30.76,64.75,49.37,569.98,560.01,586.88,279.59,223.55,227.99,446.82,409.37,414.54
977.9,135.37,131.53,130.93,60.72,58.35,94.64,627.11,629.52,662.69,322.3,271.2,303.69,518.51,496.47,467.35
979.76,135.21,119.06,133.57,76.94,22.03,99.51,704.17,664.96,697.11,344.94,340.45,335.32,591.47,543.17,542.76
981.63,136.18,117.38,125.66,121.67,45.37,106.21,758.4,738.24,744.69,378.75,417.2,394.45,662.92,650.03,630.99
983.49,122.5,98.73,130.78,112.77,85.41,104.97,784.02,758.89,771.65,403.26,469.32,414.95,709.42,686.6,694.27
985.36,113.72,105.98,151.13,145.48,138.91,98.33,801.91,788.16,817.22,451.38,519.7,498.38,794.86,778.44,742.16
987.22,108.41,102.02,156.28,145.35,142.41,152.53,825.96,775.25,814.94,508.32,580.25,531.31,864.13,828.78,820.2
989.08,107.12,107.42,136.45,189.61,129.63,162.78,852.72,809.72,809.05,588.31,667.84,607.61,984.45,919.83,890.95
990.94,112.63,105.62,103.08,201.37,130.01,188.53,871.32,814.35,824.99,700.45,734.58,656.4,1077.26,1042.03,1021.87
992.8,115.37,121.06,113.62,218.06,155.34,188.89,927.53,863.26,881.2,828.53,842.6,777.13,1240.34,1248.51,1173.72
994.66,151.25,138.96,127.95,256.26,277.17,262.42,1052.23,975.33,1003.57,1023.77,1025.44,942.02,1506.25,1519.48,1432.06
996.51,174.37,162.1,168.86,353.06,326.94,382.89,1233.87,1187.34,1152.22,1296.28,1323.21,1270.5,1878.76,1915.72,1788
998.37,243.07,195.49,212.02,478.48,470.33,496.98,1409.12,1402.95,1317.14,1663.72,1677.91,1633.92,2290.22,2330.89,2245.22
1000.22,250.78,216.23,233.86,557.28,469.44,540.46,1478.09,1468.29,1369.44,1950.21,1912.33,1932.06,2563.72,2597.11,2548.15
1002.08,240.52,227.33,212.05,584.81,548.94,511.33,1393.45,1338.01,1278.8,1982.08,1936.47,1928.24,2512.6,2517.05,2517.45
1003.93,168.06,171.56,146.38,472.17,421.28,387.37,1091.3,1044.89,1000.98,1648.1,1616.42,1606.9,2080.98,2066.48,2038.92
1005.78,90.39,115.25,89.17,331.69,315.78,268.25,696.65,696.6,646.66,1127.96,1147.87,1120.73,1442.52,1425.73,1372.88
1007.63,33.19,40.22,38.86,142.06,132.62,120.63,333.83,345.68,340.83,626.96,653.14,612.05,831.23,779.15,754.33
1009.48,5.51,13.36,14.03,56.26,42.7,57.66,119.73,110.26,118.73,307.13,315.56,298.52,416.09,317.38,322.94
1011.33,0,0,0,12.24,0,4.91,29.13,0,40.79,119.9,123.26,113.59,158.89,96.89,128.82
1013.18,0,0,0,2.42,0,0,0,0,0,37.79,36.22,52.57,52.68,21.59,31.21
1015.03,0,0,0,0,0,0,0,0,0,4.42,7.96,7.31,6.65,16.44,16.76
1016.87,0,0,0,0,0,0,0,0,0,0,0,0,1.49,0,0
1018.72,0,0,0,0,0,0,0,0,0,0,0,0,1.49,0,0
1020.56,0,0,0,0,0,0,0,0,0,0,0,0,1.49,0,0
1022.4,0,0,0,0,0,0,0,0,0,0,0,0,0,0,0
1024.24,0,0,0,0,0,0,0,0,0,0,0,0,0,0,0
1026.08,0,0,0,0,0,0,0,0,0,0,0,0,0,0,0
1027.92,0,0,0,0,0,0,0,0,0,0,0,0,0,0,0
1029.76,0,0,0,0,0,0,0,0,0,0,0,0,0,0,0
1031.6,0,0,0,0,0,0,0,0,0,0,0,0,0,0,0
1033.44,0,0,0,0,0,0,0,0,0,0,0,0,0,0,0
1035.27,0,0,0,0,0,0,0,0,0,0,0,0,0,0,0
1037.11,0,0,0,0,0,0,0,0,0,0,0,0,0,0,0
1038.94,0,0,0,0,0,0,0,0,0,0,0,0,0,0,0
1040.77,0,0,0,0,0,0,0,0,0,0,0,0,0,0,0
1042.6,0,0,0,0,0,0,0,0,0,0,0,0,0,0,0
1044.43,0,0,0,0,0,0,0,0,0,0,0,0,0,0,0
1046.26,0,0,0,0,0,0,0,0,0,0,0,0,0,0,0
1048.09,0,0,0,0,0,0,0,0,0,0,0,0,0,0,0
1049.92,0,0,0,0,0,0,0,0,0,0,0,0,0,0,0
1051.75,0,0,0,0,0,0,0,0,0,0,0,0,0,0,0
1053.57,0,0,0,0,0,0,0,0,0,0,0,0,0,0,0
1055.4,0,0,0,0,0,0,0,0,0,0,0,0,0,0,0
1057.22,0,0,0,0,0,0,0,0,0,0,0,0,0,0,0
1059.04,0,0,0,0,0,0,0,0,0,0,0,0,0,0,0
1060.86,0,0,0,0,0,0,0,0,0,0,0,0,0,0,0
1062.68,0,0,0,0,0,0,0,0,0,0,0,0,0,0,0
1064.5,0,0,0,0,0,0,0,0,0,0,0,0,0,0,0
1066.32,0,0,0,0,0,0,0,0,0,0,0,0,0,0,0
1068.14,0,0,0,0,0,0,0,0,0,0,0,0,0,0,0
1069.96,0,0,0,0,0,0,0,0,0,0,0,0,0,0,0
1071.77,0,0,0,0,0,0,0,0,0,0,0,0,0,0,0
1073.58,0,0,0,0,0,0,0,0,0,0,0,0,0,0,0
1075.4,0,0,0,0,0,0,0,0,0,0,0,0,0,0,0
1077.21,0,0,0,0,0,0,0,0,0,0,0,0,0,0,0
1079.02,0,0,0,0,0,0,0,0,0,0,0,0,0,0,0
1080.83,0,0,0,0,0,0,0,0,0,0,0,0,0,0,0
1082.64,0,0,0,0,0,0,0,0,0,0,0,0,0,0,0
1084.45,0,0,0,0,0,0,0,0,0,0,0,0,0,0,0
1086.26,0,0,0,0,0,0,0,0,0,0,0,0,0,0,0
1088.06,0,0,0,0,0,0,0,0,0,0,0,0,0,0,0
1089.87,0,0,0,0,0,0,0,0,0,0,0,0,0,0,0
1091.67,0,0,0,0,0,0,0,0,0,0,0,0,0,0,0
1093.48,0,0,0,0,0,0,0,0,0,0,0,0,0,0,0
1095.28,0,0,0,0,0,0,0,0,0,0,0,0,0,0,0
1097.08,0,0,0,0,0,0,0,0,0,0,0,0,0,0,0
1098.88,0,0,0,0,0,0,0,0,0,0,0,0,0,0,0
1100.68,0,0,0,0,0,0,0,0,0,0,0,0,0,0,0
1102.48,0,0,0,0,0,0,0,0,0,0,0,0,0,0,0
1104.27,0,0,0,0,0,0,0,0,0,0,0,0,0,0,0
1106.07,0,0,0,0,0,0,0,0,0,0,0,0,0,0,0
1107.86,0,0,0,0,0,0,0,0,0,0,0,0,0,0,0
1109.66,0,0,0,0,0,0,0,0,0,0,0,0,0,0,0
1111.45,0,0,0,0,0,0,0,0,0,0,0,0,0,0,0
1113.24,0,0,0,0,0,0,0,0,0,0,0,0,0,0,0
1115.03,0,0,0,0,0,0,0,0,0,0,0,0,0,0,0
1116.82,0,0,0,0,0,0,0,0,0,0,0,0,0,0,0
1118.61,0,0,0,0,0,0,0,0,0,0,0,0,0,0,0
1120.4,0,0,0,0,0,0,0,0,0,0,0,0,0,0,0
1122.19,0,0,0,0,0,0,0,0,0,0,0,0,0,0,0
1123.97,0,0,0,0,0,0,0,0,0,0,0,0,0,0,0
1125.76,0,0,0,0,0,0,0,0,0,0,0,0,0,0,0
1127.54,0,0,0,0,0,0,0,0,0,0,0,0,0,0,0
1129.33,0,0,0,0,0,0,0,0,0,0,0,0,0,0,0
1131.11,0,0,0,0,0,0,0,0,0,0,0,0,0,0,0
1132.89,0,0,0,0,0,0,0,0,0,0,0,0,0,0,0
1134.67,0,0,0,0,0,0,0,0,0,0,0,0,0,0,0
1136.45,0,0,0,0,0,0,0,0,0,0,0,0,0,0,0
1138.23,0,0,0,0,0,0,0,0,0,0,0,0,0,0,0
1140,0,0,0,0,0,0,0,0,0,0,0,0,0,0,0
1141.78,0,0,0,0,0,0,0,0,0,0,0,0,0,0,0
1143.55,0,0,0,0,0,0,0,0,0,0,0,0,0,0,0
1145.33,0,0,0,0,0,0,0,0,0,0,0,0,0,0,0
1147.1,0,0,0,0,0,0,0,0,0,0,0,0,0,0,0
1148.87,0,0,0,0,0,0,0,0,0,0,0,0,0,0,0
1150.64,0,0,0,0,0,0,0,0,0,0,0,0,0,0,0
1152.41,0,0,0,0,0,0,0,0,0,0,0,0,0,0,0
1154.18,0,0,0,0,0,0,0,0,0,0,0,8.47,0,0,0
1155.95,0,0,0,0,0,0,0,0,0,7.62,6.17,8.47,0,0,0
1157.72,0,0,0,0,0,0,0,0,0,7.62,6.17,8.47,0,0,0
1159.48,0,0,0,0,0,0,0,0,0,7.62,6.17,0,0,0,0
1161.25,0,0,0,0,0,0,0,0,0,0,0,0,0,0,0
1163.01,0,0,0,0,0,0,0,0,0,0,0,0,0,0,0
1164.77,0,0,0,0,0,0,0,0,0,0,0,0,0,0,0
1166.53,0,0,0,0,0,0,0,0,0,0,0,0,0,0,0
1168.3,0,0,0,0,0,0,0,0,0,0,0,0,0,0,0
1170.06,0,0,0,0,0,0,0,0,0,0,0,0,0,0,4.92
1171.81,0,0,0,0,0,0,0,0,0,6.05,0,0,0,0,8.5
1173.57,0,0,0,0,0,0,0,0,0,26.59,11.04,7.9,13.61,19.4,26.21
1175.33,0,0,0,0,0,0,0,0,0,57.43,15.66,33.39,21.18,27.39,61.92
1177.08,0,0,0,0,0,0,0,0,28.55,114.08,65.1,87.05,78.61,64.88,118.44
1178.84,0,0,0,0,0,0,8.44,0,41.16,159.99,124.89,131.54,138.88,121.02,166.9
1180.59,0,0,0,0,0,0,9.66,18.51,48.84,198.05,175.83,154.52,220.29,192.31,197.5
1182.34,0,0,0,0,0,0,9.66,18.51,37.07,208.04,189.37,169.42,226.31,221.21,198.38
1184.1,0,0,0,0,0,0,1.23,18.51,24.46,193.4,155.28,163.36,202.36,218.81,183.62
1185.85,0,0,0,0,0,0,0,0,16.77,142.36,116.78,124.9,113.38,139.52,148.79
1187.6,0,0,0,0,0,0,0,0,0,81.58,63.22,56.34,62.63,73.31,87.81
1189.35,0,0,0,0,0,0,0,0,0,29.76,26.48,10.01,12.7,0.17,36.41
1191.09,0,0,0,0,0,0,0,0,0,11.9,9.41,0,12.7,0.17,0
1192.84,0,0,0,0,0,0,0,0,0,0,0,0,0,0,0
1194.58,0,0,0,0,0,0,0,0,0,0,0,0,0,0,0
1196.33,0,0,0,0,0,0,0,0,0,0,0,0,0,0,0
1198.07,0,0,0,0,0,0,0,0,0,0,0,0,0,0,0
1199.82,0,0,0,0,0,0,0,0,0,11.61,0,0,0,0,12.2
1201.56,0,0,0,0,0,0,0,0,0,27.6,7.17,14.2,0,0,12.2
1203.3,0,0,0,0,0,0,0,0,0,27.6,7.17,14.2,0,0,20.75
1205.04,0,0,0,0,0,0,0,0,0,15.99,7.17,14.2,0,0,8.55
1206.78,0,0,0,0,0,0,0,0,0,0,0,0,0,0,8.55
1208.51,0,0,0,0,0,0,0,0,0,0,0,0,0,0,0
1210.25,0,0,0,0,0,0,0,0,0,0,0,0,0,0,0
1211.98,0,0,0,0,0,0,0,0,0,0,0,0,0,0,0
1213.72,0,0,0,0,0,0,0,0,0,0,0,0,0,0,0
1215.45,0,0,0,0,0,0,0,0,0,0,0,0,0,0,0
1217.18,0,0,0,0,0,0,0,0,0,0,0,0,0,0,0
1218.92,0,0,0,0,0,0,0,0,0,0,0,0,0,0,0
1220.65,0,0,0,0,0,0,0,0,0,0,0,0,0,0,0
1222.38,0,0,0,0,0,0,0,0,0,0,0,0,0,0,0
1224.1,0,0,0,0,0,0,0,0,0,0,0,0,0,0,0
1225.83,0,0,0,0,0,0,0,0,0,0,0,0,0,0,0
1227.56,0,0,0,0,0,0,0,0,0,0,0,0,0,0,0
1229.28,0,0,0,0,0,0,0,0,0,0,0,0,0,0,0
1231.01,0,0,0,0,0,0,0,0,0,0,0,0,0,0,0
1232.73,0,0,0,0,0,0,0,0,0,0,0,0,0,0,0
1234.45,0,25.62,0,0,0,25.41,0,0,0,0,0,0,0,0,0
1236.17,0,61.56,2.27,18.3,0,52.24,0,0,0,0,0,0,0,0,0
1237.9,21.71,80.29,41.67,41.06,17.9,52.24,0,0,0,0,0,0,0,0,0
1239.61,54.86,75.87,83.54,67.64,67.69,41.46,0,0,0,0,0,0,0,0,0
1241.33,79.26,70.05,127.08,59.56,92.52,66.33,0,0,0,0,0,0,0,0,0
1243.05,95.99,106.83,125.88,80.14,124.97,87.92,0,0,0,0,0,0,0,0,0
1244.77,115.2,104.77,133.84,118.59,133.29,108,0,0,0,0,0,0,0,0,0
1246.48,166.02,127.97,119.07,164.7,131.61,120.41,0,0,0,0,0,0,1.56,0,0
1248.2,178.99,104.67,134.79,190.7,135.14,168.37,0,8.88,0,0,15.28,0,1.56,8.02,0
1249.91,181.91,155.64,124.12,191.68,141.33,169.65,0,8.88,6.89,1.22,15.28,0,3.62,21.07,0
1251.62,164.87,174,150.16,219.43,215.95,171.04,52.48,49.33,25.89,27.84,26.91,7.6,7.88,38.16,27.53
1253.33,201.54,179.06,142.91,256.95,254.68,155.53,86.14,77.04,68.69,33.85,37.96,24.89,18.48,66.95,71.1
1255.04,215.82,193.4,172.26,263.8,265.74,188.02,145.55,105.33,115.28,51.27,57.88,43.46,62.7,80.66,141.27
1256.75,235.14,196.45,172.67,287.75,283.57,214.61,171.36,124.34,145.57,46.39,88.21,69.82,105.96,136.41,176.63
1258.46,218.51,222.88,175.12,251.46,288.16,236.97,229.22,169.39,174.24,109.21,106.58,75.54,186.58,183.86,208.69
1260.17,215.04,247.13,195.73,250.06,302.31,280.21,271.22,248.92,214.72,153.51,144.42,112.08,252.35,258.46,242.57
1261.87,191.18,233.32,190.94,221.65,291.78,278.77,308.82,306.72,249.79,202.4,165.52,140.87,308.04,274.31,279.03
1263.58,208.92,243.45,213.76,279.23,319.24,312.67,333.67,340.43,303.46,210.87,202.88,193.25,320.32,314.41,328.08
1265.28,214.81,209.08,188.06,324.02,327.25,310.77,349.34,321.97,320.28,231.49,209.38,210.11,346.09,309.67,320.94
1266.99,255.42,214.41,216.09,350.25,328.7,315.99,328.72,332.87,324.8,233.8,209.91,236.33,341.88,309.28,326.5
1268.69,261.86,232.24,208.6,337.69,315.03,326.41,309.58,323.59,317.13,258.6,204.25,236.03,353.16,291.38,299.54
1270.39,267.78,215.56,215.94,338.68,307.25,320.06,267.25,331.79,290.95,230.2,193.4,199.87,308.58,291.95,274.72
1272.09,250.54,244.04,198.77,355.89,316.67,361.25,262.74,282.8,287.24,249.28,192.36,184.52,314.14,292.33,252.04
1273.79,244.56,205.13,207.88,332.08,308.09,313.77,242.49,256.07,214.8,202.28,168.24,148.76,254.62,258.97,212.29
1275.49,254.52,221.48,225.58,324.27,315.84,285.94,249.49,229.93,178.61,172.53,158.71,164.25,228.7,250.86,185.12
1277.18,271.75,221.1,268.22,326.45,319.58,236.78,196.76,205.05,161.35,103.37,122.1,92.33,164.36,229.34,138.54
1278.88,247.69,251.78,240.58,293.73,318.76,273.72,119.78,145.21,136.78,77.57,87.18,71.44,141.39,169.52,108.99
1280.57,232.69,231.83,240.99,258.45,296.37,287.1,46.12,84.07,110.92,61.81,43.3,20.24,86.79,82.73,71.8
1282.27,212.51,235.71,219.88,190.04,259.87,293.69,24.27,54.4,67.21,45.85,47.89,22.19,64.99,33.09,59.75
1283.96,252.93,226.53,259.05,211.3,255.02,267.62,43.28,42,59.75,23.48,33.07,27.73,56.45,41.03,49.96
1285.65,281.73,280.39,248.6,221.33,274.28,262.64,71.72,67.63,53.99,36.47,39.95,36.96,63.27,44,79.2
1287.34,282.14,247.86,247.42,242.34,258.87,262.33,55.56,43,42.16,29.58,14.07,40.44,43.28,26.47,55.59
1289.03,266.14,244.93,249.51,255.02,267.78,282.67,36.84,45.81,29.17,23.41,17.79,16.46,24.61,12.62,36.97
1290.72,249.31,224.49,251.76,277.91,251.58,307.23,27.28,33.76,18.06,0.76,10.91,10.34,13.42,19.23,0
1292.41,277.97,215.22,243.83,331.01,284.92,312.67,33.38,39.03,17.11,11.35,9.58,15.36,28.44,33.74,17.13
1294.1,275.79,225.77,221.4,380,307.48,299.99,56.1,63.94,32.38,42.6,31.71,26.24,58.53,57.31,42.99
1295.78,268.77,226.48,223.46,370.2,341.92,281.53,63.63,44.99,36.04,61.94,62.72,38.87,88.1,65.02,78.82
1297.47,265.47,275.23,236.9,352.5,367.13,330.18,130.53,80.4,69.74,88.37,80.02,87.86,123.7,82.76,83.49
1299.15,285.65,278.82,244.16,336.34,357.88,331.03,162.57,94.63,92.91,99.93,99.14,90.33,136.77,85.64,101.29
1300.84,298.77,286.67,255.7,361.18,351.63,366.55,162.54,129.45,143.01,130.74,110.83,117.38,162.76,97.43,91.69
1302.52,309.05,270.35,249.4,398.9,349.27,354.95,170.98,150.4,131.24,116.03,157.01,100.24,181.23,129.37,121.22
1304.2,276.61,262.3,275.69,382.95,334.56,388.34,190.01,161.61,109.73,105.89,160.76,134.35,206.61,168.23,128.67
1305.88,260.54,252.63,261.04,408.43,333.62,377.17,235.06,220.86,144.59,110.79,179.21,148.82,225.36,227.44,180.14
1307.56,225.07,217.23,259.99,358.9,298.01,358.32,241.04,230.35,170.36,147.94,185.91,146.88,228.35,231.91,190.87
1309.24,223.21,232.76,228.88,393.03,270.72,335.14,279.94,239.1,216.72,177.67,200.53,153.85,254.94,254.3,223.18
1310.91,226.62,248.9,229.7,345.48,285.76,280.61,279.1,234.1,200.34,192.65,217.06,178.07,278.1,266.93,226.74
1312.59,211.08,243.76,196.57,307.04,298.23,231.19,280.61,251.8,206.65,197.99,211.95,186.65,299.96,306.26,258.33
1314.26,196.58,211.66,165.83,256.03,302.81,200.53,264.16,273.19,246.99,208.03,215.54,221.93,303.52,316.29,256.61
1315.94,196.91,150.06,134.9,245.23,226.27,208.76,258.85,254.73,242.8,215.2,199.6,211.01,276.22,310.45,268.69
1317.61,195.62,170.17,124.7,270.54,172.17,197.76,266.9,223.29,269.64,205.07,206.02,223.79,270.27,273.97,256.14
1319.28,200.27,154.88,113.09,253.84,126.72,181.42,249.53,177.77,214.07,173.51,192.03,179.48,252.91,244.75,229.5
1320.95,155.74,162.42,92.65,179.01,136.82,129.95,214.31,132.4,178.64,125.43,160.17,145.31,224.03,190.33,190
1322.62,144.49,134.89,91.81,133.85,91.92,72.57,156.67,102.6,127.12,104.6,112.22,111.38,180.39,162.82,138.41
1324.29,112.61,118.08,100.35,57.56,65.45,18.2,97.39,104.84,107.97,119.46,90.31,105.82,147.44,126.01,131.85
1325.96,102.11,77.32,117.6,52.6,24.08,18.6,101.14,83.44,83.84,118.01,83.75,81.61,137.53,129.89,97.65
1327.63,69.55,38.16,79.71,20.29,22.28,18.6,81.47,61.28,44.97,97.81,72.77,54.32,103.86,104.68,90.36
1329.29,71.04,9.43,55.95,20.29,15.67,17.14,85.84,27.82,19.79,41.29,51.49,35.73,57.55,85.83,55.1
1330.96,47.45,1.75,13.79,10.83,3.04,0,51.45,19.1,21.85,13.62,40.78,24.71,29.49,77.57,44.41
1332.62,33.48,0,28.2,0,3.04,0,35.86,13.65,44.06,6.49,27.22,22.51,30.23,66.77,22.2
1334.28,2,0,18.58,0,0,0,11.61,0,40.85,6.49,14.96,3.88,43.55,47.22,14.9
1335.95,22.02,0,14.41,0,0,0,28.08,1.49,26.44,24.17,2.33,9.71,40.68,11.48,5.95
1337.61,28.4,0,15.66,0,0,0,28.35,1.49,2.35,17.68,0.95,9.71,41.94,7.54,5.95
1339.27,26.4,0,15.66,0,0,0,35.58,1.49,1.83,17.68,0.95,7.11,22.57,6.9,0
1340.92,24,32.24,33.61,0,1.7,0,11.6,8,19.95,12.79,1.73,0,13.81,4.06,7.14
1342.58,62.64,42.59,44.33,0,14.4,0,24.95,8,19.95,12.79,0.78,0,1.11,0,7.14
1344.24,87.54,63.5,44.33,12.67,14.4,0,20.33,12.19,19.95,28.5,0.78,13.67,0,8.21,7.14
1345.89,104.28,65.3,68.82,12.67,12.7,2.15,42.7,18.1,3.8,15.71,0,13.67,18.46,8.21,9.9
1347.55,100.17,96.93,81.47,22.09,0,2.15,45.24,34.52,8.09,15.71,4.52,28.57,38.02,8.21,22.13
1349.2,133.44,112.27,109.78,9.42,7,9.15,95.14,30.33,25.54,0,4.52,19.82,66.7,0,37.05
1350.86,145.65,132.22,103.08,9.42,10.05,10.08,121.61,32.32,41.46,5.22,4.52,26.54,85.49,2.71,51.54
1352.51,144.24,136.87,100.09,6.4,27.41,10.08,127.44,21.99,48.42,5.22,0,17.06,72.64,10.15,52.06
1354.16,149.42,144.8,121.7,6.4,46.66,3.08,109.86,21.99,52.28,17.12,13.28,12.14,89.37,10.54,60.48
1355.81,151.55,135.66,125.24,10.87,43.61,0,96.85,34.16,43.06,21.55,13.28,5.42,82.67,19.97,36.09
1357.46,145.5,104.68,124.61,12.71,26.25,5.97,93.64,28.07,54.63,21.55,24.76,25.9,89.44,25.2,23.34
1359.1,99.27,82.52,96.14,12.71,0,5.97,80.23,35.69,37.01,17.91,13.69,25.9,62.02,24.8,0.94
1360.75,82.2,74.19,102.16,8.23,0,5.97,61.96,20.93,26.51,8.27,22.4,28.71,31.46,18.96,7.06
1362.4,73.51,87.24,73.55,6.25,0,0,39.38,20.93,14.04,15.96,10.92,2.81,17.98,6.3,7.06
1364.04,79.19,85.33,69.33,6.25,0,0,22.48,13.3,16.93,7.69,8.71,2.81,23.4,6.3,6.12
1365.68,79.48,69.35,39.04,6.25,0,0,23.83,0,16.93,14.95,0,0,32.98,0,1.14
1367.33,105.71,48.65,48.69,0,0,0,31.09,12.09,6.58,11.64,0,0,42.1,0,5.36
1368.97,113.97,47.99,60.71,4.22,0,0,40.37,40.79,14.64,11.64,11.25,6.71,42.69,4,25.69
1370.61,113.4,39.82,65.23,4.22,0,0,23.11,45.53,15.65,4.38,11.25,6.71,45.41,7.59,24.56
1372.25,100.98,79.14,76.9,4.22,0,0,60.99,33.44,21.03,21.69,33.94,6.71,52.93,25.44,34.1
1373.89,100.83,108.4,59.18,0.81,6.68,0,101.44,15.41,20.6,21.69,22.69,0,37.36,24.99,19.55
1375.53,82.39,102.7,66.16,0.81,12.23,0,113.25,29.72,34.53,34.36,22.69,0,25.05,21.4,25.56
1377.16,71.66,78.04,47.86,0.81,34.36,0,113.74,34.2,37.47,12.67,25.18,9,26.53,4.99,25.72
1378.8,45.31,49.43,36.33,0,27.68,0,59.4,23.55,23.26,12.67,25.18,9,18.11,1.43,19.94
1380.43,32.43,75.87,9.83,0,22.13,0,45.93,6.59,8.33,0,25.18,9,18.11,1.43,13.93
1382.07,8.39,70.9,16.21,0,0,0,0,2.11,0,0,0,0,0,0,0
1383.7,4.96,54.87,16.21,0,0,0,0,2.11,0,0,3.56,0,0,0,0
1385.33,15.92,42,19.65,5.73,0,4.39,4.47,0,0,0,3.56,0,0,1.69,0
1386.96,44.46,36.61,12.95,5.73,8.72,6.25,35.12,29.55,0,13.53,23.13,17.09,2.78,10.37,20.62
1388.59,57.49,32.54,15.67,21.61,8.72,38.72,61.38,31.66,5.82,16.82,19.57,22.91,21.06,20.14,33.64
1390.22,54.67,21.8,12.23,16.05,8.72,34.34,88.24,78.13,34.3,19.99,19.72,25.93,53.97,38.1,56.51
1391.85,22.33,15.66,2.72,16.05,0,32.48,86.68,61.07,57.79,23.2,18.83,29.06,80.06,47.31,63.27
1393.47,8.93,19.51,0,0.17,2.24,0,143.91,118.15,78.13,44.87,28.03,55.64,90.27,67.64,84.83
1395.1,0.79,10.01,0,0,2.24,0,158.05,119.8,63.05,75.11,50.51,78.14,129.72,113.21,103.63
1396.72,0.79,3.85,0,0,2.24,0,204.42,148.68,70.21,92.25,63.56,79.87,163.42,126.68,125.66
1398.35,0,0,0,0,0,0,193.48,123.92,88.38,95.08,96.63,77.63,186.8,138.51,134.71
1399.97,0,0,0,0,0,0,206,100.62,112.01,61.67,97.5,61.84,163.97,107.47,123.89
1401.59,0,0,0,0,0,0,178.09,97.55,107.89,45.86,70.6,47.63,136.05,86.66,108.31
1403.21,0,0,0,0,0,0,110.42,88.06,70.33,41.3,39.28,17.46,97.36,66.76,66.63
1404.83,0,0,0,0,0,0,52.42,77.36,33.29,41.3,29.75,7.74,82.81,47.32,54.75
1406.45,0,0,0,0,0,0,4.88,60.89,6.78,23.23,32.13,0,68.82,36.77,20.91
1408.07,0,0,0,0,0,0,0,35.96,0,0,21.18,0,55.63,14.74,18.96
1409.68,0,0,0,0,0,0,7.83,21.85,0.44,0,7.21,0,23.68,0,0
1411.3,0,0,0,0,0,0,7.83,0,0.44,3.06,0,0,3.02,0,0
1412.91,0,0,0,0,0,0,7.83,0,0.44,3.06,0,0,3.02,0,0
1414.53,0,0,0,0,0,0,0,0,0,3.06,0,0,0,0,0
1416.14,0,0,0,0,0,0,0,0,0,0,0,0,0,0,0
1417.75,0,0,0,0,0,0,0,0,0,0,0,0,0,0,0
1419.36,0,0,0,0,0,0,0,0,0,0,0,0,0,0,0
1420.97,0,0,0,0,0,0,0,0,0,0,0,0,0,0,0
1422.58,0,0,0,0,0,0,0,0,0,0,0,0,0,0,0
1424.19,0,0,0,0,0,0,0,0,0,0,0,0,0,0,0
1425.79,0,0,0,0,0,0,0,0,0,0,0,0,0,0,0
1427.4,0,0,0,0,0,0,0,0.09,0,0,0,0,0,0,0
1429,0,0,0,0,0,0,0,8.87,6.95,0,0,0,0,0,0
1430.6,0,0,0,0,0,0,2.62,8.87,18.9,0,0,1.12,0,0,0
1432.21,0,0,0,0,0,0,17.42,17.39,27.97,11.25,0,2.57,0,0,0
1433.81,0,0,0,0,0,0,17.42,14.47,21.02,11.25,0,2.57,0,0,8.98
1435.41,0,0,0,0,0,0,14.81,30.15,11.16,11.25,0,1.45,21.43,0,8.98
1437.01,0,0,0,3.64,0,0.11,18.84,21.54,2.09,0,0,0,21.43,0,8.98
1438.61,0,0,0,3.64,0,0.11,41.66,35.76,9.89,3.24,19.67,0,28.84,14.64,12.71
1440.2,0,0,0,20.26,0,2.49,82.46,49.11,18.17,4.97,19.8,0,21.03,25.09,20.18
1441.8,0,0,0,37.05,0,2.38,88.85,59.18,18.17,42.63,19.8,8.72,23.65,33.47,20.18
1443.4,0,0,0,37.05,1.69,23.81,70.81,46.33,15.25,54.75,24.18,18.13,16.24,18.91,19.83
1444.99,0,0,0,28.57,3.57,21.43,55.44,41.14,4.87,53.02,37.56,18.13,17.24,8.45,29.15
1446.58,0,0,0,13.84,16.13,52.8,45.75,31.07,17.37,30.16,37.56,9.41,18.59,12.25,35.51
1448.18,0,3.72,0,37.36,39.92,31.37,42.18,24.69,27.25,14.8,18.42,4.28,18.59,12.17,23.16
1449.77,0,9.94,0,43.46,54.35,48.58,22.5,0.85,40.15,26.49,11.17,5.93,13.95,12.21,6.36
1451.36,0,9.94,0,54.98,76.2,51.54,16.5,5.93,32.93,11.69,19.7,13.51,9.99,6.03,0
1452.95,50.11,17.36,22.36,75.48,57.69,118.8,26.06,34.01,42.28,24.73,14.8,19.85,26.46,21.42,5.74
1454.53,71.83,26.59,45.7,61.23,78.04,128.93,66.74,40.22,46.08,13.04,29.92,37.32,21.52,21.37,18.94
1456.12,71.83,43.04,72.39,63.56,86.02,97.36,61.98,54.32,60.11,26.78,32.27,38.69,22.48,15.38,39.28
1457.71,49.84,44.79,63.17,69.86,113.99,51.1,59.45,25.39,43.7,21.78,32.27,36.29,6.01,0,33.54
1459.29,51.88,54.59,60,121.84,95.36,74.59,13.01,29.39,27,21.78,10.88,17.17,0.96,0,20.34
1460.88,83.1,43.19,50.97,139.08,103.6,150.28,19.94,26.17,27.38,18.57,0,12.57,0,0,0
1462.46,84.33,55.83,64.98,118.07,155.25,167.71,11.7,26.88,62.1,10.53,1.88,4.34,0,0,0
1464.04,79.7,54.96,66.8,136.92,179.43,187,29,45.45,88.57,10.53,11.39,4.34,0,0,0
1465.62,85.44,111.12,102.66,174.85,216.69,191.37,60.38,79.36,98.41,20.13,53.84,35.55,0,13.73,0
1467.2,89.11,118.87,86.11,222.41,203.92,248.38,90.16,109.83,87.15,27.79,51.96,54.61,0,13.73,0
1468.78,122.82,139.99,109.93,249.72,289.56,291.13,100.44,98.64,114.89,35.11,55.73,80.98,5.05,25.97,8.5
1470.36,116.33,106.92,89.9,261.89,268.07,301.41,82.18,72.23,145.41,34.4,24.28,50.88,9.59,12.24,25.05
1471.94,101.66,105,109.35,257.24,296.42,299.55,72.03,90.93,181.72,32.81,24.28,51.56,9.59,12.87,25.05
1473.52,90.25,95.01,89.05,254.57,252.42,255.66,63.77,111.53,159.25,32.12,13.18,49.47,4.54,0.64,19.19
1475.09,70.65,86.83,71.91,255.08,268.27,220.95,52.29,118.92,137.56,12.7,12.87,44.03,0,0.64,2.64
1476.67,78.42,84.34,69.79,262.68,240.86,216.33,58.15,96.97,117.88,14.46,22.54,29.4,0,0,2.64
1478.24,56.33,66.34,64.49,243.12,197.31,199.56,73.12,90.47,131.65,7.84,20.37,32.9,0,0,0
1479.81,62.17,77.26,80.78,219.87,170.39,186.75,98.32,91.53,126.3,13.8,30.09,59.1,0,0,0
1481.38,54.93,56.44,85,192.58,130.78,190.25,100.08,105.81,125.52,14.47,43.36,72.39,0,0,0
1482.95,48.61,65.2,97.8,116.67,135.12,168.04,94.39,89.66,128.3,39.88,70.52,53.57,0,0,17.43
1484.52,34.88,34.32,83.19,52.52,90.77,122.45,92.6,89.06,141.63,39.35,50.11,31.32,0,0,17.43
1486.09,16.01,30.04,86.95,15.57,84.49,44.29,93.8,90.13,141.63,74.49,54.85,42.4,0,19.44,45.32
1487.66,16.68,12.8,69.74,19.95,57.62,52.86,93.01,129.87,150.97,68.97,42.93,37.83,0,30.1,29.29
1489.22,13.7,31.27,54.35,19.95,46.65,85.98,74,141.05,160.75,88.9,49.94,64.04,0,32.54,29.29
1490.79,38.71,44.2,18.98,20.34,25.71,94.49,66.66,155.24,161.87,57.5,41.14,62.92,0,33.76,12.71
1492.35,25.26,35.19,9.32,15.96,24.51,66.73,45.98,144.42,145.65,42.78,26.35,58.54,0,23.1,11.31
1493.92,34.85,27.07,7.24,15.96,24.51,46.61,35.19,133.5,114.33,32.28,20.46,35.32,0,20.66,23.77
1495.48,21.02,10.35,13.87,0,16.59,49.89,42.07,122.25,101.67,20.02,9.24,20.44,0,10.79,12.45
1497.04,22.88,48.61,27.52,12.74,11.49,45.25,54.29,116.66,113.68,19.53,8.79,42.51,0,10.79,20.95
1498.6,25.1,38.26,36.21,12.74,44.52,56.01,57.83,122.74,161.36,9.05,14.91,52.31,0,10.79,8.49
1500.16,43.92,53.79,34.81,12.74,71.89,68.4,40.94,104.71,164.93,9.05,19.6,55.67,0,15.49,8.49
1501.72,79.98,31.61,39.34,8.63,67.13,64.75,71.93,120.23,152.72,24.69,31.41,44.59,0,15.49,8.94
1503.27,77.52,53.23,30.11,8.63,52.88,49.28,78.36,130.2,128.28,20.77,37.43,55.63,0,24.22,8.94
1504.83,98.54,46.67,38.59,29.27,68.48,10.81,132.24,161.28,146.63,60.15,37.91,73.78,0,45.03,32.81
1506.38,98.92,41.13,41.76,44.6,109.48,34.26,145.11,195.69,206.3,78.35,50.72,109.61,26.28,69.12,56.83
1507.94,117.55,30.85,66.09,51.79,126.77,50.34,179.88,216.66,233.53,105.45,52.43,108.99,41.65,65.83,81.42
1509.49,107.87,53.93,81.88,78.47,200.47,151.66,181.64,243.29,257.43,109.55,93.14,142.04,63,69.87,105.66
1511.04,94.12,61.6,74.25,109.45,223.12,173.09,192.95,244.48,232.88,101.54,108.07,121.32,64.14,73.14,112.79
1512.59,99.06,91.96,81.99,181.16,254.51,235.27,204.27,268,278,106.54,144.68,141.27,103.29,103.41,122.59
1514.14,102.47,96.79,73.2,212.05,231.41,250.28,230.36,284.96,303.89,105.98,140.4,109,143.22,116.8,141.83
1515.69,116.02,116.76,99.56,257.11,230.82,304.48,260.22,326.03,352.55,116.88,163.57,154.18,162.92,140.29,177.85
1517.24,158.49,141.32,119.16,253.47,278.52,337.96,322.3,381.98,385.77,176.32,191.3,216.25,197.52,186.01,236.1
1518.79,174.21,154.8,187.01,304.45,299.51,357.73,374.27,429.16,427.55,234.66,224.25,268.55,232,228.95,281.9
1520.34,191.74,162.41,218.67,333.27,327.35,379.35,424.35,452.44,444.76,293.45,251.65,285.62,287.27,277.67,306.49
1521.88,193.4,171.83,258.47,408.26,363.02,426.81,478.86,488.83,464.75,332.68,275.83,269.15,308.97,328.17,335.18
1523.42,199.53,170.38,244.41,419.43,399.88,472.44,497.16,498,500.85,315.7,280.12,276.12,316.13,361.79,340.65
1524.97,238.14,191.41,222.48,494.45,470.57,493.59,530.22,544.94,561.39,323.49,292.86,301.53,357.06,401.17,375.9
1526.51,238.44,215.8,238.25,527.53,482.66,520.79,541.28,568.55,587.25,312.95,297.6,322.62,387.32,425.9,410.82
1528.05,262.43,274.21,246.05,599.67,549.82,529.07,585,622.48,600.45,354.08,340.01,359.7,429.92,455.62,445.4
1529.59,255.34,298.54,288.42,591.43,561.92,580.62,596.28,637.3,622.87,360.09,348.65,376.01,442.4,474.23,471.54
1531.13,277.16,295.12,280.05,584.13,582.98,601.8,592.44,624.33,641.5,357.67,376.17,369.55,438.44,467.73,494.23
1532.67,289.89,283.61,272.26,572.46,587.32,624.92,564.14,599.25,638.02,359.46,360.58,354.97,435.37,477.12,488.14
1534.2,291.1,316.91,254.93,559.96,597.84,590.22,548.29,565.61,606.97,363.04,358.78,346.84,428.74,466.28,473.5
1535.74,290.22,292.45,269.53,581.08,607.64,567.47,542.99,547.86,558.48,347.5,324.53,341.59,415,465,426.08
1537.28,285.03,281.02,306.14,531.58,586.16,517.11,493.68,508.76,524.32,290.97,297.94,287.69,369.92,413.39,379.32
1538.81,314.75,282.83,339.34,530.71,608.63,567.37,460.59,476.88,494.7,276.65,307.58,255.67,324.06,400.66,335.78
1540.34,327.83,308.67,317.23,527.56,632.5,607.68,446.16,489,508.08,248.67,305.89,242.65,307.21,349.6,320.25
1541.88,341.16,316.08,309.7,572.02,670.98,648.62,479.27,490.33,506.68,275.25,323.75,288.19,326.57,325.42,343.26
1543.41,339.51,315.86,338.86,632.88,689.19,669.61,508.38,505.32,536.94,283.15,317.61,307.39,348.59,325.58,381.27
1544.94,358.44,327.21,361.59,663.35,670.67,706.87,516.38,495.2,542.08,323.95,331.69,344.48,360.5,348.62,404.17
1546.47,384.61,373.47,407.91,727.76,659.44,789.42,538.92,556.96,590.1,350.63,362,353.13,371.97,413.21,432.96
1547.99,408.92,418.2,412.03,760.34,692.37,829.81,576.23,622.15,609.56,369.09,403.41,387.88,404.54,447.92,472.85
1549.52,447.69,468.4,467.28,859.09,800.14,851.69,645.65,686.46,668.79,403.33,438.94,429.42,469.22,516.06,523.19
1551.05,455.6,500.4,475.33,904.01,883.4,854.41,685.5,710.86,682.79,407.67,449.58,440.39,521.68,510.32,541.3
1552.57,465.53,478.42,510.4,916.64,882.39,905.52,682.67,691.59,677.46,410.02,439.21,430.04,526.46,506.23,519.41
1554.1,461.14,499.46,537.83,897.67,880.43,937.68,646.84,694.98,637.78,386.69,432.51,412.01,509.91,493.15,507.51
1555.62,488.22,510.3,577.73,908.86,860.31,1011.34,646.12,680.47,640.87,395.14,431.92,441.76,489.13,522.84,504.06
1557.14,510.33,537.82,587.64,933.1,944.24,1020.72,665.05,706.62,706.28,416.59,453.33,469.51,508.35,531.52,528.93
1558.66,506.67,559.59,576.47,903.28,965.44,1006.71,677.86,692.65,706.25,423.26,439.62,471.14,483.45,517.76,507.36
1560.18,508.59,553.94,549.54,884.41,996.58,946.64,661.21,669.23,679.09,406.48,419.13,443,453.1,497.21,489.33
1561.7,521.98,566.08,544.07,891.03,975.89,937.4,638.01,674.92,627.7,388.48,392.09,412.3,443.86,490.44,476.08
1563.22,564.05,571.58,567.29,927.71,989.92,959.21,649.79,686.59,656.97,380.14,411.71,396.26,472.28,485.99,487.83
1564.74,548.8,589.43,574.86,943.76,985.99,989.4,657.56,718.25,675.9,408.12,414.66,398.88,501.7,475.88,509.24
1566.25,525.8,594.52,568.68,927.76,980.34,1005.54,664.88,702.8,673.04,390,413.16,383.39,508,485.98,501.19
1567.77,485.26,595.4,544.62,900.58,977.52,980.17,648.3,688.78,654.95,407.65,396.44,384.68,478.74,497.19,491.92
1569.28,506.52,587.75,557.37,883.56,984.85,960.96,676.82,682.19,646.97,377.07,392.16,375.74,467.25,509.5,499.09
1570.79,523.79,567.12,551.79,873.93,969.24,950.46,673.67,684.26,630.97,381.82,380.54,374.13,441.75,488.81,502.59
1572.31,553.2,586.61,572.68,932.12,931.78,964.79,711.94,702.1,664.07,399.02,400.03,398.62,496.7,526.89,530.86
1573.82,546.62,614.13,582.59,912.36,922.37,973.5,711.54,729.26,697.5,435.54,464.19,438.78,569.63,564.3,541.46
1575.33,544.39,656.32,607.18,919.98,922.68,947.26,749.47,765.75,754.25,475.06,511.34,493.61,609.23,609.7,578.05
1576.84,527.06,631.43,606.34,865.53,924.25,941.62,744.27,774.44,764.21,508.12,530.7,513.98,613.38,611.32,604.52
1578.34,520.76,595.88,589.86,857.8,862.2,890.03,723.72,751.13,735.83,511.52,497.73,488.35,593.18,587.26,607.99
1579.85,508.69,544.57,563.94,854.33,851.76,868.37,683.72,678.03,689.32,489.47,473.98,455.93,591.2,551.09,591.67
1581.36,500.97,508.27,512.38,812.57,852.02,795.42,617.71,609.58,626.81,440.08,443.55,410.52,578.88,528.25,573.68
1582.86,511.71,521.77,513.27,829.31,865.77,784.96,600.13,594.56,615.39,423.12,440.24,428.87,565.67,538.84,561.46
1584.37,498.02,532.18,513.74,776.3,854.79,767.76,562.1,586.76,575.86,419.39,427.8,437.77,552,532.64,541.13
1585.87,488.79,549.37,536,806.12,807.96,829.72,579.16,604.72,572.42,440.42,432.14,456.12,541.1,543.22,527.56
1587.37,482.91,552.58,534.27,800.65,820.18,814.39,559.21,600.01,547.3,462.45,452.8,454.12,550.53,539.79,527.65
1588.87,510.82,549.92,544.34,825.66,803.88,810.88,547.36,570.06,540.28,445.59,434.58,458.9,514.73,525.47,514.51
1590.37,497.52,522.71,524.86,813.83,802.4,781.52,486.94,520.87,473.37,385.16,412.12,413.78,454.7,458.91,470.48
1591.87,491.12,496.08,505.96,813.59,793.85,798.42,432.07,456.9,424.66,340.62,341.21,375.21,368.21,406.57,433.32
1593.37,464.07,460.45,469.07,805.72,767.33,764.37,380.51,429.58,374.27,328.74,325.63,331.64,353.72,377.88,413.5
1594.86,457.36,457.84,461.52,809.23,795.2,735.35,367.94,398.25,352.87,348.51,322.71,341.06,375.88,389.52,418.99
1596.36,436.56,428.13,459.55,808.67,806.32,762.93,370.24,409.45,370.34,375.17,363.34,371.69,428.26,434.04,430.37
1597.86,427.66,445.99,473.8,817.7,829.7,815.43,419.09,449.21,415.03,450.71,428.85,434.54,504.18,520.78,502.96
1599.35,457.43,464.19,504.74,809.43,811.79,839.31,439.26,472.94,469.03,508.91,484.69,466.39,584.09,609.51,578.54
1600.84,449.44,468.97,494.25,759.75,780.13,785.11,458.63,456.56,465.25,516.99,497.75,492.44,612.55,643.78,628
1602.33,467.02,453.97,482.98,728.34,757.74,761.83,442.55,429.05,443,498.95,493.35,497.05,608.22,638.26,623.68
1603.83,410.27,395.98,421.4,690.62,692.71,735.26,420.78,390.52,408.41,449.57,454.94,484.32,562.55,581.07,565.34
1605.32,412.54,377.01,403.83,676.95,675.72,725.73,391.01,365.65,387.14,423.85,424.19,449.57,522.87,529.87,519
1606.8,372.14,350.38,346.93,656.97,653.76,659.56,328.21,302.76,329.19,351.45,346.77,374.49,447.85,428,439.98
1608.29,343.65,319.64,310.93,614.91,622.06,582.31,240.62,240.42,250.44,251.61,267.23,251.95,329.04,296.33,322.17
1609.78,290.05,291.47,267.83,540.11,565.28,513.32,136.91,154.28,151.57,148.3,154.91,129.63,197.77,162.55,185.57
1611.27,229.69,241.54,231.63,443.57,451.09,442.26,57.11,76.66,69.72,56.18,68.57,31.28,74.05,67.07,62.37
1612.75,193.11,201.39,176.55,344.5,375.04,374,18.47,27.56,21.42,23.52,11.38,16.06,19.79,25.77,20.06
1614.23,148.43,137.8,125.7,281.36,279.25,321.33,0,0,0,0,0,0,0,0,0
1615.72,110.42,114.56,99.2,229.57,243.15,272.69,0,0,0,0,0,0,0,0,0
1617.2,100.76,97.32,111.03,211.15,222.75,248.41,0,0,0,0,0,0,0,0,0
1618.68,105.65,127.64,121.1,215.32,225.94,225.06,5.9,0,2.54,0,18.65,0,0,0,0
1620.16,119.11,131.53,129.72,204.07,221.37,225.62,17.15,14.14,11.72,13.23,18.65,1.73,5.89,1.11,0
1621.64,132.47,133.65,164.91,191.74,221.73,247.76,29.19,41.71,54.63,29.29,18.84,10.29,25.96,6.33,2.13
1623.12,132.27,108.22,153.22,155.21,186.89,197.71,26.67,52.58,66.96,29.29,0.2,10.29,26.75,6.33,2.13
1624.59,125.31,97.34,160.42,135.93,166.96,170.24,15.42,46.85,57.78,16.06,0.2,8.56,20.85,5.99,2.13
1626.07,75.96,80.7,90.52,129.91,110.62,101.36,3.38,19.28,14.87,0,0,0,0.79,0.77,0
1627.54,29.93,43.99,65.29,84.12,104.97,108.5,0,8.4,0,0,0,0,0,0.77,0
1629.02,0,27.14,26.84,48.92,59.13,66.11,0,0,0,0,0,0,0,0,0
1630.49,18.55,23.18,34.62,5.4,65.2,56.97,0,0,0,0,0,0,0,0,0
1631.96,18.55,23.18,20.01,5.4,24.51,19.27,0,0,0,0,0,0,0,0,0
1633.43,18.55,14.11,11.65,0,24.51,18.13,0,0,0,0,0,0,0,0,0
1634.9,0,6.05,0,0,4.24,0,0,0,0,0,0,0,0,0,0
1636.37,0,6.05,0.08,0,0,0,0,0,0,0,0,0,0,0,0
1637.84,0,0,0.08,0,0,0,0,0,0,0,0,0,0,0,0
1639.31,10.36,0,0.08,1.76,0,0,0,0,0,0,0,0,0,0,0
1640.77,10.36,0,0,1.76,0,0,0,0,0,0,0,0,0,0,0
1642.24,10.36,0,8.3,1.76,0,0,0,0,0,0,0,0,0,0,0
1643.7,0,0,8.3,0,0,0,0,0,0,0,0,0,0,0,0
1645.17,0,0,8.3,0,0,0,0,0,0,0,0,0,0,0,0
1646.63,0,0,0,0,0,0,0,0,0,0,0,0,0,0,0
1648.09,0,0,0,0,0,0,0,0,0,0,0,0,0,0,0
1649.55,0,0,0,0,0,0,0,0,0,0,0,0,0,0,0
1651.01,0,0,0,0,0,0,0,0,0,0,0,0,0,0,0
1652.46,0,0,0,0,0,0,0,0,0,0,0,0,0,0,0
1653.92,0,0,0,0,0,0,0,0,0,0,0,0,0,0,0
1655.38,0,0,0,0,0,0,0,0,0,0,0,0,0,0,0
1656.83,0,0,0,0,0,0,0,0,0,0,0,0,0,0,0
1658.29,0,0,0,0,0,0,0,0,0,0,0,0,0,0,0
1659.74,0,0,0,0,0,0,0,0,0,0,0,0,0,0,0
1661.19,0,0,0,0,0,0,0,0,0,0,0,0,0,0,0
1662.64,0,0,0,0,0,0,0,0,0,0,0,0,0,0,0
1664.09,0,0,0,0,0,0,0,0,0,0,0,0,0,0,0
1665.54,0,0,0,0,0,0,0,0,0,0,0,0,0,0,0
1666.99,0,0,0,0,0,0,0,0,0,0,0,0,0,0,0
1668.44,0,0,0,0,0,0,0,0,0,0,0,0,0,0,0
1669.88,0,0,0,0,0,0,0,0,0,0,0,0,0,0,0
1671.33,0,0,0,0,0,0,0,0,0,0,0,0,0,0,0
1672.77,0,0,0,0,0,0,0,0,0,0,0,0,0,0,0
1674.21,0,0,0,0,0,0,0,0,0,0,0,0,0,0,0
1675.66,0,0,0,0,0,0,0,0,0,0,0,0,0,0,0
1677.1,0,0,0,0,0,0,0,0,0,0,0,0,0,0,0
1678.54,0,0,0,0,0,0,0,0,0,0,0,0,0,0,0
1679.97,0,0,0,0,0,0,0,0,0,0,0,0,0,0,0
1681.41,0,0,0,0,0,0,0,0,0,0,0,0,0,0,0
1682.85,0,0,0,0,0,0,0,0,0,0,0,0,0,0,0
1684.29,0,0,0,0,0,0,0,0,0,0,0,0,0,0,0
1685.72,0,0,0,0,0,0,0,0,0,0,0,0,0,0,0
1687.15,0,0,0,0,0,0,0,0,0,0,0,0,0,0,0
1688.59,0,0,0,0,0,0,0,0,0,0,0,0,0,0,0
1690.02,0,0,0,0,0,0,0,0,0,0,0,0,0,0,0
1691.45,0,0,0,0,0,0,0,0,0,0,0,0,0,0,0
1692.88,0,0,0,0,0,0,0,0,0,0,0,0,0,0,0
1694.31,0,0,0,0,0,0,0,0,0,0,0,0,0,0,0
1695.74,0,0,0,0,0,0,0,0,0,0,0,0,0,0,0
1697.16,0,0,0,0,0,0,0,0,0,0,0,0,0,0,0
1698.59,0,0,0,0,0,0,0,0,0,0,0,0,0,0,0
1700.01,0,0,0,0,0,0,0,0,0,0,0,0,0,0,0
1701.44,0,0,0,0,0,0,0,0,0,0,0,0,0,0,0
1702.86,0,0,0,0,0,0,0,0,0,0,0,0,0,0,0
1704.28,0,0,0,0,0,0,0,0,0,0,0,0,0,0,0
1705.7,0,0,0,0,0,0,0,0,0,0,0,0,0,0,0
1707.12,0,0,0,0,0,0,0,0,0,0,0,0,0,0,0
1708.54,0,0,0,0,0,0,0,0,0,0,0,0,0,0,0
1709.96,0,0,0,0,0,0,0,0,0,0,0,0,0,0,0
1711.38,0,0,0,0,0,0,0,0,0,0,0,0,0,0,0
1712.79,0,0,0,0,0,0,0,0,0,0,0,0,0,0,0
1714.21,0,0,0,0,0,0,0,0,0,0,0,0,0,0,0
1715.62,0,0,0,0,0,0,0,0,0,0,0,0,0,0,0
1717.04,0,0,0,0,0,0,0,0,0,0,0,0,0,0,0
1718.45,0,0,0,0,0,0,0,0,0,0,0,0,0,0,0
1719.86,0,0,0,0,0,0,0,0,0,0,0,0,0,0,0
1721.27,0,0,0,0,0,0,0,0,0,0,0,0,0,0,0
1722.68,0,0,0,0,0,0,0,0,0,0,0,0,0,0,0
1724.08,0,0,0,0,0,0,0,0,0,0,0,0,0,0,0
1725.49,0,0,0,0,0,0,0,0,0,0,0,0,0,0,0
1726.9,0,0,0,0,0,0,0,0,0,0,0,0,0,0,0
1728.3,0,0,0,0,0,0,0,0,0,0,0,0,0,0,0
1729.71,0,0,0,0,0,0,0,0,0,0,0,0,0,0,0
1731.11,0,0,0,0,0,0,0,0,0,0,0,0,0,0,0
1732.51,0,0,0,0,0,0,0,0,0,0,0,0,0,0,0
1733.91,0,0,0,0,0,0,0,0,0,0,0,0,0,0,0
1735.31,0,0,0,0,0,0,0,0,0,0,0,0,0,0,0
1736.71,0,0,0,0,0,0,0,0,0,0,0,0,0,0,0
1738.11,0,0,0,0,0,0,0,0,0,0,0,0,0,0,0
1739.51,0,0,0,0,0,0,0,0,0,0,0,0,0,0,0
1740.9,0,0,0,0,0,0,0,0,0,0,0,0,0,0,0
1742.3,0,0,0,0,0,0,0,0,0,0,0,0,0,0,0
1743.69,0,0,0,0,0,0,0,0,0,0,0,0,0,0,0
1745.08,0,0,0,0,0,0,0,0,0,0,0,0,0,0,0
1746.48,0,0,0,0,0,0,0,0,0,0,0,0,0,0,0
1747.87,0,0,0,0,0,0,0,0,0,0,0,0,0,0,0
1749.26,0,0,0,0,0,0,0,0,0,0,0,0,0,0,0
1750.65,0,0,0,0,0,0,0,0,0,0,0,0,0,0,0
1752.03,0,0,0,0,0,0,0,0,0,0,0,0,0,0,0
1753.42,0,0,0,0,0,0,0,0,0,0,0,0,0,0,0
1754.81,0,0,0,0,0,0,0,0,0,0,0,0,0,0,0
1756.19,0,0,0,0,0,0,0,0,0,0,0,0,0,0,0
1757.58,0,0,0,0,0,0,0,0,0,0,0,0,0,0,0
1758.96,0,0,0,0,0,0,0,0,0,0,0,0,0,0,0
1760.34,0,0,0,0,0,0,0,0,0,0,0,0,0,0,0
1761.72,0,0,0,0,0,0,0,0,0,0,0,0,0,0,0
1763.1,0,0,0,0,0,0,0,0,0,0,0,0,0,0,0
1764.48,0,0,0,0,0,0,0,0,0,0,0,0,0,0,0
1765.86,0,0,0,0,0,0,0,0,0,0,0,0,0,0,0
1767.24,0,0,0,0,0,0,0,0,0,0,0,0,0,0,0
1768.61,0,0,0,0,0,0,0,0,0,0,0,0,0,0,0
1769.99,0,0,0,0,0,0,0,0,0,0,0,0,0,0,0
1771.36,0,0,0,0,0,0,0,0,0,0,0,0,0,0,0
1772.73,0,0,0,0,0,0,0,0,0,0,0,0,0,0,0
1774.1,0,0,0,0,0,0,0,0,0,0,0,0,0,0,0
1775.48,0,0,0,0,0,0,0,0,0,0,0,0,0,0,0
1776.85,0,0,0,0,0,0,0,0,0,0,0,0,0,0,0
1778.21,0,0,0,0,0,0,0,0,0,0,0,0,0,0,0
1779.58,0,0,0,0,0,0,0,0,0,0,0,0,0,0,0
1780.95,0,0,0,0,0,0,0,0,0,0,0,0,0,0,0
1782.32,0,0,0,0,0,0,0,0,0,0,0,0,0,0,0
1783.68,0,0,0,0,0,0,0,0,0,0,0,0,0,0,0
1785.04,0,0,0,0,0,0,0,0,0,0,0,0,0,0,0
1786.41,0,0,0,0,0,0,0,0,0,0,0,0,0,0,0
1787.77,0,0,0,0,0,0,0,0,0,0,0,0,0,0,0
1789.13,0,0,0,0,0,0,0,0,0,0,0,0,0,0,0
1790.49,0,0,0,0,0,0,0,0,0,0,0,0,0,0,0
1791.85,0,0,0,0,0,0,0,0,0,0,0,0,0,0,0
1793.21,0,0,0,0,0,0,0,0,0,0,0,0,0,0,0
1794.57,0,0,0,0,0,0,0,0,0,0,0,0,0,0,0
1795.92,0,0,0,0,0,0,0,0,0,0,0,0,0,0,0
1797.28,0,0,0,0,0,0,0,0,0,0,0,0,0,0,0
1798.63,0,0,0,0,0,0,0,0,0,0,0,0,0,0,0
1799.98,0,0,0,0,0,0,0,0,0,0,0,0,0,0,0
1801.34,0,0,0,0,0,0,0,0,0,0,0,0,0,0,0
1802.69,0,0,0,0,0,0,0,0,0,0,0,0,0,0,0
1804.04,0,0,0,0,0,0,0,0,0,3.4,0,4.01,2.74,0,0
1805.39,0,0,0,0,0,0,0,0,0,3.4,0,4.01,2.74,0,0
1806.73,0,0,0,0,0,0,0,0,0,3.4,6.73,4.01,2.74,0,0
1808.08,0,0,0,0,0,0,0,0,0,0,6.73,0,0,0,0
1809.43,0,0,0,0,0,0,0,0,0,0,6.73,0,0,0,0
1810.77,0,0,0,0,0,0,0,0,0,0,0,0,0,0,0
1812.12,0,0,0,0,0,0,0,0,0,0,0,0,0,0,0
1813.46,0,0,0,0,0,0,0,0,0,0,0,0,0,0,0
1814.8,0,0,0,0,0,0,0,0,0,0,0,0,0,0,0
1816.14,0,0,0,0,0,0,0,0,0,0,0,0,0,0,0
1817.48,0,0,0,0,0,0,0,0,0,0,0,0,0,0,0
1818.82,0,0,6.35,0,0,0,0,0,0,0,0,0,0,0,0
1820.16,0,0,6.35,0,0,0,0,0,0,0,0,0,0,0,0
1821.5,0,0,6.35,0,0,0,0,0,0,0,0,0,0,0,0
1822.83,0,0,0,0,0,0,0,0,0,0,0,2.62,0,0,0
1824.17,0,0,0,0,0,0,0,0,0,0,0,2.62,0,0,0
1825.5,0,0,4.97,0,0,0,0,0,0,0,0,4.37,0,0,0
1826.83,0,0,4.97,0,0,0,0,0,0,0,0,1.75,0,0,0
1828.17,0,0,4.97,0,0,0,0,0,0,0,8.96,2.24,0,0,0
1829.5,0,0,0,0,0,0,0,0,0,0,8.96,0.5,0,0,0
1830.83,0,0,0,0,0,0,0,0,0,0,8.96,0.5,0,0,0
1832.16,0,0,0,0,0,0,0,0,0,0,0,5.77,0,0,0
1833.49,0.62,0,0,0,0,0,0,0,0,0,0,5.77,0,0,0
1834.81,0.62,0,0,0,0,0,0,0,0,0,0,5.77,0,0,0
1836.14,0.62,0,0,0,0,0,0,0,0,0,0,0,0,0,0
1837.46,0,0,0,0,0,0,0,0,0,0,0,0,0,0,0
1838.79,0,0,0,0,0,0,0,0,0,0,0,0,0,0,0
1840.11,0.76,0,0,0,0,0,0,0,0,0,0,0,0,0,0
1841.43,0.76,0,17.57,0,0,0,0,0,0,0,0,0,0,0,0
1842.75,0.76,0,18.13,0,0.2,0,0,0,0,0,0,0,0,0,0
1844.07,9.88,16.76,18.13,0,0.2,0,0,0,0,4.67,0,0,0,0,0
1845.39,34.66,42.1,9.7,0,0.2,0.83,5.61,6.52,8.66,25.15,7.99,19.73,23.9,11.54,33.53
1846.71,34.66,42.1,9.14,0,0,0.83,5.61,6.52,8.66,25.15,7.99,19.73,23.9,11.54,33.53
1848.03,26.39,25.34,20.55,0,0,6.03,5.61,6.52,8.66,20.48,7.99,19.73,23.9,11.54,33.53
1849.34,5.94,1.32,21.94,3.95,0,5.2,0,0,0,1.51,0,0,0.71,0,0
1850.66,5.94,1.32,21.94,3.95,0,5.2,0,0,0,3.91,0,0,0.71,0,0
1851.97,18.28,20.96,16.77,3.95,0,0,0,0,0,6.62,0,0,2.46,2.84,5.07
1853.29,21.88,35.98,24.54,19.5,6.46,8.14,6.05,17.19,5.36,23.11,24.5,20.83,24.06,28.87,18.98
1854.6,41.02,36.87,24.54,19.5,17.27,8.14,14.04,27.3,9.98,38.25,45.84,33.49,55.81,39.95,30.94
1855.91,63.17,49.1,45.85,36.96,17.27,70.19,40.08,45.44,41.64,58.01,74.79,52.42,79.35,76.03,55.63
1857.22,68.7,32.77,33.54,17.46,10.82,67.01,34.04,28.26,36.28,44.53,52.62,31.59,57.04,50.86,43.07
1858.53,82.29,58.1,59.16,57.65,18.49,95.07,26.93,28.77,36.81,43.12,61.54,39.13,54.08,53.09,50.26
1859.84,66.81,34.03,55.18,42.31,33.34,43.48,3.13,20.24,5.15,21.69,38.75,36.64,38.74,14.18,24.42
1861.15,71.6,59.52,67.79,49.11,33.95,51.14,3.13,20.24,5.15,23.22,41.27,47.75,48.31,15.02,26.55
1862.45,55.56,36.89,46.57,22.48,30.57,23.08,2.24,9.62,0,7.1,11.01,27.54,19.53,1.69,7.41
1863.76,75.45,64.19,47.62,36.09,31.77,48.44,13.91,7.23,5.45,26.13,18.69,31.18,29.33,13.48,19.7
1865.06,70.95,58.77,48.27,48.27,38.88,53.37,16.25,15.54,8.32,30.79,31,41.12,22.76,21.79,20.62
1866.36,71.38,83.27,72.85,58.7,43.22,63.72,38.12,16.69,29.38,57.26,60.24,58.9,50.11,53.75,49.32
1867.67,62.75,77.39,75.71,73.69,58.47,53.8,39.37,42.88,45.59,66.86,82.48,63.44,65.81,91.99,62.18
1868.97,89.94,74.32,99.39,71.48,78.18,62.34,54.81,41.6,68.33,88.32,102.58,69.5,93.37,114.42,93.24
1870.27,109.51,86.64,99.11,83.62,72.57,75.89,59.01,71.07,77.49,97.18,93.43,84.64,98.34,116.59,87.71
1871.57,108.57,93.44,124.99,76.22,64.42,80.57,78.06,75.06,99.18,107.24,93.14,88.31,116.84,113.63,102.37
1872.87,97.13,95.74,110.03,79.61,70.73,90.71,87.98,91.25,96.39,93.83,87.36,88.83,114.53,116.18,88.56
1874.16,94.5,76.52,100.89,59.79,74.16,87.97,71.09,71.63,83.13,61.27,94.12,62.54,96.74,98.26,74.6
1875.46,83.25,55.35,58.12,48.31,61.27,61.57,42.94,34.76,44.96,39.12,78.61,45.33,46.69,58.09,34.4
1876.75,98.61,73.45,74.62,61.74,82.61,76.75,41.44,31.86,38.42,43.94,92.08,55.08,45.95,63.55,41.16
1878.05,67.89,68.14,86.06,65.07,65.33,78.82,38.24,27.26,35.19,69.72,83.84,59.14,53.84,57.31,58.88
1879.34,83.78,99.1,101.76,59.97,91.14,104.46,51.35,36.3,46.93,64.81,92.57,71.83,70.37,77.38,78.92
1880.63,76.93,105,81.39,28.76,52.51,83.66,43.09,28.31,47.64,57.54,70.27,48.15,74.53,57.41,78.92
1881.93,104.24,122.38,94.83,56.67,79.86,98.32,61.7,22.85,63.55,69.45,90.82,65,82.22,68.96,84.11
1883.22,100.03,96.91,100.1,72.37,86.81,119.43,75.5,44.25,54.31,85.22,97.9,67.03,90.09,60.37,84.49
1884.51,71.19,78.15,87.75,91.08,103.42,111.88,57.56,40.4,37.31,77.73,85.06,61.81,61.72,43.53,67.62
1885.79,74.18,87.54,66.88,73.24,121.49,117.44,49.3,57.41,12.69,51.44,67.4,55.78,50.53,45.87,61.27
1887.08,72.54,103.64,59.04,96.41,111.9,86.68,16.32,26.42,5,34.55,31.3,44.82,35.75,52.63,40.01
1888.37,85.17,112.67,95.81,121.14,107.54,105.48,23.27,32.82,28.62,42.97,37.36,53.16,46.61,50.69,36.71
1889.65,108.16,111.74,104.95,130.87,121.17,108.96,43.82,44.63,46.8,55.47,41.49,75.92,51.54,44.16,42.49
1890.94,109.2,106.52,119.79,128.61,119.15,124.77,52.59,67.6,60.55,63.71,67.56,84.42,57.23,45.71,63.01
1892.22,139.28,108.67,122,149.02,145.8,136.58,85.64,92.91,65.57,79.69,96.18,123.33,86.99,89,105.29
1893.5,117.84,98.63,119.7,154.54,127.56,123.84,62.21,70.41,53.11,82.2,98.32,111.76,84.27,94.82,96.09
1894.78,116.66,112.53,121.32,173.96,138.21,144.65,101.76,92.22,80.29,97.34,103.43,124.49,115.86,119.94,113.52
1896.06,107.19,123.46,115.99,163.71,141.19,138.81,99.06,87.11,80.23,94.23,91.62,99.96,115.18,102.8,95.03
1897.34,118.64,130.98,121.24,164.02,146.73,160.85,113.33,104.97,97.13,104.41,100.77,97.4,123.82,116.63,114.84
1898.62,131.69,130.1,125.42,173.21,167.82,167.11,91.23,96.8,81.34,114.9,106.23,108.8,122.75,110.09,117.29
1899.9,142.44,120.59,123.64,186.41,168.58,213.71,93.56,97.71,72.3,123.47,107.09,105.62,106.76,121.96,123.82
1901.18,149.56,129.44,139.89,196.27,162.34,203.97,93.63,112.04,82.68,117.11,100.37,110.51,118.84,111.25,119.76
1902.45,139.95,105.89,130.4,183.02,131.65,194.78,67.4,86.68,64.7,92.72,79.61,77.03,83.9,83.84,100
1903.72,127.36,109.71,125.61,172.1,137.3,163.92,45.53,72.4,65.46,95.4,64.59,74.63,85.37,69.83,83.65
1905,126.48,116.23,110.86,178.85,160.6,165.73,48.08,61.86,39.98,89.5,65.32,72.64,68.24,64.91,83.72
1906.27,138.3,137.12,129.14,170.92,175.23,164.2,65.65,77.08,60.58,96.67,64.79,77.4,89.2,68.06,86.86
1907.54,137.49,130.38,118.45,172.66,170.86,150,65.7,65.71,54.27,74.93,64.34,69.56,76.23,67.29,82.42
1908.81,129.49,109.78,131.91,150.83,180.93,108.24,57.27,71.21,61.15,68.7,55.41,56.91,88.46,87.38,72.17
1910.08,141.42,114.11,132.63,164.89,196.88,110.36,73.82,73.67,73.66,77.11,74.11,69.23,88.98,98.1,84.22
1911.35,124.04,111.8,131.38,155.95,155.49,111.8,68.78,75.88,68.6,68.93,76.22,70.95,101.92,95.9,85.68
1912.62,112.81,90.63,107.93,161.1,119.2,144.02,46.88,56.96,59.73,48.27,61.85,61.53,92.71,67.22,69.67
1913.88,103.06,73.61,98.3,131.03,86.68,141.01,39.57,55.89,48.72,38.13,52.67,62.29,81.03,66.73,61.51
1915.15,119.12,76.07,116.15,148.4,120.6,118.43,43.11,54.36,63.58,51.18,50.34,80.25,83.86,69.43,61.54
1916.41,116.32,104.67,120.8,175.53,126.28,133.29,73.59,74.01,80.63,84.41,69.54,84.05,88.89,91.98,82.76
1917.68,97.88,126.63,104.81,204.65,144.29,123.46,66.42,79.42,67.09,94.39,80.81,82.6,92.32,83.94,82.06
1918.94,98.15,117.96,93.53,200.77,132.95,139.97,65.33,85.91,59.64,82.79,77.82,54.56,76.51,67.98,79.1
1920.2,92.44,107.32,90.27,145.2,137.27,119.12,50.66,54.81,51.61,61.25,56.24,55.93,57.43,55.1,58.56
1921.46,111.77,93.71,88.38,136.63,146.57,128.6,46.07,43.8,48.33,46.13,29.74,42.04,46.1,55.97,49.43
1922.72,124.13,114.8,98.51,142.04,147.2,120.73,55.9,53.54,60.8,69.42,42.99,65.22,64.19,72.57,63.38
1923.98,129.62,119.02,106.79,159.88,149.92,141.3,65.6,65.47,80.46,79.9,66.08,70.26,81.79,68.7,68.52
1925.24,123.15,126.61,134.76,182.05,150.63,143.51,99.04,77.16,113.54,97.45,99.92,87.71,98.8,82.24,98.4
1926.49,100.49,106.68,128.54,178.97,156.76,129.49,103.35,81.37,114.16,96.19,82.28,76.01,88.68,78.3,96.81
1927.75,116.18,116.1,129.01,191.22,170.55,132.12,101.73,94.99,103.52,100.34,81.05,78.72,87.62,83.44,107.96
1929,123.46,109.44,122.06,167.34,160.88,161.62,85.1,97.59,101.19,102.13,66.45,91.72,85.54,86.21,95.74
1930.26,118.55,114.59,117.25,149.22,186.97,173.89,69.32,83.05,100.38,81.76,85.36,85.25,79.98,85.84,85.38
1931.51,132.22,129.99,135.03,177.64,182.59,200.02,98.86,99.82,119.89,99.37,99.25,110.41,98.71,110.77,124.33
1932.76,122.47,126.64,115.38,176.93,203.76,173.36,97.36,86.56,119.37,85.94,99.43,103.19,104.08,108.33,120.57
1934.01,138.31,138.53,129.99,184.1,187.12,201.24,120.17,117.93,137.15,112.14,108.91,134.28,136.42,135.18,143.78
1935.26,116.06,122.67,112.84,171.13,175.69,179.65,97.29,116.62,119.57,96.3,100.69,128.66,117.72,120.34,95.96
1936.51,118.06,136.07,124.94,177.37,188.46,186.26,95.05,126.94,104.64,103.43,114.43,132,117.33,125.8,99.1
1937.76,111.3,123.37,95.62,179.8,176.1,194.41,88.12,103.57,83.68,76.86,99.13,96.65,85.56,112.89,82.21
1939,102.02,111.48,88.1,151.67,182.49,176.98,76.05,71.06,75.25,56.48,85.36,76.14,76.66,89.83,71.85
1940.25,102.88,89.73,88.05,137.62,153.31,159.31,65.51,59.07,67.34,41.61,56.1,62.16,64.94,73.3,59
1941.49,103.42,88.99,105.02,126.88,161.77,147.62,65.72,65.51,68.86,36.16,53.26,61.58,80.63,64.84,49.57
1942.74,118.99,90.62,104.01,142.46,152.21,143.57,78.68,103.69,93.12,58.45,67.82,73.74,92.4,98.13,74.22
1943.98,133.7,110.38,109.81,168.45,150.73,163.6,110.84,138.41,130.25,73.26,101.9,77.43,120.02,138.27,102.72
1945.22,130.54,131.28,106.74,176.87,156.67,141.73,138.19,148.98,154.91,104.59,120.5,108.63,128.83,149.26,126.41
1946.46,135.51,141.31,124.47,176.71,166.7,170.94,155.74,144.75,161.1,134.1,124.62,106.35,149.5,156.78,142.96
1947.7,116.28,127.47,117,159.96,153.82,153.56,153.16,152.39,158.49,146.14,131.59,114.26,147.36,137.82,138.37
1948.94,120.08,118.66,118.22,145.53,134.57,162.5,150.65,156.1,153.29,145.59,124.64,108.57,146.29,155.93,152.51
1950.18,116.12,122.42,109.01,137.62,151.86,140.63,148.13,159.79,154.4,109.66,122.65,119.18,138.85,141.01,151.3
1951.41,116.08,137.43,105.05,110.58,175.67,146.95,144.58,131.79,144.49,97.7,114.29,104.75,136.72,140.06,152.71
1952.65,114.27,139.68,113.66,126.39,195.67,160.8,135.66,129.09,138.21,92.04,119.9,120.29,126.89,132.74,155.43
1953.88,99.71,124.17,109.51,116.74,186.53,164.51,130.73,105.04,105.58,86.02,117.8,106.79,109.68,129.05,130.45
1955.12,94.06,103.57,109.27,124.94,179.59,142.42,116.77,103.62,96.92,76.62,96.67,113.25,86.12,105.32,111.76
1956.35,94.54,95.11,97.17,126.23,159.39,128.4,107.67,100.73,100.46,80.41,98.05,96.9,76.07,80.79,96.27
1957.58,81.15,77.77,99.19,114.6,137.94,116.14,74.43,89.04,96.19,64.38,70.29,74.07,49.54,61.77,78.63
1958.81,81.23,80.23,87.67,112.71,98.24,128.62,77.73,85.87,76.46,41.21,55.05,49.75,41.54,53.61,68.18
1960.04,68.66,70.38,73.84,90.79,91.5,127.73,57.11,56.46,50.81,18.78,15.69,15.47,25.28,40.86,37.81
1961.27,61.11,65.54,47.36,97.84,65.73,142.48,60.58,52.13,47.91,17,11.93,8.4,31.43,26.95,30.82
1962.5,29.43,53.28,38.79,85.75,89.49,122.08,37.68,37.78,42.66,23.62,2.07,6.19,14.78,18.24,32.16
1963.72,41.59,62.82,53.68,90.74,103.65,113.43,54.32,64.62,55.6,29.41,21.99,20.89,34.08,25.06,41.69
1964.95,32.01,56.37,53.58,63.29,94.11,86.41,57.72,54.51,47.63,29.41,19.91,25.18,25.27,27.19,43.33
1966.17,39.79,56.5,57.39,57.43,98.76,83.24,67.42,56.74,44.97,27.25,21.39,23.86,38.39,27.04,27.9
1967.4,20.21,38.31,52.88,53.2,86.04,59.04,55.54,47.06,41.72,14.16,18.23,9.29,25.48,12.64,17.22
1968.62,23.51,34.91,49.17,75.12,79.88,65.91,49.52,54.28,36.68,14.16,18.23,4.99,25.48,10.51,15.58
1969.84,18.08,34.19,42.47,67.26,58.2,51.08,32.59,51.21,33.38,7.89,16.75,0.12,17.84,11.37,8.73
1971.06,12.56,18.38,25.67,46.93,49.03,55.1,24.64,34.12,34.06,1.7,6.8,1.43,5.48,14.87,4.61
1972.28,20.94,30.48,31.78,40.44,68.23,44.97,28,47.67,59.05,12.86,10.37,7.27,23.58,18.24,12.28
1973.5,26.12,17.03,33.34,48.36,47.32,65.91,41.22,50.75,84.91,27.26,23.48,8.96,35.39,25.22,17.09
1974.72,26.53,24.16,28.81,52.8,44.26,68.04,50.75,70.47,77.07,34.51,21.98,18.71,45.86,36.17,21.77
1975.94,21.62,25.3,22.63,56.54,57.16,63.46,61.36,74.27,72.32,32.84,25.22,18.2,37.38,38.86,21.18
1977.15,15.95,29.34,10.12,53.12,58.91,43.73,60.96,77.38,59.21,18.44,24.09,17.66,20.87,29.51,16.37
1978.37,9.52,20.28,5.46,55.22,42.5,43.85,58.86,63.47,55.75,16.69,23.26,23.08,11.32,14.46,14.06
1979.58,7.65,8.46,14.98,58.16,15.28,54.81,57.74,69.86,55.93,15.91,21.05,17.74,9.08,19.72,15.37
1980.79,9.92,13.77,16.51,62.85,31.45,77.51,63.48,57.79,50.3,18.67,9.07,23.64,8.3,27.82,17.75
1982,9.02,13.71,16.51,73.15,25.01,82.83,65.98,53.8,43.76,11.47,18.13,7.04,20.98,24.25,14
1983.22,13.64,14.71,7.51,62.42,42.1,64.78,67.56,38.9,51.98,5.69,13.52,19.47,26.75,17.17,27.33
1984.43,9.53,2.41,5.98,64.09,31.26,35.12,58.01,44.19,53.73,7.43,13.52,12.43,28.75,7.28,24.96
1985.63,9.53,2.41,5.98,52.93,46.17,10.96,44.77,54.79,70.78,7.43,0,12.43,15.15,7.28,29.44
1986.84,0,0,0,41.55,37.13,3.1,35.61,50.81,60.26,4.5,0,7.03,3.48,3.04,10.01
1988.05,0,1.24,0,40.75,41.48,6.65,39.99,59.03,57.27,0,2.8,7.03,1.47,0,11.32
1989.25,0,1.24,0,17.86,38.12,6.65,43.13,43.33,46.7,0,2.8,7.03,1.47,0,3.61
1990.46,0,5.85,2.84,31.15,40.71,3.89,49.01,55.39,51.22,3.82,4.9,3.95,3.81,8.22,12.18
1991.66,0,4.62,2.84,13.29,32.37,0,39.1,31.57,56.27,3.82,2.1,3.95,3.81,8.22,11.95
1992.87,0,4.62,2.84,38.35,20.82,18.88,36.83,41.8,56.3,10.84,2.1,9.65,3.81,20.79,11.95
1994.07,0,0,0,25.06,8.27,23.73,16.54,27.45,32.83,7.02,0,5.69,0,12.57,1.08
1995.27,0,0,0,25.06,2.96,23.73,30.89,36.38,28.15,7.31,0,5.69,0,12.57,0
1996.47,0,0,0,0,3.58,4.85,36.11,31.09,12.99,0.28,0,0,0,0,0
1997.67,0,0,0,0,0.62,0,38.97,32.33,31.61,0.28,0,0,0,0,0
1998.86,0,0,0,0,0.62,0,33.81,52.33,32.75,0,0,0.93,0,0,0
2000.06,0,0,0,0,0,0,32.29,45.63,46.52,0,0,0.93,0,0,0
2001.26,0,0,0,0,0,0,60.09,54.25,50.28,0,0,4.76,0,0,0
2002.45,0,0,0,0,0,0,44.62,25.33,41.67,0,0,3.83,0,0,0
2003.65,0,0,0,0,0,0,35.25,26.12,30.94,0,0,3.83,0,0,0
2004.84,0,0,0,0,0,0,11.09,6.47,11.73,0,0,0,0,0,0
2006.03,0,0,0,0,0,0,25.49,14.94,9.18,0,0,0,0,0,0
2007.22,0,0,0,0,0,0,25.28,11.88,4.22,0,0,0,0,0,0
2008.41,0,0,0,0,0,0,13.17,10.23,0,0,0,0,0,0,0
