wavenumber,UD0,UD1,UD2,UD3,UD4,UD5,UD6,UD7,UD8,UD9,UD10,UD11,UD12,UD13,UD14,UD15,UD16,UD17,UD18,UD19,UD20,UD21,UD22,UD23,UD24,UD25,UD26,UD27,UD28,UD29,UD30,UD31,UD32,UD33,UD34,UD35,UD36,UD37,UD38,UD39
498.72,0,0,0,0,0,0,0,0,0,0,0,0,0,0,0,0,0,0,0,0,0,0,0,0,0,0,0,0,0,0,0,0,0,0,0,0,0,0,0,0
500.83,0,0,0,0,0,0,0,0,0,0,0,0,0,0,0,0,0,0,0,0,0,0,0,0,0,0,0,0,0,0,0,0,0,0,0,0,0,0,0,0
502.93,0,0,0,0,0,0,0,0,0,0,0,0,0,0,0,0,0,0,0,0,79.04249149,0,0,0,0,0,0,0,0,0,0,0,0,0,0,0,0,0,0,0
505.04,0,0,0,0,0,0,0,0,0,0,0,0,0,0,0,0,0,0,0,0,213.5158722,0,0,0,0,0,0,0,0,0,0,0,0,0,0,0,0,0,0,0
507.15,0,0,0,0,0,0,0,0,0,0,0,0,0,0,0,0,0,0,0,0,312.1201578,0,0,0,0,0,0,0,0,0,0,0,0,0,0,0,0,0,0,0
509.25,0,0,0,0,0,0,0,0,0,0,0,0,0,0,0,0,0,0,0,0,374.6426202,0,0,0,0,0,0,0,0,0,0,0,0,0,0,0,0,0,0,0
511.36,0,0,0,0,0,0,0,0,0,0,0,0,0,0,0,0,0,0,0,1.676280988,401.6787113,0,0,0,0,0,0,0,0,0,0,0,0,0,0,0,0,0,0,0
513.46,0,0,0,0,0,0,0,0,0,0,0,0,0,0,0,0,0,0,0,5.7331915,392.972165,0,0,0,0,0,0,0,0,0,0,0,0,0,0,0,0,0,0,0
515.56,0,0,0,0,0,0,0,0,0,0,0,0,0,0,0,0,0,0,0,8.752432128,348.7357092,0,0,0,0,0,0,0,0,0,0,0,0,0,0,0,0,0,0,0
517.66,0,0,0,0,0,0,0,0,0,0,0,0,0.433288324,0,0,0,0,0,0,10.73400287,268.9693442,0,0,0,0,0,0,0,0,0,0,0,0,0,0,0,0,0,0,0
519.77,0,0,0,0,0,0,0,0,0,0,0,0,12.73744251,0,0,0,0,0,0,11.67991609,153.039042,0,0,0,0,0,0,0,0,0,0,0,0,0,0,0,0,0,0,0
521.86,0,0,0,0,0,10.83803362,0,0,0,0,0,0,22.0423974,0,0,0,0,0,0,11.58413471,2.84688599,0,0,0,0,0,0,0,0,0,0,0,0,0,0,0,0,0,0,0
523.96,0,0,0,0,0,33.76922933,0,0,0,0,0,0,28.50240526,0,0,0,0,0,0,10.4526958,0,0,0,0,0,0,0,0,0,0,0,0,0,0,0,0,0,0,0,0
526.06,0,0,0,0,0,50.7624716,0,0,0,0,0,0,32.06604867,0,0,0,0,0,0,8.283587006,0,0,0,0,0,0,0,0,0,0,0,0,0,0,0,0,0,0,0,0
528.16,0,0,0,0,0,61.81776043,0,0,0,0,0,0,32.73332763,0,0,0,0,0.751921614,0,5.076808329,0,0,0,0,0,0,0,0,0,0,0,0,0,0,0,0,0,0,0,0
530.25,0,0,0,0,0,66.92479821,0,0,0,0,0,0,30.52172009,1.386974103,0,0,0,9.038658261,0,0.855030305,0,0,0,0,0,0,0,0,0,0,0,0,0,0,0,0,0,0,0,0
532.35,0,0,0,0,0,66.13245612,0,0,0,0,0,0,25.41006235,28.53011514,0,0,0,15.37985286,0,0,0,0,0,0,0,0,0,0,0,0,0,0,0,0,0,0,0,0,0,0
534.44,0,0,0,0,0,59.44828028,0,7.55679894,0,0,0,0,17.44703686,49.15246104,0,0,0,19.71511307,0,0,0,0,0,0,0,0,0,0,0,0,0,0,0,0,0,0,0,0,0,0
536.53,0,0,0,0,0,46.88256828,0,18.42930927,0,0,0,0,6.615165668,63.39851912,0,0,0,22.07935043,0,0,0,0,0,0,0,0,0,0,0,0,0,0,0,0,0,0,0,0,0,0
538.62,0,0,0,0,0,28.43532013,0,26.37218746,0,0,0,0,0,71.26828938,0,0,0,22.47256494,0,0,0,0,0,0,0,0,0,0,0,0,0,0,0,0,0,0,0,0,0,0
540.71,0,0,0,0,0,4.106535823,0,31.38543351,0,0,0,0,0,72.76177183,0,0,0,20.89475661,0,0,0,0,0,0,0,0,0,0,0,0,0,0,0,0,0,0,0,0,0,0
542.8,0,0,0,0,0,0,0,33.46904741,0,0,0,0,0,67.87896647,0,0,0,17.34592542,0,0,0,0,0,0,0,0,0,0,0,0,0,0,0,0,0,0,0,0,0,0
544.89,0,0,0,0,0,0,0,32.62302917,0,0,0,0,0,56.61987328,0,0,0,11.82607138,0,0,0,0,0,0,0,0,0,0,0,0,0,0,0,0,0,0,0,0,0,0
546.98,0,0,0,0,0,0,0,28.84737879,0,0,0,0,0,38.98449228,0,0,0,4.335194484,0,0,0,0,0,0,0,0,0,0,0,0,0,0,0,0,0,0,0,0,0,0
549.06,0,0,0,0,0,0,0,22.18115411,0,0,0,0,0,15.10289313,15.15838608,0,0,0,0,0,0,0,0,0,0,0,0,0,0,0,0,0,0,0,0,0,0,0,0,0
551.15,0,0,0,0,0,0,0,12.56025681,0,0,0,0,0,0,43.23915402,0,0,0,0,0,0,0,0,0,0,0,0,0,0,0,0,0,0,0,0,0,0,0,0,0
553.23,0,0,0,0,0,0,0,0.076752912,0,0,0,0,0,0,63.90813644,0,0,0,0,0,0,0,0,0,0,0,0,0,0,0,0,0,0,0,0,0,0,0,0,0
555.32,0,0,0,0,0,0,0,0,0,0,0,0,0,0,77.36407353,0,0,0,0,0,0,0,0,0,0,0,0,0,0,0,0,0,0,0,0,0,0,0,0,0
557.4,0,0,0,0,0,0,0,0,0,0,0,0,0,0,83.47820037,0,0,0,0,0,0,0,0,0,0,0,0,0,0,0,0,0,0,0,0,0,0,0,0,0
559.48,0,0,0,0,0,0,0,0,0,0,0,0,0,0,82.33235129,0,0,0,0,0,0,0,0,0,0,0,0,0,0,0,0,0,0,0,0,0,0,0,0,0
561.56,0,0,0,0,0,0,0,0,0,0,0,0,0,0,73.92652628,0,0,2.187611614,0,0,0,0,0,0,0,0,0,0,0,0,0,0,0,0,0,0,0,0,0,0
563.64,0,0,0,0,0,0,0,0,0,0,0,0,0,0,58.26072535,0,0,18.89289215,0,0,0,0,0,0,0,0,0,0,0,0,0,0,0,0,0,0,0,0,0,0
565.72,0,0,0,0,0,0,0,0,0,0,0,0,0,0,35.33494851,0,0,31.61324563,0,0,0,0,0,0,0,0,0,0,0,0,0,0,0,0,0,0,0,0,0,0
567.8,0,0,0,0,0,0,0,0,0,0,0,0,0,0,5.149195734,0,0,40.34867207,0,0,0,0,0,0,0,0,0,0,0,0,0,0,0,0,0,0,0,0,0,0
569.87,0,0,0,0,0,0,0,0,0,0,0,0,0,0,0,0,0,45.08586561,0,0,0,0,0,0,0,0,0,0,0,0,0,0,0,0,0,0,0,0,0,0
571.95,0,0,0,0,0,0,0,0,0,0,0,0,0,0,0,0,0,45.87059626,0,0,0,0,0,0,0,0,0,0,0,0,0,0,0,0,0,0,0,0,0,0
574.02,0,0,0,0,0,0,0,0,0,0,0,0,0,0,0,0,0,42.69531852,0,0,0,0,0,0,0,0,0,0,0,0,0,0,0,0,0,0,0,0,0,0
576.09,0,0,0,0,0,0,0,0,0,0,0,0,0,0,0,0,0,35.57333822,0,0,0,0,0,0,0,0,0,0,0,0,0,0,0,0,0,0,0,0,0,0
578.17,0,0,0,0,0,0,0,0,0,0,0,0,0,0,0,0,0,24.44160433,0,0,0,0,0,0,0,0,0,0,0,0,0,0,0,0,0,0,0,0,0,0
580.24,0,0,0,0,0,0,0,0,0,0,0,0,0,0,0,0,0,9.407152748,0,0,0,0,0,0,0,0,0,0,0,0,0,0,0,0,0,0,0,0,0,0
582.31,0,0,0,0,0,0,0,0,0,0,0,0,0,0,0,0,0,0,0,0,0,0,0,0,0,0,0,0,0,0,0,0,0,0,0,0,0,0,0,0
584.38,0,0,0,0,0,0,0,0,0,0,0,0,0,0,0,0,0,0,0,0,0,0,0,0,0,0,0,0,0,0,0,0,0,0,0,0,0,0,0,0
586.45,0,0,0,0,0,0,0,0,0,0,0,0,0,0,0,0,0,0,0,0,0,0,0,0,0,0,0,0,0,0,0,0,0,0,0,0,0,0,0,0
588.51,0,0,0,0,0,0,0,0,0,0,0,0,0,0,0,0,0,0,0,20.77563426,0,0,0,0,0,0,0,0,0,0,0,0,0,0,0,0,0,0,0,0
590.58,0,0,0,0,0,0,0,0,0,0,0,0,0,0,0,0,0,0,0,45.12195851,0,0,0,0,0,0,0,0,0,0,0,0,0,0,0,0,0,0,0,0
592.64,0,0,0,0,0,0,0,0,0,0,0,0,0,0,0,0,0,0,0,62.70792426,0,0,0,0,0,0,0,0,0,0,0,0,0,0,0,0,0,0,0,0
594.71,0,0,0,0,0,0,0,0,0,0,0,0,0,0,0,0,0,0,0,73.70426906,0,0,0,0,0,0,0,0,0,0,0,0,0,0,0,0,0,0,0,0
596.77,0,0,0,0,0,0,0,0,0,0,0,0,0,0,0,0,0,0,0,78.00474802,0,0,0,0,0,0,0,0,0,0,0,0,0,0,0,0,0,0,0,0
598.83,0,0,0,0,0,0,0,0,0,0,0,0,0,0,0,0,0,0,0,75.6785677,0,0,0,0,0,0,0,0,0,0,0,0,0,0,0,0,0,0,0,0
600.89,0,0,0,0,0,0,0,0,0,0,0,0,0,0,0,0,0,0,0,66.72572811,0,0,0,0,0,0,0,0,0,0,0,0,0,0,0,0,0,0,0,0
602.95,0,0,0,0,0,0,0,0,0,0,0,0,0,0,0,0,0,0,0,51.14622925,0,0,0,0,0,0,0,0,0,0,0,0,0,0,0,0,0,0,0,0
605.01,0,0,0,0,0,0,0,0,0,0,0,0,0,0,0,0,0,0,0,28.94007111,0,0,0,0,0,0,0,0,0,0,0,0,0,0,0,0,0,0,0,0
607.07,0,0,0,0,0,0,0,0,0,0,0,0,0,0,0,0,0,0,0,0.107253697,0,0,0,0,0,0,0,0,0,0,0,0,0,0,0,0,0,0,0,0
609.13,0,0,0,0,0,0,0,0,0,0,0,0,0,0,0,0,0,0,0,0,0,0,0,0,0,0,0,0,0,0,0,0,0,0,0,0,0,0,0,0
611.18,0,0,0,0,0,0,0,0,0,0,0,0,0,0,0,0,0,0,0,0,0,0,0,0,0,0,0,0,0,0,0,0,0,0,0,0,0,0,0,0
613.24,0,0,0,0,0,0,0,0,0,0,0,0,0,0,0,0,0,0,0,0,0,0,0,0,0,0,0,0,0,0,0,0,0,0,0,0,0,0,0,0
615.29,0,0,0,0,0,0,0,0,0,0,0,0,0,0,0,0,0,0,0,0,0,0,0,0,0,0,0,0,0,0,0,0,0,0,0,0,0,0,0,0
617.35,15.10086895,0,0,0,0,0,0,0,0,0,0,0,0,0,0,0,0,0,0,0,0,0,0,0,0,0,0,0,0,0,0,0,0,0,0,0,0,0,0,0
619.4,29.49024305,0,0,0,0,0,0,0,0,0,0,0,0,0,0,0,0,0,0,0,0,0,0,0,0,0,0,0,0,0,0,0,0,0,0,0,0,0,0,0
621.45,39.81974194,0,0,0,0,0,0,0,0,0,0,0,0,0,0,0,0,0,0,0,0,0,0,0,0,0,0,0,0,0,0,0,0,0,0,0,0,0,0,0
623.5,46.08936561,0,0,0,0,0,0,0,0,0,0,0,0,0,0,0,0,0,0,0,0,0,0,0,0,0,0,0,0,0,0,0,0,0,0,0,0,0,0,0
625.55,48.29911406,0,0,0,0,0,0,0,0,0,0,0,0,0,0,0,0,0,0,0,0,0,0,0,0,0,0,0,0,0,0,0,0,0,0,0,0,0,0,0
627.6,46.4489873,0,0,0,0,0,0,0,0,0,0,0,0,0,0,0,0,0,0,0,0,0,0,0,0,0,0,0,0,0,0,0,0,0,0,0,0,0,0,0
629.64,40.57766844,0,0,0,0,0,0,0,0,0,0,0,0,0,0,0,0,0,0,0,0,0,0,0,0,0,0,0,0,0,0,0,0,0,0,0,0,0,0,0
631.69,30.62759552,0,0,0,0,0,0,0,0,0,0,0,0,0,0,0,0,0,0,0,0,0,0,0,0,0,0,0,0,0,0,0,0,0,0,0,0,0,0,0
633.73,16.69584243,0,0,0,0,0,0,0,0,0,0,0,0,0,0,0,0,0,0,0,0,0,0,0,0,0,0,0,0,0,0,0,0,0,0,0,0,0,0,0
635.78,0,0,0,0,0,0,0,0,0,0,0,0,0,0,0,0,0,0,0,0,0,0,0,0,0,0,0,0,0,0,0,0,0,0,0,0,0,0,0,0
637.82,0,0,0,0,0,0,0,0,0,0,0,0,0,0,0,0,0,0,0,0,0,0,0,0,0,0,0,0,0,0,0,0,0,0,0,0,0,0,0,0
639.86,0,0,0,0,0,0,0,0,0,0,0,0,0,0,0,0,0,0,0,0,0,0,0,0,0,0,0,0,0,0,0,0,0,0,0,0,0,0,0,0
641.9,0,0,0,0,0,0,0,0,0,0,0,0,0,0,0,14.46616569,0,0,0,0,0,0,0,0,0,0,0,0,0,0,0,0,0,0,0,0,0,0,0,0
643.94,0,0,0,0,0,0,0,0,0,0,0,0,0,0,0,28.45713933,0,0,0,0,0,0,0,0,0,0,0,0,0,0,0,0,0,0,0,0,0,0,0,0
645.98,0,0,0,0,0,0,0,0,0,0,0,0,0,0,0,38.53784465,0,0,0,0,0,0,0,0,0,0,0,0,0,0,0,0,0,0,0,0,0,0,0,0
648.02,0,0,0,0,0,0,0,0,0,0,0,0,0,0,0,44.70828165,0,0,0,0,0,0,0,0,0,0,0,0,0,0,0,0,0,0,0,0,0,0,0,0
650.06,0,0,0,0,0,0,0,0,0,0,0,0,0,0,0,46.96845032,0,0,0,0,0,0,0,0,0,0,0,0,0,0,0,0,0,0,0,0,0,0,0,0
652.09,0,0,0,0,0,0,0,0,0,0,0,0,0,0,0,45.33597641,0,0,0,0,0,0,0,0,0,0,0,0,0,0,0,0,0,0,0,0,0,0,0,0
654.13,0,0,2.799017366,0,0,0,0,0,0,0,0,0,0,0,0,39.79477642,0,0,0,0,0,0,0,0,0,0,0,0,0,0,0,0,0,0,0,0,0,0,0,0
656.16,0,0,10.23185244,0,0,0,0,0,0,0,0,0,0,0,0,30.39917584,0,0,0,0,0,0,0,0,0,0,0,0,0,0,0,0,0,0,0,0,0,0,0,0
658.2,0,0,15.87583143,0,0,0,0,0,0,0,0,0,0,0,0,17.05660719,0,0,0,0,0,0,0,0,0,0,0,0,0,0,0,0,0,0,0,0,0,0,0,0
660.23,0,0,19.67562123,0,0,0,0,0,0,0,0,0,0,0,0,0,0,0,0,0,0,0,0,0,0,0,0,0,0,0,0,0,0,0,0,0,0,0,0,0
662.26,0,0,21.6633516,0,0,0,0,0,0,0,0,0,0,0,0,0,0,0,0,0,0,0,0,0,0,0,0,0,0,0,0,0,0,0,0,0,0,0,0,0
664.29,0,0,21.83902253,0,0,0,0,0,0,0,0,0,0,0,0,0,0,0,0,0,0,0,0,0,0,0,0,0,0,0,0,0,0,0,0,0,0,0,0,0
666.32,0,0,20.20263403,0,0,0,0,0,0,0,0,0,0,0,0,0,0,0,0,0,0,0,0,0,0,0,0,0,0,0,0,0,0,0,0,0,0,0,0,0
668.34,0,0,16.77561473,0,0,0,0,0,0,0,0,0,0,0,0,0,0,0,0,0,0,0,0,0,0,0,0,0,0,0,0,0,0,0,0,0,0,0,0,0
670.37,0,0,11.52403376,0,0,0,0,0,0,0,0,0,0,0,0,0,0,0,0,0,0,0,0,0,0,0,0,0,0,0,0,0,0,0,0,0,0,0,0,0
672.4,0,0,4.460393351,0,0,0,0,0,0,0,0,0,0,0,0,0,0,0,0,0,0,0,0,0,0,0,0,0,0,0,0,0,0,0,0,0,0,0,0,0
674.42,0,0,0,0,0,0,0,0,0,0,0,0,0,0,0,0,0,0,0,0,0,0,0,0,0,0,0,0,0,0,0,0,0,0,0,0,0,0,0,0
676.45,0,0,0,0,0,0,0,0,0,0,0,0,0,0,0,0,0,0,0,0,0,0,0,0,0,0,0,0,0,0,0,0,0,0,0,0,0,0,0,0
678.47,0,0,0,0,0,0,0,0,0,0,0,0,0,0,0,0,0,0,0,0,0,0,0,0,0,0,0,0,0,0,0,0,0,0,0,0,0,0,0,0
680.49,0,0,0,0,0,0,0,0,0,0,0,0,0,0,0,0,0,0,0,0,0,0,0,0,0,0,0,0,0,0,0,0,0,0,0,0,0,0,0,0
682.51,0,0,0,0,0,0,0,0,0,0,0,0,0.11012985,0,0,0,0,0,0,0,0,0,0,0,0,0,0,0,0,0,0,0,0,0,0,0,0,0,0,0
684.53,0,16.44809102,0,0,0,0,0,0,0,0,0,0,3.648117834,0,0,0,0,0,0,0,0,0,0,0,0,0,0,0,0,0,0,0,0,0,0,0,0,0,0,0
686.55,0,29.32705536,0,0,0,0,0,0,0,0,0,0,6.38612806,0,0,0,0,0,0,0,0,0,0,0,0,0,0,0,0,0,0,0,0,0,0,0,0,0,0,0
688.57,0,38.4825501,0,0,0,0,0,0,0,0,0,0,8.324160529,0,0,0,0,0,0,0,0,0,0,0,0,0,0,0,0,0,0,0,0,0,0,0,0,0,0,0
690.58,0,48.43681022,0,0,0,0,0,0,0,0,0,0,9.458551647,0,0,0,0,0,0,0,0,0,0,0,0,0,0,0,0,0,0,0,0,0,0,0,0,0,0,0
692.6,0,53.9009316,0,0,0,0,0,0,0,0,0,0,9.800588887,0,0,10.69963935,0,0,0,0,0,0,0,0,0,0,0,0,0,0,0,0,0,0,0,0,0,0,0,0
694.61,0,54.58240638,0,0,0,0,0,0,0,0,0,0,9.346885742,0,0,22.90626305,0,0,0,0,0,0,0,0,0,0,0,0,0,0,0,0,0,0,0,0,0,0,0,0
696.63,0,50.4880154,0,0,0,0,0,0,0,0,0,0,8.092927753,0,0,31.90397737,0,0,0,0,0,0,0,0,0,0,0,0,0,0,0,0,0,0,0,0,0,0,0,0
698.64,0,41.65829719,0,0,0,0,0,0,0,0,0,0,6.051130346,0,0,37.60369602,0,0,0,0,0,0,0,0,0,0,0,0,0,0,0,0,0,0,0,0,0,0,0,0
700.65,0,28.08478296,0,0,0,0,0,0,0,0,0,0,3.217256147,0,0,40.05803522,0,0,0,0,0,0,0,0,0,0,0,0,0,0,0,0,0,0,0,0,0,0,0,0
702.66,0,10.9901316,0,0,0,0,0,0,0,0,0,0,0,0,0,39.26699498,0,0,0,0,0,0,0,0,0,0,0,0,0,0,0,0,0,0,0,0,0,0,0,0
704.67,0,8.358267719,0,0,0,0,0,0,0,0,0,0,0,0,0,35.2305753,0,0,0,0,0,0,0,0,0,0,0,0,0,0,0,0,0,0,0,0,0,0,0,0
706.68,0,4.669302632,0,0,0,0,0,0,0,0,0,0,0,0,0,27.94877617,0,0,0,0,0,0,0,0,0,0,0,0,0,0,0,0,0,0,0,0,0,0,0,0
708.69,0,0,0,0,0,0,0,0,0,0,0,0,0,0,0,17.4215976,0,0,0,0,0,0,0,0,0,0,0,0,0,0,0,0,0,0,0,0,0,0,0,0
710.69,0,0,0,0,0,0,0,0,0,14.46550138,0,0,0,0,0,3.725592693,0,0,0,0,0,0,0,0,0,0,0,0,0,0,0,0,0,0,0,0,0,0,0,0
712.7,0,0,0,0,0,0,0,0,0,39.93135597,0,0,0,0,0,0,0,0,0,0,0,0,0,0,0,0,0,0,0,0,0,0,0,0,0,0,0,0,0,0
714.7,0,0,0,0,0,0,0,0,0,58.94486238,0,0,0,0,0,0,0,0,0,0,0,0,0,0,0,0,0,0,0,0,0,0,0,0,0,0,0,0,0,0
716.71,0,0,0,0,0,0,0,0,0,71.6961557,0,0,0,0,0,0,0,0,0,0,0,0,0,0,0,0,0,0,0,0,0,0,0,0,0,0,0,0,0,0
718.71,0,0,0,0,0,0,0,0,0,78.05835737,0,0,0,0,0,0,0,0,0,0,0,0,0,0,0,0,0,0,0,0,0,0,0,0,0,0,0,0,0,0
720.71,0,0,0,0,0,0,0,0,0,78.11068135,0,0,0,0,0,0,0,0,0,0,0,0,0,0,0,0,0,0,0,0,0,0,0,0,0,0,0,0,0,0
722.71,0,0,0,0,0,0,0,0,0,71.85312766,0,0,0,0,0,0,0,0,0,0,0,0,0,0,0,0,0,0,0,0,0,0,0,0,0,0,0,0,0,0
724.71,0,0,0,0,0,0,0,0,0,59.28569628,0,0,0,0,0,0,0,0,0,0,0,0,0,0,0,0,0,0,0,0,0,0,0,0,0,0,0,0,0,0
726.71,0,0,0,0,0,0,0,0,0,40.40838722,0,0,0,0,0,0,0,0,0,0,0,0,0,0,0,0,0,0,0,0,0,0,0,0,0,0,0,0,0,0
728.71,0,0,0,0,0,0,0,0,0,15.22120049,0,0,0,0,0,0,0,0,0,4.36944958,0,0,0,0,0,0,0,0,0,0,0,0,0,0,0,0,0,0,0,0
730.7,0,0,0,0,0,0,0,0,0,0,0,0,0,0,0,0,0,0,0,17.93786132,0,0,0,0,0,0,0,0,0,0,0,0,0,0,0,0,0,0,0,0
732.7,0,0,0,0,0,0,0,0,0,0,0,0,0,0,0,0,0,0,0,28.35420592,0,0,0,0,0,0,0,0,0,0,0,0,0,0,0,0,0,0,0,0
734.69,0,0,0,0,0,0,0,0,0,0,0,0,0,0,0,0,0,0,0,35.51431994,0,0,0,0,0,0,0,0,0,0,0,0,0,0,0,0,0,0,0,0
736.69,0,0,0,0,0,0,0,0,0,0,0,0,0,0,0,0,0,0,0,39.49016433,0,0,0,0,0,0,0,0,0,0,0,0,0,0,0,0,0,0,0,0
738.68,0,0,0,0,0,0,0,0,0,0,0,0,0,0,0,0,0,0,0,40.24198064,0,0,0,0,0,0,0,0,0,0,0,0,0,0,0,0,0,0,0,0
740.67,0,0,0,0,0,0,0,0,0,0,0,0,0,0,0,0,0,0,0,37.79767854,0,0,0,0,0,0,0,0,0,0,0,0,0,0,0,0,0,0,0,0
742.66,0,0,0,0,0,0,0,0,0,0,0,0,0,0,0,0,0,0,9.946389038,32.15725803,0,0,0,0,0,0,0,0,0,0,0,0,0,0,0,0,0,0,0,0
744.65,0,0,0,0,0,0,0,0,0,0,0,0,0,0,0,0,0,0,25.53568633,23.3207191,0,0,0,0,0,0,0,0,0,0,0,0,0,0,0,0,0,0,0,0
746.64,0,0,0,0,0,0,0,0,9.441424224,0,0,0,0,0,0,0,0,0,37.21792345,11.28806177,0,0,0,0,0,0,0,0,0,0,0,0,0,0,0,0,0,0,0,0
748.63,0,0,0,0,0.151341891,0,0,0,19.23677792,0,0,0,0,0,0,0,0,0,44.9931004,0,0,0,0,0,0,0,0,0,0,0,0,0,0,0,0,0,0,0,0,0
750.61,0,0,0,0,3.570456656,0,0,0,26.38784036,0,0,0,0,0,0,0,0,0,48.85154681,0,0,0,0,0,0,0,0,0,0,0,0,0,0,0,0,0,0,0,0,0
752.6,0,0,0,0,6.243106221,0,0,0,30.96684447,0,20.64422607,0,0,0,0,0,0,0,48.83223689,0,0,0,0,0,0,0,0,0,0,0,0,0,0,0,0,0,0,0,0,0
754.58,0,0,0,0,8.142429786,0,0,0,38.96961172,0,37.17763005,0,0,0,0,0,0,0,44.9353647,0,0,0,0,0,0,0,0,0,0,0,0,0,0,0,0,0,0,0,0,0
756.57,0,0,0,0,9.287612439,0,0,0,43.10005322,0,49.13155391,0,0,0,0,0,0,0,37.12156791,0,0,0,0,0,0,0,0,0,0,0,0,0,0,0,0,0,0,0,0,0
758.55,0,0,0,0,9.667144805,0,0,0,43.27648937,0,56.38585769,0,0,0,0,0,0,0,25.46937713,0,0,0,0,0,0,0,0,0,0,0,0,0,0,0,0,0,0,0,0,0
760.53,0,0,0,0,9.288695666,0,0,0,39.5295836,0,59.01229791,0,0,0,0,0,0,0,9.949294452,0,0,0,0,0,0,0,0,0,0,0,0,0,0,0,0,0,0,0,0,0
762.51,0,0,0,0,8.152265021,0,0,0,31.85933591,0,57.01087455,0,0,0,0,0,0,0,0,0,0,0,0,0,0,0,0,0,0,0,0,0,0,0,0,0,0,0,0,0
764.49,0,0,0,0,6.257852872,0,0,0,20.2657463,0,50.38158762,0,0,0,0,0,0,0,0,0,0,0,0,0,0,0,0,0,0,0,0,0,350.0293052,0,0,0,0,0,0,0
766.47,0,0,0,0,3.605459218,0,0,0,14.4897626,0,39.12443711,0,0,0,0,0,0,0,0,0,0,0,0,0,0,0,0,0,0,0,0,0,894.6905081,0,0,0,0,0,0,0
768.45,0,0,0,0,0.195084059,0,0,0,11.22135871,0,23.23942303,0,2.771963002,0,0,0,0,0,0,0,0,0,0,0,0,0,0,0,0,0,0,0,1303.570022,0,0,0,0,0,0,0
770.42,0,0,0,0,0,0,0,0,6.644746859,0,2.841773264,0,9.422357882,0,0,0,0,0,0,0,0,0,0,0,0,0,0,0,0,0,0,0,1575.629717,0,0,0,0,0,0,0
772.4,0,0,0,0,0,0,0,0,0.713463974,0,0,0,14.5175026,0,0,0,0,0,0,0,0,0,0,0,0,0,0,0,0,0,0,0,1713.631619,0,0,0,0,0,0,0
774.37,0,0,0,0,0,0,0,0,0,0,0,0,18.00593103,0,0,0,0,0,0,0,0,0,0,0,0,0,0,0,0,0,0,0,1716.181771,0,0,0,0,0,0,0
776.34,0,0,0,0,0,0,0,0,0,0,0,0,19.91737874,0,0,0,0,0,0,0,0,0,0,0,0,0,0,0,0,0,0,0,1584.318303,0,0,0,0,0,0,0
778.32,0,0,0,0,0,0,0,0,0,0,0,0,20.2495207,0,0,0,0,0,0,0,0,0,0,0,0,0,0,0,0,0,0,0,1316.346671,0,0,0,0,0,0,0
780.29,0,0,0,0,0,0,0,0,0,0,0,0,18.99900196,0,0,0,0,0,0,0,0,0,0,0,0,0,0,0,0,0,0,0,914.9736597,0,0,0,0,0,0,0
782.26,0,0,0,0,0,0,0,0,0,0,0,0,16.17150249,0,0,0,6.105728534,0,0,0,0,0,0,0,0,0,0,0,0,0,0,0,379.1870285,0,0,0,0,0,0,0
784.23,0,0,0,0,0,0,0,0,0,0,0,0,11.76702228,0,0,0,15.71989997,0,0,0,0,0,0,0,0,0,0,0,0,0,0,0,0,0,0,0,0,0,0,0
786.2,0,0,0,0,0,0,0,0,0,0,0,0,5.785561345,0,0,0,22.95570249,0,0,0,0,0,0,0,0,0,0,0,0,0,0,0,0,0,0,0,0,0,0,0
788.16,0,0,0,0,0,0,0,0,0,0,0,0,0,0,0,0,27.79448489,0,0,0,0,0,0,0,0,0,0,0,0,0,0,0,0,0,0,0,0,0,0,0
790.13,0,0,0,0,0,0,0,0,0,0,0,0,0,0,0,0,30.2856225,0,0,0,0,0,0,0,0,0,0,0,0,0,0,0,0,0,0,0,0,0,0,0
792.09,0,0,0,0,0,0,0,0,0,0,0,0,0,0,0,0,30.40382458,0,0,0,0,0,0,0,0,0,0,0,0,0,0,0,0,0,0,0,0,0,0,0
794.06,0,0,0,0,0,0,0,0,0,0,0,0,0,0,0,0,28.15029728,0,0,0,0,0,0,0,0,0,0,0,0,0,0,0,0,0,0,0,0,0,0,0
796.02,0,0,0,0,0,0,0,0,0,0,0,0,0,0,0,0,23.54791906,0,0,0,0,0,0,0,0,0,0,0,0,0,0,0,0,0,0,0,0,0,0,0
797.98,0,0,0,0,0,0,0,0,0,0,0,0,0,0,0,0,16.5912565,0,0,0,0,0,0,0,0,0,0,0,0,0,0,0,0,0,0,0,0,0,0,0
799.94,0,0,0,0,0,0,0,0,0,0,0,0,0,0,0,0,7.280309612,0,0,0,0,0,0,0,0,0,0,0,0,0,0,0,0,0,0,0,0,0,0,0
801.9,0,0,0,0,0,0,0,0,0,0,0,0,0,0,0,0,0,0,0,0,0,0,0,0,0,0,0,0,0,0,0,0,0,0,0,0,0,0,0,0
803.86,0,0,0,0,0,0,0,0,0,0,0,0,0,0,0,0,0,0,0,0,0,0,0,0,0,0,0,0,0,0,0,0,0,0,0,0,0,0,0,0
805.82,0,0,0,0,0,0,0,0,0,0,0,0,0,0,0,0,0,0,0,0,0,0,0,0,0,0,0,0,0,0,0,0,0,0,0,0,0,0,0,0
807.78,0,0,0,0,0,0,0,0,0,0,0,0,0,0,0,0,0,0,0,0,0,0,0,0,0,0,0,0,0,0,0,0,0,0,0,0,0,0,0,0
809.73,0,0,0,0,0,0,0,0,0,0,0,0,0,0,0,0,0,0,0,0,0,0,0,0,0,0,0,0,0,0,0,0,0,0,0,0,0,0,0,0
811.69,0,0,0,0,0,0,0,0,0,0,0,0,0,0,0,0,0,0,0,0,0,0,0,0,0,0,0,0,0,0,0,0,0,0,0,0,0,0,0,0
813.64,0,0,0,0,0,0,0,0,0,0,0,0,0,0,0,0,0,0,0,0,0,0,0,0,0,0,0,0,0,0,0,0,0,0,0,0,0,0,0,0
815.6,0,0,0,0,0,0,0,0,0,0,0,0,0,0,0,0,0,0,0,0,0,0,0,0,0,0,0,0,0,0,0,0,0,0,0,0,0,0,0,0
817.55,0,0,0,0,0,0,0,0,0,0,0,0,0,0,0,0,0,0,0,0,0,0,0,0,0,0,0,0,0,0,0,0,0,0,0,0,0,0,0,0
819.5,0,0,0,0,0,0,0,0,0,0,0,0,0,0,0,0,0,0,0,0,0,0,0,0,0,0,0,0,0,0,0,0,0,0,0,0,0,0,0,0
821.45,0,0,0,0,0,0,0,0,0,0,0,0,0,0,0,0,0,0,0,0,0,0,0,0,0,0,0,0,0,0,0,0,0,0,0,0,0,0,0,0
823.4,0,0,0,0,0,0,0,0,0,0,0,0,0,0,0,0,0,0,0,0,0,0,0,0,0,0,0,0,0,0,0,0,0,0,0,0,0,0,0,0
825.35,0,0,0,0,0,0,0,0,0,0,0,0,0,0,0,0,0,0,0,0,0,0,0,0,0,0,0,0,0,0,0,0,0,0,0,0,0,0,0,0
827.29,0,0,0,0,0,0,0,0,0,0,0,0,0,0,0,0,0,0,0,0,0,0,0,0,0,0,0,0,0,0,0,0,0,0,0,0,0,0,0,0
829.24,0,0,0,0,0,0,0,0,0,0,0,0,0,0,0,0,0,0,0,0,0,0,0,0,0,0,0,0,0,0,0,0,0,0,0,0,0,0,0,0
831.18,0,0,0,0,0,0,5.50034864,0,0,0,0,0,0,0,0,0,0,0,0,0,0,0,0,0,0,0,0,0,0,0,0,0,0,0,0,0,0,0,0,0
833.13,0,0,0,0,0,0,9.90680583,0,0,0,0,0,0,0,0,0,0,0,0,0,0,0,0,0,0,0,0,0,0,0,0,0,0,0,0,0,0,0,0,0
835.07,0,0,0,0,0,0,13.09158553,0,0,0,0,0,0,0,0,0,0,0,0,0,0,0,0,0,0,0,0,0,0,0,0,0,0,0,0,0,0,0,0,0
837.01,0,0,0,0,0,0,15.08036742,0,0,0,0,0,0,0,0,0,0,0,0,0,0,0,0,0,0,0,0,0,0,0,0,0,0,0,0,0,0,0,0,0
838.95,0,0,0,0,0,0,15.8731515,0,0,0,0,0,0,0,0,0,0,0,0,0,0,0,0,0,0,0,0,0,0,0,0,0,0,0,0,0,0,0,0,0
840.89,0,0,0,0,0,0,15.46993778,0,0,0,0,0,0,0,0,0,0,0,0,0,0,0,0,0,0,0,0,0,0,0,0,0,0,0,0,0,0,0,0,0
842.83,0,0,0,0,0,0,13.87072625,0,0,0,0,0,0,0,0,0,0,0,0,0,0,0,0,0,0,0,0,0,0,0,0,0,0,0,0,0,0,0,0,0
844.77,0,0,0,0,0,0,11.07551692,0,0,0,0,0,0,0,0,0,0,0,0,0,0,0,0,0,0,0,0,0,0,0,0,0,0,0,0,0,0,0,0,0
846.71,0,0,0,0,0,0,7.084309778,0,0,0,0,0,0,0,0,0,0,0,0,0,0,0,0,0,0,0,0,0,0,0,0,0,0,0,0,0,0,0,0,0
848.64,0,0,0,0,0,0,1.926909579,0,0,0,0,0,0,0,0,0,0,0,0,0,0,0,0,0,0,0,0,0,0,0,0,0,0,0,0,0,0,0,0,0
850.58,0,0,0,0,0,0,0,0,0,0,0,0,0,0,0,0,0,0,0,0,0,0,0,0,0,0,0,0,0,0,0,0,0,0,0,0,0,0,0,0
852.51,0,0,0,0,0,0,0,0,0,0,0,0,0,0,0,0,0,0,0,0,0,0,0,0,0,0,0,0,0,0,0,0,0,0,0,0,0,0,0,0
854.44,0,0,0,0,0,0,0,0,0,0,0,0,0,0,0,0,0,0,0,0,0,0,0,0,0,0,0,0,0,0,54.71062262,0,0,0,0,0,0,0,0,0
856.37,0,0,0,0,0,0,0,0,0,0,0,0,0,0,0,0,0,0,0,0,0,0,0,0,0,0,0,0,0,0,135.238,0,0,0,0,0,0,0,0,0
858.31,0,0,0,0,0,0,0,0,0,0,0,0,0,0,0,0,0,0,0,0,0,0,0,0,0,0,0,0,0,0,196.4413804,0,0,0,0,0,0,0,0,0
860.24,0,0,0,0,0,0,0,0,0,0,0,0,0,0,0,0,0,0,0,0,0,0,0,0,0,0,0,0,0,0,237.6898012,0,0,0,0,0,0,0,0,0
862.16,0,0,0,0,0,0,0,0,0,0,0,0,0,0,0,0,0,0,0,0,0,0,0,0,0,0,0,0,0,0,259.2877504,0,0,0,0,0,0,0,0,0
864.09,0,0,0,0,0,0,0,0,0,0,0,0,0,0,0,0,0,0,0,0,0,0,0,0,0,0,0,0,0,0,261.4602066,0,0,0,0,0,0,0,0,0
866.02,0,0,0,0,0,0,0,0,0,0,0,0,0,0,0,0,0,0,0,0,0,0,0,0,0,0,0,0,0,0,244.0439324,0,0,0,0,0,0,0,0,0
867.94,0,0,0,0,0,0,0,0,0,0,0,0,0,0,0,0,0,0,0,0,0,0,0,0,0,0,0,0,0,0,207.2811488,0,0,0,0,0,0,0,0,0
869.87,0,0,0,0,0,0,0,0,0,0,0,0,0,0,0,0,0,0,0,0,0,0,0,0,0,0,0,0,0,0,150.7889101,0,0,0,0,0,0,0,0,0
871.79,0,0,0,0,0,0,0,0,0,0,0,0,0,0,0,0,0,0,0,0,0,0,0,0,0,0,0,0,0,0,75.15262807,0,0,0,0,0,0,0,0,0
873.71,0,0,0,0,0,0,0,0,0,0,0,0,0,0,0,0,0,0,0,0,0,0,0,0,0,0,0,0,0,0,0,0,0,0,0,0,0,0,0,0
875.64,0,0,0,0,0,0,0,0,0,0,0,0,0,0,0,0,0,0,0,0,0,0,0,0,0,0,0,0,0,0,0,0,0,0,0,0,0,0,0,0
877.56,0,0,0,0,0,0,0,0,0,0,0,0,0,0,0,0,0,0,0,0,0,0,0,0,0,0,0,0,0,0,0,0,0,0,0,0,0,0,0,0
879.48,0,0,0,0,0,0,0,0,0,0,0,0,0,0,0,0,0,0,0,0,0,0,0,0,0,0,0,0,0,0,0,0,0,0,0,0,0,0,0,0
881.4,0,0,0,0,0,0,0,0,0,0,0,0,0,0,0,0,0,0,0,0,0,0,0,0,0,0,0,0,0,0,0,0,0,0,0,0,0,0,0,0
883.31,0,0,0,0,0,0,0,0,0,0,0,0,0,0,0,0,0,0,0,0,0,0,0,0,0,0,0,0,0,0,0,0,0,0,0,0,0,0,0,0
885.23,0,0,0,0,0,0,0,0,0,0,0,0,0,0,0,0,0,0,0,0,0,0,0,0,0,0,0,0,0,0,0,0,0,0,0,0,0,0,0,0
887.14,0,0,0,0,0,0,0,0,0,0,0,0,0,0,0,0,0,0,0,0,0,0,0,0,0,0,0,0,0,0,0,0,0,0,0,0,0,0,0,0
889.06,0,0,0,0,0,0,0,0,0,0,0,0,0,0,0,0,0,0,0,0,0,0,0,0,0,0,0,0,0,0,0,0,0,0,0,0,0,160.9974439,0,0
890.97,0,0,0,0,0,0,0,0,0,0,0,0,0,0,0,0,0,0,0,0,0,0,0,0,0,0,0,0,0,0,0,0,0,0,0,0,0,487.7020213,0,0
892.89,0,0,0,0,0,0,0,0,0,0,0,0,0,0,0,0,0,0,0,0,0,0,0,0,0,0,0,0,0,0,0,0,0,0,0,0,0,739.7652544,0,0
894.8,0,0,0,0,0,0,0,0,0,0,0,0,0,0,0,0,0,0,0,0,0,0,0,0,0,0,0,0,0,0,0,0,0,0,0,0,0,914.5614846,0,0
896.71,0,0,0,0,0,0,0,0,0,0,0,0,0,0,0,0,0,0,0,0,0,0,0,0,0,0,0,0,0,0,0,0,0,0,0,0,0,1013.601855,0,0
898.62,0,0,0,0,0,0,0,0,0,0,0,0,0,0,0,0,0,0,0,0,0,0,0,0,0,0,0,0,0,0,0,0,0,0,0,0,0,1036.886365,0,0
900.52,0,0,0,0,0,0,0,0,0,0,0,0,0,0,0,0,0,0,0,0,0,0,0,0,0,0,0,0,0,0,0,0,0,0,0,0,0,984.8870107,0,0
902.43,0,0,0,0,0,0,0,0,0,0,0,0,0,0,0,0,0,0,0,0,0,0,0,0,0,0,0,0,0,0,0,0,0,0,0,0,0,857.056429,0,0
904.34,0,0,0,0,0,0,0,0,0,0,0,0,0,0,0,0,0,0,0,0,0,0,0,0,0,0,0,0,0,0,0,0,0,0,0,0,0,653.4699876,0,0
906.24,0,0,0,0,0,0,0,0,0,0,0,0,0,0,0,0,0,0,0,0,0,0,0,0,0,0,0,0,0,0,0,0,0,0,0,0,0,375.7874869,0,0
908.15,0,0,0,0,0,0,0,0,0,0,0,0,0,0,0,0,0,0,0,0,0,0,0,0,0,0,0,0,0,0,0,0,0,0,0,0,0,21.08595331,0,0
910.05,0,0,0,0,0,0,0,0,0,0,0,0,0,0,0,0,0,0,0,0,0,0,0,0,0,0,0,0,0,0,0,0,0,0,0,0,0,0,0,0
911.95,0,0,0,0,0,0,0,0,0,0,0,3.995613127,0,0,0,0,0,0,0,0,0,0,0,0,0,0,0,0,0,0,0,0,0,0,0,0,0,0,0,0
913.86,0,0,0,0,0,0,0,0,0,0,0,9.758940179,0,0,0,0,0,0,0,0,0,0,0,0,0,0,0,0,0,0,0,0,0,0,0,0,0,0,0,0
915.76,0,0,0,0,0,0,0,0,0,0,0,14.1153062,0,0,0,0,0,0,0,0,0,0,0,0,0,0,0,0,0,0,0,0,0,0,0,0,0,0,0,0
917.66,0,0,0,0,0,0,0,0,0,0,0,17.0984993,0,0,0,0,0,0,0,0,0,0,0,0,0,0,0,0,0,0,0,0,0,0,0,0,0,0,0,0
919.55,0,0,0,0,0,0,0,0,0,0,0,18.70364027,0,0,0,0,0,0,0,0,0,0,0,0,0,0,0,0,0,0,0,0,0,0,0,0,0,0,0,0
921.45,0,0,0,0,0,0,0,0,0,0,0,18.94771474,0,0,0,0,0,0,0,0,0,0,0,0,0,0,0,0,0,0,0,0,0,0,0,0,0,0,0,0
923.35,0,0,0,0,0,0,0,0,0,0,0,17.81861628,0,0,0,0,0,0,0,0,0,0,0,0,0,0,0,0,0,0,0,0,0,0,0,0,0,0,0,0
925.24,0,0,0,0,0,0,0,0,0,0,0,15.33310934,0,0,0,0,0,0,0,0,0,0,0,0,0,0,0,0,0,0,0,0,0,0,0,0,0,0,0,0
927.14,0,0,0,0,0,0,0,0,0,0,0,11.46489225,0,0,0,0,0,0,0,0,0,0,0,0,0,0,0,0,0,0,0,0,0,0,0,0,0,0,0,0
929.03,0,0,0,0,0,0,0,0,0,0,0,6.254683087,0,0,0,0,0,0,0,0,0,0,0,0,0,0,0,0,0,0,0,0,0,0,0,0,0,0,0,0
930.92,0,0,0,0,0,0,0,0,0,0,0,0,0,0,0,0,0,0,0,0,0,0,0,0,0,0,0,0,0,0,0,0,0,0,0,0,0,0,0,0
932.81,0,0,0,0,0,0,0,0,0,0,0,0,0,2.54086019,0,0,0,0,0,0,0,0,0,0,0,0,0,0,0,0,0,0,0,0,0,0,0,0,0,0
934.7,0,0,0,0,0,0,0,0,0,0,0,0,0,7.545972641,0,0,0,0,0,0,0,0,0,0,0,0,0,0,0,0,0,0,0,0,0,0,0,0,0,0
936.59,0,0,0,0,0,0,0,0,0,0,0,0,0,11.40185609,0,0,0,0,0,0,0,0,0,0,0,0,0,0,0,0,0,0,0,0,0,0,0,0,0,0
938.48,0,0,0,0,0,0,0,0,0,0,0,0,0,14.10851054,0,0,0,0,0,0,0,0,0,0,0,0,0,0,0,0,0,0,0,0,0,0,0,0,0,0
940.37,0,0,0,0,0,0,0,0,0,0,0,0,0,15.66593599,0,0,0,0,0,0,0,0,0,0,0,0,0,0,0,0,0,0,0,0,0,0,0,0,0,0
942.25,0,0,0,0,0,0,0,0,0,0,0,0,0,16.07499687,0,0,0,0,0,0,0,0,0,0,0,0,0,0,0,0,0,0,0,0,0,0,0,0,0,0
944.14,0,0,0,0,0,0,0,0,0,0,0,0,0,15.34004489,0,0,0,0,0,0,0,0,0,0,0,0,0,0,0,0,0,0,0,0,0,0,0,0,0,0
946.02,0,0,0,0,0,0,0,0,0,0,0,0,0,13.46885733,0,0,0,0,0,4.714206802,0,0,0,0,0,0,0,0,0,0,0,0,0,0,0,0,0,0,0,0
947.91,0,0,0,0,0,0,0,0,0,0,0,0,0,10.44152793,0,0,0,0,0,14.77860498,0,0,0,0,0,0,0,0,0,0,0,0,0,0,0,0,0,0,0,0
949.79,0,0,0,0,0,0,0,0,0,0,0,0,0,6.290091926,0,0,0,0,0,22.51389239,0,0,0,0,0,0,0,0,0,0,0,0,0,0,0,0,0,0,0,0
951.67,0,0,0,0,0,0,0,0,0,0,0,0,0,1.001555901,0,0,0,0,0,27.97935659,0,0,0,0,0,0,0,0,0,0,0,0,0,0,0,0,0,0,0,0
953.55,0,0,0,0,0,0,0,0,0,0,0,0,0,0,0,0,0,0,0,31.17499757,0,0,0,0,0,0,0,0,0,0,0,0,0,0,0,0,0,0,0,0
955.43,0,0,0,11.21615164,0,0,0,0,0,0,0,0,0,0,0,0,0,0,0,32.10081534,0,0,0,0,0,0,0,0,0,0,0,0,0,0,0,0,0,0,0,0
957.31,0,0,0,33.91035259,0,0,0,0,0,0,0,0,0,0,0,0,0,0,0,30.7568099,0,0,0,0,0,0,0,0,0,0,0,0,0,0,0,0,0,0,0,0
959.18,0,0,0,51.36003144,0,0,0,0,0,0,0,0,0,0,0,0,0,0,0,27.16820839,0,0,0,0,0,0,0,0,0,0,0,0,0,0,0,0,0,0,0,0
961.06,0,0,0,63.75181577,0,0,0,0,0,0,0,0,0,0,0,0,0,0,0,21.29663005,0,0,0,0,0,0,0,0,0,0,0,0,0,0,0,0,0,0,0,0
962.94,0,0,0,70.97865524,0,0,0,0,0,0,0,0,0,0,0,0,0,0,0,13.15522849,0,0,0,0,0,0,0,0,0,0,0,0,0,0,0,0,0,0,0,0
964.81,0,0,0,73.04324581,0,0,0,0,0,0,0,0,0,0,0,0,0,0,0,2.805387226,0,0,0,0,0,0,0,0,0,0,0,0,0,0,0,0,0,0,0,0
966.68,0,0,0,69.9976916,0,0,0,0,0,0,0,0,0,0,0,0,0,0,0,0,0,0,0,0,0,0,0,0,0,0,0,0,0,0,0,0,0,0,0,0
968.55,0,0,0,61.84199262,0,0,0,0,0,0,0,0,0,0,0,0,0,0,0,0,0,0,0,0,0,0,0,0,0,0,0,0,0,0,0,0,0,0,0,0
970.43,0,0,0,48.49147196,0,0,0,0,0,0,0,0,0,0,0,0,0,0,0,0,0,0,0,0,0,0,0,0,0,0,0,0,0,0,0,0,0,0,0,0
972.3,0,0,0,30.08815645,0,0,0,0,0,0,0,0,0,0,0,0,0,0,0,0,0,0,0,0,0,0,0,0,0,0,0,0,0,0,0,0,0,0,0,0
974.16,0,0,0,6.714027017,0,0,0,0,0,0,0,0,0,0,0,0,0,0,0,0,0,0,0,0,0,0,0,0,0,0,0,0,0,0,0,0,0,0,0,0
976.03,0,0,0,0,9.858272218,0,0,0,0,0,0,0,0,0,0,0,0,0,0,0,0,0,0,0,0,0,0,0,0,0,0,0,0,0,0,0,0,0,0,0
977.9,0,0,0,0,35.49757134,0,0,0,0,0,0,0,0,0,0,0,0,0,0,0,0,0,0,0,0,0,0,0,0,0,0,0,0,0,0,0,0,0,0,0
979.77,0,0,0,0,55.45520651,0,0,0,0,0,0,0,0,0,0,0,0,0,0,0,0,0,0,0,0,0,0,0,0,0,0,0,0,0,0,0,0,0,0,0
981.63,0,0,0,0,69.66994601,0,0,0,0,0,0,0,0,0,0,0,0,0,0,0,0,0,0,0,0,0,0,0,0,0,0,0,0,0,0,0,0,0,0,0
983.49,0,0,0,0,78.26362554,0,9.477131256,0,0,0,0,0,0,0,0,0,0,0,0,0,0,0,0,0,0,0,0,0,0,0,0,0,0,0,0,0,0,0,0,0
985.36,0,0,0,0,81.2370353,0,17.31846873,0,0,0,0,0,0,0,0,0,0,0,0,0,0,0,0,0,0,0,0,0,0,0,0,0,0,0,0,0,0,0,0,0
987.22,0,0,0,0,78.55837413,0,23.11464114,0,0,0,0,0,0,0,0,0,0,0,0,0,0,0,0,0,0,0,0,0,0,0,0,0,0,0,0,0,0,0,0,0
989.08,0,0,0,0,70.25865298,0,26.91295138,0,0,0,0,0,0,0,0,0,0,0,0,0,0,0,0,0,0,0,0,0,0,0,0,0,0,0,0,0,0,0,0,0
990.94,0,0,0,0,56.33787186,0,28.71339946,0,0,0,0,0,0,0,0,0,0,0,0,0,0,0,0,0,0,0,0,0,0,0,0,0,0,0,0,0,0,0,0,0
992.8,0,0,0,0,36.79603077,0,28.51598536,0,0,0,0,0,0,0,0,0,0,0,0,0,0,0,0,0,0,0,0,0,0,0,0,0,0,0,0,0,0,0,0,0
994.66,0,0,0,0,11.6331297,0,26.32070908,0,0,0,0,0,0,0,0,0,0,0,0,0,0,0,0,0,0,0,0,0,0,0,0,0,0,0,0,0,0,0,0,0
996.51,0,0,0,0,0,0,22.15545612,0,0,0,0,0,0,0,0,0,0,0,0,0,0,0,0,0,0,0,0,0,0,0,0,0,0,0,0,0,0,0,0,0
998.37,0,0,0,0,0,0,15.9751967,0,0,0,0,0,0,0,0,0,0,0,0,0,0,0,0,0,0,0,0,0,0,0,0,0,0,0,0,0,0,0,0,0
1000.22,0,0,0,0,0,0,7.846385227,0,0,0,0,0,0,0,0,0,0,0,0,0,0,0,0,0,0,0,0,0,0,0,0,0,0,0,0,0,0,0,0,0
1002.08,0,0,0,0,0,0,0,0,0,0,0,0,0,0,0,0,0,0,0,0,0,0,0,0,0,0,0,0,0,0,0,0,0,0,0,0,0,0,0,83.46733288
1003.93,0,0,0,0,0,0,0,0,0,0,0,0,0,0,0,0,0,0,0,0,0,0,0,0,0,0,0,0,0,0,0,0,0,0,0,0,0,0,0,256.3898875
1005.78,0,0,0,0,0,0,0,0,0,0,0,0,0,0,0,0,0,0,0,0,0,0,0,0,0,0,0,0,0,0,0,0,0,0,0,0,0,0,0,390.7869111
1007.63,0,0,0,0,0,0,0,0,0,0,0,0,0,0,0,0,0,0,0,0,0,0,0,0,0,0,0,0,0,0,0,0,0,0,0,0,0,0,0,486.6584036
1009.48,0,0,0,0,0,0,0,0,0,0,0,0,0,0,0,0,0,0,0,0,0,0,0,0,0,0,0,0,0,0,0,0,0,0,0,0,0,0,0,544.004365
1011.33,0,0,0,0,0,0,0,0,0,0,0,0,0,0,0,0,0,0,0,0,0,0,0,0,0,0,0,0,0,0,0,0,0,0,0,0,0,0,0,562.8247954
1013.18,0,0,0,0,0,0,0,0,0,0,0,0,0,0,0,0,0,0,0,0,0,0,0,0,0,0,0,0,0,0,0,0,0,0,0,0,0,0,0,543.1196947
1015.03,0,0,0,0,0,0,0,0,0,0,0,0,0,0,0,0,0,0,0,0,0,0,0,0,0,0,0,0,0,0,0,0,0,0,0,0,0,0,0,484.8890629
1016.87,0,0,0,0,0,0,0,0,0,0,0,0,0,0,0,0,0,0,0,0,0,0,0,0,0,0,0,0,0,0,0,0,0,0,0,0,0,0,0,388.7594666
1018.72,0,0,0,0,0,0,0,0,0,0,0,0,0,0,0,0,0,0,0,0,0,0,0,0,0,0,0,0,0,0,0,0,0,0,0,0,0,0,0,253.6860189
1020.56,0,0,0,0,0,0,0,0,0,0,0,0,0,0,0,0,0,0,0,0,0,0,0,0,0,0,0,0,0,0,0,0,0,0,0,0,0,0,0,81.12897313
1022.4,0,0,0,0,0,0,0,0,0,0,0,0,0,0,0,0,0,0,0,0,0,0,0,0,0,0,0,0,0,0,0,0,0,0,0,0,0,0,0,0
1024.24,6.019221735,0,0,0,0,0,0,0,0,0,0,0,0,0,0,0,0,0,0,0,0,0,0,0,0,0,0,0,0,0,0,0,0,0,0,0,0,0,0,0
1026.08,16.06028502,0,0,0,0,0,0,0,0,0,0,0,0,0,0,0,0,0,0,0,0,0,0,0,0,0,0,0,0,0,0,0,0,0,0,0,0,0,0,0
1027.92,23.83106731,0,0,0,0,0,0,0,0,0,0,0,0,0,0,0,0,0,0,0,0,0,0,0,0,0,0,0,0,0,0,0,0,0,0,0,0,0,234.9488147,0
1029.76,29.33156858,0,0,0,0,0,0,0,0,0,0,0,0,0,0,0,0,0,0,0,0,0,0,0,0,0,0,0,0,0,0,0,0,0,0,0,0,0,514.5433133,0
1031.6,32.56178885,0,0,0,0,0,0,0,0,0,0,0,0,0,0,0,0,0,0,0,0,0,0,0,0,0,0,0,0,0,0,0,0,0,0,0,0,0,728.1166398,0
1033.44,33.52172811,0,0,0,0,0,0,0,0,0,0,0,0,0,0,0,0,0,0,0,0,0,0,0,0,0,0,0,0,0,0,0,0,0,0,0,0,0,875.6687942,0
1035.27,32.22464351,0,0,0,0,0,0,0,0,0,0,0,0,0,0,0,0,0,0,0,0,0,0,0,0,0,0,0,0,0,0,0,0,0,0,0,0,0,956.9351037,0
1037.11,28.65635924,0,0,0,0,0,0,0,0,0,0,0,0,0,0,0,0,0,0,0,0,0,0,0,0,0,0,0,0,0,0,0,0,0,0,0,0,0,972.8037248,0
1038.94,22.85566102,0,0,0,0,0,0,0,0,0,0,0,0,0,0,0,0,0,0,0,0,0,0,0,0,0,0,0,0,0,0,0,0,0,0,0,0,0,923.1021723,0
1040.77,14.8092917,0,0,0,0,0,0,0,0,0,0,0,0,0,0,0,0,0,0,0,0,0,0,0,0,0,0,0,0,0,0,0,0,0,0,0,0,0,808.0951191,0
1042.6,4.51725128,0,0,0,0,0,0,0,0,0,0,0,0,0,0,0,0,0,0,0,0,0,0,0,0,0,0,0,0,0,0,0,0,0,0,0,0,0,627.7825652,0
1044.43,0,0,0,0,0,0,0,0,0,0,0,0,0,0,0,0,0,0,0,0,0,0,0,0,0,0,0,0,0,0,0,0,0,0,0,0,0,0,382.1645107,0
1046.26,0,0,0,0,0,0,0,0,0,0,0,0,0,0,0,0,0,0,0,0,0,0,0,0,0,0,0,0,0,0,0,0,0,0,0,0,0,0,71.24095549,0
1048.09,0,0,0,8.168587967,0,0,0,0,0,0,0,0,0,0,0,0,0,0,0,0,0,0,0,0,0,0,0,0,0,0,0,0,0,0,0,0,0,0,0,0
1049.92,0,0,0,16.61872659,0,0,0,0,0,0,0,0,0,0,0,0,0,0,0,0,0,0,0,0,0,0,0,0,0,0,0,0,0,0,0,0,0,0,0,0
1051.75,0,0,0,23.0420017,0,0,0,0,0,0,0,0,0,0,0,0,0,0,0,0,0,0,0,0,0,0,0,0,0,0,0,0,0,0,0,0,0,0,0,0
1053.57,0,0,0,27.41989682,0,0,0,0,0,0,0,0,0,0,0,0,0,0,0,0,0,0,0,0,0,0,0,0,0,0,0,0,0,0,0,0,0,0,0,0
1055.4,0,0,8.289091422,29.80052069,0,0,0,0,0,0,0,0,0,0,0,0,0,0,0,0,0,0,0,0,0,0,0,0,0,0,0,0,0,0,0,0,0,0,0,0
1057.22,0,0,24.16788598,30.15785555,0,0,0,0,0,0,0,0,0,0,0,0,0,0,0,0,0,0,0,0,0,0,0,0,0,0,0,0,0,0,0,0,0,0,0,0
1059.04,0,0,36.55247011,28.5104179,0,0,0,0,0,0,0,0,0,0,0,0,0,0,0,0,0,0,0,0,0,0,0,0,0,0,0,0,0,0,0,0,0,0,0,0
1060.86,0,0,45.44284383,24.85820773,0,0,0,0,0,0,0,0,0,0,0,0,0,0,0,0,0,0,0,0,0,0,0,0,0,0,0,0,0,0,0,0,0,0,0,0
1062.68,0,0,50.83900712,19.20122506,0,0,0,0,0,0,0,0,0,0,0,0,0,0,0,0,0,0,0,0,0,0,0,0,334.336078,0,0,0,0,0,0,0,0,0,0,0
1064.5,0,0,52.74096,11.53946986,0,0,0,0,0,0,0,0,0,0,0,0,0,0,0,0,0,0,0,0,0,0,0,0,812.8252999,0,0,0,0,0,0,0,0,0,0,0
1066.32,0,0,51.14870245,1.872942157,0,0,0,0,0,0,0,0,0,0,0,0,0,0,0,0,0,0,0,0,0,0,0,0,1182.634768,0,0,0,0,0,0,0,0,0,0,0
1068.14,0,0,46.06223449,0,0,0,0.049423791,0,0,0,0,0,0,0,0,0,0,0,0,0,0,0,0,0,0,0,0,0,1443.764484,0,0,0,0,0,0,0,0,0,0,0
1069.96,0,0,37.4815561,0,0,0,5.741042174,0,0,0,0,0,0,0,0,0,0,0,0,0,0,0,0,0,0,0,0,0,1596.214446,0,0,0,0,0,0,0,0,0,0,0
1071.77,0,0,25.48255958,0,0,0,10.26939941,0,0,0,0,0,0,0,0,0,0,0,0,0,0,0,0,0,0,0,0,0,1640.041089,0,0,0,0,0,0,0,0,0,0,0
1073.59,0,0,9.932659314,0,0,0,13.68453258,0,0,0,0,0,0,0,0,0,0,0,0,0,0,0,0,0,0,0,0,0,1575.728685,0,0,0,0,0,0,0,0,0,0,0
1075.4,0,0,0,0,0,0,15.94891277,0,0,0,0,0,0,0,0,0,0,0,0,0,0,0,0,0,0,0,0,0,1403.983965,0,0,0,0,0,0,0,0,0,0,0
1077.21,0,0,0,0,0,0,17.08442287,0,0,0,0,0,0,0,0,0,0,0,0,0,0,0,0,0,0,0,0,0,1124.750494,0,0,0,0,0,0,0,0,0,0,0
1079.02,0,0,0,0,0,0,17.09106286,0,3.234124062,0,0,0,0,0,0,0,0,0,0,0,0,0,0,0,0,0,0,0,738.0282712,0,0,0,0,0,0,0,0,0,0,0
1080.83,0,0,0,0,0,0,15.96883277,0,6.33418811,0,0,0,0,0,0,0,0,0,0,0,0,0,0,0,0,0,0,0,243.8172972,0,0,0,0,0,0,0,0,0,0,0
1082.64,0,0,0,0,0,0,13.71773257,0,8.691058308,0,0,0,0,0,0,0,0,0,0,0,0,0,0,0,0,0,0,0,0,0,0,0,0,0,0,0,0,0,0,0
1084.45,0,0,0,0,0,0,10.33776228,0,10.30473466,0,0,0,0,0,0,0,0,0,0,0,0,0,0,0,0,0,0,0,0,0,0,0,0,0,0,0,0,0,0,0
1086.26,0,0,0,0,0,0,5.828921895,0,11.17521716,0,0,0,0,0,0,0,0,0,0,0,0,0,0,0,0,0,0,0,0,0,0,0,0,0,0,0,0,0,0,0
1088.06,0,0,0,0,0,0,0.225460182,0,11.32269899,0,0,0,0,0,0,0,0,0,0,0,0,0,0,0,0,0,0,0,0,0,0,0,0,0,0,0,0,0,0,0
1089.87,0,0,0,0,0,0,0,0,10.90697723,0,0,0,0,0,0,0,0,0,0,0,0,0,0,0,0,0,0,0,0,0,0,0,0,0,0,0,0,0,0,0
1091.67,0,5.45610963,0,0,0,0,0,0,9.717128616,0,0,0,0,0,0,0,0,0,5.520326895,0,0,0,0,0,0,0,0,0,0,0,0,0,0,0,0,0,0,0,0,0
1093.48,0,33.95772119,0,0,0,0,0,0,7.739932606,0,0,0,0,0,0,0,0,0,22.23611275,0,0,0,0,0,0,0,0,0,0,0,0,0,0,0,0,0,0,0,0,0
1095.28,0,56.47869801,0,0,0,0,0,0,4.997236671,0,0,0,0,0,0,0,0,0,35.35791891,0,0,0,0,0,0,0,0,0,0,0,0,0,0,0,0,0,0,0,0,0
1097.08,0,73.19263823,0,0,0,0,0,0,1.480267835,0,0,0,0,0,0,0,0,0,44.98779759,0,0,0,0,0,0,0,0,0,0,0,0,0,0,0,0,0,0,0,0,0
1098.88,0,84.09954184,0,0,0,0,0,0,0.600212645,0,0,0,0,0,0,0,0,0,51.12574879,0,0,0,0,0,0,0,0,0,0,0,0,0,0,0,0,0,0,0,0,0
1100.68,0,89.19940884,0,0,0,0,0,0,0.559268782,0,0,0,0,0,0,0,0,0,53.77177252,0,0,0,0,0,0,0,0,0,0,0,0,0,0,0,0,0,0,0,0,0
1102.48,0,88.49223923,0,0,0,0,0,0,0.479056465,0,0,0,0,0,0,0,0,0,52.92586876,0,0,0,0,0,0,0,0,0,0,0,0,0,0,0,0,0,0,0,0,0
1104.27,0,82.03026409,0,0,0,0,0,0,0.360347951,0,0,0,0,0,0,0,0,0,48.62178249,0,0,0,0,0,0,0,0,0,0,0,0,0,0,0,0,0,0,0,0,0
1106.07,0,69.74128258,0,0,0,0,0,0,0.201816886,0,0,0,0,0,0,0,0,0,40.81142336,0,0,0,0,0,0,0,0,0,0,0,0,0,0,0,0,0,0,0,0,0
1107.86,0,51.76183893,0,0,0,0,0,0,0.005224727,0,0,0,0,0,0,0,0,0,29.58157315,0,0,0,0,0,0,0,0,0,0,0,0,0,0,0,0,0,0,0,0,0
1109.66,0,27.89104552,0,0,0,0,0,0,0,0,0,0,0,0,0,0,0,0,14.80675866,0,0,0,0,0,0,0,0,0,0,0,0,0,0,0,0,0,0,0,0,0
1111.45,0,0,0,0,0,0,0,0,0,0,0,0,0,0,0,0,0,0,0,0,0,0,0,0,0,0,0,0,0,0,0,0,0,0,0,0,0,0,0,0
1113.24,0,0,0,0,0,0,0,0,0,0,0,0,0,0,0,0,0,0,0,0,0,0,0,0,0,0,0,0,0,0,0,0,0,0,0,0,0,0,0,0
1115.03,0,0,0,0,0,0,0,0,0,0,0,0,0,0,0,0,0,0,0,0,0,0,0,0,0,0,0,0,0,0,0,0,0,0,0,0,0,0,0,0
1116.82,0,0,0,0,0,0,0,0,0,0,0,0,0,0,0,0,0,0,0,0,0,0,0,0,0,0,0,0,0,0,0,0,0,0,0,0,0,0,0,0
1118.61,0,0,0,0,0,0,0,0,0,0,0,0,0,0,0,0,0,0,0,0,0,0,0,0,0,0,0,0,0,0,0,0,0,0,0,0,0,0,0,0
1120.4,0,0,0,0,0,0,0,0,0,0,0,0,0,0,0,0,0,0,0,0,0,0,0,0,0,0,0,0,0,0,0,0,0,0,0,0,0,0,0,0
1122.19,0,0,0,0,0,0,0,0,0,0,0,0,0,0,0,0,0,0,0,0,0,0,0,0,0,0,0,0,0,0,0,0,0,0,0,0,0,0,0,0
1123.97,0,0,0,0,0,0,0,0,0,0,0,0,0,0,0,0,0,0,0,0,0,0,0,0,0,0,0,0,0,0,0,0,0,0,0,0,0,0,0,0
1125.76,0,0,0,0,0,0,0,0,0,0,0,0,0,0,0,0,0,0,0,0,0,0,0,0,0,0,0,0,0,0,0,0,0,0,0,0,0,0,0,0
1127.54,0,0,0,0,0,0,0,0,0,0,0,0,0,0,0,0,0,0,0,0,0,0,0,0,0,0,0,0,0,0,0,0,0,0,0,0,0,0,0,0
1129.33,0,0,0,0,0,0,0,0,0,0,0,0,0,0,0,0,0,0,0,0,0,0,0,0,0,0,0,0,0,0,0,0,0,0,0,0,0,0,0,0
1131.11,0,0,0,0,0,0,0,0,0,0,0,0,0,0,0,0,0,0,0,0,0,0,0,0,0,0,0,0,0,0,0,0,0,0,0,0,0,0,0,0
1132.89,0,0,0,0,0,0,0,0,0,0,0,0,0,0,0,0,0,0,0,0,0,0,0,0,0,0,0,0,0,0,0,0,0,0,0,0,0,0,0,0
1134.67,0,0,0,0,0,0,0,0,0,0,0,0,0,0,0,0,0,0,0,0,0,0,0,0,0,0,0,0,0,0,0,0,0,0,0,0,0,0,0,0
1136.45,0,0,0,0,0,0,0,0,0,0,0,0,0,0,0,0,0,0,0,0,0,0,0,0,0,0,0,0,0,0,0,0,0,0,0,0,0,0,0,0
1138.23,0,0,0,0,0,0,0,0,0,0,0,0,0,0,0,0,0,0,0,0,0,0,0,0,0,0,0,0,0,0,0,0,0,0,0,0,0,0,0,0
1140,0,0,0,0,0,0,0,0,0,0,0,0,0,0,0,0,0,0,0,0,0,0,0,0,0,0,0,0,0,0,0,0,0,0,0,0,0,0,0,0
1141.78,0,0,0,0,0,0,0,0,0,0,0,0,0,0,0,0,0,0,0,0,0,0,0,0,0,0,0,0,0,0,0,0,0,0,0,0,0,0,0,0
1143.55,0,0,0,0,0,0,0,0,0,0,0,0,0,0,0,12.9827082,0,0,0,0,0,0,0,0,0,0,0,0,0,0,0,0,0,0,0,0,0,0,0,0
1145.33,0,0,0,0,0,0,0,0,0,0,0,0,0,0,0,23.89062306,0,0,0,0,0,0,0,0,0,0,0,0,0,0,0,0,0,0,0,0,0,0,0,0
1147.1,0,0,0,0,0,0,0,0,0,0,0,0,0,0,0,32.134196,29.90147223,0,0,0,0,0,0,0,0,0,0,0,0,0,0,0,0,0,0,0,0,0,0,0
1148.87,0,0,0,0,0,0,0,0,0,0,0,0,0,0,0,37.78204001,54.60879555,0,0,0,0,0,0,0,0,0,0,0,0,0,0,0,0,0,0,0,0,0,0,0
1150.64,0,0,0,0,0,0,0,0,0,0,0,0,0,0,0,40.83415509,73.39316798,0,0,0,0,0,0,0,0,0,0,0,0,0,0,0,0,0,0,0,0,0,0,0
1152.41,0,0,0,0,0,0,0,0,0,0,0,0,0,0,0,41.29054123,86.25458952,0,0,0,0,0,0,0,0,0,0,0,0,0,0,0,0,0,0,0,0,0,0,0
1154.18,0,0.984945136,0,0,0,0,0,0,0,0,0,0,0,0,0,39.15119844,93.19306016,0,0,0,0,0,0,0,0,0,0,0,0,0,0,0,0,0,0,0,0,0,0,0
1155.95,0,4.107955082,0,0,0,0,0,0,0,0,0,0,0,0,0,34.41612672,94.20857991,0,0,0,0,0,0,0,0,0,0,0,0,0,0,0,0,0,0,0,0,0,0,0
1157.72,0,6.589812314,0,0,0,0,0,0,0,0,0,0,0,0,0,27.08532606,89.30114876,0,0,0,0,0,0,0,0,0,0,0,0,0,0,0,0,0,0,0,0,0,0,0
1159.48,0,8.421918302,0,0,0,0,0,0,0,0,0,0,0,0,0,17.2221697,78.5485923,0,0,0,0,0,0,0,0,0,0,0,0,0,0,0,0,0,0,0,0,0,0,0
1161.25,0,9.625092434,0,0,0,0,0,0,0,0,0,0,0,0,0,4.714576317,61.82872236,0,0,0,0,0,0,0,0,0,0,0,0,0,0,0,0,0,0,0,0,0,0,0
1163.01,0,10.18573952,0,0,0,0,0,0,0,0,0,0,0,0,0,0,39.33046405,0,0,0,0,0,0,0,0,0,0,0,0,0,0,0,0,0,0,0,0,0,0,0
1164.77,0,10.11245809,0,0,0,0,0,0,0,0,0,0,0,0,0,0,10.97599179,0,0,0,0,0,0,0,0,0,0,0,0,0,0,0,0,0,0,0,0,0,0,0
1166.54,0,9.399418741,0,0,0,0,0,0,0,0,0,0,0,0,0,0,0,0,0,0,0,0,0,0,0,0,0,0,0,0,0,0,0,0,0,0,0,0,0,0
1168.3,0,8.05467841,0,0,0,0,0,0,0,0,0,13.11331515,0,0,0,0,0,0,0,0,0,0,0,0,0,0,0,0,0,0,0,0,0,0,0,0,0,0,0,0
1170.06,0,6.076009562,0,0,0,0,0,0,0,0,0,31.39928654,0,0,0,0,0,0,0,1.224889766,0,0,0,0,0,0,0,0,0,0,0,0,0,0,0,0,0,0,0,0
1171.81,0,3.480047201,0,0,0,0,0,0,0,0,0,45.61586326,0,0,0,0,0,0,0,13.66891373,0,0,0,0,0,0,0,0,0,0,0,0,0,0,0,0,0,0,0,0
1173.57,0,0.237123185,0,0,0,0,0,0,0,0,0,55.92552048,0,0,0,0,0,0,0,23.73523867,0,0,0,0,0,0,0,0,0,0,0,0,0,0,0,0,0,0,0,0
1175.33,0,0,0,0,0,0,0,0,0,0,0,62.23565833,0,0,0,0,0,0,0,31.34577922,0,0,0,0,0,0,0,0,0,0,0,0,0,0,0,0,0,0,0,0
1177.08,0,0,0,0,0,0,0,0,0,0,0,64.54444602,0,0,0,0,0,0,0,36.478184,0,0,0,0,0,0,0,0,0,0,0,0,0,0,0,0,0,0,0,0
1178.84,0,0,0,0,0,0,0,0,0,0,0,62.8782697,0,0,0,0,0,0,0,39.19110908,0,0,0,0,0,0,0,0,0,0,0,0,0,0,0,0,0,0,0,0
1180.59,0,0,0,0,0,0,0,0,0,0,0,57.25606318,0,0,0,0,0,0,0,39.45372576,0,0,0,0,0,0,0,0,0,0,0,0,0,0,0,0,0,0,0,0
1182.34,0,0,0,0,0,0,0,0,0,0,0,47.67965727,0,0,0,0,0,0,0,37.2883854,0,0,0,0,0,0,0,0,0,0,0,0,0,0,0,0,0,0,0,0
1184.1,0,0,0,0,0,0,0,0,0,0,0,34.06037196,0,0,0,0,0,0,0,32.66186394,0,0,0,0,0,0,0,0,0,0,0,0,0,0,0,0,0,0,0,0
1185.85,0,0,0,0,0,0,0,0,0,0,0,16.55297184,0,0,0,0,0,0,0,25.62673547,0,0,0,0,0,0,0,0,0,0,0,0,0,0,0,0,0,0,0,0
1187.6,0,0,0,0,0,0,0,0,0,0,0,0,0,0,0,0,0,0,0,16.16364997,0,0,0,0,0,0,0,0,0,0,0,0,0,0,0,0,0,0,0,0
1189.35,0,0,0,0,0,0,0,0,0,0,0,0,0,0,0,0,0,0,0,4.272607442,0,0,0,0,0,0,0,0,0,0,0,0,0,0,0,0,0,0,0,0
1191.09,0,0,0,0,0,0,0,0,0,0,0,0,0,0,0,0,0,0,0,0,0,0,0,0,0,0,0,0,0,0,0,0,0,0,0,0,0,0,0,0
1192.84,0,0,0,0,0,0,0,0,0,0,0,0,0,0,0,0,0,0,0,0,0,0,0,0,0,0,0,0,0,0,0,0,0,0,0,0,0,0,0,0
1194.59,0,0,0,0,0,0,0,0,0,0,0,0,0,0,0,0,0,0,0,0,0,0,0,0,0,0,0,0,0,0,0,0,0,0,0,0,0,0,0,0
1196.33,0,0,0,0,0,0,0,0,0,0,0,0,0,0,0,0,0,0,0,0,0,0,0,0,0,0,0,0,0,0,0,0,0,0,0,0,0,0,0,0
1198.07,0,0,0,0,0,0,0,0,0,0,0,0,0,0,0,0,0,0,0,0,0,0,0,0,0,0,0,0,0,0,0,0,0,0,0,0,0,0,0,0
1199.82,0,0,0,0,0,0,0,0,0,0,0,0,0,0,0,0,0,0,0,0,0,0,0,0,0,0,0,0,0,0,0,0,0,0,0,0,0,0,0,0
1201.56,0,0,0,0,0,0,0,0,0,0,0,0,0,0,0,0,0,0,0,0,0,0,0,0,0,0,0,0,0,0,0,0,0,0,0,0,0,0,0,0
1203.3,0,0,0,0,0,0,0,0,0,0,0,0,0,0,0,0,0,0,0,0,0,0,0,0,0,0,0,0,0,0,0,0,0,0,0,0,0,0,0,0
1205.04,0,0,0,0,0,0,0,0,0,0,0,0,0,0,0,0,0,0,0,0,0,0,0,0,0,0,0,0,0,0,0,0,0,0,0,0,0,0,0,0
1206.78,0,0,0,0,0,0,0,0,0,0,0,0,0,0,0,0,0,0,0,0,0,0,0,0,0,0,0,0,0,0,0,0,0,0,0,0,0,0,0,0
1208.51,0,0,0,0,0,0,0,0,0,0,0,0,0,0,0,0,0,0,0,0,0,0,0,0,0,0,0,0,0,0,0,0,0,0,0,0,0,0,0,0
1210.25,0,0,0,0,0,0,0,0,0,0,0,0,0,0,0,0,0,0,0,0,0,0,0,0,0,0,0,0,0,0,0,0,0,0,0,0,0,0,0,0
1211.98,0,0,0,0,0,0,0,0,0,0,0,0,0,0,0,0,0,0,0,0,0,0,0,0,0,0,0,0,0,0,0,0,0,0,0,0,0,0,0,0
1213.72,0,0,0,0,0,0,0,0,0,0,0,0,0,0,0,0,0,0,0,0,0,0,0,0,0,0,0,0,0,0,0,0,0,0,0,0,0,0,0,0
1215.45,0,0,0,0,0,0,0,0,0,0,0,0,0,0,0,0,0,0,0,0,0,0,0,0,0,0,0,0,0,0,0,0,0,0,0,0,0,0,0,0
1217.19,0,0,0,0,0,0,0,0,0,0,0,0,0,0,0,0,0,0,0,0,0,0,0,0,0,0,0,0,0,0,0,0,0,0,0,0,0,0,0,0
1218.92,0,0,0,0,0,0,0,0,0,0,0,0,0,0,0,0,0,0,0,0,0,0,0,0,0,0,0,0,0,0,0,0,0,0,0,0,0,0,0,0
1220.65,0,0,0,0,0,0,0,0,0,0,0,0,0,0,0,0,0,0,0,0,0,0,0,0,0,0,0,0,0,0,0,0,0,0,0,0,0,0,0,0
1222.38,0,0,0,0,0,0,0,0,0,0,0,0,0,0,0,0,0,0,0,0,0,0,0,0,0,0,0,0,0,0,0,0,0,0,0,0,0,0,0,0
1224.1,0,0,0,0,0,0,0,0,0,0,0,0,0,0,0,0,0,0,0,0,0,0,0,0,0,0,0,0,0,0,0,0,0,0,0,0,0,0,0,0
1225.83,0,0,0,0,0,0,0,0,0,0,0,0,0,0,0,0,0,0,0,0,0,0,0,0,0,0,0,0,0,0,0,0,0,0,0,0,0,0,0,0
1227.56,0,0,0,0,0,0,0,0,0,0,0,0,0,0,0,0,0,0,0,0,0,0,0,0,0,0,0,0,0,0,0,0,0,0,0,0,0,0,0,0
1229.28,0,0,0,0,0,0,0,0,0,0,0,0,0,0,0,0,0,0,0,0,0,0,0,0,0,0,0,0,0,0,0,0,0,0,0,0,0,0,0,0
1231.01,0,0,0,0,0,0,0,0,0,0,0,0,0,0,0,0,0,0,0,0,0,0,0,0,0,0,0,0,0,0,0,0,0,0,0,0,0,0,0,0
1232.73,0,0,0,0,0,0,0,0,0,0,0,0,0,0,0,0,0,0,0,0,0,0,0,0,0,0,0,0,0,0,0,0,0,0,0,0,0,0,0,0
1234.45,0,0,0,0,0,0,0,0,0,0,0,0,0,0,0,0,0,0,0,0,0,0,0,0,0,0,0,0,0,0,0,0,0,0,0,0,0,0,0,0
1236.18,0,0,0,0,0,0,0,0,0,0,0,0,0,0,0,0,0,0,0,0,0,0,0,0,0,0,0,0,0,0,0,0,0,0,0,0,0,0,0,0
1237.9,0,0,0,0,0,0,0,0,0,0,0,0,0,0,0,0,0,0,0,0,0,0,0,0,0,0,0,0,0,0,0,0,0,0,0,0,0,0,0,0
1239.61,0,0,0,0,0,0,0,0,0,0,0,0,0,0,0,0,0,0,0,0,0,0,0,0,0,0,0,0,0,0,0,0,0,0,0,0,0,0,0,0
1241.33,0,0,0,0,0,0,0,0,0,0,0,0,0,0,0,0,0,0,0,0,0,0,0,0,0,0,0,0,0,0,0,0,0,0,0,0,0,0,0,0
1243.05,0,0,0,0,0,0,0,0,0,0,0,0,0,0,0,0,0,0,0,0,0,0,0,0,0,0,0,0,0,0,0,0,0,0,0,0,0,0,0,0
1244.77,0,0,0,0,0,0,0,0,0,0,0,0,0,0,0,0,0,0,0,0,0,0,0,0,0,0,0,0,0,0,0,0,0,0,0,0,0,0,0,0
1246.48,0,0,0,0,0,0,0,0,0,0,0,0,0,0,0,0,0,0,0,0,0,0,0,0,0,0,0,0,0,0,0,0,0,0,0,0,0,0,0,0
1248.2,0,0,0,0,0,0,0,0,0,0,0,0,0,0,0,0,0,0,0,0,0,0,0,0,0,0,0,0,0,0,0,0,0,0,0,0,0,0,0,0
1249.91,0,0,0,0,0,0,0,0,0,0,0,0,0,0,0,0,0,0,0,0,0,0,0,0,0,0,0,0,0,0,0,0,0,0,0,0,0,0,0,0
1251.62,0,0,0,0,0,0,0,0,0,0,0,0,0,0,0,0,0,0,0,0,0,0,0,0,0,0,0,0,0,0,0,230.8540541,0,0,0,0,0,0,0,0
1253.33,0,0,0,0,0,0,0,0,0,0,0,0,0,0,0,0,0,0,0,0,0,0,0,0,0,0,0,0,0,0,0,751.7021958,0,0,0,0,0,0,0,0
1255.04,0,0,0,0,0,0,0,0,0,0,0,0,0,0,0,0,0,0,0,0,0,0,0,0,0,0,0,0,0,0,0,1167.522952,0,0,0,0,0,0,0,0
1256.75,0,0,0,0,0,0,0,0,0,0,0,0,0,0,0,0,0,0,0,0,0,0,0,0,0,0,0,0,0,0,0,1478.316323,0,0,0,0,0,0,0,0
1258.46,0,0,0,0,0,0,0,0,0,0,0,0,0,0,0,0,0,0,0,0,0,0,0,0,0,0,0,0,0,0,0,1684.082308,0,0,0,0,0,0,0,0
1260.17,0,0,0,0,0,0,0,0,0,0,0,0,0,0,0,0,0,0,0,0,0,0,0,0,0,0,0,0,0,0,0,1784.820908,0,0,0,0,0,0,0,0
1261.87,0,0,0,0,0,0,0,0,0,0,0,0,0,0,15.57437278,0,0,0,0,0,0,0,0,0,0,0,0,0,0,0,0,1780.862505,0,0,0,0,0,0,0,0
1263.58,0,0,0,0,0,0,0,0,0,0,0,0,0,0,40.62612838,0,0,0,0,0,0,0,0,0,0,0,0,0,0,0,0,1672.160529,0,0,0,0,0,0,0,0
1265.28,0,0,0,0,0,0,0,0,0,0,0,0,0,0,60.37068779,0,0,0,0,0,0,0,0,0,0,0,0,0,0,0,0,1459.986349,0,0,0,0,0,0,0,0
1266.99,0,0,0,0,0,0,0,0,0,0,0,0,0,0,75.04033993,0,0,0,0,0,0,0,0,0,0,0,0,0,0,0,0,1141.843798,0,0,0,0,0,0,0,0
1268.69,0,0,0,0,0,0,0,0,0,0,0,0,0,0,84.46350994,0,0,0,0,0,0,0,0,0,0,0,0,0,0,0,0,721.4538403,0,0,0,0,0,0,0,0
1270.39,0,0,0,0,0,0,0,0,0,0,0,0,0,0,88.74111925,0,0,0,0,0,0,0,0,0,0,0,0,0,0,0,0,197.2612963,0,0,0,0,0,0,0,0
1272.09,0,0,0,0,0,0,0,0,0,0,0,0,0,0,87.87316786,0,0,0,0,0,0,0,0,0,0,0,0,0,0,0,0,0,0,0,0,0,0,0,0,0
1273.79,0,0,0,0,0,0,0,0,0,0,0,0,0,0,81.85965576,0,0,0,0,0,0,0,0,0,0,0,0,0,0,0,0,0,0,0,0,0,0,0,0,0
1275.49,0,0,0,0,0,0,0,0,0,0,0,0,0,0,70.70058297,0,0,0,0,0,0,0,0,0,0,0,0,0,0,0,0,0,0,0,0,0,0,0,0,0
1277.18,0,0,0,0,0,0,0,0,0,0,0,0,0,0,54.50690407,0,0,0,0,0,0,0,0,0,0,0,0,0,0,0,0,0,0,0,0,0,0,0,0,0
1278.88,0,0,0,0,0,0,0,0,0,0,0,0,0,0,33.08697789,0,0,0,0,0,0,0,0,0,0,0,0,0,0,0,0,0,0,0,0,0,0,0,0,0
1280.57,0,0,0,0,0,0,0,0,0,0,0,0,0,0,6.692803549,0,0,0,0,0,0,0,0,0,0,0,0,0,0,0,0,0,0,0,0,0,0,0,0,0
1282.27,0,0,0,0,0,0,0,0,0,0,0,0,0,0,0,0,0,0,0,0,0,0,0,0,0,0,0,0,0,0,0,0,0,0,0,0,0,0,0,0
1283.96,0,0,0,0,0,0,0,0,0,0,0,0,0,0,0,0,0,0,0,0,0,0,0,0,0,0,0,0,0,0,0,0,0,0,0,0,0,0,0,0
1285.65,0,0,0,0,0,0,0,0,0,0,0,0,0,0,0,0,0,0,0,0,0,0,0,0,0,0,0,0,0,0,0,0,0,0,0,0,0,0,0,0
1287.34,0,0,0,0,0,0,0,0,0,0,0,0,0,0,0,0,0,0,0,0,0,0,0,0,0,0,0,0,0,0,0,0,0,0,0,0,0,0,0,0
1289.03,0,0,0,0,0,0,0,0,0,0,0,0,0,0,0,0,0,0,0,0,0,0,0,0,0,0,0,0,0,0,0,0,0,0,0,0,0,0,0,0
1290.72,0,0,0,0,0,0,0,0,0,0,0,0,0,0,0,0,0,0,0,0,0,0,0,0,0,0,0,0,0,0,0,0,0,0,0,0,0,0,0,0
1292.41,0,0,0,0,0,0,0,0,0,0,0,0,0,0,0,0,0,0,0,0,0,0,0,0,0,0,0,0,0,0,0,0,0,0,0,0,0,0,0,0
1294.1,0,0,0,0,0,0,0,0,0,0,0,0,0,0,0,0,0,0,0,0,0,0,0,0,0,0,0,0,0,0,0,0,0,0,0,0,0,0,0,0
1295.78,0,0,0,0,0,0,0,0,0,0,0,0,0,0,0,0,0,0,0,0,0,0,0,0,0,0,0,0,0,0,0,0,0,0,0,0,0,0,0,0
1297.47,0,0,0,0,0,0,0,0,0,0,0,0,0,0,0,0,0,0,0,0,0,0,0,0,0,0,0,0,0,0,0,0,0,0,0,0,0,0,0,0
1299.15,0,0,0,0,0,0,0,0,0,0,0,0,0,0,0,0,0,0,0,0,0,0,0,0,0,0,0,0,0,0,0,0,0,0,0,0,0,0,0,0
1300.84,0,0,0,0,0,0,0,0,0,0,0,0,0,0,0,0,0,0,0,0,0,0,0,0,0,0,0,0,0,0,0,0,0,0,0,0,0,0,0,0
1302.52,0,0,0,0,0,0,0,0,0,0,0,0,0,0,0,0,0,0,0,0,0,0,0,0,0,0,0,0,0,0,0,0,0,0,0,0,0,0,0,0
1304.2,0,0,0,0,0,0,0,0,0,0,0,0,0,0,0,0,0,0,0,0,0,0,0,0,0,0,0,0,0,0,0,0,0,0,0,0,0,0,0,0
1305.88,0,0,0,0,0,0,0,0,0,0,0,0,0,0,0,0,0,0,0,0,0,0,0,0,0,0,0,0,0,0,0,0,0,0,0,0,0,0,0,0
1307.56,0,0,0,0.360221986,0,0,0,0,0,0,0,0,0,0,0,0,0,0,0,0,0,0,0,0,0,0,0,0,0,0,0,0,0,0,0,0,0,0,0,0
1309.24,0,0,0,3.689830904,0,0,0,0,0,0,0,0,0,0,0,0,0,0,0,0,0,0,0,0,0,0,0,0,0,0,0,0,0,0,0,0,0,0,0,0
1310.91,0,0,0,6.383299927,0,0,0,0,0,0,0,0,0,0,0,0,0,0,0,0,0,0,0,0,0,0,0,0,0,0,0,0,0,0,0,0,0,0,0,0
1312.59,0,0,0,8.472886168,0,0,0,0,0,0,0,0,0,0,0,0,0,0,0,0,0,0,0,0,0,0,0,0,0,0,0,0,0,0,0,0,0,0,0,0
1314.26,0,0,0,9.9337136,0,0,0,0,0,0,0,0,0,0,0,0,0,0,0,0,0,419.9669207,0,0,0,0,0,0,0,0,0,0,0,0,0,0,0,0,0,0
1315.94,0,0,0,10.78327716,0,5.619936514,0,0,0,0,0,0,0,0,0,0,0,0,0,0,0,957.3876637,0,0,0,0,0,0,0,0,0,0,0,0,0,0,0,0,0,0
1317.61,0,0,0,11.01146301,0,28.67953134,0,0,0,0,0,0,0,0,0,0,0,0,0,0,0,1380.337174,0,0,0,0,0,0,0,0,0,0,0,0,0,0,0,0,0,0
1319.28,0,0,0,10.62516782,0,47.36313174,0,0,0,0,0,0,0,0,0,0,0,0,0,0,0,1692.346542,0,0,0,0,0,0,0,0,0,0,0,0,0,0,0,0,0,0
1320.95,0,0,0,9.624391597,0,61.67073773,0,0,0,0,0,0,0,0,0,0,0,0,0,0,0,1893.415766,0,0,0,0,0,0,0,0,0,0,0,0,0,0,0,0,0,0
1322.62,0,0,0,8.009134345,0,71.60234929,0,0,0,0,0,0,0,0,0,0,0,0,0,0,0,1983.544847,0,0,0,0,0,0,0,0,0,0,0,0,0,0,0,0,0,0
1324.29,0,0,0,5.779396062,0,77.15796644,0,0,0,0,0,0,0,0,0,0,0,0,0,0,0,1962.733784,0,0,0,0,0,0,0,0,0,0,0,0,0,0,0,0,0,0
1325.96,0,0,0,2.935176747,0,78.33758917,0,1.224555723,0,0,0,0,0,0,0,0,0,0,1.216407951,0,0,1830.982578,0,0,0,0,0,0,0,0,0,0,0,0,0,0,0,0,0,0
1327.63,0,0,0,0,0,75.14121747,0,3.273126931,0,0,0,0,0,0,0,0.312726904,0,0,12.41698775,0,0,1588.291229,0,0,0,0,0,0,0,0,0,0,0,0,0,0,0,0,0,0
1329.29,0,0,0,0,0,67.6272182,0,4.900896692,0,0,0,0,0,0,0,23.81409193,0,0,21.49089235,0,0,1237.107458,0,0,0,0,0,0,0,0,0,0,0,0,0,0,0,0,0,0
1330.96,0,0,0,0,0,55.70506122,0,6.127476688,0,0,0,0,0,0,0,43.15468274,0,0,28.54744591,0,0,773.2001344,0,0,0,0,0,0,0,0,0,0,0,0,0,0,0,0,0,0
1332.62,0,0,0,0,0,39.51752688,0,6.938177339,0,0,0,0,0,0,0,58.10287549,0,0,33.5021388,0,0,202.1250353,0,0,0,0,0,0,0,0,0,0,0,0,0,0,0,0,0,0
1334.28,0,0,0,0,0,19.00624832,0,7.341570266,0,0,0,0,0,0,0,68.78732471,0,0,36.40341083,0,0,0,0,0,0,0,0,0,0,0,0,0,0,0,0,0,0,0,0,0
1335.95,0,0,0,0,0,0,0,7.336397665,0,0,0,0,0,0,0,75.23378937,0,0,37.2501473,0,0,0,0,0,0,0,0,0,0,0,0,0,0,0,0,0,0,0,0,0
1337.61,0,0,0,0,0,0,0,6.922721483,0,0,0,0,0,0,0,77.36506631,0,0,36.03220762,0,0,0,0,0,0,0,0,0,0,0,0,0,0,0,0,0,0,0,0,0
1339.27,0,0,0,0,0,0,0,6.101737577,0,0,0,0,0,0,0,75.23259971,0,0,32.7608471,0,0,0,0,0,0,0,0,0,0,0,0,0,0,0,0,0,0,0,0,0
1340.92,0,0,0,0,0,0,0,4.882064734,0,0,0,0,0,0,0,68.8876862,0,0,27.47429046,0,0,0,0,0,0,0,0,0,0,0,0,0,0,0,0,0,0,0,0,0
1342.58,0,0,0,0,0,0,0,3.24891904,0,0,0,0,0,0,0,58.25341773,0,0,20.10845824,0,0,0,0,0,0,0,0,0,0,0,0,0,0,0,0,0,0,0,0,0
1344.24,0,0,0,0,0,0,0,1.208465622,0,0,0,0,0,0,0,43.35540572,0,0,10.68920516,0,0,0,0,0,0,0,0,0,0,0,0,0,0,0,0,0,0,0,0,0
1345.9,0,0,0,0,0,0,0,0,0,0,0,0,0,0,0,24.19365018,0,0,0,0,0,0,0,0,0,0,0,0,0,0,0,0,0,0,0,0,0,0,0,0
1347.55,0,0,0,0,0,0,0,0,0,0,0,0,0,0,0,0.922033805,0,0,0,0,0,0,0,0,0,0,0,0,0,0,0,0,0,0,0,0,0,0,0,0
1349.2,0,0,0,0,0,0,0,0,0,0,0,0,0,0,0,0,0,0,0,0,0,0,0,0,0,0,0,0,0,0,0,0,0,0,0,0,0,0,0,0
1350.86,0,0,0,0,0,0,0,0,0,0,0,0,0,0,0,0,0,0,0,0,0,0,0,0,0,0,0,0,0,0,0,0,0,0,0,0,0,0,0,0
1352.51,0,0,0,0,0,2.395444443,0,0,0,0,0,0,0,0,0,0,0,0,0,0,0,0,0,0,0,0,0,0,0,0,0,0,0,0,0,0,0,0,0,0
1354.16,0,0,0,0,0,17.3299663,0,0,0,0,0,0,0,0,0,0,0,0,0,0,0,0,0,0,0,0,0,0,0,0,0,0,0,0,0,0,0,0,0,0
1355.81,0,0,0,0,0,29.50677481,0,0,0,0,0,0,0,0,0,0,0,0,0,0,0,0,0,0,0,0,0,0,0,0,0,0,0,0,0,0,0,0,0,0
1357.46,0,0,0,0,0,38.92586995,0,0,0,0,0,0,0,0,0,0,0,0,0,0,0,0,0,0,0,0,0,0,0,0,0,0,0,0,0,0,0,0,0,0
1359.1,0,0,0,0,0,45.55518578,0,0,0,0,0,0,0,0,0,0,0,0,0,0,0,0,0,0,0,0,0,0,0,0,0,0,0,0,0,0,0,0,0,0
1360.75,0,0,0,0,0,49.47556761,0,0,0,0,0,0,0,0,0,0,0,0,0,0,0,0,0,0,268.075778,0,0,0,0,0,0,0,0,0,0,0,0,0,0,0
1362.4,0,0,0,0,0,50.63823609,0,0,0,0,0,0,0,0,0,0,0,0,0,0,0,0,0,0,675.1239688,0,0,0,0,0,0,0,0,0,0,0,0,0,0,0
1364.04,0,0,0,0,0,49.0611642,0,0,0,0,0,0,0,0,0,0,0,0,0,0,0,0,0,0,998.8964135,0,0,0,0,0,0,0,0,0,0,0,0,0,0,0
1365.69,0,0,0,0,0,44.72511937,0,0,0,0,0,0,0,0,0,0,0,0,0,0,0,0,0,0,1243.341557,0,0,0,0,0,0,0,0,0,0,0,0,0,0,0
1367.33,0,0,0,0,0,37.68265971,0,0,0,0,0,0,0,0,0,0,0,0,0,0,0,0,0,0,1405.496426,0,0,0,0,0,0,0,0,0,0,0,0,0,0,0
1368.97,0,0,0,0,0,27.91581222,0,0,0,0,0,0.238351565,0,0,0,0,0,0,0,0,0,0,0,0,1487.088128,0,0,0,0,0,0,0,0,0,0,0,0,0,0,0
1370.61,0,0,0,0,0,15.42457692,0,0,0,0,0,0.455137302,0,0,0,0,0,0,0,0,0,0,0,0,1488.116662,0,0,0,0,0,0,0,0,0,0,0,0,0,0,0
1372.25,0,0,0,0,0,0.208953782,0,0,0,0,0,0.625645941,0,0,0,0,0,0,0,0,0,0,0,0,1408.582028,0,0,0,0,0,0,0,0,0,0,0,0,0,0,0
1373.89,0,0,0,0,0,0,0,0,0,0,0,0.749877482,0,0,0,0,0,0,0,0,0,0,0,0,1248.484226,0,0,0,0,0,0,0,0,0,0,0,0,0,0,0
1375.53,0,0,0,0,0,0,0,0,0,0,0,0.827831925,0,0,0,0,0,0,0,0,0,0,0,0,1007.823257,0,0,0,0,0,0,0,0,0,0,0,0,0,0,0
1377.16,0,0,0,0,0,0,0,0,0,0,0,0.859456343,0,0,0,0,0,0,0,0,0,0,0,0,688.8019241,0,0,0,0,0,0,0,0,0,0,0,0,0,0,0
1378.8,0,0,0,0,0,0,0,0,0,0,0,0.845138767,0,0,0,0,0,0,0,0,0,0,0,0,287.5058571,0,0,0,0,0,0,0,0,0,0,0,0,0,0,0
1380.43,0,0,0,0,0,0,0,0,0,0,0,0.785053801,0,0,0,0,0,0,0,0,0,0,0,0,0,0,0,0,0,0,0,0,0,0,0,0,0,0,0,0
1382.07,0,0,0,0,0,0,0,0,0,0,0,0.678464207,0,0,0,0,0,0,0,0,0,0,0,0,0,0,0,0,0,0,0,0,0,0,0,0,0,0,0,0
1383.7,0,0,0,0,0,0,0,0,0,0,0,0.526669856,0,0,0,0,0,0,0,0,0,0,0,0,0,0,0,0,0,0,0,0,0,0,0,0,0,0,0,0
1385.33,0,0,0,0,0,0,0,0,0,0,0,0.329161042,0,0,0,0,0,0,0,0,0,0,0,0,0,0,0,0,0,0,0,0,0,0,0,0,0,0,0,0
1386.96,0,0,0,0,0,0,0,0,0,0,0,0.085937763,0,0,0,0,0,0,0,0,0,0,0,0,0,0,0,0,0,0,0,0,0,0,0,0,0,0,0,0
1388.59,0,0,0,0,0,0,0,0,0,0,0,0,0,0,0,0,0,0,0,0,0,0,0,0,0,0,0,0,0,0,0,0,0,0,0,0,0,0,0,0
1390.22,0,0,0,0,0,0,0,0,0,0,0,0,0,0,0,0,0,0,0,0,0,0,0,0,0,0,0,0,0,0,0,0,0,0,0,0,0,0,0,0
1391.85,0,0,0,0,0,0,0,0,0,0,0,0,0,0,0,0,0,0,0,0,0,0,0,0,0,0,0,0,0,0,0,0,0,0,0,0,0,0,0,0
1393.47,0,0,0,0,0,0,0,0,0,0,0,0,0,0,0,0,0,0,0,0,0,0,0,0,0,0,0,0,0,0,0,0,0,0,0,0,0,0,0,0
1395.1,0,0,0,0,0,0,0,0,0,0,0,0,0,0,0,0,0,0,0,0,0,0,0,0,0,0,0,0,0,0,0,0,0,0,0,0,0,0,0,0
1396.72,0,0,0,0,0,0,0,0,0,0,0,0,0,0,0,0,0,0,0,0,0,0,0,0,0,0,0,0,0,0,0,0,0,0,0,0,0,0,0,0
1398.35,0,0,0,0,0,0,0,0,0,0,0,0,0,0,0,0,0,0.583753765,0,0,0,0,0,0,0,0,0,0,0,0,0,0,0,0,0,0,0,0,0,0
1399.97,0,0,0,0,0,0,0,0,0,0,0,0,0,0,0,0,0,2.603378816,0,0,0,0,0,0,0,0,0,0,0,0,0,0,0,0,0,0,0,0,0,0
1401.59,0,0,0,0,0,0,0,0,0,0,0,0,0,0,0,0,0,4.249959804,0,0,0,0,0,0,0,0,0,0,0,0,0,0,0,0,0,0,0,0,0,0
1403.21,0,0,0,0,0,0,0,0,0,0,0,0,0,0,0,0,0,5.523496729,0,0,0,0,0,0,0,0,0,0,0,0,0,0,0,0,0,0,0,0,0,0
1404.83,0,0,0,0,0,0,0,0,0,0,0,0,0,0,0,0,0,6.423989592,0,0,0,0,0,0,0,0,0,0,0,0,0,0,0,0,0,0,0,0,0,0
1406.45,0,0,0,0,0,0,0,0,0,0,0,0,0,0,0,0,0,6.951438392,0,0,0,0,0,0,0,0,0,0,0,0,0,0,0,0,0,0,0,0,0,0
1408.07,0,0,0,0,0,0,0,0,0,0,0,0,0,0,0,0,0,7.10584313,0,0,0,0,0,0,0,0,0,0,0,0,0,0,0,0,0,0,0,0,0,0
1409.68,0,0,0,0,0,0,0,0,0,0,0,0,0,0,0,0,0,6.889697694,0,0,0,0,0,0,0,0,0,0,0,0,0,0,0,0,0,0,0,0,0,0
1411.3,0,0,0,0,0,0,0,0,0,0,0,0,0,0,0,0,0,6.300317047,0,0,0,0,0,0,0,0,0,0,0,0,0,0,0,0,0,0,0,0,0,0
1412.91,0,0,0,0,0,0,0,0,0,0,0,0,0,0,0,0,0,5.344977494,0,0,0,0,0,0,0,0,0,0,0,0,0,0,0,0,0,0,0,0,0,0
1414.53,0,0,0,0,0,0,0,0,0,0,0,0,0,0,0,0,0,4.011811464,0,0,0,0,0,0,0,0,0,0,0,0,0,0,0,0,0,0,0,0,0,0
1416.14,0,0,0,0,0,0,0,0,0,0,0,0,0,0,0,0,0,2.317277795,0,0,0,0,0,0,0,0,0,0,0,0,0,0,0,0,0,0,0,0,0,0
1417.75,0,0,0,0,0,0,0,0,0,0,12.71710555,0,0,0,0,0,0,0.254291331,0,0,0,0,0,0,0,0,0,0,0,0,0,0,0,0,0,0,0,0,0,0
1419.36,0,0,0,0,0,0,0,0,0,0,25.5013846,0,0,0,0,0,0,0,0,0,0,0,0,0,0,0,0,0,0,0,0,0,0,0,0,0,0,0,0,0
1420.97,0,0,0,0,0,0,0,0,0,0,35.6627982,0,0,0,0,0,0,0,0,0,0,0,0,0,0,0,0,0,0,0,0,0,0,0,0,0,0,0,0,0
1422.58,0,0,0,0,0,0,0,0,0,0,43.20134637,0,0,0,0,0,0,0,0,0,0,0,0,0,0,0,0,0,0,0,0,0,0,0,0,0,0,0,0,0
1424.19,0,0,0,0,0,0,0,0,0,0,48.11702909,0,0,0,0,0,0,0,0,0,0,0,0,0,0,0,0,0,0,0,0,0,0,0,0,0,0,0,0,0
1425.79,0,0,0,0,0,0,0,0,0,0,50.40370023,0,0,0,0,0,0,0,0,0,0,0,0,0,0,0,0,0,0,0,0,0,0,0,0,0,0,0,0,0
1427.4,0,0,0,0,0,0,0,0,0,0,50.08994316,0,0,0,0,0,0,0,0,0,0,0,0,0,0,0,0,0,0,0,0,0,0,0,0,0,0,0,0,0
1429,0,0,0,3.971726867,0,0,0,0,0,0,47.17965549,0,0,0,0,0,0,0,0,0,0,0,0,0,0,0,0,0,0,0,0,0,0,0,0,0,0,0,0,0
1430.61,0,0,0,10.20295468,0,0,0,0,0,0,41.63645863,0,0,0,0,0,0,0,0,0,0,0,0,0,0,0,0,0,0,0,0,0,0,0,0,0,0,0,0,0
1432.21,0,0,0,15.19846507,0,0,0,0,0,0,33.52921216,0,0,0,0,0,0,0,0,0,0,0,0,0,0,0,0,0,0,0,0,0,0,0,0,0,0,0,0,0
1433.81,0,0,0,19.00069031,0,0,0,0,0,0,22.83158124,0,0,0,0,0,0,0,0,0,0,0,0,0,0,0,0,0,0,0,0,0,0,0,0,0,0,0,0,0
1435.41,0,0,0,21.60963042,0,0,0,0,0,0,9.543565868,0,0,0,0,0,0,0,0,0,0,0,0,0,0,0,0,0,0,0,0,0,0,0,0,0,0,0,0,0
1437.01,0,0,0,23.02528539,0,0,0,0,0,0,0,0,0,0,0,0,0,0,0,0,0,0,0,0,0,0,0,0,0,65.07376704,0,0,0,0,0,0,0,0,0,0
1438.61,0,0,0,23.24765522,0,0,0,0,0,0,0,0,0,0,0,0,0,0,0,0,0,0,0,0,0,0,0,0,0,589.0815107,0,0,0,0,0,0,0,0,0,0
1440.2,0,0,0,22.28651384,0,0,0,0,0,0,0,0,0,0,0,0,0,0,0,0,0,0,0,0,0,241.8634877,0,0,0,1017.724829,0,0,0,0,0,0,0,0,0,0
1441.8,0,0,0,20.12977142,0,0,0,0,0,0,0,0,0,0,0,0,0,0,0,0,0,0,0,0,0,652.5344574,0,0,0,1356.395463,0,0,0,0,0,0,0,0,0,0
1443.4,0,0,0,16.77974387,0,0,0,0,0,0,0,0,0,0,0,0,0,0,0,0,0,0,0,0,0,984.7653566,0,0,0,1602.107044,0,0,0,0,0,0,0,0,0,0
1444.99,0,0,0,12.26853259,0,0,0,0,0,0,0,0,0,0,0,0,0,0,0,0,0,0,0,0,0,1237.213586,0,0,0,1754.193551,0,0,0,0,0,0,0,0,0,0
1446.58,0,0,0,6.578905628,0,0,0,0,0,0,0,0,0,0,0,0,0,0,0,0,0,0,0,0,0,1412.199181,0,0,0,1814.479363,0,0,0,0,0,0,0,0,0,0
1448.18,0,0,0,0,0,0,0,0,0,0,0,0,0,0,0,0,0,0,0,0,0,0,0,0,0,1510.09037,0,0,0,1782.475776,0,0,0,0,0,0,0,0,0,0
1449.77,0,0,0,0,0,0,0,0,0,0,0,0,0,0,0,0,0,0,0,0,0,0,0,0,0,1529.663512,0,0,0,1658.582835,0,0,0,0,0,0,0,0,0,0
1451.36,0,0,0,0,0,0,0,0,0,0,0,0,0,0,0,0,0,0,0,0,0,0,0,0,0,1471.77402,0,0,0,1442.889198,0,0,0,0,0,0,0,0,0,0
1452.95,0,0,0,0,0,0,0,0,0,0,0,0,0,0,0,0,0,0,0,0,0,0,0,0,0,1336.421895,0,0,0,1135.394867,0,0,0,0,0,0,0,0,0,0
1454.53,0,0,0,0,0,0,0,0,0,0,0,0,0,0,0,0,0,0,0,0,0,0,0,0,0,1125.187655,0,0,0,738.8979949,0,0,0,0,0,0,0,0,0,0
1456.12,0,0,0,0,0,0,0,0,0,0,0,0,0,0,0,0,0,0,0,0,0,0,0,0,0,835.3974483,0,0,0,248.3796356,0,0,0,0,0,0,0,0,0,0
1457.71,0,0,0,0,0,0,0,0,0,0,0,0,0,0,0,0,0,0,0,0,0,0,0,0,0,468.1446083,0,0,0,0,0,0,0,0,0,0,0,0,0,0
1459.29,0,0,0,0,0,0,0,0,0,0,0,0,0,0,0,0,0,0,0,0,0,0,0,0,0,26.46814849,0,0,0,0,0,0,0,0,0,0,0,0,0,0
1460.88,0,0,0,0,0,0,0,0,0,0,0,0,0,0,0,0,0,0,0,0,0,0,0,0,0,0,0,0,0,0,0,0,0,0,0,0,0,0,0,0
1462.46,0,0,0,0,0,0,0,0,0,0,0,0,0,0,0,0,0,0,0,0,0,0,0,0,0,0,0,0,0,0,0,0,0,0,0,0,0,0,0,0
1464.04,0,0,0,0,0,0,0,0,0,0,0,0,0,0,0,0,0,0,0,0,0,0,0,0,0,0,0,0,0,0,0,0,0,0,0,0,0,0,0,0
1465.62,0,0,0,0,0,0,0,0,0,0,0,0,0,0,0,0,2.074668583,0,0,0,0,0,0,0,0,0,0,0,0,0,0,0,0,0,0,0,0,0,0,0
1467.21,0,0,0,0,0,0,0,0,0,0,0,0,0,0,0,0,5.234218021,0,0,0,0,0,0,0,0,0,0,0,0,0,0,0,0,0,0,0,0,0,0,0
1468.78,0,0,0,0,0,0,0,0,0,17.91952234,0,0,0,0,0,0,7.75995647,0,0,0,0,0,0,0,0,0,0,0,0,0,0,0,0,0,0,0,0,0,0,0
1470.36,0,0,0,0,0,0,0,0,0,40.3590787,0,0,0,0,0,0,9.705822258,0,0,0,0,0,364.818431,0,0,0,0,0,0,0,0,0,0,0,0,0,0,0,0,0
1471.94,0,0,0,0,0,0,0,0,0,58.43551965,0,0,0,0,0,0,11.05383594,0,0,0,0,0,737.3568953,0,0,0,0,0,0,0,0,0,0,0,0,0,0,0,0,0
1473.52,0,0,0,0,0,0,0,0,0,72.14884517,0,0,0,0,0,0,11.80399752,0,0,0,0,0,1035.404808,0,0,0,0,0,0,0,0,0,0,0,0,0,0,0,0,0
1475.09,0,0,0,0,0,0,0,0,0,81.45359667,0,0,0,0,0,0,11.95722298,0,0,0,0,0,1257.781486,0,0,0,0,0,0,0,0,0,0,0,0,0,0,0,0,0
1476.67,0,0,0,0,6.765843852,0,0,0,0,86.468306,0,0,0,0,0,0,11.51546423,0,0,0,0,0,1407.319755,0,0,0,0,0,0,0,0,0,0,0,0,0,0,0,0,0
1478.24,0,0,0,0,19.45603372,0,0,0,0,87.12949584,0,0,0,0,0,0,10.48431315,0,0,0,0,0,1482.126723,0,0,0,0,0,0,0,0,0,0,0,0,0,0,0,0,0
1479.81,0,0,0,0,29.79623977,0,0,0,0,83.48262479,0,0,0,0,0,0,8.862853768,0,0,0,0,0,1483.383075,0,0,0,0,0,0,0,0,0,0,0,0,0,0,0,0,0
1481.38,0,0,0,0,37.78646202,0,0,0,0,75.52769285,0,0,0,0,0,0,6.651086082,0,0,0,0,0,1411.088809,0,0,0,0,0,0,0,0,0,0,0,0,0,0,0,0,0
1482.95,0,0,0,0,43.42670047,0,0,0,0,63.26470002,0,0,0,0,0,0,3.849010093,0,0,0,0,0,1265.243926,0,0,0,0,0,0,0,0,0,0,0,0,0,0,0,0,0
1484.52,0,0,0,0,46.71695511,0,0,0,0,46.69364631,0,0,0,0,0,0,0.456625799,0,0,0,0,0,1045.848425,0,0,0,0,0,0,0,0,0,0,0,0,0,0,0,0,0
1486.09,0,0,0,0,47.65722594,0,0,0,0,25.8145317,0,0,0,0,0,0,0,0,0,0,0,0,752.9023073,0,0,0,0,0,0,0,0,0,0,0,0,0,0,0,0,0
1487.66,0,0,0,0,46.24751297,0,0,0,0,0.627356205,0,0,0,0,0,0,0,0,0,0,0,0,386.4055724,0,0,0,0,0,0,0,0,0,0,0,0,0,0,0,0,0
1489.22,0,0,0,0,42.51919966,0,0,0,0,0,0,0,0,0,0,0,0,0,0,0,0,0,0,0,0,0,0,0,0,0,0,0,0,0,0,0,0,0,0,0
1490.79,0,0,0,0,36.42448713,0,0,0,0,0,0,0,0,0,0,0,0,0,0,0,0,0,0,0,0,0,0,0,0,0,0,0,0,0,0,0,0,0,0,0
1492.35,0,0,0,0,28.04101502,0,0,0,0,0,0,0,0,0,0,0,0,0,0,0,0,0,0,0,0,0,0,0,0,0,0,0,0,0,0,0,0,0,0,0
1493.92,0,0,0,0,17.26130293,0,0,0,0,0,0,0,0,0,0,0,0,0,0,0,0,0,0,0,0,0,0,0,0,0,0,0,0,0,0,0,0,0,0,0
1495.48,0,0,0,0,4.222672017,0,0,0,0,0,0,0,0,0,0,0,0,0,0,0,0,0,0,0,0,0,0,0,0,0,0,0,0,0,0,0,0,0,0,0
1497.04,0,0,0,0,0,0,0,0,0,0,0,0,0,0,0,0,0,0,0,0,0,0,0,0,0,0,0,0,0,0,0,0,0,0,0,0,0,0,0,0
1498.6,0,0,0,0,0,0,0,0,0,0,0,0,0,0,0,0,0,0,0,0,0,0,0,0,0,0,0,0,0,0,0,0,0,0,0,0,0,0,0,0
1500.16,0,0,0,0,0,0,0,0,0,0,0,0,0,0,0,0,0,0,0,0,0,0,0,0,0,0,0,0,0,0,0,0,0,0,0,0,0,0,0,0
1501.72,0,0,0,0,0,0,0,0,0,0,0,0,0,0,0,0,0,0,0,0,0,0,0,0,0,0,0,0,0,0,0,0,0,0,0,0,0,0,0,0
1503.27,0,0,0,0,0,0,0,0,0,0,0,0,0,0,0,0,0,0,0,0,0,0,0,0,0,0,0,0,0,0,0,0,0,0,0,0,0,0,0,0
1504.83,0,0,0,0,0,7.13753075,0,0,0,0,0,0,0,0,0,0,0,0,0,0,0,0,0,0,0,0,0,0,0,0,0,0,0,0,0,0,0,0,0,0
1506.38,0,0,0,0,0,17.02044923,0,0,0,0,0,0,0,0,0,0,0,0,0,0,0,0,0,0,0,0,0,0,0,0,0,0,0,0,0,0,0,0,0,0
1507.94,0,0,0,0,0,25.09321312,0,0,0,0,0,0,0,0,0,0,0,0,0,0,0,0,0,0,0,0,0,0,0,0,0,0,0,0,0,0,0,0,0,0
1509.49,0,0,0,0,0,31.25232544,0,0,0,0,0,0,0,0,0,0,0,0,0,0,0,0,0,0,0,0,0,0,0,0,0,0,0,0,0,0,0,0,0,0
1511.04,0,0,0,0,0,35.55552152,0,0,0,0,0,0,0,0,0,0,0,0,0,0,0,0,0,0,0,0,0,0,0,0,0,0,0,0,0,0,0,0,0,0
1512.6,0,0,0,0,0,38.0125648,0,0,0,0,0,0,0,0,0,0,0,0,0,0,0,0,0,0,0,0,0,0,0,0,0,0,0,0,0,0,0,0,0,0
1514.15,0,0,0,0,0,38.59195472,0,0,0,0,0,0,0,0,0,0,0,0,0,0,0,0,0,0,0,0,0,0,0,0,0,0,0,0,0,0,0,0,0,0
1515.69,0,0,0,0,0,37.32961225,0,0,0,0,0,0,0,0,0,0,0,0,0,0,0,0,0,0,0,0,0,0,0,0,0,0,0,0,0,0,0,0,0,0
1517.24,0,0,0,0,0,34.20914333,0,0,0,0,0,0,0,0,0,0,0,0,0,0,0,0,0,0,0,0,0,0,0,0,0,0,0,0,0,0,0,0,0,0
1518.79,0,0,0,0,0,29.23275815,0,0,0,0,0,0,0,0,0,0,0,0,0,0,0,0,0,0,0,0,0,0,0,0,0,0,0,0,0,0,0,0,0,0
1520.34,0,0,0,0,0,22.40045673,0,0,0,0,0,0,0,0,12.27401682,0,0,0,0,0,0,0,0,0,0,0,0,0,0,0,0,0,0,0,0,0,0,0,0,0
1521.88,0,0,0,0,0,13.77424028,0,0,0,0,0,0,0,5.896112552,30.92132321,0,0,0,0,0,0,0,0,53.76969735,0,0,0,0,0,0,0,0,0,0,0,0,0,0,0,0
1523.42,0,0,0,0,0,3.31597763,0,0,0,0,0,0,0,16.79534528,46.12740121,0,0,0,0,0,0,0,0,383.3579134,0,0,0,0,0,0,0,0,0,0,0,0,0,0,0,0
1524.97,0,0,0,0,0,0,0,0,0,0,0,0,0,25.7702839,57.95740057,0,0,0,0,0,0,0,0,658.1474326,0,0,0,0,0,0,0,0,0,0,0,0,0,0,0,0
1526.51,0,0,0,0,0,0,0,0,0,0,0,0,0,32.70512276,66.25867613,0,0,0,0,0,0,0,0,874.5925838,0,0,0,0,0,0,0,0,0,0,0,0,0,0,0,0
1528.05,0,0,0,0,0,0,0,0,0,0,0,0,0,37.66417956,71.1187233,0,0,0,0,0,0,0,0,1034.649282,0,0,0,0,0,0,0,0,0,0,0,0,0,0,0,0
1529.59,0,0,0,0,0,0,0,0,0,0,0,0,0,40.6474543,72.53754207,0,0,0,0,0,0,0,0,1138.317527,0,0,0,0,0,0,0,0,0,0,0,0,0,0,0,0
1531.13,0,0,0,0,0,0,0,0,0,0,0,0,0,41.65494698,70.51513245,0,0,0,0,0,0,0,0,1185.59732,0,0,0,0,0,0,0,0,0,0,0,0,0,0,0,0
1532.67,0,0,0,0,0,0,0,0,0,0,0,0,0,40.68665761,65.05149442,0,0,0,0,0,0,0,0,1176.488659,0,0,0,0,0,0,0,0,0,0,0,0,0,0,0,0
1534.21,0,0,0,0,0,0,0,0,0,0,0,0,0,37.74258618,56.146628,0,0,0,0,0,0,0,0,1110.991545,0,0,0,0,0,0,0,0,0,0,0,0,0,0,0,0
1535.74,0,0,0,0,0,0,0,0,0,0,0,0,0,32.86105302,43.8918029,0,0,0,0,0,0,0,0,990.0793341,0,0,0,0,0,0,0,0,0,0,0,0,0,0,0,0
1537.28,0,0,13.25235926,0,0,0,0,0,0,0,0,0,0,25.97824723,28.12682532,0,0,0,0,0,0,0,0,812.1714733,0,0,0,0,0,0,0,0,0,0,0,0,0,0,0,0
1538.81,0,0,30.19139084,0,0,0,0,0,0,0,0,0,0,17.1835559,9.056435239,0,0,0,0,0,0,0,0,579.5784547,0,0,0,0,0,0,0,0,0,0,0,0,0,0,0,0
1540.34,0,0,43.96980699,0,0,0,0,0,0,0,0,0,0,6.438658712,0,0,0,0,0,0,0,0,0,291.3269231,0,0,0,0,0,0,0,0,0,0,0,0,0,0,0,0
1541.88,0,0,54.64660876,0,0,0,0,0,0,0,0,0,0,0,0,0,0,0,0,0,0,0,0,0,0,0,0,0,0,0,0,0,0,0,0,0,0,0,0,0
1543.41,0,0,62.08313641,0,0,0,0,0,0,0,0,0,0,0,0,0,0,0,0,0,0,0,0,0,0,0,0,0,0,0,0,0,0,0,0,0,0,0,0,0
1544.94,0,0,66.35904861,0,0,0,0,0,0,0,0,0,0,4.965272488,0,0,0,0,0,0,0,0,0,0,0,0,0,0,0,0,0,0,0,0,0,0,0,0,0,0
1546.47,0,0,67.47434538,0,0,0,0,0,0,0,0,0,0,10.9344353,0,0,0,0,0,0,0,0,0,0,0,0,0,0,0,0,0,0,0,0,0,0,0,0,0,0
1547.99,0,0,65.4526561,0,0,0,0,0,0,0,0,0,0,15.75346872,0,0,0,0,0,0,0,0,0,0,0,0,0,0,0,0,0,0,0,0,0,0,0,0,0,0
1549.52,0,0,60.26737959,0,0,0,0,0,0,0,0,0,0,19.48578109,0,0,0,0,0,0,0,0,0,0,0,0,0,0,0,0,0,0,0,0,0,0,0,0,0,0
1551.05,0,0,51.92148765,0,0,0,0,0,0,0,0,0,0,22.09600128,0,0,0,0,0,0,0,0,0,0,0,0,0,0,0,0,0,0,0,0,0,0,0,0,0,0
1552.57,0,0,40.5004475,0,0,0,0,0,0,0,0,0,0,23.57804595,0,0,0,0,0,0,0,0,0,0,0,0,0,0,0,0,0,0,0,0,0,0,0,0,0,0
1554.1,0,0,25.85398229,0,0,0,0,0,0,0,0,0,0,23.9514157,0,0,0,0,0,0,0,0,0,0,0,0,0,0,0,0,0,0,0,0,0,0,0,0,0,0
1555.62,0,0,8.173549089,0,0,0,0,0,0,0,0,0,0,23.21122987,0,0,0,0,0,0,0,0,0,0,0,0,0,0,0,0,0,0,0,0,0,0,0,0,0,0
1557.14,0,0,0,0,0,0,0,0,0,0,0,0,0,21.36357179,0,0,0,0,0,0,0,0,0,0,0,0,0,0,0,0,0,0,0,0,0,0,0,0,0,0
1558.66,0,0,0,0,0,0,0,0,0,0,0,0,0,18.40844146,0,0,0,0,0,0,0,0,0,0,0,0,0,0,0,0,0,0,0,0,0,0,0,0,0,0
1560.18,0,0,0,0,0,0,0,0,0,0,0,0,0,14.34583888,0,0,0,0,0,0,0,0,0,0,0,0,0,0,0,0,0,0,0,0,0,0,0,0,0,0
1561.7,0,0,0,0,0,0,0,0,0,0,0,0,0,29.42306694,0,0,0,0,0,0,0,0,0,0,0,0,0,0,0,0,0,0,0,0,0,0,0,0,0,0
1563.22,0,0,0,0,0,0,0,0,0,0,0,0,0,41.27755244,0,0,0,0,0,0,0,0,0,0,0,0,0,0,0,0,0,0,0,0,0,0,0,0,0,0
1564.74,0,0,0,0,0,0,0,0,0,0,0,0,0,52.98341479,0,0,0,0,0,0,0,0,0,0,0,0,0,0,0,0,0,0,0,0,0,0,0,0,0,0
1566.25,20.36275825,0,0,0,0,0,0,0,0,0,0,0,0,63.99820035,0,0,0,0,0,0,0,0,0,0,0,0,0,0,0,0,0,0,0,0,0,0,0,0,0,0
1567.77,40.62181886,0,0,0,0,0,0,0,0,0,0,0,0,71.56958335,0,0,0,0,0,0,0,0,0,0,0,0,0,0,0,0,0,0,0,0,0,0,0,0,0,0
1569.28,60.01806469,0,0,0,0,0,0,0,0,0,0,0,0,75.59794033,0,0,0,0,0,0,0,0,0,0,0,0,0,0,0,0,0,0,0,0,0,0,0,0,0,0
1570.79,75.08004791,0,0,0,0,0,0,0,0,0,0,0,0,76.14461179,0,0,0,0,0,0,0,0,0,0,0,0,0,0,0,0,0,0,0,0,0,0,0,0,0,0
1572.31,85.8643661,0,0,0,0,0,0,0,0,0,0,0,0,73.17855543,0,0,0,0,0,0,0,0,0,0,0,0,0,0,0,0,0,0,0,0,0,0,0,0,0,0
1573.82,92.22912034,0,0,0,0,0,0,0,0,0,0,0,0,66.73879831,0,0,0,0,0,0,0,0,0,0,0,0,0,0,0,0,0,0,0,0,0,0,0,0,0,0
1575.33,94.25961196,0,0,0,0,0,0,0,0,0,0,0,0,56.81735566,0,0,0,0,0,0,0,0,0,0,0,0,0,0,0,0,0,0,0,0,0,0,0,0,0,0
1576.84,91.95584096,0,0,0,0,0,0,0,0,0,0,0,0,43.41422749,0,0,0,0,0,0,0,0,0,0,0,0,0,0,0,0,0,0,0,0,0,0,0,0,0,0
1578.34,85.37602464,0,0,0,0,0,0,0,0,0,0,0,0,26.65268616,0,0,5.164385139,0,0,0,0,0,0,0,0,0,0,0,0,0,0,0,0,0,0,0,0,0,0,0
1579.85,74.43243212,0,0,0,0,0,0,0,0,0,0,0,0,6.309244449,0,0,10.27114867,0,0,0,0,0,0,0,0,0,0,0,0,0,0,0,0,0,0,0,0,0,0,0
1581.36,59.15457697,0,0,0,0,0,0,0,0,0,0,0,0,0,0,0,14.40760874,0,0,0,0,0,0,0,0,0,0,0,0,0,0,0,0,143.3942415,0,0,0,0,0,0
1582.86,39.6865976,0,0,0,0,0,0,0,0,0,0,0,0,0,0,0,17.55598907,0,0,0,0,0,0,0,0,0,0,0,0,0,0,0,0,546.3589273,0,0,0,0,0,0
1584.37,15.76892093,0,0,0,0,0,0,0,0,0,0,0,0,0,0,0,19.75826806,0,0,0,0,0,0,0,0,0,0,0,0,0,0,0,0,882.4000233,0,0,0,0,0,0
1585.87,4.012986686,0,0,0,0,0,0,0,0,0,0,0,0,0,0,0,20.98527646,0,0,0,0,0,0,0,0,0,0,0,0,0,0,0,0,1147.066654,0,0,0,0,0,0
1587.37,0.540207966,0,0,0,0,0,0,0,0,0,0,0,0,0,0,0,21.25479054,0,0,0,0,0,0,0,0,0,0,0,0,0,0,0,0,1342.813988,0,0,0,0,0,0
1588.87,0,0,0,0,0,0,0,13.34614699,0,0,0,0,0,0,0,0,20.5668103,0,0,0,0,0,0,0,0,0,0,0,0,0,0,0,0,1469.642025,0,0,0,0,0,0
1590.37,0,0,0,0,0,0,0,25.51811289,0,0,0,0,0,0,0,0,18.92133575,0,0,0,0,0,0,0,0,0,0,0,0,0,0,0,0,1527.550766,0,0,0,0,0,0
1591.87,0,0,0,0,0,0,0,35.36737517,0,0,0,0,0,0,0,0,16.31836688,0,0,0,0,0,0,0,0,0,0,0,0,0,0,0,0,1516.54021,0,0,0,0,0,0
1593.37,0,0,0,0,0,0,0,42.89393383,0,0,0,0,0,0,0,0,12.75790369,0,0,0,0,0,0,0,0,0,0,0,0,0,0,0,0,1436.610358,0,0,0,0,0,0
1594.87,0,0,0,0,0,0,0,48.09778887,0,0,0,0,0,0,0,0,8.239946179,0,0,0,0,0,0,0,0,0,0,0,0,0,0,0,0,1287.761209,0,0,0,0,0,0
1596.36,0,0,0,0,0,0,0,50.96742334,0,0,0,0,0,0,0,0,2.804167736,0,0,0,0,0,0,0,0,0,0,0,0,0,0,0,0,1071.672753,0,0,0,0,0,0
1597.86,0,0,0,0,0,0,0,51.54135584,0,0,0,0,0,0,0,0,0,0,0,0,0,0,0,0,0,0,0,0,0,0,0,0,0,785.4444726,0,0,0,0,0,0
1599.35,0,0,0,0,0,0,0,49.81193392,0,0,0,0,0,0,0,0,0,0,0,0,0,0,0,0,0,0,0,0,0,0,0,0,0,432.8927458,0,0,0,0,0,0
1600.84,0,0,0,0,0,0,0,45.79067453,0,0,0,0,0,0,0,0,0,0,0,0,0,0,0,0,0,0,0,0,0,0,0,0,0,12.33758332,0,0,0,0,0,0
1602.33,0,0,0,0,0,0,0,39.47757767,0,0,0,0,0,0,0,0,0,0,0,0,0,0,0,0,0,0,0,0,0,0,0,0,0,0,0,0,0,0,0,0
1603.83,0,0,0,0,0,0,0,30.80714977,0,0,0,0,0,0,0,0,0,0,0,0,0,0,0,0,0,0,0,0,0,0,0,0,0,0,0,0,0,0,0,0
1605.32,0,0,0,0,0,13.15211238,0,19.89499651,0,0,0,0,0,0,0,0,0,0,0,0,0,0,0,0,0,0,0,0,0,0,0,0,0,0,0,0,0,0,0,0
1606.8,0,0,0,0,0,25.64936239,0,6.787262295,0,0,0,0,0,0,0,0,0,0,0,0,0,0,0,0,0,0,0,0,0,0,0,0,0,0,0,0,0,0,0,0
1608.29,0,0,0,0,0,35.87682282,0,0,0,0,0,0,0,0,0,0,0,0,0,0,0,0,0,0,0,0,0,0,0,0,0,0,0,0,39.33418079,0,0,0,0,0
1609.78,0,0,0,0,0,43.74212607,0,0,0,0,0,0,0,0,0,0,0,0,0,0,0,0,0,0,0,0,0,0,0,0,0,0,0,0,113.7973807,0,0,0,0,0
1611.27,0,0,0,0,0,49.24527215,0,0,0,0,0,0,0,0,0,0,0,0,0,0,0,0,0,0,0,0,0,0,0,0,0,0,0,0,175.2947813,0,0,0,0,0
1612.75,0,0,0,0,0,52.3730541,0,0,0,0,0,0,3.430826051,0,0,0,0,0,0,0,0,0,0,0,0,0,0,0,0,0,0,0,0,0,223.5438848,0,0,0,0,0
1614.23,0,0,0,0,0,53.17027929,0,0,0,0,0,0,7.682723773,0,0,0,0,0,0,0,0,0,0,0,0,0,0,0,0,0,0,0,0,0,259.0006426,0,0,0,0,0
1615.72,0,0,3.856609121,0,0,51.61866067,0,0,0,0,0,0,11.19042247,0,0,0,0,0,0,0,0,0,0,0,0,0,0,0,0,0,0,0,0,0,281.7746833,0,0,0,0,0
1617.2,0,0,9.005750534,0,21.27921639,47.73902534,0,0,0,0,0,0,13.90683895,0,0,0,0,0,0,0,0,0,0,0,0,0,0,0,0,0,0,0,0,0,291.5603151,0,193.4853407,0,0,0
1618.68,0,0,13.23606311,0,44.64445898,41.52883324,0,0,0,0,0,0.109849272,15.85809978,0,0,0,0,0,0,0,0,0,0,0,0,0,0,0,0,0,0,0,0,0,288.5536012,0,567.2006411,0,0,0
1620.16,0,0,16.54754684,0,63.74098695,32.98808438,0,0,0,3.818587712,0,4.30114929,17.04420497,0,0,0,0,0,0,0,0,0,0,0,0,0,0,0,0,0,0,0,0,0,272.7545418,0,876.4480574,0,0,0
1621.64,0,0,18.94020173,0,78.56880032,22.11677877,0,0,0,15.12657622,0,7.819962418,17.46515453,0,0,0,0,0,0,0,0,0,0,0,0,0,0,0,0,0,0,0,0,0,244.1631367,0,1121.22759,0,0,0
1623.12,0,0,20.41402777,0,89.12789907,8.914916386,0,0,0,24.53483277,0,10.66628865,17.12094844,0,0,0,0,0,0,0,0,0,0,0,0,0,0,0,0,0,0,0,0,0,202.779386,0,1301.539238,0,0,0
1624.59,0,0,20.96835818,0,95.39010451,0,0,0,0,31.99899873,0,12.82769646,16.02164993,0,0,0,0,0,0,0,0,0,0,0,0,0,0,0,0,0,0,0,0,0,149.0122697,0,1416.816599,0,0,0
1626.07,0,0,20.61073484,0,97.44061672,0,0,0,0,37.62062738,0,14.33359274,14.15230253,0,0,0,0,0,0,0,0,0,0,0,0,0,0,0,0,0,0,0,0,0,82.13026252,0,1468.628073,0,0,0
1627.54,0,0,19.34599052,0,95.25172605,0,0,0,0,41.32375077,0,15.16362756,11.53816772,0,0,0,0,0,0,0,0,0,0,0,0,0,0,0,0,0,0,0,0,0,3.037175297,0,1456.273504,0,0,0
1629.02,0,0,17.15691781,0,88.7936517,0,0,0,0,43.15875154,0,15.32909389,8.143679014,0,0,0,0,0,0,0,0,0,0,0,0,0,0,0,0,0,0,0,0,0,0,0,1379.584804,0,0,0
1630.49,0,0,14.07309877,0,78.15366493,0,0,0,0,43.10083236,0,14.82775571,4.014707897,0,0,0,0,0,0,0,0,0,0,0,0,0,0,0,0,0,0,0,0,0,0,0,1239.598305,0,0,0
1631.96,0,0,10.08282555,0,63.30245401,0,0,0,0,41.16876655,0,13.6629876,0,0,0,0,0,0,0,0,0,0,0,0,0,0,0,0,0,0,0,0,0,0,0,0,1036.012167,0,0,0
1633.43,0,0,5.186098138,0,44.24001892,0,0,0,0,37.3625541,0,11.83478955,0,0,0,0,0,0,0,0,0,0,0,0,0,0,0,0,0,0,0,0,0,0,0,0,768.8263891,0,0,0
1634.9,0,0,0,0,20.96635967,0,0,0,0,31.68219501,0,9.343161578,0,0,0,0,0,0,0,0,0,0,0,0,0,0,0,0,0,0,0,0,0,0,0,0,438.0409715,0,0,0
1636.37,0,0,0,0,0,0,0,0,0,24.12768929,0,6.18810367,0,0,0,0,0,0,0,0,0,0,0,0,0,0,0,0,0,0,0,0,0,0,0,0,43.65591435,0,0,0
1637.84,0,0,0,0,0,0,0,0,0,14.69903693,0,2.36961583,0,0,0,0,0,0,0,0,0,0,0,0,0,0,0,0,0,0,0,0,0,0,0,0,0,0,0,0
1639.31,0,0,0,0,0,0,0,0,0,3.396237941,0,10.81764931,0,0,0,0,0,0,0,0,0,0,0,0,0,0,0,0,0,0,0,0,0,0,0,0,0,0,0,0
1640.77,0,0,0,0,0,0,0,0,0,0,0,27.19121462,0,0,0,0,0,0,0,0,0,0,0,0,0,0,0,0,0,0,0,0,0,0,0,0,0,0,0,0
1642.24,0,0,0,0,0,0,0,0,0,0,0,40.80913947,0,0,0,0,0,0,0,0,0,0,0,0,0,0,0,0,0,0,0,0,0,0,0,0,0,0,0,0
1643.7,0,0,0,0,0,0,0,0,0,0,0,51.48614598,0,0,0,0,0,0,0,0,0,0,0,0,0,0,0,0,0,0,0,0,0,0,0,0,0,0,0,0
1645.17,0,0,0,0,0,0,0,0.356142302,0,0,0,59.36849451,0,0,0,0,0,0,0,0,0,0,0,0,0,0,0,0,0,0,0,0,0,0,0,0,0,0,0,0
1646.63,0,0,0,0,0,0,0,4.980009167,0,0,0,64.34894222,0,0,0,0,0,0,0,0,0,0,0,0,0,0,0,0,0,0,0,0,0,0,0,0,0,0,0,0
1648.09,0,0,0,0,0,0,0,8.86739747,0,0,0,66.49083162,0,0,0,0,0,0,0,0,0,0,0,0,0,0,0,0,0,0,0,0,0,0,0,0,0,0,0,0
1649.55,0,0,0,0,0,0,0,12.01830721,0,0,0,65.79416272,0,0,0,0,0,0,0,0,0,0,0,0,0,0,0,0,0,0,0,0,0,0,0,0,0,0,0,0
1651.01,0,0,0,0,0,0,0,14.43273839,0,0,0,62.25893551,0,0,0,0,0,0,0,0,0,0,0,0,0,0,0,0,0,0,0,0,0,0,0,0,0,0,0,0
1652.46,0,0,0,0,0,0,0,16.1017031,0,0,0,55.93846056,0,0,0,0,0,0,0,0,0,0,0,0,0,0,0,0,0,0,0,0,0,0,0,0,0,0,0,0
1653.92,0,0,0,0,0,0,0,17.04822153,0,0,0,46.74555892,0,0,0,0,0,0,0,0,0,0,0,0,0,0,0,0,0,0,0,0,0,0,0,0,0,0,0,0
1655.38,0,0,0,0,0,0,0,17.2582614,0,0,0,34.71409896,0,0,0,0,0,0,0,0,0,0,0,0,0,0,0,0,0,0,0,0,0,0,0,0,0,0,0,0
1656.83,0,0,0,0,0,0,0,16.73793336,0,0,2.221350092,19.95558465,0,0,0,0,0,0,0,0,0,0,0,0,0,0,0,0,0,0,0,0,0,0,0,0,0,0,0,0
1658.29,0,0,0,0,0,0,0,15.48006048,0,0,4.991658571,2.266450254,0,0,0,0,0,0,0,0,0,0,0,0,0,0,0,0,0,0,0,0,0,0,0,0,0,0,0,0
1659.74,0,0,0,0,0,0,0,13.5018739,0,0,7.257882284,0,0,0,0,0,0,0,0,0,0,0,0,0,0,0,0,0,0,0,0,0,0,0,0,0,0,0,0,0
1661.19,0,0,0,0,0,0,0,10.79726294,0,0,9.040662994,0,0,0,0,0,0,0,0,0,0,0,0,0,0,0,0,0,0,0,0,0,0,0,0,0,0,0,0,0
1662.64,0,0,0,0,0,0,0,7.366227628,0,0,10.3400007,0,0,0,0,0,0,0,0,0,0,0,0,0,0,0,0,0,0,0,0,0,0,0,0,0,0,0,0,0
1664.09,0,0.28870466,0,0,0,0,0,3.208767948,0,0,11.1558954,0,0,0,0,0,0,0,0,0,0,0,0,0,0,0,0,0,0,0,0,0,0,0,0,0,0,0,0,0
1665.54,0,0.882687461,0,0,0,0,0,0,0,0,11.48834709,0,0,0,0,0,0,0,0,0,0,0,0,0,0,0,0,0,0,0,0,0,0,0,0,0,0,0,0,0
1666.99,0,1.377053374,0,0,0,0,0,0,0,0,11.33735578,0,0,0,0,0,0,0,0,0,0,0,0,0,0,0,0,0,0,0,0,0,0,0,0,0,0,0,0,0
1668.44,0,1.7718024,0,0,0,0,0,0,0,0,10.70292147,0,0,0,0,0,0,0,0,0,0,0,0,0,0,0,0,0,0,0,0,0,0,0,0,0,0,0,0,0
1669.88,0,2.065240282,0,0,0,0,0,0,0,0,9.594409198,0,0,0,0,0,0,0,0,0,0,0,0,0,0,0,0,0,0,0,0,0,0,0,0,0,0,0,0,0
1671.33,0,2.261442546,0,0,0,0,0,0,0,0,7.996422964,0,0,0,0,0,0,0,0,0,0,0,0,0,0,0,0,0,0,0,0,0,0,0,0,0,0,0,0,0
1672.77,0,2.357702954,0,0,0,0,0,0,0,0,5.931003958,0,0,0,0,0,0,0,0,0,0,0,0,0,0,0,0,0,0,0,0,0,0,0,0,0,0,0,0,0
1674.21,0,2.355715762,0,0,0,0,0,0,0,0,3.388787133,0,0,0,0,0,0,0,0,0,0,0,0,0,0,0,0,0,0,0,0,0,0,0,0,0,0,0,0,0
1675.66,0,2.254441389,0,0,0,0,0,0,0,0,0.347140065,0,0,0,0,0,0,0,0,0,0,0,0,0,0,0,0,0,0,0,0,0,0,0,0,0,0,0,0,0
1677.1,0,2.055276724,0,0,0,0,0,0,0,0,0,0,0,0,0,0,0,0,0,0,0,0,0,0,0,0,0,0,0,0,0,0,0,0,0,0,0,0,0,0
1678.54,0,1.757864458,0,0,0,0,0,0,0,0,0,0,0,0,0,0,0,0,0,0,0,0,0,0,0,0,0,0,0,0,0,0,0,0,0,0,0,0,0,0
1679.97,0,1.365291,0,0,0,0,0,0,0,0,0,0,0,0,0,0,0,0,0,0,0,0,0,0,0,0,0,0,0,0,0,0,0,0,0,0,0,0,0,0
1681.41,0,0.872065811,0.791463686,0,0,0,0,0,0,0,0,0,0,0,0,0,0,0,0,0,0,0,0,0,0,0,0,0,0,0,0,0,0,0,0,0,0,0,0,0
1682.85,0,0.280593022,5.744226756,0,0,0,0,0,0,0,0,0,0,0,0,0,0,0,0,0,0,0,0,0,0,0,0,0,0,0,0,0,0,0,0,0,0,0,0,0
1684.29,0,0,9.910584012,0,0,0,0,0,0,0,0,0,0,0,0,0,0,0,0,0,0,0,0,0,0,0,0,0,0,0,0,0,0,0,0,0,0,0,0,0
1685.72,0,0,13.26977518,0,0,0,0,0,1.276201883,0,0,0,0,0,0,0,0,0,0,0,0,0,0,0,0,0,0,0,0,0,0,0,0,0,0,0,0,0,0,0
1687.15,0,0,15.85344492,0,0,0,0,0,10.81036191,0,0,0,0,0,0,0,0,0.697623789,0,0,0,0,0,0,0,0,0,0,0,0,0,0,0,0,0,0,0,0,0,0
1688.59,0,0,17.67150704,0,0,0,0,0,18.89872815,0,0.096659932,0,0,0,0,0,0,4.356247546,0,0,0,0,0,0,0,0,0,0,0,0,0,0,0,0,0,0,0,0,0,0
1690.02,0,0,18.69871068,0,0,0,0,0,25.42896218,0,0.1809935,0,0,0,0,0,0,7.412024355,0,0,0,0,0,0,0,0,0,0,0,0,0,0,0,0,0,0,0,0,0,0
1691.45,0,0,18.95039288,0,0,0,0,0,30.46246654,0,0.250050815,0,0,0,0,0,0,9.89237331,0,0,0,0,0,0,0,0,0,0,0,0,0,0,0,0,0,0,0,0,0,0
1692.88,0,0,18.42655365,0,0,0,0,0,33.99924121,0,0.303831878,0,0,0,0,0,0,11.79729441,0,0,0,0,0,0,0,0,0,0,0,0,0,0,0,0,0,0,0,0,0,0
1694.31,0,0,17.12719299,0,0,0,0,0,36.0392862,0,0.342336687,0,0,0,0,23.23078805,0,13.12678766,0,0,0,0,0,0,0,0,0,0,0,0,0,0,0,0,0,0,0,0,0,0
1695.74,0,0,15.05231088,0,0,0,0,0,36.58260152,0,0.365565244,0,0,0,0,43.27715387,0,13.88085305,0,0,0,0,0,0,0,0,0,0,0,0,0,0,0,0,0,0,0,0,0,0
1697.16,0,0,12.22453289,0,0,0,0,0,35.64105111,0,0.373514977,0,0,0,0,59.58375358,0,14.06023929,0,0,0,0,0,0,0,0,0,0,0,0,0,0,0,0,0,0,0,0,0,0
1698.59,0,0,8.604031147,0,0,0,0,0,33.20137371,0,0.366297856,0,0,0,0,72.38025761,0,13.66747295,0,0,0,0,0,0,0,0,0,0,0,0,0,0,0,0,0,0,0,0,0,0
1700.01,0,0,4.241442039,0,0,0,0,0,29.29769067,0,0.344014817,0,0,0,0,81.48769387,0,12.70804726,0,0,0,0,0,0,0,0,0,0,0,0,0,0,0,0,0,0,0,0,0,0
1701.44,0,0,0,0,0,0,0,0,23.87502056,0,0.306352017,0,0,0,0,87.03433612,0,11.16844918,0,0,0,0,0,0,0,0,0,0,0,0,0,0,0,0,0,0,0,0,0,0
1702.86,0,0,0,0,0,0,0,0,17.00920489,0,0.253836206,0,0,0,0,88.94260893,0,9.070211554,0,0,0,0,0,0,0,0,0,0,0,0,0,0,0,0,0,0,0,0,0,0
1704.28,0,0,0,0,0,0,0,0,8.667519642,0,0.18625705,0,0,0,0,87.26393012,0,17.61127658,0,0,0,0,0,0,0,0,0,0,0,0,0,0,0,0,0,0,0,0,0,0
1705.7,0,0,0,0,0,0,0,0,0,0,0.103614548,0,0,0,0,81.9982997,0,26.74489579,0,0,0,0,0,0,0,0,0,0,0,0,0,0,0,0,0,0,0,0,0,0
1707.12,0,0,0,0,0,0,0,0,0,0,0.0059087,0,0,0,0,73.14571767,0,33.79218733,0,0,0,0,0,0,0,0,0,0,0,0,0,0,0,0,0,0,0,0,0,0
1708.54,0,0,0,0,0,0,0,0,0,0,0,0,0,0,0,60.70618402,0,41.86312176,0,0,0,0,0,0,0,0,0,0,0,0,0,0,0,0,0,0,0,0,0,0
1709.96,0,0,0,0,0,0,0,0,0,0,0,0,0,0,0,44.67969876,0,47.78618694,0,0,0,0,0,0,0,0,0,0,0,0,0,0,0,0,0,0,0,0,0,0
1711.38,0,0,0,0,0,0,0,0,0,0,0,0,0,0,0,25.06626188,0,51.56138286,0,0,0,0,0,0,0,0,0,0,0,0,0,0,0,0,0,0,0,0,0,0
1712.79,0,0,0,0,0,0,0,0,0,0,0,0,0,0,0,2.041797569,0,53.18475913,0,0,0,0,0,0,0,0,0,0,0,0,0,0,0,0,0,0,0,0,0,0
1714.21,0,0,0,0,0,0,0,0,0,0,0,0,0,0,0,0,0,52.67934238,0,0,0,0,0,0,0,0,0,0,0,0,0,0,0,0,0,0,0,0,0,0
1715.62,0,0,0,0,0,0,0,0,0,0,0,0,0,0,0,0,0,50.05225114,0,0,0,0,0,0,0,0,0,0,0,0,0,0,0,0,0,0,0,0,0,0
1717.04,0,0,0,0,0,0,0,0,0,0,0,0,0,0,0,0,0,45.26622171,0,0,0,0,0,0,0,0,0,0,0,0,0,0,0,0,0,0,0,0,0,0
1718.45,0,0,0,0,0,0,0,0,0,0,0,0,0,0,0,0,0,38.38866296,0,0,0,0,0,0,0,0,0,0,0,0,0,0,0,0,0,0,0,0,0,0
1719.86,0,0,0,0,0,0,0,0,0,0,0,0,0,0,0,0,0,29.39338012,0,0,0,0,0,0,0,0,0,0,0,0,0,0,0,0,0,0,0,0,0,0
1721.27,0,0,0,0,0,0,0,0,0,0,0,0,0,0,0,0,0,18.28037317,0,0,0,0,0,0,0,0,0,0,0,0,0,0,0,0,0,0,0,0,0,0
1722.68,0,0,0,0,0,0,0,0,0,0,0,0,0,0,0,0,0,5.04964213,0,0,0,0,0,0,0,0,0,0,0,0,0,0,0,0,0,0,0,0,0,0
1724.09,0,0,0,0,0,0,0,0,0,0,0,0,0,0,0,0,0,0,0,0,0,0,0,0,0,0,0,0,0,0,0,0,0,0,0,0,0,0,0,0
1725.49,0,0,0,0,0,0,0,0,0,0,0,0,0,0,0,0,0,0,0,0,0,0,0,0,0,0,0,0,0,0,0,0,0,0,0,0,0,0,0,0
1726.9,0,0,0,0,0,0,0,0,0,0,0,0,0,0,0,0,0,0,0,0,0,0,0,0,0,0,0,0,0,0,0,0,0,0,0,0,0,0,0,0
1728.3,0,0,0,0,0,0,0,0,0,0,0,0,0,0,0,0,0,0,0,0,0,0,0,0,0,0,0,0,0,0,0,0,0,0,0,0,0,0,0,0
1729.71,0,0,0,0,0,0,0,0,0,0,0,0,0,0,0,0,0,0,0,0,0,0,0,0,0,0,0,0,0,0,0,0,0,0,0,13.04708856,0,0,0,0
1731.11,0,0,0,0,0,0,0,0,0,0,0,0,0,0,0,0,0,0,0,0,0,0,0,0,0,0,0,0,0,0,0,0,0,0,0,263.5527009,0,0,0,0
1732.51,0,0,0,0,0,0,0,0,0,0,0,0,0,0,0,0,0,0,0,0,0,0,0,0,0,0,0,0,0,0,0,0,0,0,0,476.0718883,0,0,0,0
1733.91,0,0,0,0,0,0,0,0,0,0,0,0,0,0,0,0,0,0,0,0,0,0,0,0,0,0,0,0,0,0,0,0,0,0,0,650.6046507,0,0,0,0
1735.31,0,0,0,0,0,0,0,0,0,0,0,0,0,0,0,0,0,0,0,0,0,0,0,0,0,0,0,0,0,0,0,0,0,0,0,787.150988,0,0,0,0
1736.71,0,0,0,0,0,0,0,0,0,0,0,0,0,0,0,0,0,0,0,0,0,0,0,0,0,0,0,0,0,0,0,0,0,0,0,885.7109003,0,0,0,0
1738.11,0,0,0,0,0,0,0.089109401,0,0,0,0,0,0,0,0,0,0,0,0,0,0,0,0,0,0,0,0,0,0,0,0,0,0,0,0,946.2843876,0,0,0,0
1739.51,0,0,0,0,0,0,0.25475959,0,0,0,0,0,0,0,0,0,0,0,0,0,0,0,0,0,0,0,359.3468045,0,0,0,0,0,0,0,0,968.8714498,0,0,0,0
1740.9,0,0,0,0,0,0,0.392633954,0,0,0,0,0,0,0,0,0,0,0,0,0,0,0,0,0,0,0,823.2465264,0,0,0,0,0,0,0,0,953.7167792,0,0,0,0
1742.3,0,0,0,0,0,0,0.504716297,0,0,0,0,0,0,0,0,0,0,0,0,0,0,0,0,0,0,0,1212.51956,0,0,0,0,0,0,0,0,900.602323,0,0,0,0
1743.69,0,0,0,0,0,0,0.58940544,0,0,0,0,0,0,0,0,0,0,0,0,0,0,0,0,0,0,0,1521.604863,0,0,0,0,0,0,0,0,810.2868592,0,0,0,0
1745.08,0,0,0,0,0,0,0.647597288,0,0,0,0,0,0,0,0,0,0,0,0,0,0,0,0,0,0,0,1753.560401,0,0,0,0,0,0,0,0,682.5256954,0,0,0,0
1746.48,0,0,0,0,0,0,0.679423859,0,0,0,0,0,0,0,0,0,0,0,0,0,0,0,0,0,0,0,1909.220588,0,0,0,0,0,0,0,0,515.9946274,0,0,0,0
1747.87,0,0,0,0,0,0,0.684430487,0,0,0,0,0,0,0,0,0,0,0,0,0,0,0,0,0,0,0,1986.361706,0,0,0,0,0,0,0,0,313.0726703,0,0,0,0
1749.26,0,0,0,0,0,0,0.662939819,0,0,0,0,0,0,0,0,0,0,0,0,0,0,0,0,0,0,0,1986.37306,0,0,0,0,0,0,0,0,72.70501332,0,0,0,0
1750.65,0,0,0,0,0,0,0.614951855,0,0,0,0,0,0,0,0,0,0,0,0,0,0,0,0,0,0,0,1909.25465,0,0,0,0,0,0,0,0,0,0,0,0,0
1752.03,0,0,0,0,0,0,0.541097089,0,0,0,0,0,0,0,0,0,0,0,0,0,0,0,0,0,0,0,1756.391623,0,0,0,0,0,0,0,0,0,0,0,0,0
1753.42,0,0,0,0,0,0,0.440305161,0,0,0,0,0,0,0,0,0,0,0,0,0,0,0,0,0,0,0,1525.568574,0,0,0,0,0,0,0,0,0,0,0,0,0
1754.81,0,0,0,0,0,0,0.313015937,0,0,0,0,0,0,0,0,0,0,0,0,0,0,0,0,0,0,0,1217.615761,0,0,0,0,0,0,0,0,0,0,0,0,0
1756.19,0,0,0,0,0,0,0.160430424,0,0,0,0,0,0,0,0,0,0,0,0,0,0,0,0,0,0,0,835.5790102,0,0,0,0,0,0,0,0,0,0,0,0,0
1757.58,0,0,0,0,0,0,0,0,0,0,0,0,0,0,0,0,0,0,0,0,0,0,0,0,0,0,373.9215581,0,0,0,0,0,0,0,0,0,0,0,0,0
1758.96,0,0,0,0,0,0,0,0,0,0,0,0,0,0,0,0,0,0,0,0,0,0,0,0,0,0,0,0,0,0,0,0,0,0,0,0,0,0,0,0
1760.34,0,0,0,0,0,0,0,0,0,0,0,0,0,0,0,0,0,0,0,0,0,0,0,0,0,0,0,0,0,0,0,0,0,0,0,0,0,0,0,0
1761.72,0,0,0,0,0,0,0,0,0,0,0,0,0,0,0,0,0,0,0,0,0,0,0,0,0,0,0,0,0,0,0,0,0,0,0,0,0,0,0,0
1763.1,0,0,0,0,0,0,0,0,0,0,0,0,0,0,0,0,0,0,0,0,0,0,0,0,0,0,0,0,0,0,0,0,0,0,0,0,0,0,0,0
1764.48,0,0,0,0,0,0,0,0,0,0,0,0,0,0,0,0,0,0,0,0,0,0,0,0,0,0,0,0,0,0,0,0,0,0,0,0,0,0,0,0
1765.86,0,0,0,0,0,0,0,9.380786609,0,0,0,0,0,0,0,0,0,0,0,0,0,0,0,0,0,0,0,0,0,0,0,0,0,0,0,0,0,0,0,0
1767.24,0,0,0,0,0,0,0,23.76122267,0,0,0,0,0,0,0,0,0,0,0,0,0,0,0,0,0,0,0,0,0,0,0,0,0,0,0,0,0,0,0,0
1768.61,0,0,0,0,0,0,0,35.73129054,0,0,0,0,0,0,0,0,0,0,0,0,0,0,0,0,0,0,0,0,0,0,0,0,0,0,0,0,0,0,0,0
1769.99,0,0,0,0,0,0,0,45.46573574,0,0,0,0,0,0,0,0,0,0,0,0,0,0,0,0,0,0,0,0,0,0,0,0,0,0,0,0,0,0,0,0
1771.36,0,0,0,0,0,0,0,52.82347935,0,0,0,0,0,0,0,0,0,0,0,0,0,0,0,0,0,0,0,0,0,0,0,0,0,0,0,0,0,0,0,0
1772.73,0,0,0,0,0,0,0,57.88344689,0,0,0,0,0,0,0,0,0,0,0,0,0,0,0,0,0,0,0,0,0,0,0,0,0,0,0,0,0,0,0,0
1774.11,0,0,0,0,0,0,0,60.65735306,0,0,0,0,0,0,0,0,0,0,0,0,0,0,0,0,0,0,0,0,0,0,0,0,0,0,0,0,0,0,0,0
1775.48,0,0,0,0,0,0,0,61.10499634,0,0,0,0,3.041105659,0,0,0,0,0,0,0,0,0,0,0,0,0,0,0,0,0,0,0,0,0,0,0,0,0,0,0
1776.85,0,0,0,0,0,0,0,59.25486354,0,0,0,0,8.074255498,0,0,0,0,0,0,0,0,0,0,0,0,0,0,0,0,0,0,0,0,0,0,0,0,0,0,0
1778.22,0,0,0,0,0,0,0,55.10695465,0,0,0,0,12.30353573,0,0,0,0,0,0,0,0,0,0,0,0,0,0,0,0,0,0,0,0,0,0,0,0,0,0,0
1779.58,0,0,0,0,0,0,0,48.71664331,0,0,0,0,15.70685577,0,0,0,0,0,0,0,0,0,0,0,0,0,0,0,0,0,0,0,0,0,0,0,0,0,0,0
1780.95,0,0,0,0,0,0,0,39.98995434,0,0,0,0,18.33426445,0,0,0,0,0,0,0,0,0,0,0,0,0,0,0,0,0,0,0,0,0,0,0,0,0,0,0
1782.32,0,0,0,0,0,0,0,28.96548929,0,0,0,0,20.15780353,0,0,0,0,0,0,0,0,0,0,0,0,0,0,0,0,0,0,0,0,0,0,0,0,0,0,0
1783.68,0,0,0,0,0,0,0,15.74881563,0,0,0,0,21.17294256,0,0,0,0,0,0,0,0,0,0,0,0,0,0,0,0,0,0,0,0,0,0,0,0,0,0,0
1785.05,0,0,0,0,0,0,0,0.145570501,0,0,0,0,21.39461008,0,0,0,0,0,0,0,0,0,0,0,0,0,0,0,0,0,0,0,0,0,0,0,0,0,0,0
1786.41,0,0,0,0,0,0,0,0,0,0,0,0,20.81957006,0,0,0,0,0,0,0,0,0,0,0,0,0,0,0,0,0,0,0,0,0,0,0,0,0,0,0
1787.77,0,0,0,0,0,0,0,0,0,0,0,0,19.45235293,0,0,0,0,0,0,0,0,0,0,0,0,0,0,0,0,0,0,0,0,0,0,0,0,0,0,0
1789.13,0,0,0,0,0,0,0,0,0,0,0,0,17.29295868,0,0,0,0,0,0,0,0,0,0,0,0,0,0,0,0,0,0,0,0,0,0,0,0,0,0,0
1790.49,0,0,0,0,0,0,0,0,0,0,0,0,14.34138732,0,0,0,0,0,0,0,0,0,0,0,0,0,0,0,0,0,0,0,0,0,0,0,0,0,0,0
1791.85,0,0,0,0,0,0,0,0,0,0,0,0,10.59763884,0,0,0,0,0,0,0,0,0,0,0,0,0,0,0,0,0,0,0,0,0,0,0,0,0,0,0
1793.21,0,0,0,0,0,0,0,0,0,0,0,0,6.061713249,0,0,0,0,0,0,0,0,0,0,0,0,0,0,0,0,0,0,0,0,0,0,0,0,0,0,0
1794.57,0,0,0,0,0,0,0,0,0,0,0,0,0.733610545,0,0,0,0,0,0,0,0,0,0,0,0,0,0,0,0,0,0,0,0,0,0,0,0,0,0,0
1795.92,0,0,0,0,0,0,0,0,0,0,0,0,0,0,0,0,0,0,0,0,0,0,0,0,0,0,0,0,0,0,0,0,0,0,0,0,0,0,0,0
1797.28,0,0,0,0,0,0,0,0,0,0,0,0,0,0,0,0,0,0,0,0,0,0,0,0,0,0,0,0,0,0,0,0,0,0,0,0,0,0,0,0
1798.63,0,0,0,0,0,0,0,0,0,0,0,0,0,0,0,0,0,0,0,0,0,0,0,0,0,0,0,0,0,0,0,0,0,0,0,0,0,0,0,0
1799.98,0,0,0,0,0,0,0,0,0,0,0,0,0,0,0,0,0,0,0,0,0,0,0,0,0,0,0,0,0,0,0,0,0,0,0,0,0,0,0,0
1801.34,0,0,0,0,0,0,0,0,0,0,0,0,0,0,0,0,0,0,0,0,0,0,0,0,0,0,0,0,0,0,0,0,0,0,0,0,0,0,0,0
1802.69,0,0,0,0,0,0,0,0,0,0,0,0,0,0,0,0,0,0,0,0,0,0,0,0,0,0,0,0,0,0,0,0,0,0,0,0,0,0,0,0
1804.04,0,0,0,0,0,0,10.14110609,0,0,0,0,0,0,0,0,0,0,0,0,0,0,0,0,0,0,0,0,0,0,0,0,0,0,0,0,0,0,0,0,0
1805.39,0,0,0,0,0,0,21.870588,0,0,0,0,0,0,0,0,0,0,0,0,0,0,0,0,0,0,0,0,0,0,0,0,0,0,0,0,0,0,0,0,0
1806.73,0,0,0,0,0,0,31.6273527,0,0,0,0,0,0,0,0,0,0,0,0,0,0,0,0,0,0,0,0,0,0,0,0,0,0,0,0,0,0,0,0,0
1808.08,0,0,0,0,0,0,39.55702354,0,0,0,0,0,0,0,2.492069238,0,0,0,0,0,0,0,0,0,0,0,0,0,0,0,0,0,0,0,0,0,0,0,0,0
1809.43,0,0,0,0,0,0,45.579726,0,0,0,0,0,0,0,9.278521252,0,0,0,0,0,0,0,0,0,0,0,0,0,0,0,0,0,0,0,0,0,0,0,0,0
1810.77,0,0,0,0,0,0,49.67198369,0,0,0,0,0,0,0,14.99382915,0,0,0,0,0,0,0,0,0,0,0,0,0,0,0,0,0,0,0,0,0,0,0,0,0
1812.12,0,0,0,0,0,0,51.89487507,0,0,0,0,0,0,0,19.72329605,0,0,0,0,0,0,0,0,0,0,0,0,0,0,0,0,0,0,0,0,0,0,0,0,0
1813.46,0,0,0,0,0,0,52.21546843,0,0,0,0,0,0,0,23.39685575,0,0,0,0,0,0,0,0,0,0,0,0,0,0,0,0,0,0,0,0,0,0,0,0,0
1814.8,0,0,0,0,0,0,50.65724016,0,0,0,0,0,0,0,26.05333644,0,0,0,0,0,0,0,0,0,0,0,0,0,0,0,0,0,0,0,0,0,0,0,0,0
1816.14,0,0,0,0,0,0,47.22019026,0,0,0,0,0,0,0,27.69273809,0,0,0,0,0,0,0,0,0,0,0,0,0,0,0,0,0,0,0,0,0,0,0,0,0
1817.48,0,0,0,0,0,0,41.90431872,0,0,0,0,0,0,0,28.31506072,0,0,0,0,0,0,0,0,0,0,0,0,0,0,0,0,0,0,0,0,0,0,0,0,0
1818.82,0,0,0,0,0,0,34.70962555,0,0,0,0,0,0,0,27.92030432,0,0,0,0,0,0,0,0,0,0,0,0,0,0,0,0,0,0,0,0,0,0,0,0,0
1820.16,0,0,0,0,0,0,25.63611075,0,0,0,8.354637651,0,0,0,26.5084689,0,0,0,0,0,0,0,0,0,0,0,0,0,0,0,0,0,0,0,0,0,0,0,0,0
1821.5,0,0,0,0,0,0,14.68377431,0,0,0,26.94789165,0,0,0,24.07955445,0,0,0,0,0,0,0,0,0,0,0,0,0,0,0,0,0,0,0,0,0,0,0,0,0
1822.83,0,0,0,0,0,0,1.955329361,0,0,0,42.5983573,0,0,0,20.6630441,0,0,0,0,0,0,0,0,0,0,0,0,0,0,0,0,0,0,0,0,0,0,0,0,0
1824.17,0,0,0,0,0,0,0,0,0,0,55.54137996,0,0,0,16.20756174,0,0,0,0,0,0,0,0,0,0,0,0,0,0,0,0,0,0,0,0,0,0,0,0,0
1825.5,0,0,0,0,0,0,0,0,0,0,65.58378018,0,0,0,10.77960711,0,0,0,0,0,0,0,0,0,0,0,0,0,0,0,0,0,0,0,0,0,0,0,0,0
1826.83,0,0,0,0,0,0,0,0,0,0,72.83264969,0,0,0,4.349697104,0,0,0,0,0,0,0,0,0,0,0,0,0,0,0,0,0,0,0,0,0,0,0,0,0
1828.17,0,0,0,0,0,0,0,0,0,0,77.31090631,0,0,0,0,0,0,0,0,0,0,0,0,0,0,0,0,0,0,0,0,0,0,0,0,0,0,0,0,0
1829.5,0,0,0,0,0,0,0,0,0,0,78.95171038,0,0,0,0,0,0,0,0,0,0,0,0,0,0,0,0,0,0,0,0,0,0,0,0,0,0,0,0,0
1830.83,0,0,0,0,0,0,0,0,0,0,77.79898374,0,0,0,0,0,0,0,0,0,0,0,0,0,0,0,0,0,0,0,0,0,0,0,0,0,0,0,0,0
1832.16,0,0,0,0,0,0,0,0,0,0,73.85272638,0,0,0,0,0,0,0,0,0,0,0,0,0,0,0,0,0,0,0,0,0,0,0,0,0,0,0,0,0
1833.49,0,0,0,0,0,0,0,0,0,0,67.1129383,0,0,0,0,0,0,0,0,0,0,0,0,0,0,0,0,0,0,0,0,0,0,0,0,0,0,0,0,0
1834.81,0,0,0,0,0,0,0,0,0,0,57.66172162,0,0,0,0,0,0,0,0,0,0,0,0,0,0,0,0,0,0,0,0,0,0,0,0,0,0,0,0,0
1836.14,0,0,0,0,0,0,0,0,0,0,45.35587609,0,0,0,0,0,0,0,0,0,0,0,0,0,0,0,0,0,0,0,0,0,0,0,0,0,0,0,0,0
1837.46,0,0,0,0,0,0,0,0,0,0,30.38045202,0,0,0,0,0,0,0,0,0,0,0,0,0,0,0,0,0,0,0,0,0,0,0,0,0,0,0,0,0
1838.79,0,0,0,0,1.096939461,0,0,0,0,0,12.50854904,0,0,0,0,0,0,0,0,0,0,0,0,0,0,0,0,0,0,0,0,0,0,0,0,0,0,0,0,0
1840.11,0,0,0,0,11.81213463,0,0,0,0,0,0,0,0,0,0,0,0,0,0,0,0,0,0,0,0,0,0,0,0,0,0,0,0,0,0,0,0,0,0,0
1841.43,0,0,0,0,20.99238405,0,0,0,0,0,0,0,0,0,0,0,0,0,0,0,0,0,0,0,0,0,0,0,0,0,0,0,0,0,0,0,0,0,0,0
1842.75,0,0,0,0,28.6376877,0,0,0,0,0,0,0,0,0,0,0,0,0,0,0,0,0,0,0,0,0,0,0,0,0,0,0,0,0,0,0,0,0,0,0
1844.07,0,0,0,0,34.7480456,0,0,0,0,0,0,0,0,0,0,0,0,0,0,0,0,0,0,0,0,0,0,0,0,0,0,0,0,0,0,0,0,0,0,0
1845.39,0,0,0,0,39.32345774,0,0,0,0,0,0,0,0,0,0,0,0,0,0,0,0,0,0,0,0,0,0,0,0,0,0,0,0,0,0,0,0,0,0,0
1846.71,0,0,0,0,42.36392412,0,0,0,0,0,0,0,0,0,0,0,0,0,0,0,0,0,0,0,0,0,0,0,0,0,0,0,0,0,0,0,0,0,0,0
1848.03,0,0,0,0,43.86944473,0,0,0,0,0,0,0,0,0,0,0,0,0,0,0,0,0,0,0,0,0,0,0,0,0,0,0,0,0,0,0,0,0,0,0
1849.35,0,0,0,0,43.8400196,0,0,0,0,0,0,0,0,0,0,0,0,0,0,0,0,0,0,0,0,0,0,0,0,0,0,0,0,0,0,0,0,0,0,0
1850.66,0,0,0,0,42.29327013,0,0,0,0,0,0,0,0,0,0,0,0,0,9.579338282,0,0,0,0,0,0,0,0,0,0,0,0,0,0,0,0,0,0,0,0,0
1851.97,0,0,0,0,39.23474357,0,0,0,0,0,0,0,0,0,0,0,0,0,18.61011839,0,0,0,0,0,0,0,0,0,0,0,0,0,0,0,0,0,0,0,0,0
1853.29,0,0,0,0,34.62373791,0,0,0,0,0,0,0,0,0,0,0,0,0,26.24002339,0,0,0,0,0,0,0,0,0,0,0,0,0,0,0,0,0,0,0,0,0
1854.6,0,0,0,0,28.53011687,0,0,0,0,0,0,0,0,0,0,0,0,0,32.35344864,0,0,0,0,0,0,0,0,0,0,0,0,0,0,0,0,0,0,0,0,0
1855.91,0,0,0,0,20.92471873,0,0,0,0,0,0,0,0,0,0,0,0,0,37.01374277,0,0,0,0,0,0,0,0,0,0,0,0,0,0,0,0,0,0,0,0,0
1857.22,0,0,0,0,11.80754349,0,0,0,0,0,0,0,0,0,0,0,0,0,40.22090577,0,0,0,0,0,0,0,0,0,0,0,0,0,0,0,0,0,0,0,0,0
1858.53,0,0,0,0,1.178591157,0,0,0,0,0,0,0,0,0,0,0,0,0,41.97493765,0,0,0,0,0,0,0,0,0,0,0,0,0,0,0,0,0,0,0,0,0
1859.84,0,0,0,0,0,0,0,0,0,0,0,0,0,0,0,0,0,0,42.2758384,0,0,0,0,0,0,0,0,0,0,0,0,0,0,0,0,0,0,0,0,0
1861.15,0,0,0,0,0,0,0,0,0,0,0,0,0,0,0,0,0,0,41.12360803,0,0,0,0,0,0,0,0,0,0,0,0,0,0,0,0,0,0,0,0,0
1862.45,0,0,0,0,0,0,0,0,0,0,0,0,0,0,0,0,0,0,38.54363874,0,0,0,0,0,0,0,0,0,0,0,0,0,0,0,0,0,0,0,0,0
1863.76,0,0,0,0,0,0,0,0,0,0,0,0,0,0,0,0,0,0,34.49623872,0,0,0,0,0,0,0,0,0,0,0,0,0,0,0,0,0,0,0,0,0
1865.06,0,0,0,0,0,0,0,0,0,0,0,0,0,0,0,0,0,0,29.04320032,0,0,0,0,0,0,0,0,0,0,0,0,0,0,0,0,0,0,0,0,0
1866.36,0,0,0,0,0,0,0,0,0,0,0,0,0,0,0,0,0,0,22.15913133,0,0,0,0,0,0,0,0,0,0,0,0,0,0,0,0,0,0,0,0,0
1867.67,0,0,0,0,0,0,0,0,0,0,0,0,0,0,0,0,0,0,13.77452313,0,0,0,0,0,0,0,0,0,0,0,0,0,0,0,0,0,0,0,0,0
1868.97,0,0,0,0,0,0,0,0,0,0,0,0,0,0,0,0,0,0,4.017385024,0,0,0,0,0,0,0,0,0,0,0,0,0,0,0,0,0,0,0,0,0
1870.27,0,0,0,0,0,0,0,0,0,0,0,0,0,0,0,0,0,0,0,0,0,0,0,0,0,0,0,0,0,0,0,0,0,0,0,0,0,0,0,0
1871.57,0,0,0,0,0,0,0,0,0,0,0,0,0,0,0,0,0,0,0,0,0,0,0,0,0,0,0,0,0,0,0,0,0,0,0,0,0,0,0,0
1872.87,0,0,0,0,0,0,0,0,0,0,0,0,0,0,0,0,0,0,0,0,0,0,0,0,0,0,0,0,0,0,0,0,0,0,0,0,0,0,0,0
1874.16,0,0,0,0,0,0,0,0,0,0,0,0,0,0,0,0,0,0,0,0,0,0,0,0,0,0,0,0,0,0,0,0,0,0,0,0,0,0,0,0
1875.46,0,0,0,0,0,0,0,0,0,0,0,0,0,0,0,0,0,0,0,0,0,0,0,0,0,0,0,0,0,0,0,0,0,0,0,0,0,0,0,0
1876.75,0,0,0,0,0,0,0,0,0,0,0,0,0,0,0,0,0,0,0,0,0,0,0,0,0,0,0,0,0,0,0,0,0,0,0,0,0,0,0,0
1878.05,0,0,0,0,0,0,0,0,0,0,0,0,0,0,0,0,0,0,0,0,0,0,0,0,0,0,0,0,0,0,0,0,0,0,0,0,0,0,0,0
1879.34,0,0,0,0,0,0,0,0,0,0,0,0,0,0,0,0,0,0,0,0,0,0,0,0,0,0,0,0,0,0,0,0,0,0,0,0,0,0,0,0
1880.63,0,0,0,0,0,0,0,0,0,19.53753912,0,0,0,0,0,0,0,0,0,0,0,0,0,0,0,0,0,0,0,0,0,0,0,0,0,0,0,0,0,0
1881.93,0,0,0,0,0,0,0,0,0,39.47092326,0,0,0,0,0,0,0,0,0,0,0,0,0,0,0,0,0,0,0,0,0,0,0,0,0,0,0,0,0,0
1883.22,0,0,0,0,0,0,0,0,0,56.14176808,0,0,0,0,0,0,0,0,0,0,0,0,0,0,0,0,0,0,0,0,0,0,0,0,0,0,0,0,0,0
1884.51,0,0,0,0,0,0,0,0,0,69.71541196,0,0,0,0,0,0,0,0,0,0,0,0,0,0,0,0,0,0,0,0,0,0,0,0,0,0,0,0,0,0
1885.79,0,0,0,0,0,0,0,0,0,80.12255375,0,0,0,0,0,0,0,0,0,0,0,0,0,0,0,0,0,0,0,0,0,0,0,0,0,0,0,0,0,0
1887.08,0,0,0,0,0,0,0,0,0,87.52580506,0,0,0,0,0,0,0,0,0,0,0,0,0,0,0,0,0,0,0,0,0,0,0,0,0,0,0,0,0,0
1888.37,0,0,0,0,0,0,0,0,0,91.83185543,0,0,0,0,0,0,0,0,0,0,0,0,0,0,0,0,0,0,0,0,0,0,0,0,0,0,0,0,0,0
1889.65,0,0,0,0,0,0,0,0,0,93.04324554,0,0,0,0,0,0,0,0,0,0,0,0,0,0,0,0,0,0,0,0,0,0,0,0,0,0,0,0,0,0
1890.94,12.25987504,0,0,0,0,0,0,0,0,91.17890334,0,0,0,0,0,0,0,0,0,0,0,0,0,0,0,0,0,0,0,0,0,0,0,0,0,0,0,0,0,0
1892.22,31.02095291,0,0,0,0,0,0,0,0,86.26773337,0,0,0,0,0,0,0,0,0,0,0,0,0,0,0,0,0,0,0,0,0,0,0,0,0,0,0,0,0,0
1893.5,46.9934715,0,0,0,0,0,0,0,0,78.30719496,0,0,0,0,0,0,0,0,0,0,0,0,0,0,0,0,0,0,0,0,0,0,0,0,0,0,0,0,0,0
1894.78,60.1774308,0,0,0,0,0,0,0,0,67.29728812,0,0,0,0,0,0,0,0,0,0,0,0,0,0,0,0,0,0,0,0,0,0,0,0,0,0,0,0,0,0
1896.06,70.57283082,0,0,0,0,0,0,0,0,53.23801284,0,0,0,0,0,0,0,0,0,0,0,0,0,0,0,0,0,0,0,0,0,0,0,0,0,0,0,0,0,0
1897.34,78.17967155,0,0,0,0,0,0,0,0,36.12936911,0,0,0,0,0,0,0,0,0,0,0,0,0,0,0,0,0,0,0,0,0,0,0,0,0,0,0,0,0,0
1898.62,82.997953,0,0,0,0,0,0,0,0,15.97135695,0,0,0,0,0,0,0,0,0,0,0,0,0,0,0,0,0,0,0,0,0,0,0,0,0,0,0,0,0,0
1899.9,85.02767516,0,0,0,0,0,0,0,0,0,0,0,0,0,0,0,0,0,0,0,0,0,0,0,0,0,0,0,0,0,0,0,0,0,0,0,0,0,0,0
1901.18,84.26883804,0,0,0,0,0,0,0,0,0,0,0,0,0,0,0,0,0,0,0,0,0,0,0,0,0,0,0,0,0,0,0,0,0,0,0,0,0,0,0
1902.45,80.75996337,0,0,0,0,0,0,0,0,0,0,0,0,0,0,0,4.279585819,0,0,0,0,0,0,0,0,0,0,0,0,0,0,0,0,0,0,0,0,0,0,0
1903.73,74.4457933,0,0,0,0,0,0,0,0,0,0,0,0,0,0,0,23.31342716,0,0,0,0,0,0,0,0,0,0,0,0,0,0,0,0,0,0,0,0,0,0,0
1905,65.42498672,0,0,0,0,0,0,0,0,0,0,0,0,0,0,0,39.55104106,0,0,0,0,0,0,0,0,0,0,0,0,0,0,0,0,0,0,0,0,0,0,0
1906.27,53.65902189,0,0,0,0,0,0,0,0,0,0,0,0,0,0,0,53.15151185,0,0,0,0,0,0,0,0,0,0,0,0,0,0,0,0,0,0,0,0,0,0,0
1907.54,39.14789882,0,0,0,0,0,0,0,0,0,0,0,0,0,0,0,64.11483955,0,0,0,0,0,0,0,0,0,0,0,0,0,0,0,0,0,0,0,0,0,0,0
1908.81,21.89161751,0,0,0,0,0,0,0,0,0,0,0,0,0,0,0,72.44102413,0,0,0,0,0,0,0,0,0,0,0,0,0,0,0,0,0,0,0,0,0,0,0
1910.08,1.890177942,0,0,0,0,0,0,0,0,0,0,0,0,0,0,0,78.13006562,0,0,0,0,0,0,0,0,0,0,0,0,0,0,0,0,0,0,0,0,0,0,0
1911.35,0,0,0,0,0,0,0,0,0,0,0,0,0,0,0,0,81.18196399,0,0,0,0,0,0,0,0,0,0,0,0,0,0,0,0,0,0,0,0,0,0,0
1912.62,0,0,0,0,0,0,0,0,0,0,0,0,0,0,0,0,81.59671927,0,0,0,0,0,0,0,0,0,0,0,0,0,0,0,0,0,0,0,0,0,0,0
1913.88,0,0,0,0,0,0,0,0,0,0,0,0,0,0,0,0,79.40213126,0,0,0,0,0,0,0,0,0,0,0,0,0,0,0,0,0,0,0,0,0,0,0
1915.15,0,0,0,0,0,0,0,0,0,0,0,0,0,0,0,0,74.56336523,0,0,0,0,0,0,0,0,0,0,0,0,0,0,0,0,0,0,0,0,0,0,0
1916.41,0,0,0,0,0,0,0,0,0,0,0,0,0,0,0,0,67.15662223,0,0,0,0,0,0,0,0,0,0,0,0,0,0,0,0,0,0,0,0,0,0,0
1917.68,0,0,0,4.46418015,0,0,0,0,0,0,0,0,0,0,0,0,57.0643349,0,0,0,0,0,0,0,0,0,0,0,0,0,0,0,0,0,0,0,0,0,0,0
1918.94,0,0,0,18.79588817,0,0,0,0,0,0,0,0,0,0,0,0,44.44543691,0,0,0,0,0,0,0,0,0,0,0,0,0,0,0,0,0,0,0,0,0,0,0
1920.2,0,0,0,31.12336139,0,0,0,0,0,0,0,0,0,0,0,0,29.23076212,0,0,0,0,0,0,0,0,0,0,0,0,0,0,0,0,0,0,0,0,0,0,0
1921.46,0,0,0,41.4465998,0,0,0,0,0,0,0,0,0,0,0,0,11.42031053,0,0,0,0,0,0,0,0,0,0,0,0,0,0,0,0,0,0,0,0,0,0,0
1922.72,0,0,0,49.76560341,0,0,0,0,0,0,0,0,0,0,0,0,0,0,0,0,0,0,0,0,0,0,0,0,0,0,0,0,0,0,0,0,0,0,0,0
1923.98,0,0,0,56.08037222,0,0,0,0,0,0,0,0,0,0,0,0,0,0,0,0,0,0,0,0,0,0,0,0,0,0,0,0,0,0,0,0,0,0,0,0
1925.24,0,0,0,60.39090622,0,0,0,0,0,0,0,0,0,0,0,0,0,0,0,0,0,0,0,0,0,0,0,0,0,0,0,0,0,0,0,0,0,0,0,0
1926.49,0,0,0,62.68679164,0,0,0,0,0,1.436221503,0,0,0,0,0,0,0,0,0,0,0,0,0,0,0,0,0,0,0,0,0,0,0,0,0,0,0,0,0,0
1927.75,0,0,0,63.00476266,0,0,0,0,0,5.906985664,0,0,0,0,0,0,0,0,0,0,0,0,0,0,0,0,0,0,0,0,0,0,0,0,0,0,0,0,0,0
1929,0,0,0,61.33977211,0,0,0,0,0,9.723714094,0,0,0,0,0,0,0,0,0,0,0,0,0,0,0,0,0,0,0,0,0,0,0,0,0,0,0,0,0,0
1930.26,0,0,0,57.66518015,0,0,0,0,0,12.94747445,0,0,0,0,0,0,0,0,0,0,0,0,0,0,0,0,0,0,0,0,0,0,0,0,0,0,0,0,0,0
1931.51,0,0,0,52.03931362,0,0,0,0,0,15.52709592,0,0,0,0,0,0,0,0,0,0,0,0,0,0,0,0,0,0,0,0,0,0,0,0,0,0,0,0,0,0
1932.76,0,0,0,44.4408993,0,0,0,0,0,17.49062828,0,0,0,0,0,0,0,0,0,0,0,0,0,0,0,0,0,0,0,0,0,0,0,0,0,0,0,0,0,0
1934.01,0,0,0,34.86993718,0,0,0,0,0,18.83807152,0,0,0,0,0,0,0,0,1.957505669,0,0,0,0,0,0,0,0,0,0,0,0,0,0,0,0,0,0,0,0,0
1935.26,0,0,0,23.32642727,0,0,0,0,0,19.56942564,0,0,0,0,0,0,0,0,24.775342,0,0,0,0,0,0,0,0,0,0,0,0,0,0,0,0,0,0,0,0,0
1936.51,0,0,0,9.810369556,0,0,0,0,0,19.68469064,0,0,0,0,0,0,0,0,44.51801118,0,0,0,0,0,0,0,0,0,0,0,0,0,0,0,0,0,0,0,0,0
1937.76,0,0,0,0,0,0,0,0,0,19.18386652,0,0,0,0,0,0,0,0,61.18551321,0,0,0,0,0,0,0,0,0,0,0,0,0,0,0,0,0,0,0,0,0
1939,0,0,0,0,0,0,0,0,0,18.07833323,0,0,0,0,0,0,0,0,74.68131167,0,0,0,0,0,0,0,0,0,0,0,0,0,0,0,0,0,0,0,0,0
1940.25,0,0,0,0,0,0,0,0,0,16.35025958,0,0,0,0,0,0,0,0,85.22308073,0,0,0,0,0,0,0,0,0,0,0,0,0,0,0,0,0,0,0,0,0
1941.49,0,0,0,0,0,0,0,0,0,14.02729476,0,0,0,0,0,0,0,0,92.64215208,0,0,0,0,0,0,0,0,0,0,0,0,0,0,0,0,0,0,0,0,0
1942.74,0,0,0,0,0,0,0,0,0,11.07197158,0,0,0,0,0,0,0,0,97.05818817,0,0,0,0,0,0,0,0,0,0,0,0,0,0,0,0,0,0,0,0,0
1943.98,0,0,0,0,0,0,0,0,0,7.531575232,0,0,0,0,0,0,0,0,98.40053242,0,0,0,0,0,0,0,0,0,0,0,0,0,0,0,0,0,0,0,0,0
1945.22,0,0,0,0,0,0,0,0,0,3.384907756,0,0,0,0,0,0,0,0,96.71671538,0,0,0,0,0,0,0,0,0,0,0,0,0,0,0,0,0,0,0,0,0
1946.46,0,0,0,0,0,0,0,0,0,0,0,0,0,0,0,0,0,0,92.00673705,0,0,0,0,0,0,0,0,0,0,0,0,0,0,0,0,0,0,0,0,0
1947.7,0,0,0,0,0,0,0,0,0,0,0,0,0,0,0,0,0,0,84.27059742,0,0,0,0,0,0,0,0,0,0,0,0,0,0,0,0,0,0,0,0,0
1948.94,0,0,0,0,0,0,0,0,0,0,0,0,0,0,0,0,0,0,73.50829651,0,0,0,0,0,0,0,0,0,0,0,0,0,0,0,0,0,0,0,0,0
1950.18,0,0,0,0,0,0,0,0,0,0,0,0,0,0,0,0,0,0,59.71983432,0,0,0,0,0,0,0,0,0,0,0,0,0,0,0,0,0,0,0,0,0
1951.41,0,0,0,0,0,0,0,0,0,0,0,0,0,0,0,0,0,0,43.05291649,0,0,0,0,0,0,0,0,0,0,0,0,0,0,0,0,0,0,0,0,0
1952.65,0,0,0,0,0,0,0,0,0,0,0,0,0,0,0,0,0,0,23.23653623,0,0,0,0,0,0,0,0,0,0,0,0,0,0,0,0,0,0,0,0,0
1953.88,0,0,0,0,0,0,0,0,0,0,0,0,0,0,0,0,0,0,0.590312596,0,0,0,0,0,0,0,0,0,0,0,0,0,0,0,0,0,0,0,0,0
1955.12,0,0,0,0,0,0,0,0,0,0,0,0,0,0,0,0,0,0,0,0,0,0,0,0,0,0,0,0,0,0,0,0,0,0,0,0,0,0,0,0
1956.35,0,0,0,0,0,0,0,0,0,0,0,0,0,0,0,0,0,0,0,0,0,0,0,0,0,0,0,0,0,0,0,0,0,0,0,0,0,0,0,0
1957.58,0,0,0,0,0,0,0,0,0,0,0,0,0,0,0,0,0,0,0,0,0,0,0,0,0,0,0,0,0,0,0,0,0,0,0,0,0,0,0,0
1958.81,0,0,0,0,0,0,0,0,0,0,0,0,0,0,0,0,0,0,0,0,0,0,0,0,0,0,0,0,0,0,0,0,0,0,0,0,0,0,0,0
1960.04,0,0,0,0,0,0,0,0,0,0,0,0,0,0,0,0,0,0,0,0,0,0,0,0,0,0,0,0,0,0,0,0,0,0,0,0,0,0,0,0
1961.27,0,0,0,0,0,0,0,0,0,0,0,0,0,0,0,0,0,0,0,0,0,0,0,0,0,0,0,0,0,0,0,0,0,0,0,0,0,0,0,0
1962.5,0,0,0,0,0,0,0,0,0,0,0,0,0,0,0,0,0,0,0,0,0,0,0,0,0,0,0,382.2207591,0,0,0,0,0,0,0,0,0,0,0,0
1963.72,0,0,0,0,0,0,0,0,0,0,0,0,0,0,0,0,0,0,0,0,0,0,0,0,0,0,0,721.8238783,0,0,0,0,0,0,0,0,0,0,0,0
1964.95,0,0,0,0,0,0,0,0,0,0,0,0,0,0,0,0,0,0,0,0,0,0,0,0,0,0,0,1013.020009,0,0,0,0,0,0,0,0,0,0,0,0
1966.18,0,0,0,0,0,0,0,0,0,0,0,0,0,0,0,0,0,0,0,0,0,0,0,0,0,0,0,1252.816578,0,0,0,0,0,0,0,0,0,0,0,0
1967.4,0,0,0,0,0,0,0,0,0,0,0,0,0,0,0,0,0,0,0,0,0,0,0,0,0,0,0,1439.889145,0,0,0,0,0,0,0,0,0,0,0,0
1968.62,0,0,0,0,0,0,0,0,0,0,0,0,0,0,0,0,0,0,0,0,0,0,0,0,0,0,0,1576.394518,0,0,0,0,0,0,0,0,0,0,0,0
1969.84,0,0,0,0,0,0,0,0,0,0,0,0,0,0,0,0,0,0,0,0,0,0,0,0,0,0,0,1662.332697,0,0,0,0,0,0,0,0,0,0,0,0
1971.06,0,0,0,0,0,0,0,0,0,0,0,0,0,0,0,0,0,0,0,0,0,0,0,0,0,0,0,1697.703682,0,0,0,0,0,0,0,0,0,0,0,0
1972.28,0,0,0,0,0,0,0,0,0,0,0,0,0,0,0,0,0,0,0,0,0,0,0,0,0,0,0,1682.507473,0,0,0,0,0,0,0,0,0,0,0,0
1973.5,0,0,0,0,0,0,0,0,0,0,0,0,0,0,0,0,0,0,0,0,0,0,0,0,0,0,0,1616.74407,0,0,0,0,0,0,0,0,0,0,0,0
1974.72,0,0,0,0,0,0,0,0,0,0,0,0,0,0,8.4697809,0,0,0,0,0,0,0,0,0,0,0,0,1500.413473,0,0,0,0,0,0,0,0,0,0,0,0
1975.94,0,0,0,0,0,0,0,0,0,0,0,0,0,0,17.78494593,0,0,0,0,0,0,0,0,0,0,0,0,1333.515682,0,0,0,0,0,0,0,0,0,0,0,0
1977.15,0,0,0,0,0,0,0,0,0,0,0,0,0,0,25.68887311,0,0,0,0,0,0,0,0,0,0,0,0,1118.03874,0,0,0,0,0,0,0,0,0,0,0,0
1978.37,0,0,0,0,0,0,0,0,0,0,0,0,0,0,32.31220587,0,0,0,0,0,0,0,0,0,0,0,0,850.4210465,0,0,0,0,0,0,0,0,0,0,0,0
1979.58,0,0,0,0,0,0,0,0,0,0,0,0,0,0,37.54636497,0,0,0,0,0,0,0,0,0,0,0,0,535.0497754,0,0,0,0,0,0,0,0,0,0,0,0
1980.79,0,0,0,0,0,0,0,0,0,0,0,0,0,0,41.45113338,0,0,0,0,0,0,0,0,0,0,0,0,169.9368833,0,0,0,0,0,0,0,0,0,0,0,0
1982.01,0,0,0,0,0,0,0,0,0,0,0,0,0,0,44.04225646,0,0,0,0,0,0,0,0,0,0,0,0,0,0,0,0,0,0,0,0,0,0,0,0,0
1983.22,0,0,0,0,0,0,0,0,0,0,0,0,0,0,45.27725679,0,0,0,0,0,0,0,0,0,0,0,0,0,0,0,0,0,0,0,0,0,0,0,0,0
1984.43,0,0,0,0,0,0,0,0,0,0,0,0,0,0,45.18286643,0,0,0,0,0,0,0,0,0,0,0,0,0,0,0,0,0,0,0,0,0,0,0,0,0
1985.63,0,0,0,0,0,0,0,0,0,0,0,0,0,0,43.77630012,0,0,0,0,0,0,0,0,0,0,0,0,0,0,0,0,0,0,0,0,0,0,0,0,0
1986.84,0,0,0,0,0,0,0,0,0,0,0,0,0,0,41.03411508,0,0,0,0,0,0,0,0,0,0,0,0,0,0,0,0,0,0,0,0,0,0,0,0,0
1988.05,0,0,0,0,0,0,0,0,0,0,0,0,0,0,36.96253935,0,0,0,0,0,0,0,0,0,0,0,0,0,0,0,0,0,0,0,0,0,0,0,0,0
1989.25,0,0,0,0,0,0,0,0,0,0,0,0,0,0,31.61165697,0,0,0,0,0,0,0,0,0,0,0,0,0,0,0,0,0,0,0,0,0,0,0,0,0
1990.46,0,0,0,0,0,0,0,0,0,0,0,0,0,0,24.89228656,0,0,0,0,0,0,0,0,0,0,0,0,0,0,0,0,0,0,0,0,0,0,0,0,0
1991.66,0,0,0,0,0,0,0,0,0,0,0,0,0,0,16.9154921,0,0,0,0,0,0,0,0,0,0,0,0,0,0,0,0,0,0,0,0,0,0,0,0,0
1992.87,0,0,0,0,0,0,0,0,0,0,0,0,0,0,7.548327007,0,0,0,0,0,0,0,0,0,0,0,0,0,0,0,0,0,0,0,0,0,0,0,0,0
1994.07,0,0,0,0,0,0,0,0,0,0,0,0,0,0,0,0,0,0,0,0,0,0,0,0,0,0,0,0,0,0,0,0,0,0,0,0,0,0,0,0
1995.27,0,0,0,0,0,0,0,0,0,0,0,0,0,0,0,0,0,0,0,0,0,0,0,0,0,0,0,0,0,0,0,0,0,0,0,0,0,0,0,0
1996.47,0,0,0,0,0,0,0,0,0,0,0,0,0,0,0,0,0,0,0,0,0,0,0,0,0,0,0,0,0,0,0,0,0,0,0,0,0,0,0,0
1997.67,0,0,0,0,0,0,0,0,0,0,0,0,0,0,0,0,0,0,0,0,0,0,0,0,0,0,0,0,0,0,0,0,0,0,0,0,0,0,0,0
1998.86,0,0,0,0,0,0,0,0,0,0,0,0,0,0,0,0,0,0,0,0,0,0,0,0,0,0,0,0,0,0,0,0,0,0,0,0,0,0,0,0
2000.06,0,0,0,0,0,0,0,0,0,0,0,0,0,0,0,0,0,0,0,0,0,0,0,0,0,0,0,0,0,0,0,0,0,0,0,0,0,0,0,0
2001.26,0,0,0,0,0,0,0,0,0,0,0,0,0,0,0,0,0,0,0,0,0,0,0,0,0,0,0,0,0,0,0,0,0,0,0,0,0,0,0,0
2002.45,0,0,0,0,0,0,0,0,0,0,0,0,0,0,0,0,0,0,0,0,0,0,0,0,0,0,0,0,0,0,0,0,0,0,0,0,0,0,0,0
2003.65,0,0,0,0,0,0,0,0,0,0,0,0,0,0,0,0,0,0,0,0,0,0,0,0,0,0,0,0,0,0,0,0,0,0,0,0,0,0,0,0
2004.84,0,0,0,0,0,0,0,0,0,0,0,0,0,0,0,0,0,0,0,0,0,0,0,0,0,0,0,0,0,0,0,0,0,0,0,0,0,0,0,0
2006.03,0,0,0,0,0,0,0,0,0,0,0,0,0,0,0,0,0,0,0,0,0,0,0,0,0,0,0,0,0,0,0,0,0,0,0,0,0,0,0,0
2007.22,0,0,0,0,0,0,0,0,0,0,0,0,0,0,0,0,0,0,0,0,0,0,0,0,0,0,0,0,0,0,0,0,0,0,0,0,0,0,0,0
2008.41,0,0,0,0,0,0,0,0,0,0,0,0,0,0,0,0,0,0,0,0,0,0,0,0,0,0,0,0,0,0,0,0,0,0,0,0,0,0,0,0
