wavenumber,PS_PLA 1ppm-1,PS_PLA 1ppm-2,PS_PLA 1ppm-3,PS_PLA 5ppm-1,PS_PLA 5ppm-2,PS_PLA 5ppm-3,PS_PLA 10ppm-1,PS_PLA 10ppm-2,PS_PLA 10ppm-3,PS_PLA 50ppm-1,PS_PLA 50ppm-2,PS_PLA 50ppm-3,PS_PLA 100ppm-1,PS_PLA 100ppm-2,PS_PLA 100ppm-3,PS_PLA 200ppm-1,PS_PLA 200ppm-2,PS_PLA 200ppm-3
498.72,0,0,0,0,0,0,0,0,0,0,0,0,0,0,0,0,0,0
500.83,0,0,0,0,0,0,0,0,0,0,0,0,0,0,0,8.2,0,4.39
502.93,0,0,0,0,0,0,0,0,0,0,0,0,0,0,0,8.2,0,4.39
505.04,0,0,0,0,0,0,0,0,0,0,0,0,0,0,0,8.2,0,4.39
507.15,0,0,0,0,0,0,0,0,0,0,0,0,0,0,0,0,0,0
509.25,0,0,0,0,0,0,0,0,0,0,0,0,0,0,0,0,0,0
511.36,0,0,0,0,0,0,0,0,0,0,0,0,0,0,0,0,0,0
513.46,0,0,0,0,0,0,0,0,0,0,0,0,0,0,0,0,0,0
515.56,0,0,0,0,0,0,0,0,0,0,0,0,0,0,0,0,0,0
517.66,0,0,0,0,0,0,0,0,0,0,0,0,0,0,0,0,0,0
519.76,0,0,0,0,0,0,0,0,0,0,0,0,0,0,0,0,0,0
521.86,0,0,0,0,0,0,0,0,0,0,0,0,0,0,0,0,0,0
523.96,0,0,0,0,0,0,0,0,0,0,0,0,0,0,0,0,0,0
526.06,0,0,0,0,0,0,0,0,0,0,0,0,0,0,0,0,0,0
528.16,0,0,0,0,0,0,0,0,0,0,0,0,0,0,0,0,0,0
530.25,0,0,0,0,0,0,0,0,0,0,0,0,0,0,0,0,0,0
532.35,0,0,0,0,0,0,0,0,0,0,0,0,0,0,0,0,0,0
534.44,0,0,0,0,0,0,0,0,0,0,0,0,0,0,0,0,0,0
536.53,0,0,0,0,0,0,0,0,0,0,0,0,0,0,0,0,0,0
538.62,0,0,0,0,0,0,0,0,0,0,0,0,0,0,0,0,0,0
540.71,0,0,0,0,0,0,0,0,0,0,0,0,0,0,0,0,0,0
542.8,0,0,0,0,0,0,0,0,0,0,0,0,0,0,0,0,0,0
544.89,0.26,23.88,0,0,0,0,52.29,63.26,68.32,55.62,63.28,76.57,0,0,0,126.97,134.38,100.06
546.98,0.26,23.88,0,0,0,0,189.25,192.26,200.91,214.2,211.89,214.13,68.88,67.72,48,323.38,346.9,294.73
549.06,18.57,23.88,0,12.05,0,0,307.28,302.4,337.15,389.42,363.19,354.38,142.16,138.89,70.48,524.3,574.3,517.06
551.15,18.31,0,0,12.05,13.65,0.27,369.49,354.82,371.13,475.4,441.6,433.79,191.2,186.89,121.48,594.48,653.26,632.06
553.23,18.31,1.27,0,16.59,13.65,0.27,338.78,308.98,326.19,437.72,391.37,442.88,122.31,133.26,80.24,585.42,593.63,611.13
555.32,0,1.27,8.33,4.54,13.65,0.27,265.81,241.54,227.99,333.72,282.49,346.65,49.04,62.09,57.76,511.76,475.74,475.95
557.4,0,1.27,8.33,4.54,0,0,151.31,125.86,125.69,207.75,151.62,223.44,0,14.09,6.77,394.52,332.28,328.52
559.48,0,0,8.33,0,0,0,45.06,42.71,38.05,86.85,53.25,76.79,0,0,0,260.26,217.46,191.06
561.56,0,0,0,0,0,0,1.56,0,0,22.49,11.65,47.85,0,0,0,209.41,170.72,143.35
563.64,0,0,0,0,0,0,2.41,17.41,0,39.48,33.75,58.59,0,0,0,221.32,208.07,166.07
565.72,0,0,0,0,0,0,4.73,24.02,0,75.33,52.29,87.37,0,0,0,229.65,244.52,222.87
567.8,0,0,0,0,0,0,3.17,24.02,0,68.47,51.47,72.3,0,0,0,184.4,181.74,183.43
569.87,0,0,0,0,0,0,2.32,6.61,0,35.85,18.54,28.78,0,0,0,92.58,74.51,93.08
571.95,0,0,0,0,0,0,0,0,0,0,0,0,0,0,0,31.17,0,0
574.02,0,0,0,0,0,0,0,0,0,0,0,0,0,0,0,0,0,0
576.09,0,0,0,0,0,0,0,0,0,0,0,0,0,0,0,0,0,0
578.17,0,0,0,0,0,0,0,0,0,0,0,0,0,0,0,0,0,0
580.24,0,0,0,0,0,0,0,0,0,0,0,0,0,0,0,0,0,0
582.31,0,0,0,0,0,0,0,0,0,0,0,0,0,0,0,0,0,0
584.38,0,0,0,0,0,0,0,0,0,0,0,0,0,0,0,0,0,0
586.45,0,0,0,0,0,0,0,0,0,0,0,0,0,0,0,0,0,0
588.51,0,0,0,0,0,0,0,0,0,0,0,0,0,0,0,0,0,0
590.58,0,0,0,0,0,0,0,0,0,0,0,0,0,0,0,0,0,0
592.64,0,0,0,0,0,0,0,0,0,0,0,0,0,0,0,0,0,0
594.71,0,0,0,0,0,0,0,0,0,0,0,0,0,0,0,0,0,0
596.77,0,0,0,0,0,0,0,0,0,0,0,0,0,0,0,5.8,19.21,22.16
598.83,0,0,0,0,0,0,0,0,0,0,0,0,0,0,0,29.78,55.3,77.64
600.89,0,0,0,0,0,0,0,0,0,0,0,13.61,0,0,0,29.78,85.24,127.09
602.95,0,0,0,0,0,0,0,0,0,0,0,13.61,0,0,0,23.98,66.04,142.63
605.01,0,0,0,0,0,0,0,0,0,0,0,13.61,0,0,0,0,29.94,87.15
607.07,0,0,0,0,0,0,0,0,0,0,0,0,0,0,0,33.99,46.29,116.48
609.13,0,0,0,0.56,0,0,4.05,27.08,0.44,48.86,75.11,53.75,0,2.21,6.34,187.88,198.52,236.93
611.18,0,0,0,6.62,0,5.76,17.03,116.14,65.43,148.11,183.97,148.9,39.56,51.35,50.67,381.84,425.21,446.98
613.24,0,0,0,14.03,2.29,6.11,58.46,201.03,126.16,261.59,272.07,245.94,103.83,104.92,94.83,548.75,620.26,568.68
615.29,0,0,0,25.13,2.29,19.25,100.82,229.51,177.38,338.6,323.82,268.63,183.34,151.23,142.64,634.56,698.88,661.61
617.35,0,0,0,19.08,9.88,15.08,118.52,160,140.61,360.59,280.21,264.29,183.46,134.83,146.74,674.39,721.18,676.55
619.4,0,0,0,11.66,9.77,16.21,80.45,75.12,93.41,304.12,233.8,230.49,142.75,153.92,122.68,672.46,699.06,690.07
621.45,0,0,0,0,9.77,3.07,34.04,19.55,41.75,228.51,149.25,187.55,72.56,105.41,88.46,578.1,618.51,614.82
623.5,0,0,0,0,2.18,1.48,3.36,0,13.53,107.27,84.01,96.74,32.88,72.68,40.03,378.54,400.09,434.37
625.55,0,0,0,0,0,0,0,0,0,50.27,42.32,33.51,9.31,0,19.94,179.57,201.92,226.5
627.6,0,0,0,0,0,0,0,0,0,8.73,0,0,0,0,0,43.05,67.21,51.42
629.64,0,0,0,18.71,2.93,4.43,0,7.08,0,8.73,0.3,10.4,0,0.62,0,74.23,84.53,63.03
631.69,0,0,0,20.47,7.84,20.8,0,14.48,0,72.19,9.57,33.42,35.01,5.33,24.49,163.41,117.54,123
633.73,0,0,0,59.93,55.36,54.77,43.82,61.49,41.05,101.85,74.45,81.68,103.35,54.41,46.76,273.19,214.46,224.21
635.78,0,0,0,42.37,92.24,85.23,75.53,129.67,93.95,164.44,141.59,114.75,200.97,136.19,145.4,312.77,265.53,263.9
637.82,31.85,26.96,25.12,142.34,179.31,186.56,234.98,237.98,206.21,255.64,298.17,201.6,329.04,307.05,256.12,447.17,446.73,384.72
639.86,76.68,67.8,42.78,207.17,242.57,245.75,341.98,333.76,320.78,364.27,428.2,315.22,458.19,450.32,456.58,567.37,544.41,482.68
641.9,155.81,115.2,66.63,330.19,315.7,329.14,489.12,449.67,433.82,497.69,541.67,453.95,544.1,616.01,601.13,683.38,650.57,613.45
643.94,160.59,104.39,86.08,347.74,314.03,294.4,451.06,488.05,479.33,500.22,544.58,459.45,583.75,663.79,684.1,626.86,612.21,594.36
645.98,137.34,68.56,123.18,307.93,224.99,274.96,381.58,422.35,393.1,457.3,439.72,373.51,495.27,560.43,613.94,479.28,445.76,458.53
648.02,70.84,68.82,99.34,184.54,112.06,159.95,202.74,231.17,227.16,261.29,280.2,191.31,311.75,356.71,392.75,258.27,240.65,231.92
650.06,62.99,79.71,77.16,65.26,42.09,77,81.35,77.09,69.38,104.11,111.43,75.95,109.01,133.37,174.57,91.21,43.76,64.1
652.09,57.77,92.91,22.41,0.78,20.33,3.27,0,0,0,0,21.39,0,0,44.38,22.01,0,0,0
654.13,62.08,45.26,22.41,20.21,20.33,15.08,0,0,0,0,0,0,0,0,0,0,0,0
656.16,69.81,31.08,27.16,61.91,46.62,75.57,0,0,0,2.86,0,0,31.1,37.93,28.17,0,0,0
658.2,53.45,15.65,41.56,112.21,83.78,108.89,6.35,0.95,0,2.86,0,0,49.34,87.03,53.58,0,0,0
660.23,36.51,41.91,83.41,99.79,117.67,93.81,6.35,0.95,0,4.58,0,0,67.89,109.82,62.08,0,0,0
662.26,25.84,29.66,72.43,127.23,102.91,109.66,43.47,24.06,38.94,24.31,30.33,5.68,106.52,159.89,89.69,0,0,0
664.29,68.67,54.39,65.77,130.98,119.12,157.48,126.74,127.77,112.37,75.98,108.74,59.41,198.7,262.17,173.51,30.6,17.92,31.38
666.32,123.14,71.21,73.87,250.83,171.76,240.12,257.19,270.61,220.26,172.64,205.88,157.51,323.21,423.45,328.66,70.22,108.25,94.59
668.34,124.96,81.79,87.06,257.76,209.16,229.13,303.21,281.39,223.22,212,207.62,195.82,350.38,444.38,404.13,70.22,132.2,119.49
670.37,82.88,57.47,90.67,212.12,159.65,189.57,213.58,176.74,149.8,160.33,129.2,142.08,240.88,293,294.9,39.63,114.28,88.11
672.4,43.67,18.01,53.5,88.01,88.35,139.88,83.14,33.89,49.63,61.95,32.06,43.99,102.49,119.38,131.25,0,23.95,24.91
674.42,20.33,48.76,77.86,73.78,101.58,171.73,30.18,60.69,40.95,20.27,14.43,12.26,59.55,87.54,93.62,0,0,0
676.45,33.64,73.16,98.21,119.85,165.13,192.57,96.51,124.57,101.31,68.56,52.88,61.52,163.17,185.24,149.59,3.92,5.21,0
678.47,18.61,94.55,89.21,179.58,196.67,229.06,122.42,140.39,120.84,69.61,83.46,74.86,218.35,240.18,198.64,3.92,5.21,0
680.49,14.28,54.14,42.09,118.85,147.07,160.75,92.25,79.7,87.62,49.34,69.03,62.6,195.99,195.57,105.02,3.92,5.21,0
682.51,42.88,39.5,31.07,142.54,137.58,149.88,87.37,53.23,71.36,24.01,56.41,18.22,170.63,197.97,120.3,0,0,0
684.53,105.91,65.63,73.48,195.33,204.51,220.44,172.54,132.16,140.16,133.05,124.83,92.87,261.61,303.37,263.59,86.91,108.73,76.31
686.55,148.09,147.41,102.21,285.1,257.43,312.31,258.23,246.2,264.15,219.93,194.62,184.62,391.83,432.35,417.66,149.99,178.35,166.58
688.57,154.88,134.46,132.71,271.63,298.45,323.96,232.73,274.12,305.62,247.27,191.66,204.24,431.4,429.33,428.53,180.57,199.17,177.79
690.58,147.21,119.22,159.09,249.04,318.34,289.48,207.72,275.86,298.58,214.76,141.53,204.67,435.09,336.78,412.52,142.6,131.02,114.86
692.6,138.64,58.41,166.91,240.54,307,262.1,155.44,209.66,247.6,149.63,88.78,121.48,372.13,291.57,357.53,79.51,61.4,24.59
694.61,123.73,58.41,130.39,224.37,246.32,244.37,119.49,144.33,169.9,99.33,65.89,96.99,286.41,225.94,291.11,48.94,40.57,13.37
696.63,94.81,49.26,64.52,173.85,141.28,183.64,33.41,57.68,80.88,21.74,17.03,17.33,149.61,214.54,193.59,0,0,0
698.64,104.66,80.54,48.77,216.42,161.02,170.34,75.41,99.43,84.53,98.86,76.52,76.38,188.15,225.5,243.77,48.9,18.06,65.81
700.65,98.83,173.84,61.67,262.65,232.08,258.03,217.96,230.86,237.12,212.35,167.68,182.93,327.28,367.37,442.85,144.53,108.24,168.13
702.66,110.22,199,105.79,305.76,316.68,291.93,321.1,313.39,367.16,317.88,214.24,266.41,463.54,446.71,507.41,194.66,195.63,233.73
704.67,109.5,206.71,108.46,284.74,343.83,263.05,338.05,285.09,381.77,243.26,190.32,278.05,408.94,452.86,474.76,157.04,190.81,201.12
706.68,107.21,143.19,108.24,263.16,325.08,203.6,221.74,191.85,255.45,178.69,133.13,218.41,309.7,370.02,338.81,61.4,100.73,118.9
708.69,122.03,145.12,122.8,258.68,281.44,221.93,183.48,170.01,207.19,144.84,152.65,185.82,242.82,309.55,318.89,40.25,30.72,83.09
710.69,121.29,122.49,136.8,228.63,202.89,221.02,138.29,153.9,172.33,156.38,137.56,114.96,257.64,268.78,287,28.97,17.47,49.9
712.7,115.66,96.63,157.57,209.02,191.79,221.22,146.51,154.52,151.54,107.46,108.87,68.05,201.83,230.7,231.47,28.97,17.38,29.79
714.7,102.58,96,128.91,170.62,149.56,135.64,89.23,88.31,72.26,35.78,42.79,8.39,115.49,168.44,108.01,0,0,0
716.71,79.61,109.81,114.68,156.65,167.11,145.49,55.01,43.14,15.86,0,5.27,0,41.19,75.86,89.66,0,0,0
718.71,58.83,113.39,66.57,140.46,125.43,92.45,20.56,4.32,2.5,0,0,0,24.93,23.45,66.37,0,0,0
720.71,71.86,66.87,63.02,152.48,145.96,138.63,56.27,0,43.55,0,18.33,4.34,88.81,26.73,80.6,0,0,0
722.71,103.22,52.35,77.46,162.16,179.49,167.14,136.6,105.44,124.42,81.28,68.43,63.08,195.96,146.96,167.69,63.92,46.32,60.49
724.71,183.62,110.28,159.36,225.28,241.13,279.42,297.31,234,232.39,216.76,175.42,180,371.82,317.43,361.47,145.86,129.71,132.78
726.71,193.43,148.87,189.26,265.06,239.09,323.03,368.67,338.2,284.77,297.98,226.49,268.62,412.94,394.28,508.2,221.04,197.38,200.74
728.71,177.91,162.47,191.5,248.17,229.72,295.63,356.66,270.6,262.78,247.64,225.53,232.2,350.33,326.73,440.85,166.86,162.35,140.25
730.7,154.62,139.3,163.3,222.49,202.57,234.13,248.5,188.84,185.97,114.82,118.54,159.96,247.2,198.33,305,84.92,78.96,67.96
732.7,166.32,155.79,146.77,173.48,224.08,179.62,173.98,100.06,90.05,33.6,61.05,83.35,177.68,141.2,200.08,9.74,11.28,0
734.69,184.26,153.19,136.8,168.68,185.14,164.66,128.31,103.79,63.4,44.25,37.74,82.58,190.32,138.57,149.66,0,0,0
736.69,174.2,180.58,112.17,140.54,173.54,141.71,89.6,61.49,32.24,41.59,61.6,47.45,192.23,150.87,194.83,0,0,0
738.68,149.92,143.43,109.33,153.85,149.04,111.86,75.97,79.6,83.07,80.63,49.69,60.05,195.19,172.89,212.06,0,0,0
740.67,172.43,174.74,127.61,177.6,188.65,145.46,110.42,87.45,92.22,85.73,76.16,73.73,196.87,216.62,242,6.92,22.4,0.73
742.66,168.27,133.71,155.23,162.01,213.27,168.72,175.51,168.94,147.49,138.06,54.6,93.71,237.83,269.97,241.55,6.92,23.01,27.73
744.65,143.79,140.7,150.86,149.09,193.54,204.99,185.9,215.07,145.26,118.76,63.64,84.65,292.4,273.92,258.38,6.92,24.61,31.75
746.64,110.65,112.03,168.16,123.17,142.49,166.25,203.93,248.5,163.32,114.76,34.35,98.57,370.91,296.82,288.81,24.51,7,50.63
748.63,89.74,112.59,170.7,172.8,156.66,175.41,269.48,278.79,224.92,131.61,124.91,133.34,456.59,357.22,389.75,88.72,73.92,82.03
750.61,143.62,140.94,159.37,221.2,226.61,197.01,367.79,370.83,315.94,220.89,243.56,235.19,641,525.34,540.08,194.62,172.27,184.19
752.6,169.73,156.85,138.59,286.5,294.11,272.17,452.62,495.06,441.15,320.69,385.07,323.23,761.24,665.64,711.24,302.03,308.82,327.55
754.58,207.96,180.89,129.95,310.57,314.06,315.12,504.87,566.72,492.46,411.91,465,395.36,872.89,795.33,763.8,366.88,382.46,373.66
756.57,189.65,197.72,154.42,319.76,275.13,333.17,547.88,585.46,541.51,447.88,490.68,418.58,901.59,841.74,867.42,421.81,432.86,392.53
758.55,193.35,151.89,181.91,293.94,249.53,292.23,557.2,550.18,501.55,442.49,500.67,438.44,936.91,896.11,882.99,383.73,412.9,337.05
760.53,238.5,200.86,172.53,285.91,228.71,271.4,544.93,548.98,507.01,419.52,494.08,487.38,943.3,942.88,966.62,415.41,411.71,372.66
762.51,247.56,212.4,186.72,270.43,284.12,249.8,559.2,515.65,503.67,438.43,508.03,525.19,950.87,951.83,907.77,409.3,408.06,362.8
764.49,234.63,244.95,183.59,276.29,289.53,245.21,540.12,502.97,517.65,439.31,459.62,499.31,936.4,951.73,889.86,441.83,405.39,379.27
766.47,213.26,218.07,197.36,264.7,250.16,227.17,474.57,466.82,496.49,465.72,439.41,436.97,893.1,889.48,777.47,391.25,353.6,378.27
768.45,223.8,217.1,181.04,253.68,226.36,237.36,408.22,423.21,426.55,423.01,383.08,390.5,787.32,852.07,685.6,324.87,325.35,366.47
770.42,223.69,222.81,180.73,260.66,247.23,260.9,371.19,377.58,365.58,419.95,383.72,372.34,709.84,741.29,631.01,289.15,303.42,374.99
772.4,220.71,225.98,207.89,277.42,253.55,277.55,369.25,359.37,323.38,358.31,381.47,366.28,652.1,697.59,612.5,307.52,333.26,349.28
774.37,241.96,216.72,221.62,313.74,262.77,298.42,351.52,360.37,320.72,336.22,439.08,371.76,652.87,671.73,590.51,355.11,360.63,389.78
776.34,230,198.26,215.81,347.17,261.77,275.75,343.55,355.13,338.15,313.55,416.8,398.33,603.72,631.62,547.92,391.14,357.78,385.71
778.32,212.84,196.26,196.14,341.06,268.55,248.2,296.34,311.66,303.35,292.32,362.61,383.34,553.31,525.59,457.4,335.93,352.36,380.07
780.29,186.81,169.73,212.59,323.06,277.45,256.77,319.23,328.61,322.65,326.52,310.52,375.77,545.32,505.29,448.63,348.82,332.38,389.19
782.26,194.58,206.66,194.85,283.51,259.47,250.45,287.88,340,309.05,312.48,345.87,358.98,552.74,521.41,434.6,334.82,395.5,410.75
784.23,203.25,177.17,192.01,288.19,295.39,248.37,333.07,363.59,361.99,347.33,426.42,386.06,548.34,544.72,484.77,391.37,440.5,430.86
786.19,208.05,188.47,215.64,269.99,299.76,237.74,338.03,325.62,346.7,355.61,461.42,400.24,541.37,533.78,505.67,408.69,466.94,432.07
788.16,234.98,192.58,262.73,277.57,343.92,308.23,390.09,336.08,426.51,433.99,478.85,457.19,543.48,572.92,622,489.78,510.15,460.38
790.13,256.6,253.03,272.51,294.83,357.42,347.07,459.47,377.86,459.32,489.03,461.94,463.14,631.22,653.03,640.29,585.54,546.69,546.35
792.09,246.01,268.96,251.76,313.21,344.04,350.02,456.29,443.08,506.89,479.18,443.13,445.86,679.39,646.89,653.33,601.07,580.34,603.76
794.06,200.12,231.57,214.37,313.59,290,285.99,388.77,399.62,425.46,429.99,368.99,386.57,675.53,628.06,560.01,548.6,553.31,565.17
796.02,180.68,176.65,234.11,301.43,243.42,254.74,272.01,342.26,373.13,345.57,295.96,331.05,578.09,545.98,524.78,446.57,488.06,467.01
797.98,130.38,144.87,209.99,268.05,214.96,226.29,231.36,223.35,284.57,275.27,228.36,269.65,431.74,469,444.64,333.65,395.26,346.96
799.94,173.66,161.33,224.11,234.91,236.06,218.4,279.26,271.31,298.57,232.84,249.33,249.79,390.59,437.87,403.36,325.61,354.67,338.13
801.9,155.3,173.15,214.59,229.78,256.51,241.18,354.15,284.27,282.56,259.09,304.62,287.27,395.42,459.06,440.05,347.25,360.09,376.29
803.86,197.95,191.67,230.76,303.65,297.31,288.32,413.04,412.55,361.55,322.67,361.91,335.42,519.23,515.9,546.39,440.22,430.5,453.79
805.82,157.41,200.65,217.74,363.98,309.56,306.58,448.03,426.28,372.64,355.02,372.65,367.67,580.13,503.5,569.83,428.63,470.36,466.06
807.78,149.12,175.88,231.96,386.88,295.38,282.4,428.91,435.23,408.3,345.93,349.62,352.15,536.24,500.3,527.46,399.61,447.44,429.56
809.73,166.96,174.58,241.99,358.57,280.99,222.69,365.23,337.61,326.06,304.96,284.36,326.08,429.11,436.19,403.86,315.69,373.64,338.5
811.69,199.04,165.53,277.61,340.49,284.17,214.88,281.44,260.22,286.7,265.21,242,256.9,338.52,410.96,380.13,267.01,258.39,253.66
813.64,250.38,176.4,257.8,331.64,282.92,224.97,262.87,225.05,283.24,232.36,188.86,214.94,345.81,393.93,343.27,193.55,233.37,216.05
815.6,250.63,222.18,213.58,327.7,242.24,245.96,242.52,238.77,275.34,251.73,216.29,238.22,371.3,419.45,404.61,187.98,235.58,234.66
817.55,259.68,225.1,189.83,347.55,204.02,253.08,290.28,277.93,328.21,278.89,272.83,299.6,437.23,495.73,449.39,233.53,289.9,329.38
819.5,245.76,264.05,187.12,359.41,247.48,278.88,320.04,367.09,340.09,350.05,323.71,367,478.82,519.67,574.49,311.42,345.23,398.44
821.45,240.2,223.03,225.76,353.28,294.29,334.7,401.13,421.92,432.97,376.56,388.27,398.4,534.06,593.93,664.91,365.99,380.89,458.51
823.4,246.55,231.93,257.32,317.39,301.33,332.75,386.79,465.64,430.07,391.96,373.39,400.04,550.51,561.07,672.54,366.45,406.79,428.8
825.35,259.27,253.19,248.58,308.18,265.39,314.49,377.11,427.36,403.18,365.7,313.19,406.35,581.96,567.2,654.83,341.58,356.69,420.77
827.29,261.9,282.04,294.09,321.21,297.69,277.13,351,426.65,383.52,363.68,310.89,401.56,582.96,563.22,639.66,366.28,339.83,427.63
829.24,243.89,279.25,269.64,317.91,320.67,295.12,361.55,383.94,358.87,361.34,322.6,393.78,588.61,628.56,687.49,384.33,302.31,433.5
831.18,228.81,301.04,298.77,326.19,351.89,294.69,380,393.45,371.1,378.23,386.55,389.23,644.15,675.45,738.2,443.27,332.35,491.26
833.13,211.3,284.76,245.82,322.04,314.69,291.82,392.34,387.86,351.91,372.35,362.06,392.26,675.91,700.56,744.79,428.78,325.62,484.59
835.07,199.72,284.07,240.46,309.46,332.72,294.54,410.24,409.83,407.94,388.71,359.48,428.85,710.89,706.22,753.26,426.52,372.79,487.14
837.01,230.83,260.4,254.79,352.24,309.77,282.93,383.49,407.14,405.31,394.42,409.58,449.79,713.54,725.55,728.4,423.95,406.98,439.05
838.95,224.42,260.22,252.27,348.8,331.62,265.46,369.85,403.91,399.47,394.59,413.47,426.85,707.96,738.98,729.32,409.16,438.95,413.07
840.89,250.59,288.95,254.01,368.94,312.37,280.56,377.11,397.57,381.53,410.66,392.6,383.49,715.6,726.64,728.45,389.94,422.5,409.32
842.83,245.24,258.5,237.56,301.2,297.26,291.12,395.16,369.02,388.38,382.86,371.2,354.26,668.36,686.74,748.36,371.18,384.83,397.03
844.77,282.7,265.52,246.92,285.93,267.94,294.81,401.32,323.25,417.35,367.19,398.58,362.48,693.56,694.62,746.05,363.22,379.62,376.53
846.71,313.86,293.92,237.65,306.35,275.64,288.53,412.83,345.83,427.66,333.87,443.99,418.73,734.43,740.51,799.4,370.6,393.43,385.38
848.64,313.49,350.45,248.52,329.22,312.47,301.04,462.13,402.87,489.77,356.68,461.53,475.43,841.08,852.17,816.2,399.77,436.36,442.68
850.58,316.04,345.25,252.32,371.67,368.54,334.46,499.33,479.47,532.1,389.73,470.64,503.38,898.97,889.73,899.56,413.19,469.86,525.56
852.51,309.3,343.41,309.82,367.81,392.63,343.23,537.21,517.42,528.12,437.47,474.1,480.35,918.18,950.63,893.59,414.28,459.71,513.11
854.44,306.7,367.06,331.13,364.07,428.52,349.81,507.21,546.82,505.6,429.68,497.04,468.79,903.52,956.31,938.74,377.84,424.69,464.12
856.37,328.46,404.07,344.15,358.36,419.1,342.73,545.89,562.57,512.76,445.24,514.99,467.91,901.87,962.33,916.89,364.42,391.02,407.82
858.31,338.04,427.56,363.98,388.77,399.81,337.79,560.7,591.45,553.38,433.6,511.08,481.5,907,939.81,938.82,379.8,403.82,413.98
860.23,364.43,395.53,386.29,395.32,394.66,374.65,622.63,583.78,575.12,500.42,487.97,511.56,970.25,951.4,954.21,403.63,435.4,454.26
862.16,379.74,420.77,421.19,398.11,396.08,378.76,622.47,611.69,590.44,509.16,494.44,517.53,957.73,1009.89,995.16,450.38,464.9,498.78
864.09,376.31,391.93,416.35,382.14,409.41,404.44,615.21,605.83,606,579.15,532.49,550.41,992.78,995.29,1023.67,487.37,475.3,533.55
866.02,370.59,385.12,394.22,374.19,386.43,376.47,599.63,586.33,605.57,568.5,540.9,514.32,954.85,996.36,1035.19,497.05,487.73,510.66
867.94,381.34,386.8,387.24,377.71,384.92,386.31,565.18,575.95,596.27,550.31,516.11,527.7,1023.36,982.22,1004.84,481.52,489.95,506.57
869.87,359.68,366.41,344.18,348.81,382.65,360.06,514.64,539.48,537.22,475.38,462.91,476.99,945.12,984.98,989.05,467.58,478.75,528.39
871.79,340.28,332.94,308.05,342.15,370.97,321.73,456.01,531.58,495.4,421.69,410.62,454.87,902.11,924.31,901.83,450.88,445.46,528.12
873.71,275.92,283.84,274.3,314.84,327.3,289.41,429.72,448.37,451.61,392.7,377.03,418.44,811.45,846.66,849.29,422.2,402.86,507.2
875.64,242.48,242.68,238.14,277.78,252.22,244.68,356.01,402.4,396.72,342.95,359.02,342.93,762.03,792.24,738.98,359.76,348.17,425.86
877.56,200.64,250.1,233.24,248.97,203.05,258.86,319.21,306.33,361.41,283.46,357.59,294.67,674.85,724.06,737.92,347.24,343.39,386.76
879.48,158.06,206.46,209.6,187.73,179.79,217.62,251.32,242.51,282.68,271.22,289.75,228.99,574.57,634.79,660.42,303.64,276.86,279.91
881.39,159.96,194.3,160.78,131.63,184.33,194.51,245.56,163.49,239.08,215.79,204.06,206.79,486.76,529.32,564.05,253.83,242.13,191.86
883.31,111.11,136.73,113.22,85.44,123.12,103.99,167.71,103.38,170.06,170.62,127.28,152.85,392.85,391.08,392.92,150.61,140.31,102.71
885.23,137.31,134.88,86.37,50.94,101.27,88.82,119.22,97.96,182.39,148.8,96.53,108.26,325.63,339.2,343.81,98.41,125.18,58.26
887.14,114.43,133.62,116.78,66.36,63.34,91.57,79.97,101.78,177.64,150.24,95.38,109.27,285.33,293.9,315.27,102.47,81.31,72.39
889.06,147.71,128.51,153.35,45.24,111.54,133.79,91.52,124.74,188.02,169.49,83.03,124.41,280.48,331.06,358.86,75.29,100.57,45.99
890.97,118.58,112,159.51,69.37,117.99,158.93,120.65,120.94,167.65,163,76.6,174.48,262.89,302.13,304.37,86.73,90.41,77.5
892.88,104.71,85.41,117.61,118.75,136.02,185.65,128.02,131.06,175.19,176.76,108.44,194.48,275.87,288.45,310.78,77.76,127.16,45.66
894.8,123.1,59.76,84.3,135.04,96.63,186.61,124.98,135.75,155.98,181.11,140.86,222.72,285.76,288.01,266.43,128.73,107.84,67
896.71,129.75,58.71,88.58,153.25,69.16,126.49,109.85,151.03,140.01,138.39,156.2,210.23,284.9,269.49,293.67,106.25,95.76,39.59
898.62,131.56,40.28,98.03,125.93,75.83,69.85,88.86,126.11,116.52,171.47,129.7,200.21,260.18,316.77,286.7,111.58,89.82,92.25
900.52,103.51,57.53,89.96,120.41,104.3,79.67,95.67,119.32,162.83,188.71,140.67,189.68,292.92,311.52,335.54,115.05,112.36,121.12
902.43,114.62,57.27,60.37,69.88,110.25,107.3,76.28,152.01,135.95,209.76,168.46,196.96,348.47,378.4,351.84,156.67,153.7,165.46
904.34,158.55,92.37,111.94,54.63,119,136.41,143.03,188.5,176.21,182.95,197.39,225.72,454.5,393.76,442.95,183.09,204.19,217.27
906.24,148.4,90.86,120.78,107.64,123,117.43,178.37,243.91,205.38,191.74,182.26,260.74,474.77,468.37,483.64,229.77,253.25,262.66
908.15,163.08,101.84,169.44,143.6,140.47,129.59,196.84,255.79,292.36,211.35,177.6,281.58,486.85,506.12,567.14,292.25,279.47,294.87
910.05,129.69,111.42,153.69,186.99,167.53,145.33,171.9,263.59,313.26,215.54,197.21,287,515.52,542.12,605.88,296.66,258.6,271.32
911.95,172.22,154.27,169.88,177.96,170.84,167.66,223.21,302.31,293.74,212.34,225.74,281.36,550.77,591.37,646.21,272.32,263.31,287.36
913.86,137.14,169.5,158.79,193.3,169.51,188.02,272.54,310.05,291.26,194.5,260.31,252.09,591.72,612.99,685.57,220.67,274.73,281.1
915.76,195.42,182.1,184.07,185.67,164.54,181.74,322.91,339.16,321.47,181.71,260.26,237.86,523.37,640.64,675.63,221.73,285.84,296.2
917.66,148.75,181.08,188.06,198.39,187.27,185.49,307.64,346.63,354.38,205.95,265.58,249.34,529.71,631.65,654.38,236.83,234.32,259.67
919.55,170.24,158.55,212.2,215.93,196.14,203.38,323.85,307.25,377.09,227.68,274.39,276.96,544.87,673.48,673.6,248.06,207.95,296.61
921.45,146.76,168.07,219.06,207.82,204.04,210.3,340.42,327.89,375.17,296.45,278.57,293.97,630.39,700.67,679.19,258.67,204.94,280.92
923.35,184.45,172.74,239.08,178.19,224.08,216.37,348.8,340.02,388.73,321.04,299.57,274.12,666.73,703,718.26,250.75,227.08,286.7
925.24,206.39,185.68,214.03,149.15,249.71,197.35,355.1,369.06,395.21,312.23,290.83,276.54,687.32,669.27,662.92,258.43,219.47,261.41
927.14,182.72,194.99,176.69,143.13,201.04,188.7,297.1,316.13,360.06,254.46,282.48,290.67,610.62,606.56,620.61,207.14,191.9,241.48
929.03,188.75,194.69,189.06,132.81,156.39,177.07,252.13,260.24,331.94,213.73,223.83,277.51,572.28,572.23,585,187.88,171.36,200.59
930.92,173.5,204.43,205.48,143.85,125.45,164.15,204.53,262.38,250.52,208.05,182.89,235.39,551.65,524.93,573.43,175,110.55,139.4
932.81,154.39,217,208.06,131.04,137.65,165.37,200.41,281,260.58,198.85,167.77,193.42,612.17,509.78,588.67,164.59,92.52,136.69
934.7,152.89,215.5,167.24,125.48,157.43,166.17,194.54,265.21,228.56,162.92,187.59,179.06,580.28,475.22,550.17,167.78,71.76,148.9
936.59,137.33,196.28,120.03,109.83,171.14,174.57,209.26,223.01,228.14,148.59,195,211.29,562.32,468.59,497.92,165.9,101.56,147.37
938.48,109.74,107.59,114.63,101.67,142.98,142.44,222.46,184.63,195.86,135.75,203.24,184.02,510.17,484.78,488.5,156.5,86.21,129.32
940.37,57.59,66.46,112.84,66.75,95.42,107.56,205.26,176.16,195.17,142.84,192.75,187.01,479.29,491.9,464.33,129.35,93.44,114.86
942.25,60.49,51.71,137.43,65.87,67.89,68.72,221.75,186.4,222.18,134.32,184.3,153.38,436.78,521.39,466.2,75.58,79.71,107.44
944.14,60.49,74.17,129.63,61.57,57.28,80.79,181.84,181.9,214.12,142.72,169.13,184.69,438.87,494.48,473.67,53.54,86.91,84.28
946.02,76.38,77.73,144.54,89.98,57.7,98.91,198.63,188.77,208.1,134.51,167.33,196.71,518,492.61,538.84,21.07,78.48,74.82
947.91,67.08,90.12,108.6,72.86,23.93,103.16,181.24,199.12,222.55,170.79,174.35,243.88,565.61,475.55,587.49,55.42,86.87,67.84
949.79,104.29,81.33,116.16,48.55,48.98,94.23,244.32,225.28,260.49,200.89,218.54,237.22,611.05,519.66,643.3,84.44,90.4,111.68
951.67,98.97,111.37,80.21,60.38,38.5,74.77,289.22,280.26,284.25,250.82,256.22,226.71,624.64,579.91,706.27,124.43,121.76,106
953.55,124.15,115.9,111.76,105.02,54.17,84.13,287.27,312.72,279.82,226.24,271.05,227.37,653.05,635.33,719.71,97.56,133.6,128.14
955.43,128.59,144.04,128.91,141.92,58.09,107.07,306.25,385.11,297.66,239.26,235.83,260.62,642.06,654.67,716.09,106.62,135.03,113.21
957.31,171.52,127.67,154.55,135.3,95.49,111.83,337.38,354.32,364.31,251.77,220.43,285.37,621.56,677.51,684.29,84.84,116.95,118.09
959.18,165.61,146.12,163.68,86.15,102.04,122.4,382.99,357.01,394.77,302.78,230.85,280.61,665.22,728.5,725.32,107.87,113.68,102.13
961.06,193.09,173.62,156.86,100.37,96.29,118,392.31,355.07,396.61,293.51,257,265.9,757.26,753.54,809.72,114.94,118.46,112.87
962.94,181.27,188.51,175.43,109.96,74.24,105.97,370,407.51,387.16,285.62,240.19,302.24,826.68,744.29,838.49,93.06,101.61,77.98
964.81,180.17,198.78,165.71,119.91,80.56,76.65,373.4,394.65,392.08,264.11,212.77,286.97,849.47,742.08,844.98,49.75,68.57,57.7
966.68,123,151.65,166.59,68.34,64.47,31.73,302.72,292.39,358.6,177.09,141.62,207.96,797.21,714.82,700.41,4.59,31,1.56
968.55,100,127.35,119.64,22.63,40.88,12,178.19,163.61,209.61,81.77,78.62,80.91,685.43,624.38,589.99,0,0,0
970.43,59.15,54.66,126.85,0,11.02,0,67.15,66.23,81.49,0,18.83,0.44,514.15,539.1,479.4,0,0,0
972.3,71.68,50.9,109.44,0,0,0,97.16,87.31,64.69,0,0,0,513.92,551.87,509.52,0,0,0
974.16,53.04,58.97,114.85,8.08,0,18.88,231,154.55,162.69,43.22,39.05,47.08,612.85,678.8,628.8,0,0,0
976.03,40.55,76.09,81.1,8.08,0,18.88,333.31,260.7,267.47,127.19,117.57,107.89,773.6,793.89,765.57,9.62,0.44,0
977.9,49.56,87.81,73.5,21.38,0,56.01,356.77,304.91,329.12,221.07,236.33,192.9,867.52,906.47,884.84,64.89,20.53,20.88
979.76,66.4,67.7,98.07,65.5,27.85,55.86,352.72,365.61,361.93,322.52,312.54,269.92,949.93,972.55,968.59,127.04,66.19,54.97
981.63,73.39,59.41,105.13,91.06,68.08,96.3,371.83,412.79,398.9,344.47,380.25,352.77,1049.51,1050.46,1076.85,185.59,146.43,141.74
983.49,71.65,40.07,126.46,100.25,68.08,81.22,408.87,402.91,414.79,377.03,365.9,395.23,1108.36,1111.98,1119.37,206.41,198.61,208.21
985.36,51.08,38.55,96.96,52.59,40.23,79.29,404.06,374.18,411.51,362.75,389.37,403.52,1182.71,1154.66,1169.4,252.72,249.94,269.5
987.22,80.99,50.86,95.28,73.08,25.42,44.17,390.41,308.94,356.39,416.63,387.68,393.97,1213.55,1187.17,1201.91,296.18,282.09,312.94
989.08,73.07,69.66,110.1,67.05,41.6,30.87,335.25,262.53,311.42,453.02,406.49,373.25,1263.89,1261.52,1246.93,336.14,324.74,343.87
990.94,124.97,88.96,129.08,62.51,43.99,17.72,316.91,234.26,279.27,464.23,388.79,383.37,1272.73,1351.36,1291.44,397.58,371.2,402.96
992.8,108.7,134.75,157.22,54.43,42.3,33.71,326.72,283.16,291.61,475.95,426.93,398.65,1319.73,1417.37,1367.44,526.52,487.82,504.2
994.66,146.81,165.26,168.74,66.73,58.31,57.41,391.91,357.43,304.99,548.04,516.79,522.32,1417.12,1502.09,1499.17,780.83,749.49,755.83
996.51,136.19,196.38,180.87,99.61,82.24,100.37,468.04,423.31,336.98,669.09,664.25,663.26,1577.13,1605.1,1657.84,1150.75,1118.09,1135.72
998.37,171.62,197.55,185.72,138.21,109.55,146.36,510.21,450.56,392.01,805.52,794.44,851.59,1745.18,1726.16,1819.56,1589.38,1604.74,1586.99
1000.22,142.88,185.21,152.07,122.62,134.67,176.51,460.54,459.3,393.53,850.11,893.8,903.76,1724.07,1693.72,1826.45,1928.5,1947.88,1937.41
1002.08,144.52,152.6,149.13,122.73,171.17,180.36,390.92,412.42,360.77,853.1,847.54,891.64,1570.35,1542.34,1613.06,1979.34,1978.4,1979.55
1003.93,121.32,125.81,134.02,51.99,120.13,130.35,277.45,329.37,262.83,693.25,672.78,697.69,1166.47,1172.46,1142.17,1660,1619.74,1665.18
1005.78,104.61,115.51,95.06,38.83,62.82,82.5,231.15,224.81,162.04,492.9,430.85,497.58,722.08,730.41,681.11,1134.15,1082.58,1089.97
1007.63,72.84,78.82,42.83,18.83,0,32.06,118,117.69,67.44,227.26,245.87,230.07,286.49,317.65,283.28,618.57,593.68,542.36
1009.48,58.35,50.41,0,13,0,14.74,58.81,36.5,11.39,79.16,107.78,86.29,67.99,88.25,92.21,258.71,236.24,174.01
1011.33,41.85,12.92,0,13,0,0,0,0,0,0,37.27,3.83,0,7.05,0,75.08,53.68,28.89
1013.18,18.52,12.9,0,0,0,0,0,0,0,0,0,0,0,0,0,0,0,0
1015.03,0,0,0,0,0,0,0,0,0,0,0,0,0,0,0,0,0,0
1016.87,0,0,0,0,0,0,0,0,0,0,0,0,0,0,0,0,0,0
1018.72,0,0,0,0,0,0,0,0,0,0,0,0,0,0,0,0,0,0
1020.56,0,0,0,0,0,0,0,0,0,0,0,0,0,0,0,0,0,0
1022.4,0,0,0,0,0,0,0,0,0,0,0,0,0,0,0,0,0,0
1024.24,0,0,0,0,0,0,0,0,0,0,0,0,0,0,0,0,0,0
1026.08,0,0,0,0,0,0,0,0,0,0,0,0,0,0,0,0,0,0
1027.92,0,0,0,0,0,0,0,0,0,0,0,0,0,0,0,0,0,0
1029.76,0,0,0,0,0,0,0,0,0,0,0,0,0,0,0,0,0,0
1031.6,0,0,0,0,0,0,0,0,0,0,0,0,0,0,0,0,0,0
1033.44,0,0,0,0,0,0,0,0,0,0,0,0,0,0,0,0,0,0
1035.27,0,0,0,0,0,0,0,0,0,0,0,0,0,0,0,0,0,0
1037.11,0,0,0,0,0,0,0,0,0,0,0,0,0,0,0,0,0,0
1038.94,0,0,0,0,0,0,0,0,0,0,0,0,0,0,0,0,0,0
1040.77,0,0,0,0,0,0,0,0,0,0,0,0,0,0,0,0,0,0
1042.6,0,0,0,0,0,0,0,0,0,0,0,0,0,0,0,0,0,0
1044.43,0,0,0,0,0,0,0,0,0,0,0,0,0,0,0,0,0,0
1046.26,0,0,0,0,0,0,0,0,0,0,0,0,0,0,0,0,0,0
1048.09,0,0,0,0,0,0,0,0,0,0,0,0,0,0,0,0,0,0
1049.92,0,0,0,0,0,0,0,0,0,0,0,0,0,0,0,0,0,0
1051.75,0,0,0,0,0,0,0,0,0,0,0,0,0,0,0,0,0,0
1053.57,0,0,0,0,0,0,0,0,0,0,0,0,0,0,0,0,0,0
1055.4,0,0,0,0,0,0,0,0,0,0,0,0,0,0,0,0,0,0
1057.22,0,0,0,0,0,0,0,0,0,0,0,0,0,0,0,0,0,0
1059.04,0,0,0,0,0,0,0,0,0,0,0,0,0,0,0,0,0,0
1060.86,0,0,0,0,0,0,0,0,0,0,0,0,0,0,0,0,0,0
1062.68,0,0,0,0,0,0,0,0,0,0,0,0,0,0,0,0,0,0
1064.5,0,0,0,0,0,0,0,0,0,0,0,0,0,0,0,0,0,0
1066.32,0,0,0,0,0,0,0,0,0,0,0,0,0,0,0,0,0,0
1068.14,0,0,0,0,0,0,0,0,0,0,0,0,0,0,0,0,0,0
1069.96,0,0,0,0,0,0,0,0,0,0,0,0,0,0,0,0,0,0
1071.77,0,0,0,0,0,0,0,0,0,0,0,0,0,0,0,0,0,0
1073.58,0,0,0,0,0,0,0,0,0,0,0,0,0,0,0,0,0,0
1075.4,0,0,0,0,0,0,0,0,0,0,0,0,0,0,0,0,0,0
1077.21,0,0,0,0,0,0,0,0,0,0,0,0,0,0,0,0,0,0
1079.02,0,0,0,0,0,0,0,0,0,0,0,0,0,0,0,0,0,0
1080.83,0,0,0,0,0,0,0,0,0,0,0,0,0,0,0,0,0,0
1082.64,0,0,0,0,0,0,0,0,0,0,0,0,0,0,0,0,0,0
1084.45,0,0,0,0,0,0,0,0,0,0,0,0,0,0,0,0,0,0
1086.26,0,0,0,0,0,0,0,0,0,0,0,0,0,0,0,0,0,0
1088.06,0,0,0,0,0,0,0,0,0,0,0,0,0,0,0,0,0,0
1089.87,0,0,0,0,0,0,0,0,0,0,0,0,0,0,0,0,0,0
1091.67,0,0,0,0,0,0,0,0,0,0,0,0,0,0,0,0,0,0
1093.48,0,0,0,0,0,0,0,0,0,0,0,0,0,0,0,0,0,0
1095.28,0,0,0,0,0,0,0,0,0,0,0,0,0,0,0,0,0,0
1097.08,0,0,0,0,0,0,0,0,0,0,0,0,0,0,0,0,0,0
1098.88,0,0,0,0,0,0,0,0,0,0,0,0,0,0,0,0,0,0
1100.68,0,0,0,0,0,0,0,0,0,0,0,0,0,0,0,0,0,0
1102.48,0,0,0,0,0,0,0,0,0,0,0,0,0,0,0,0,0,0
1104.27,0,0,0,0,0,0,0,0,0,0,0,0,0,0,0,0,0,0
1106.07,0,0,0,0,0,0,0,0,0,0,0,0,0,0,0,0,0,0
1107.86,0,0,0,0,0,0,0,0,0,0,0,0,0,0,0,0,0,0
1109.66,0,0,0,0,0,0,0,0,0,0,0,0,0,0,0,0,0,0
1111.45,0,0,0,0,0,0,0,0,0,0,0,0,0,0,0,0,0,0
1113.24,0,0,0,0,0,0,0,0,0,0,0,0,0,0,0,0,0,0
1115.03,0,0,0,0,0,0,0,0,0,0,0,0,0,0,0,0,0,0
1116.82,0,0,0,0,0,0,0,0,0,0,0,0,0,0,0,0,0,0
1118.61,0,0,0,0,0,0,0,0,0,0,0,0,0,0,0,0,0,0
1120.4,0,0,0,0,0,0,0,0,0,0,0,0,0,0,0,0,0,0
1122.19,0,0,0,0,0,0,0,0,0,0,0,0,0,0,0,0,0,0
1123.97,0,0,0,0,0,0,0,0,0,0,0,0,0,0,0,0,0,0
1125.76,0,0,0,0,0,0,0,0,0,0,0,0,0,0,0,0,0,0
1127.54,0,0,0,0,0,0,0,0,0,0,0,0,0,0,0,0,0,0
1129.33,0,0,0,0,0,0,0,0,0,0,0,0,0,0,0,0,0,0
1131.11,0,0,0,0,0,0,0,0,0,0,0,0,0,0,0,0,0,0
1132.89,0,0,0,0,0,0,0,0,0,0,0,0,0,0,0,0,0,0
1134.67,0,0,0,0,0,0,0,0,0,0,0,0,0,0,0,0,0,3.78
1136.45,0,0,0,0,0,0,0,0,0,0,0,0,0,0,0,0,0,3.78
1138.23,0,0,0,0,0,0,0,0,0,0,0,0,0,0,0,0,0,3.78
1140,0,0,0,0,0,0,0,0,0,0,0,0,0,0,0,0,0,0
1141.78,0,0,0,0,0,0,0,0,0,0,15.44,0,0,0,0,20.47,0,4.83
1143.55,0,0,0,0,0,0,0,0,0,0,29.87,0,0,0,0,20.47,0,31.52
1145.33,0,0,0,0,0,0,0,0,0,7.42,37.09,0,0,0,0,56.82,2.13,85.54
1147.1,0,0,0,0,0,0,0,0,0,9.51,41.59,3.8,0,0,0,72.62,25.84,133.3
1148.87,0,0,0,0,0,0,0,0,0,20.18,27.16,7.47,0,0,0,100.03,60.69,163.01
1150.64,0,0,0,0,0,0,0,0,0,40.48,61.54,7.82,0,0,0,124.71,72.68,193.99
1152.41,0,0,0,0,0,0,0,0,0,40.16,41.61,11.4,0,0,0,145.11,108.06,237.02
1154.18,0,0,0,0,0,0,0,0,0,37.46,41.87,7.73,0,0,0,151.79,127.39,266
1155.95,0,0,0,0,0,0,0,0,0,39.48,0.26,28.64,0,0,0,122.52,171.43,251.7
1157.72,0,0,0,0,0,0,0,0,0,65.22,22.8,32.61,0,0,0,106.97,134.53,213.46
1159.48,0,0,0,0,0,0,0,0,0,57.25,23.14,40.61,0,0,0,98.58,80.46,150.71
1161.25,0,0,0,0,0,0,0,0,0,33.55,23.14,19.35,0,0,0,71.58,29.44,82.02
1163.01,0,0,0,0,0,0,0,0,0,30.69,0.6,24.04,0,0,0,49.08,30.58,36.49
1164.77,0,0,0,0,0,0,0,0,0,45.98,18.1,45.35,0,0,0,49.19,41.01,44.24
1166.53,0,0,0,0,0,0,0,0,0,69.89,18.1,45.35,0,0,0,52.13,60.59,69.83
1168.3,0,0,0,0,0,0,0,0,0,71.75,24.48,29.43,0,0,0,60.68,50.46,95.02
1170.06,0,0,0,0,0,0,0,0,0,69.22,24.7,4.13,0,0,0,47.51,47.26,73.16
1171.81,0,0,0,0,0,0,0,0,0,96.96,34.66,16.36,0,0,0,68.28,32.34,63.24
1173.57,0,0,0,0,0,0,0,0,0,101.77,71.55,16.24,0,0,0,49.77,30.14,48.38
1175.33,8.04,0,0,0,0,0,0,0,0,135.62,71.16,35.99,0,0,0,64.97,27.67,63.57
1177.08,8.04,0,0,0,0,0,0,0,0,120.54,91.5,62.46,4.54,8.69,0,104.57,103.91,117.48
1178.84,8.04,0,0,0,0,0,0,0,0,121.95,79,97.58,4.54,8.69,0,169.66,162.64,177.55
1180.59,0,0,0,0,0,0,0,0,0,86.53,79,106.38,4.54,8.69,17.83,219.25,226.21,222.13
1182.34,0,4.8,0,0,0,0,0,0,0,63.38,48.71,67.68,0,0,17.83,222.12,208.72,215.98
1184.1,0,4.8,0,0,0,0,0,0,0,30.66,17.94,32.55,0,0,17.83,195.37,161.95,161.22
1185.85,0,4.8,0,0,0,0,0,0,0,19.46,0,0,0,0,0,117.93,93.53,92.94
1187.6,0,0,0,0,0,0,0,0,0,0,0,0,0,0,0,47,22.96,27.5
1189.35,0,0,0,0,0,0,0,0,0,0,0,0,0,0,0,0,0,0
1191.09,0,0,0,0,0,0,0,0,0,0,0,0,0,0,0,0,0,0
1192.84,0,0,0,0,0,0,0,0,0,0,0,0,0,0,0,0,0,0
1194.58,0,0,0,0,0,0,0,0,0,0,0,0,0,0,0,0,0,0
1196.33,0,0,0,0,0,0,0,0,0,0,0,0,0,0,0,0,0,0
1198.07,0,0,0,0,0,0,0,0,0,0,0,0,0,0,0,0,0,0
1199.82,0,0,0,0,0,0,0,0,0,0,0,0,0,0,0,0,0,0
1201.56,0,0,0,0,0,0,0,0,0,0,0,0,0,0,0,0,0,16.99
1203.3,0,0,0,0,0,0,0,0,0,0,0,0,0,0,0,0,0,16.99
1205.04,0,0,0,0,0,0,0,0,0,0,0,0,0,0,0,0,0,16.99
1206.78,0,0,0,0,0,0,0,0,0,0,0,0,0,0,0,0,0,0
1208.51,0,0,7.2,0,0,0,0,0,0,0,0,0,0,0,0,0,0,0
1210.25,0,0,7.2,0,0,0,0,0,0,0,0,0,0,0,0,0,0,0
1211.98,0,0,7.2,0,0,0,0,0,0,0,0,0,0,0,0,0,0,0
1213.72,1.38,8.2,17.7,0,0,0,0,0,0,0,0,0,0,0,0,0,0,0
1215.45,16.59,19.3,17.7,0,0,0,0,0,0,0,0,0,0,0,0,0,0,0
1217.18,16.59,39.74,31.32,0,0,0,0,0,0,0,0,0,0,0,0,0,0,0
1218.92,15.88,31.54,13.62,0,0,0,0,0,0,0,0,0,0,0,0,0,0,0
1220.65,8.21,37.75,31.78,0,0,0,0,0,0,0,0,0.08,0,0,0,0,0,0
1222.38,8.21,46.22,18.16,0,0,0,0,0,0,0,0,0.08,0,0,0,0,0,0
1224.1,7.54,55.66,18.16,0,0,0,0,0,0,0,0,0.08,0,0,0,0,0,0
1225.83,0,55.55,1.74,0,0,0,0,0,0,0,0,0,0,0,0,0,0,0
1227.56,0,26.63,4.58,0,0,0,0,0,0,0,0,0,0,0,0,0,0,0
1229.28,15.85,17.19,6.11,0,0,0,0,0,0,0,0,0,0,0,0,0,0,0
1231.01,16.22,4.21,4.37,0,1.25,0,0,0,0,0,0,0,0,0,0,0,0,0
1232.73,38.21,27.46,1.53,0,12.51,0,0,0,0,0,0,0,0,0,0,0,0,0
1234.45,22.35,27.46,0,0,12.51,0,0,0,0,0,0,0,0,0,0,0,0,0
1236.17,21.99,25.83,0,0,11.26,0,0,0,2.81,0,0,0,0,0,0,0,0,0
1237.9,0,2.58,0,0,0,0,0,0,3.93,0,0,0,0,0,0,0,0,0
1239.61,34.88,2.58,0.68,10.53,0,19.86,0,13.25,3.93,0,0,0,0,0,0,0,0,0
1241.33,34.88,0,0.68,10.53,0,19.86,0,13.25,1.12,0,0,0,0,0,0,0,0,0
1243.05,34.88,0,0.68,10.53,0,37.35,0,13.25,0,0,0,0,0,0,0,0,0,0
1244.77,3.24,0,0.95,0,0,17.48,2.68,0,0,0,0,0,0,0,0,0,0,0
1246.48,12.78,0,0.95,0,12.84,46.2,8.08,0,7.05,0,0,0,0,0,0,0,0,0
1248.2,19.84,22.97,5.88,0,19.26,28.71,36.09,31.21,25.73,0,0,0,0,4.25,0,0,0,0
1249.91,17.66,22.97,4.93,0,19.26,28.71,50.49,35.16,25.73,5.77,0,0,0,4.25,1.31,0,0,0
1251.62,36.74,40.96,32.57,14.05,15.15,18.28,118.84,35.16,43.8,5.77,42.42,0,29.86,19.39,24.48,0,0,0.69
1253.33,37.42,30.52,37.15,14.05,8.73,24.73,141.46,18.48,67.47,24.45,42.42,0,70.5,17.11,33.1,0,0,18.69
1255.04,36.36,31.7,56.99,37.85,15.94,43.82,167.69,71.06,112.53,18.68,45.16,11.89,159.05,54.02,55.32,0,0,18.69
1256.75,33.12,32.34,34.98,40.66,10.18,76.06,136.74,133.77,138.64,45.89,13.83,28.39,219.47,132.21,76.73,0,0,18
1258.46,38.47,35.24,41.9,73.27,17.25,102.57,157.4,158.45,172.02,53.42,25.28,45.19,308.85,250.36,147.09,12.46,25.81,23.6
1260.17,65.3,44.62,47.31,68.16,28.58,106.56,176.56,170.3,205.56,84.65,86.04,66.42,342.41,338.68,232.63,17.5,63.2,47.48
1261.87,51.06,25.99,77.64,62.65,25.61,68.14,228.66,189.43,257.71,135.94,130.06,83.58,379.59,417.63,340.45,34.36,84.74,74.53
1263.58,43.42,21.23,79.24,34.74,20.79,65.99,241.7,262.15,241.79,162.5,162.02,98.68,414.39,442.53,386.57,39.94,58.93,78.84
1265.28,18.37,20.4,53.99,16.05,12.23,58.44,277.68,275.49,224.81,147.66,129.24,114.05,432.81,458.4,392.32,34.9,36.77,60.42
1266.99,7.24,20.4,18.03,30.22,37.71,71.37,264.49,236.65,193.66,100.98,90.29,106.23,459.08,402.44,333.57,26.91,42.43,33.37
1268.69,38.93,36.97,25.63,50.32,35.46,73.56,242.23,185.08,219.45,107.23,101.27,136.35,412.64,389.43,292.45,47.19,67.73,5.46
1270.39,37.15,38.37,25.63,50.32,33.8,64.58,195.81,151.01,231.06,105.63,92.07,96.63,405.7,364.94,257.51,47.19,80.49,0
1272.09,56.16,38.95,25.63,58.17,44.41,60.85,174.66,197.55,222.95,109.64,120.14,84.17,377.39,355.74,261.19,38.32,53.28,13.24
1273.79,19.86,11.71,0,48.28,69.73,36.06,182.77,192.02,173.1,60.58,91.48,30.98,352.04,299.82,266.16,0,40.25,14.54
1275.49,32.34,12.44,13.94,94.84,84.08,40.41,220.39,216.98,162.42,45.78,98.3,37.61,316.52,308.75,257.31,0,22.03,15.05
1277.18,21,11.86,33.16,75.25,49.59,19.92,232.16,177.77,173.89,30.36,58.61,35.73,243.85,285.53,210.96,0,22.03,2.75
1278.88,28.26,11.86,33.16,60.35,26.36,27.02,202.21,146.17,154.97,37.54,34.18,26.9,172.14,244.26,148.24,0,9.77,1.44
1280.57,15.78,0,31.91,40.95,3.68,16.13,131.53,83.17,92.42,40.88,11.02,26.22,81.71,132.27,103.48,0,0,0.94
1282.27,16.67,0,30.7,31.6,12.09,22.2,63.23,71.88,61.15,39.37,6.48,14.7,78.34,74.69,52.48,0,0,0
1283.96,15.15,0,53.15,31.6,39.75,10.53,60.87,88.54,98.48,49.12,6.3,27.87,81.6,72.06,55.73,0,17.61,0
1285.65,15.15,11.21,70.46,29.77,66.72,21.72,77.44,134.12,146.31,89.14,17.37,37.42,112.48,94.05,59.94,0.36,21.25,0
1287.34,10.03,11.21,56.58,26.09,56.72,14.83,103.51,115.87,130.41,70.26,17.37,49.66,75.53,102.89,64.3,0.36,21.25,0
1289.03,23.51,22.56,53.97,37.17,26.97,19.51,78.19,129.89,79.77,53.36,16.26,36.5,59.87,71.68,34.82,0.36,3.64,0
1290.72,23.51,32.17,46.94,48.68,24.9,47.78,114.46,119.51,71.73,10,0,12.24,28.16,44.08,4.35,0,0,0
1292.41,34.17,69.38,85.84,89.79,53.18,93.28,135.68,154.74,109.63,10,0,14.07,40.07,35.78,25.27,0,8.27,0
1294.1,63.87,127.95,118.11,112.94,60.18,107.85,180.94,155.68,171.24,2.67,19,33.08,75.71,82.87,60.4,0,11.44,0
1295.78,74.85,119.68,123.86,99.57,68.23,89.24,169.36,182.11,174.68,25.22,19,33.08,95.19,131.47,97.65,0,11.44,0
1297.47,122.06,169.44,135.64,103.24,83.66,79.33,168.83,195.58,186.83,33.45,27.92,33.14,138.06,154.47,106.54,23.29,14.71,11.39
1299.15,123.31,152.23,141.13,82.95,146.79,103.46,153.02,197.77,158.69,30.78,8.92,14.14,155.67,157.2,102.82,42.85,28.02,11.39
1300.84,171.81,170.28,160.54,110.92,153.18,135.19,159.8,185.56,163.49,29.61,26.04,14.14,222.56,169.88,105.39,61.14,28.02,35.19
1302.52,141.8,125.48,167.76,95.04,169.06,135.73,204.08,232.51,159.77,41.6,48.41,25.98,237.29,199.4,151.47,71.22,38.09,33.71
1304.2,139.92,122.49,133.13,127.31,126.75,116.09,209.18,282.95,226.55,66.64,48.41,25.98,265.86,219.1,202.72,90.12,31.65,35.08
1305.88,132.87,157.64,125.31,146.73,131.26,106.6,237.11,308.55,263.15,79.93,34.08,41,253.94,246.64,220.81,122.84,64.23,33.91
1307.56,126.62,167.61,107.63,156.64,124.92,120.59,213.53,246.97,264.9,64.37,2.79,15.02,251.19,254.34,233.41,118.39,50.43,24
1309.24,127.85,145.05,114.1,165.36,144.06,116.73,230.77,217.22,239.14,45.29,33.9,27.91,230.94,292.56,203.18,88.75,48.46,27.15
1310.91,134.23,133.98,123.05,150.23,144.02,94.35,221.5,211.62,263.88,10.62,45.36,12.89,267.87,269.95,247.8,47.6,15.87,4.52
1312.59,136.97,148.6,104.7,155.8,149.35,89.68,231.62,235.39,230.65,17.39,60.62,46.47,265.86,261.73,230.47,29.49,9.43,8.77
1314.26,156.53,145.7,106.82,161.53,147.49,117.16,251.88,209.33,244.92,19.65,37.6,33.58,292.01,286.69,256.66,48.54,13.47,4.25
1315.94,118.78,118.16,88.65,156.95,127.67,153.01,233.87,216.64,222.23,19.65,23.36,52.69,264.57,278.71,239.57,50.96,21.31,4.73
1317.61,122.18,72.44,98.62,147.53,104.67,118.33,207.67,179.11,249.36,8.23,8.09,25.66,280.96,230.57,198.98,40.16,19.94,0.48
1319.28,102.61,66.75,67.07,100.15,70.04,105.04,174.85,181.62,226.53,0,0,25.66,246.41,153.15,199.79,37.78,7.84,0.48
1320.95,109.96,55.65,40.33,48.98,65,60.33,160.3,177.07,188.97,0,0,6.55,213.47,116.35,118.89,25.49,0,0
1322.62,120.24,55.8,4.35,19.78,29.44,49.54,162.35,173.78,145.34,0,0,0,119.9,92.5,83.96,25.49,12.41,0
1324.29,69.88,51.76,12.55,38.06,46.47,26.24,125.89,158.65,116.53,0,0,0,68.75,56.82,4.53,16.46,12.41,0
1325.96,47.55,63.64,44.79,38.06,27.51,14.4,143.36,107.78,127.66,0,0,0,14.88,27.44,0,26.19,12.41,0
1327.63,34.26,49.22,51.55,57.64,27.51,14.4,109.21,109.29,137.82,0,0,0,21.99,20.58,0,26.19,0,0
1329.29,34.26,65.38,43.41,43.15,10.77,30.32,149.99,93.06,107.59,0,0,0,35.8,0,0,9.73,0,0
1330.96,39.24,80.58,6.83,48.62,27.65,42.75,115.49,128.21,78.06,0,0,0,39.99,0,0,0,0,0
1332.62,18.15,80.03,0.06,51.76,57.99,67.64,106.58,101.63,84.46,0,0,0,32.88,7.8,0,0,11.18,0
1334.28,49.71,60.07,44.79,46.82,66.8,46.45,103.94,101.31,118.13,0,0,0,8.3,7.8,14.95,16.42,11.18,0
1335.95,80.12,46.35,80.59,64.47,80.87,56.85,108.56,89.58,135.39,0,0,0,11.33,7.8,14.95,16.42,11.18,0
1337.61,103.34,54.45,85.95,45.94,60.09,38.4,105,93.35,113.81,0,0,0,14.12,0,14.95,16.42,0,0
1339.27,91.26,48.58,47.44,46.44,67.01,41.31,109.82,90.82,103.6,0,0,0,13.97,0,0,0,0,0
1340.92,97.88,64.4,49.29,83.65,63.63,82.27,121.35,98.33,82.09,0,0,0,26.62,2.28,13.36,18.59,0,0
1342.58,89.86,51.58,46.84,113.9,56.95,116.26,169.92,120.55,87.63,0,0,0,55.99,2.28,13.36,18.59,0,0
1344.24,91.2,68.47,87.75,136.84,91.31,125.28,154.53,158.48,79.88,0,0,0,109.49,19.34,21.42,18.59,24.19,0
1345.89,77.9,54.04,89.69,93.16,80.71,109.34,144.51,135.79,107.83,0,0,0,123.3,40.64,8.06,35.3,24.19,0
1347.55,95.64,77.31,100.32,88.17,110.14,99.43,127.88,153.46,117.82,0,0,0,110.17,73.65,28.35,49.49,24.19,3.32
1349.2,94.96,104.5,99.87,87.45,87.16,126.79,156.17,155.07,152.4,0,0,0,119.32,71.28,28.22,49.49,0,3.32
1350.86,94.53,123.28,88.34,121.31,114.44,112.73,171.72,182.27,171.92,0,0,0,142.07,112.18,48.25,30.76,12.11,3.32
1352.51,89.35,103.3,94.73,112.44,123.64,101.6,178.87,168.07,197.03,0,0,0,149.11,111.7,83.01,23.95,12.11,0
1354.16,89.53,71.02,66.15,125.6,117.88,85.83,176.4,190.91,183.17,0,1.21,6.65,123.53,124.27,100.82,23.95,18.54,0
1355.81,55.63,37.32,47.81,107.01,98.38,67.32,133.52,187,143.92,0,1.21,6.65,126.23,108.12,110.91,16.44,6.43,0
1357.46,27.31,63.54,40.06,115.68,101.79,64.4,154.57,196.36,137.92,0,6.4,18.49,168.2,151.92,96.28,33.2,16.12,0
1359.1,6.99,46.88,29.78,91.5,92.36,41.29,146.43,180.54,152.4,0,5.19,11.84,213,173.87,99.15,45.65,9.69,0
1360.75,7.4,48.82,29.08,65.58,104.18,47.11,170.9,161.98,169.15,0,5.19,11.84,197.74,156.11,114.29,36.59,9.69,0
1362.4,5.16,17.82,16.9,65.69,72.7,30.65,153.06,162.79,163.93,0,0,0,206.21,160.72,111.49,12.45,0,0
1364.04,17.76,20.83,9.02,41.87,66.92,39.86,122.6,126.97,159.75,0,0,0,202.06,162.06,110.07,0,0,0
1365.68,21.35,3.01,0,56.82,32.95,30.89,159.96,137.63,178.05,0,0,0,248.07,184.23,118.49,0,0,0
1367.33,34.75,44.24,8.48,28.92,41.79,61.38,166.8,142.44,177.5,0,0,0,261.58,158.57,128.07,0,0,0
1368.97,26.85,41.23,8.48,69.35,43,65.25,230.68,139.63,146.99,0,0,0,250.8,158.29,136.36,5.24,9.81,0
1370.61,29.74,49.61,8.48,100.63,42.36,53.13,214.71,131.29,99.29,0,0,0,194.19,184.17,121.49,5.24,20.35,0
1372.25,12.06,8.38,31.63,122.28,27.74,37.18,228.77,126.33,113.29,6.91,6.83,1.61,170.3,174.43,122.68,5.24,36.52,0
1373.89,7.37,22.93,69.14,91.07,23.27,33.7,204.99,164.51,134.78,27.35,6.83,1.61,193.23,189.86,121.69,0,46.75,0
1375.53,2.79,33.55,69.14,69.89,51.84,78.74,167.24,198.73,185.63,27.35,6.83,2.06,188.55,161.34,95.42,0,36.21,0
1377.16,39.73,93.1,47.7,78.97,70.99,114.22,146.75,221.21,196.74,20.44,13.36,5.75,157.8,181.43,96.42,16.45,35.74,0
1378.8,42.39,96.21,10.19,96.97,68.73,95.95,122.85,194.61,180.44,0,13.36,5.75,85.66,156.12,61.92,16.45,15.7,0
1380.43,50.33,77.21,19.64,91,60.5,52.39,145.66,116.38,107.57,0,13.36,5.29,53.91,106.02,49.37,16.45,15.7,0
1382.07,49.74,41.48,35.94,76.85,70.42,38.3,122.28,57.63,42.45,0,0,0,22.97,40.39,0,0,0,0
1383.7,67.28,35.22,49.03,55.83,65.81,47.35,105.71,52.36,29.48,0,0,0,5.23,1.45,0,0,0,0
1385.33,68.74,57.66,59.71,66.74,110.79,69.33,120.07,87.02,40.7,19.3,2.93,9.9,32.4,29.63,17.12,8.72,2.99,0
1386.96,58.77,72.89,68.97,88.57,87.02,54.56,130.35,132.6,40.58,19.3,2.93,33.67,27.97,55.76,43.51,24.06,2.99,1.04
1388.59,38.57,77.8,100.59,127.43,95.96,44.6,140.34,151.21,75.82,19.3,11.41,37.34,50.42,75.75,65.52,24.71,5.57,1.04
1390.22,37.98,74.74,90.23,139.66,58.92,56.89,151.03,160.52,119.42,0,8.48,27.44,72.62,65.11,48.4,25.05,5.92,12.28
1391.85,23.98,35.7,57.45,98.14,84.8,44.77,162.64,144.09,177.62,14.75,8.48,13.8,92.28,57.75,22.01,13.64,11.8,11.24
1393.47,23.98,44.02,39.14,83.76,69.09,44.77,178.39,132.14,182.96,14.75,24.15,10.14,104.24,49.88,22.39,13,29.89,11.24
1395.1,12.38,24.64,29.36,63.19,38.86,14.26,151.29,98.33,140.44,14.75,24.15,10.14,87.02,54.5,57.35,3.94,26.55,0
1396.72,0,24.64,26.39,95.87,2.95,14.01,127.78,89.78,97.85,0,24.15,0,104.4,65.38,58.12,0,20.66,0
1398.35,0,0,0,89.7,3.25,51.47,140.09,74.37,48.06,0,0,0,99.27,79.43,49.43,0,0,0
1399.97,0,0,0,62.04,3.25,46.24,132.31,79.22,47.86,0,0,0,101.74,57.27,14.47,0,0,0
1401.59,0,0,0,25.93,0.3,37.46,140.35,42.69,21.77,0,0,0,78.04,31.41,13.7,0,0,0
1403.21,0,0,0,1.41,0,0,84.3,28.27,12.12,0,0,0,48.76,3.79,0,0,0,0
1404.83,0,0,0,1.41,0,0,48.34,19.55,0,0,0,0,13.34,3.79,0,0,0,0
1406.45,0,0,0.57,0,0,0,11.76,19.55,0,0,0,0,0,0,0,0,0,0
1408.07,0,0,0.57,0,0,0,0,8.53,0,0,0,0,0,0,0,0,0,0
1409.68,0,0,0.57,0,0,0,3.82,0,0,0,0,0,0,0,0,0,0,0
1411.3,0,0,0,0,0,0,12.87,21.89,0,0,0,0,0,0,0,0,0,0
1412.91,0,0,0,0,0,0,12.87,21.89,0,0,0,0,0,0,0,0,0,0
1414.53,0,0,0,0,5.74,0,9.05,21.89,0,0,0,0,0,0,0,0,0,0
1416.14,0,0,0,0,5.74,0,0,0,0,0,0,0,0,0,0,0,0,0
1417.75,0,0,0,6.5,5.74,0,0,0,0,0,0,0,0,0,0,0,0,0
1419.36,0,0,0,24.01,0,0,0,0,0,0,0,0,0,0,0,0,0,0
1420.97,0,0,0,24.01,0,0,0,0,0,0,0,0,0,0,0,0,0,0
1422.58,0,0,0,30.05,1.32,0.78,0,8.36,0,0,0,0,0,0,0,0,0,0
1424.19,1.32,0,0,21.57,18.13,4.4,0,31.13,0,0,0,0,0,0,0,0,10.44,5.97
1425.79,1.32,3.93,0,36.97,29.68,4.4,0,47.87,0,0,0,0,0,0,0,0,40.2,5.97
1427.4,3.05,3.93,0,36.66,28.36,14.14,27.51,48.34,18.41,0,5.67,3.48,0,0,0,0.77,46.72,25.85
1429,1.73,5.4,0,27.64,21.03,10.52,66.36,25.57,36.45,11.23,5.67,7.47,0,0,0,1.19,36.28,38.52
1430.6,1.73,1.47,6.95,29.16,26.27,19.11,85.12,48.21,44.69,11.23,5.67,7.47,0,1.66,0,13.17,24.27,63.8
1432.21,0,12.95,7.47,19.92,35.5,8.58,65.4,68.76,60.19,31.18,12.61,3.99,0,2.46,0,27.06,49.85,71.97
1433.81,0,11.48,7.47,37.46,26.02,16.81,54.49,86.94,42.14,19.95,32.26,0,6.72,3.52,0,66.42,113.42,77.61
1435.41,0,14.88,0.52,20.84,26.12,8.23,57.05,72.76,35.58,26.85,54.49,0,34.54,2.42,0,96.25,149.94,66.05
1437.01,0,3.4,0,17.84,24.03,8.23,78.74,47.73,1.68,25.51,41.88,0,34.54,8.13,1.14,112.54,173.94,64.97
1438.61,0,3.4,0,0.3,42.52,5.27,69.24,49.5,1.68,32.61,47.33,0,27.82,27,38.34,134.65,133.73,102.36
1440.2,0,0,0,21.76,33.7,5.27,62.55,55.4,0,42.2,35.57,20.5,6.3,29.67,52.83,131.55,145.66,133.56
1441.8,0,0,0,33.2,26.56,24.16,47.99,79.78,1.45,50.25,43.54,29.45,19.31,47.5,71.62,152.26,153.4,168.56
1443.4,0,0,0,33.2,8.08,48.16,46.45,86.85,1.45,61.31,39.26,55.17,46.03,40.03,61.77,142.66,198.49,183.59
1444.99,9.36,0,0.99,11.45,31,64.6,32.5,67.49,31.56,62.28,46.55,47.3,70.29,68.48,68.51,166.3,210.84,203.86
1446.58,9.36,9.56,3.71,8.9,31,45.71,34.47,43.05,47.39,48.82,81.08,60.33,108.14,64.53,62.51,173.2,200.09,213.39
1448.18,9.36,9.84,3.71,16.07,33.25,16.44,18.01,32.86,59.51,45.93,89.84,54.59,81.42,72.83,74.44,188,207.26,192.83
1449.77,0,9.84,2.72,16.07,2.25,3.54,45.24,59.03,44.95,60.72,96.95,78.87,50.86,64.16,83.41,194.83,198.79,203.62
1451.36,0,0.28,4.84,7.17,11.34,3.54,46.17,54.74,44.4,62.86,75.07,79.5,47.36,60.87,88.4,201.68,243.67,226.12
1452.95,0,18.6,25.65,0,38.05,46.93,86.34,73.17,54.1,95.23,92.1,84.03,55.28,54.83,60.66,227.78,254.47,258.85
1454.53,0,27.71,25.65,0,61.46,49.55,96.42,71.85,59.05,97.51,93.03,65.79,77.33,83.37,42.17,237.46,249.17,244.84
1456.12,0,33.8,20.81,13.8,56.33,78.26,79.75,91.92,75.24,108.36,89.86,62.46,53.61,69.85,23.25,242.05,198.13,213.07
1457.71,0,15.48,8.54,19.04,39.45,50.04,64,72.42,61.67,81.11,73.92,65.36,45.68,78.9,57.61,201.88,152.99,168.22
1459.29,0,19.95,11.73,24.17,39.37,76.62,28.04,52.72,74.9,91.65,52.78,95.06,58.35,39.77,80.78,154.51,156.33,145.17
1460.88,4.67,49.22,41.7,19.84,65.43,85.01,60.22,74.49,86.6,95.64,78.42,111.87,74.5,63.79,129.45,139.61,169.46,148.25
1462.46,35.82,71.83,44.02,34.2,65.84,109.41,68.08,117.61,109.65,118.32,87.08,153.37,102.12,64.5,126.46,140.74,204.95,189.03
1464.04,86.81,62.67,79.24,67.48,75.16,108.39,92.19,169.64,123.62,127.23,142.64,185.76,87.88,122.46,180.4,203.77,202.02,251.38
1465.62,146.95,96.31,120.25,103.88,82.95,133.51,134.77,192.14,146.04,184.93,207.98,201.28,120.78,163.23,198.48,262.6,217.88,301.53
1467.2,164.33,114.84,175.83,138.54,122.66,154.2,175.25,212.22,182.71,221.2,234.23,219.7,136.6,185.59,238.47,317.01,240.33,309.27
1468.78,166.38,145.05,183.08,152.88,131.72,145.92,202.09,204.65,219.4,245.15,282.15,234.8,208.12,193.98,264.83,330.77,274.46,308.02
1470.36,142.34,125.16,158.23,141.14,141.35,119.22,180.18,213.98,217.33,225.32,292.64,275.46,224.56,206.95,302.78,319.77,281.16,306.35
1471.94,155.2,131.84,139.62,130.64,137.23,113.76,158.17,210.89,222.84,227.07,318.36,266.69,278.91,248.84,278.98,305.02,248.78,303.26
1473.52,136.4,121.86,149.02,108.49,140.8,138.65,138.52,226.83,196.7,231.16,279.42,234.93,279.96,256.76,271.21,285.29,208.75,285.2
1475.09,144.61,102.23,134.43,101.04,132.06,137.23,131.88,198.78,189.91,227.92,215.5,215.18,266.7,238.38,242.81,261.91,196.74,248.15
1476.67,139.28,107.05,143.29,91.38,135.11,118.95,118.05,190.19,175.91,239.15,180.02,227.55,270.24,240.8,283.21,265.66,222.2,245.9
1478.24,158.07,117.32,113.94,87.19,107.97,118.13,140.01,157.4,159.71,233.82,190.34,255.37,267.6,258.36,297.08,259.21,248.79,258.79
1479.81,177.98,121.05,136.71,116.8,113.62,127.77,137.76,167.74,145.98,251.61,240.77,255.32,305.09,278.39,339.76,275.88,281.84,287.14
1481.38,189.91,126.78,153.83,130.76,113.96,106.44,141.54,157.43,160.92,242.42,289.55,258.6,319.6,280.45,347.8,276.58,272.57,317.51
1482.95,172.73,160.09,173.51,154.64,137.88,141.02,123.56,164.7,187.11,279.79,300.22,264.12,317.37,306.42,354.76,312.85,286.22,335.13
1484.52,134.45,166.28,165.75,114.76,113.37,125.17,103.81,153.54,187.2,282.39,281.12,282.87,301.71,327.98,368.63,325.36,299.1,335.65
1486.09,120.62,156.6,154.45,114.34,92.66,164.12,123.53,170.5,180.09,295.1,310.48,299.4,287.86,367.33,403.31,361.34,346.45,346.3
1487.66,152.58,128.37,161.6,99.38,100.75,125.2,146.38,186.93,192.44,292.27,330.28,333.05,310.14,352.83,444.79,349.77,378.92,379.09
1489.22,136.88,110.15,162.42,122.45,152.86,151.97,171.58,212.37,178.47,329.79,348.76,319.71,324.79,363.68,465.97,339.56,396.42,392.89
1490.79,113.97,121.72,151.36,110.98,166.43,145.2,159.57,210.27,177.63,350.42,347.69,303.15,306.9,360,488.95,341.14,389.04,406.49
1492.35,75.29,128.51,105.2,112.42,152.58,137.34,154.13,182.08,115.35,331.94,339.52,279.49,317.25,345.57,462.84,315.29,370.9,363.33
1493.92,102.06,128.76,90.5,93.33,99.19,148.61,129.83,171.35,114.87,327.25,341.46,311.28,317.74,387.94,444.53,346.24,342.23,375.63
1495.48,98.95,87.45,59.57,70.7,86.93,130.01,158.98,117.08,108.52,325.35,313.19,349.86,373.03,392.78,446.7,296.65,348.35,373.07
1497.04,137.84,50.82,83.32,75.09,99.03,151.09,169.48,122.49,155.51,340.45,345.92,376.1,380.34,449.64,472.22,337.41,332.15,405.18
1498.6,105.64,50.42,89.3,74.38,125.03,123.75,204.88,94.8,164.41,347.78,336.55,393.25,393.57,427.74,450.32,319.4,343.52,375.21
1500.16,77.51,55.03,91.29,95.03,155.71,143.09,175.64,128.79,181.99,350.11,337.18,372.39,366.15,453.87,473.77,360.75,315.58,384.25
1501.72,64.98,96.97,100.62,81.03,168.08,164.46,170.07,139.8,187.58,388.45,320.81,382.55,389.41,464.35,461.25,387.78,352.65,414.31
1503.27,73.35,104.48,110.5,78.94,170.03,161.39,142.74,184.05,238.07,393.35,348.34,399.92,406.92,496.08,525.64,423.37,350.29,448.94
1504.83,113.99,126.66,120.4,90.53,142.65,177.01,156.76,185.3,255.58,407.93,374.54,442.31,456.12,499.82,511.72,428.32,379.29,452.92
1506.38,101.82,111.95,134.74,93.25,155.74,183.43,183.24,176.02,265.54,412.28,413.19,450.47,490.78,533.7,572.26,422.72,409.4,475.69
1507.94,102.43,112.36,113.86,112.43,149.63,210.3,193.17,170.85,231.29,397.75,416.29,442.09,540.9,562.37,580.94,409.59,426.65,514.92
1509.49,92.72,103.11,138.33,107.63,168.87,204.2,217.12,196.04,236.06,419.89,467.39,433.71,611.04,621.4,641.3,429.47,450.24,532.51
1511.04,70.67,90.2,130.46,109.52,151.45,175.77,225.08,223.9,260.17,413.37,472.16,451,624.54,626.45,674.02,425.69,433.84,515.11
1512.59,107.52,88.18,161.49,127.31,180.61,190.92,277.94,233.66,306.51,456.74,508.15,465.18,659.28,675.4,726.65,443.15,450.02,529.94
1514.14,125.6,94.72,163.42,152.67,204.67,216.31,295.36,269.99,311.42,480,502.37,507.25,655.92,708.93,766.52,422.51,463.43,564.01
1515.69,169.79,118.71,180.12,194.16,209.53,237.49,330.25,280.78,349.79,492.71,517.7,509.44,731.02,783.92,799.85,449.33,467.63,582.55
1517.24,193.43,171.48,191.27,235.45,227.85,236.8,354.59,307.69,410.6,522.87,560.48,562.4,806.59,881.37,892.31,458.28,468.96,569.2
1518.79,236.08,196.59,189.76,293.08,251.51,255.13,396.61,331.94,487.77,549.36,586.6,581.04,913.84,975.18,980.79,494.9,495.63,556.87
1520.34,248.06,213.7,179.26,302.4,296.53,283.8,407.97,382.86,516.94,576.85,632.71,618.68,951.44,1038.33,1012.29,506.54,508.32,567.23
1521.88,258.39,233.14,198.42,310.07,304.23,347.49,464.68,435.47,519.12,584.68,633.16,643.98,961.05,1047.83,1057.13,533.85,539.35,575.92
1523.42,233.6,262.81,199.14,288.97,266.83,343.08,483.95,450.64,492.54,561.4,644.17,652.18,983.57,1060.24,1077.55,536.4,529.28,609.19
1524.97,236.26,283.27,229.64,315.34,242.55,352.8,510.01,477.6,485.4,580.57,626.62,659.49,1030.55,1093.77,1165.43,539.4,528.66,597.58
1526.51,224.04,284.83,240.59,303.16,249.41,325.31,509.85,487.67,485.06,592.51,656.18,658.57,1082.99,1156.76,1204.44,538.86,546.17,625.43
1528.05,250.26,283.18,257.99,315.45,301.72,341.28,505.15,513.2,504.16,638.9,673.53,701.11,1129.88,1177.22,1229.58,542.44,552.47,631.07
1529.59,248.15,268.85,266.38,307.08,300.05,343.26,505.46,534.74,520.61,644.63,675.53,700.64,1195.46,1215.02,1246.06,557.37,577.78,646.38
1531.13,237.49,224.31,248.23,324.17,288.16,331.04,512.22,543.73,539.84,655.8,669.99,707.62,1195.49,1199.94,1258.67,552.41,560.22,634.16
1532.67,225.16,218.77,247.41,300.61,281.3,323.83,500.66,558.73,544.75,658.96,633.77,660.93,1170.87,1208.54,1254.63,519.47,543.66,604.94
1534.2,219.95,217.35,225.7,323.17,317.55,317.08,503.88,530.18,513.44,672.58,617,655.35,1100.04,1165.94,1260.04,469.31,527.22,609.51
1535.74,249.41,236.92,228.65,328.42,334.16,321.34,463.44,498.63,505.47,654.19,581.89,619.1,1075.23,1136.35,1206.81,419.5,494.13,586.76
1537.28,239.2,208.83,224.95,285.01,327.44,312.28,445.35,423.43,467.84,622.46,567.78,608.85,1036.09,1097.43,1135.25,383.03,418.71,503.02
1538.81,237.77,209.84,224.68,249.39,319.51,302.01,429.37,430.34,480.99,604.85,571.45,611.05,1030.07,1093.97,1107.82,365.68,378.75,441.74
1540.34,229.56,192.75,229.64,222.34,311.49,317.98,423.29,431.82,453.38,596.79,576.34,624.46,1065.62,1098.08,1124.28,369.89,361.02,422.02
1541.88,228.8,230.1,229.05,282.42,310.92,322.4,453.65,467.08,458.54,580.84,605,638.99,1107.29,1130.98,1184.87,412.89,395.07,445.09
1543.41,259.15,264.57,245.9,300.28,344.15,354.28,485.14,479.46,478.16,607.67,629.44,645.62,1176.09,1154.33,1210.92,438.68,402.25,476.61
1544.94,280.49,311.36,268.41,346.83,392.05,362.84,563.96,494.84,539.11,658.16,665.88,681.92,1227.89,1174.69,1241.65,466.47,424.09,497.48
1546.47,311.07,327.04,301.81,368.61,429.18,389.64,598.01,551.78,605.62,749.87,719.2,703.78,1280.59,1249.29,1294.6,495.17,465.51,568.24
1547.99,340.97,358.06,330.55,426.4,418.66,408.11,652.73,605.06,652.81,779.91,755.51,728.29,1334.97,1319.22,1351.9,537.2,523.93,615.68
1549.52,339.54,368.07,343.28,469.54,422.49,457.59,670.13,685.67,709.33,796.28,792.16,744.47,1393.68,1404.83,1410.88,554.57,553.69,663.79
1551.05,344.67,368.31,376.24,505.24,445.21,477.97,693.75,674.85,748.07,771.21,776.03,769.54,1405.3,1414.34,1435.76,536.5,531.68,644.8
1552.57,345.9,375.98,367.64,518.07,446.4,479.48,662.82,647.8,747.27,752.24,757,781.04,1412.03,1431.64,1437.75,513.22,485.46,609.27
1554.1,351.7,402.22,369.59,527.8,461.14,472.55,664.45,643.99,725.69,758.16,736.19,756.43,1415.66,1424.16,1436.64,505.5,465.46,558.96
1555.62,408.04,435.67,360.43,545.09,446.79,513.85,649.63,683.73,700.66,780.29,755.94,764.71,1471.52,1425.58,1461.1,504.35,482.36,565.88
1557.14,433.6,444,422.82,533.95,505.67,542.06,679.04,719.03,704.53,781.98,790.56,757.2,1509.27,1416.56,1492.45,524.42,488.82,558.36
1558.66,464.39,450.89,455.1,525.71,503.78,527.82,643.68,692.55,705.63,755.88,744.41,746.25,1500.25,1392.44,1477.37,494.05,462.18,551.08
1560.18,436.51,433.45,471.71,520.81,516.9,488.94,659.99,666.74,716.39,713.11,698.91,711.95,1481.91,1384.32,1464.29,459.35,409.54,512.8
1561.7,436.95,398.33,473.64,534.26,484.7,490.72,648.29,637.6,707.15,692,644.74,700.99,1447.23,1389.21,1424.88,419.66,390.24,492.86
1563.22,453.51,375.99,457.69,523.16,452.28,495.97,663.38,652.57,700.69,661,661.35,732.79,1425.34,1418.21,1456.26,415.42,395.06,474.03
1564.74,476.51,376.42,451.85,510.85,432.32,493.99,636.58,635.99,690.34,655.11,686.72,701.37,1391.9,1397.66,1435.76,409.96,390.99,442.66
1566.25,469.95,392.63,434.11,519.66,404.48,453.81,576.56,621.19,688.44,658.98,682.87,659.39,1366.9,1376.56,1422.7,370.29,367.71,414.4
1567.77,474.72,402.16,405.7,529.48,414.31,440.97,539.2,591.05,658.2,636.85,666.01,615.73,1330.24,1340.14,1377.65,342.95,328.76,388.48
1569.28,462.48,415.03,388.29,518.64,408.82,437.47,499.85,595.91,603.63,598.05,631.14,605.74,1287.92,1342.71,1388.94,323.61,336.48,377.23
1570.79,431.91,413.88,370.53,496.14,391.34,428.64,523.49,585.44,596.73,578.91,606.94,597.74,1256.93,1323.29,1411.23,326.61,345.88,387.32
1572.31,376.89,409.63,378,503.54,378.42,431.05,565.69,583.19,621.05,644.31,632.94,620.95,1277.17,1356.42,1458.08,360.84,374.16,430.97
1573.82,370.42,380.59,385.69,500.17,383.4,426.35,623.45,605.5,684.92,690.93,666.83,675.05,1300.63,1391.11,1458.82,419.96,411.34,490.18
1575.33,359.4,355.65,375.81,497.92,418.16,418.1,623.65,611.58,693.23,722.99,722.82,733.58,1334.21,1402.25,1446.01,477.85,438.97,511.84
1576.84,370.58,351.94,368.15,480.57,451.49,394.08,619.4,614.88,678.44,687.6,713.7,730.99,1326,1351.28,1433.09,494.98,482.48,513.05
1578.34,335.88,351.66,325.93,453.67,436.26,381.18,557.93,539.29,614.08,655.64,676.67,669.85,1294.24,1293.42,1375.28,448.55,455.11,464.38
1579.85,337.06,351.6,278.26,429,382.27,334.85,489.35,497.26,545.28,583.56,604.53,640.58,1183.71,1210.78,1281.36,375.01,407.97,426.27
1581.36,303.9,324.53,246.25,368,323.95,285.52,398.76,404.22,445.81,509.81,562.38,570.3,1106.5,1150.14,1143.78,314.8,331.16,354.83
1582.86,291.29,296.68,227.45,358.23,326.86,241.42,366.73,379.4,400.89,461.61,509.1,563.57,1033.86,1085.06,1099.09,314.16,288.91,326.94
1584.37,271.78,265.93,247.1,322.58,346.88,257.43,349.14,356.69,356.74,439.5,489.6,520.94,1005.98,1082.75,1098.17,343.29,290.43,331.5
1585.87,281.5,284.73,258.62,359.49,360.8,289.34,395.43,391.53,382.48,470.95,484.3,539.86,991.33,1092.33,1093.81,379.31,340.85,375.62
1587.37,306.53,288.19,286.47,363.41,342.06,302.26,425.39,417.7,419.88,486.05,522,552.44,1004.35,1090.57,1114.78,392.66,399.93,404.74
1588.87,289.01,300.09,260.43,355.11,311.11,304.29,428.12,406.31,438.72,491.58,513.47,533.78,973.47,1048.92,1068.86,362.13,397.46,368.3
1590.37,269.92,258.42,241.16,290.93,284.93,272.78,338.95,346.02,385,452.22,471.7,483.89,929.7,954.72,1034.38,300.71,325.77,311.31
1591.87,228.05,257.3,228.43,270.97,252.32,255.49,272.68,293.62,309.5,388.73,398.14,435.55,827.81,851.73,921.12,253.18,249.3,249.21
1593.37,246.51,237.51,226.7,252.03,245.71,237.54,241.39,267.22,249,358.9,356.91,399.2,787.59,769.74,859.53,238.31,228.16,248.78
1594.86,260.4,250.15,226.73,267.53,243.55,260.7,247.22,285.92,263.59,325.84,337.78,391.28,742.47,755.53,817.04,250.55,253.13,272.79
1596.36,257.95,226.45,241.09,238.03,256.73,257.54,281.37,275.62,298.85,346.44,364.63,395.02,754.69,781.97,805.55,318.8,322.77,361.47
1597.86,240.61,240.86,247.56,285.32,282.69,292.49,340.62,306.08,352.88,369.8,407.92,430.52,768.34,842.52,861.17,441.48,433.85,481.92
1599.35,201.47,213.14,233.9,283.5,297.21,291.66,369.76,319.76,324.46,395.37,458.42,444.57,795.54,850.96,875,555.05,527.16,579.59
1600.84,206.78,223.19,202.34,297.8,289.18,298.62,353.33,335.88,292.48,394.37,420.35,440.72,797.52,829.16,883.61,605.4,596.24,611.38
1602.33,190.08,205.23,174.45,238.77,265.49,296.25,303.57,307.33,260.16,372.36,381.94,409.86,757.15,745.03,802.22,570.75,569.31,588.5
1603.83,194.47,202.05,157.65,223.52,226.24,258.33,268.57,279.55,264.27,379.46,333.29,386.09,675.22,679.67,744.59,533.21,517.83,548.72
1605.32,187.08,193.74,159.4,206.83,245.88,245.29,272.46,252.98,265.26,377.09,341.18,369.87,647.18,606.19,700.51,490.22,458.57,516.5
1606.8,189.24,170.97,165.7,216.03,232.42,219.15,245.56,216.95,222.81,331.6,310.62,305.2,589.68,527.26,659.32,406.11,363.2,427.83
1608.29,163.06,141.2,154.65,157.23,186.29,186.02,170.99,130.07,142.27,201.43,209.71,218.17,461.51,380.32,513.45,240.04,222.56,259.78
1609.78,134.31,100.85,114.71,101.21,112.61,142.66,66.99,52.49,48.41,82.86,93.8,89.62,239.77,228.14,327.36,88.52,73.46,103.46
1611.27,89.32,69.61,60.86,30.31,58.04,57.58,8.36,0,0,5.09,16.37,31.27,74.97,91.19,125.91,0,0,0
1612.75,57.26,43.25,27.44,12.39,40.1,26.51,0,0,0,0,0,0,3.2,30.84,49.05,0,0,0
1614.23,16.44,15.01,0.22,1.36,11.38,0,0,0,0,0,0,0,0,0,0,0,0,0
1615.72,0,3.44,0,0,0,0,0,0,0,0,0,0,0,0,0,0,0,0
1617.2,7.49,0,0,0,0,12.7,0,0,0,0,0,0,0,0,0,0,0,0
1618.68,7.49,0,16.44,4.9,26.59,12.7,0,0,0,0,0,0,21.19,0.3,0,0,0,0
1620.16,13.76,0,33.76,22.7,55.74,12.7,0,0.15,0,13.62,0,0,27.88,0.3,8.94,0,0,0
1621.64,17.15,22.83,61.73,44.49,87.55,23.24,0,20.62,3.38,13.62,8.95,10.85,40.19,5.87,16.26,3.46,0,0.86
1623.12,17.15,22.83,45.57,54.38,60.96,37.15,0,20.62,3.38,13.62,8.95,10.85,19,5.57,16.26,3.46,0,0.86
1624.59,10.88,22.83,53.18,64.04,50.62,49.71,0,20.47,3.38,0,8.95,10.85,12.31,5.57,7.32,3.46,0,0.86
1626.07,0,0,25.21,42.25,18.81,26.47,0,0,0,0,0,0,0,0,0,0,0,0
1627.54,0,0,24.92,27.46,18.81,12.57,0,0,0,0,0,0,0,0,0,0,0,0
1629.02,0,0,0,0,0,0,0,0,0,0,0,0,0,0,0,0,0,0
1630.49,0,0,0,0,0,0,0,0,0,0,0,0,0,0,0,0,0,0
1631.96,0,0,0,0,0,0,0,0,0,0,0,0,0,0,0,0,0,0
1633.43,0,9.59,0,0,0,0,0,0,0,0,0,0,0,0,0,0,0,0
1634.9,0,9.59,0,0,0,0,0,0,0,0,0,0,0,0,0,0,0,0
1636.37,0,9.59,0,0,0,0,0,0,0,0,0,0,0,0,0,0,0,0
1637.84,0,0,0,0,0,0,0,0,0,0,0,0,0,0,0,0,0,0
1639.31,0,0,0,0,2.67,0,0,0,0,0,0,0,0,0,0,0,0,0
1640.77,1.47,0,0,0,2.67,0,0,0,0,0,0,0,0,0,0,0,0,0
1642.24,1.47,5.6,11.04,0,2.67,0,0,0,0,0,0,0,0,0,0,0,0,0
1643.7,1.47,5.6,11.04,0,0,0,0,0,0,0,0,0,0,0,0,0,0,0
1645.17,0,5.6,11.04,0,0,0,0,0,0,0,0,0,0,0,0,0,0,0
1646.63,0,0,0,0,0,0,0,0,0,0,0,0,0,0,0,0,0,0
1648.09,0,0,0,0,0,0,0,0,0,0,0,0,0,0,0,0,0,0
1649.55,0,0,0,0,0,0,0,0,0,0,0,0,0,0,0,0,0,0
1651.01,0,0,0,0,0,0,0,0,0,0,0,0,0,0,0,0,0,0
1652.46,0,0,0,0,0,0,0,0,0,0,0,0,0,0,0,0,0,0
1653.92,0,0,0,0,0,0,0,0,0,0,0,0,0,0,0,0,0,0
1655.38,0,0,0,0,0,0,0,0,0,0,0,0,0,0,0,0,0,0
1656.83,0,0,0,0,0,0,0,0,0,0,0,0,0,0,0,0,0,0
1658.29,0,0,0,0,0,0,0,0,0,0,0,0,0,0,0,0,0,0
1659.74,0,0,0,0,0,0,0,0,0,0,0,0,0,0,0,0,0,0
1661.19,0,0,0,0,0,0,0,0,0,0,0,0,0,0,0,0,0,0
1662.64,0,0,0,0,0,0,0,0,0,0,0,0,0,0,0,0,0,0
1664.09,0,0,0,0,0,0,0,0,0,0,0,0,0,0,0,0,0,0
1665.54,0,0,0,0,0,0,0,0,0,0,0,0,0,0,0,0,0,0
1666.99,0,0,0,0,0,0,0,0,0,0,0,0,0,0,0,0,0,0
1668.44,0,0,0,0,0,0,0,0,0,0,0,0,0,0,0,0,0,0
1669.88,0,0,0,0,0,0,0,0,0,0,0,0,0,0,0,0,0,0
1671.33,0,0,0,0,0,0,0,0,0,0,0,0,0,0,0,0,0,0
1672.77,0,0,0,0,0,0,0,0,0,0,0,0,0,0,0,0,0,0
1674.21,0,0,0,0,0,0,0,0,0,0,0,0,0,0,0,0,0,0
1675.66,0,0,0,0,0,0,0,0,0,0,0,0,0,0,0,0,0,0
1677.1,0,0,0,0,0,0,0,0,0,0,0,0,0,0,0,0,0,0
1678.54,0,0,0,0,0,0,0,0,0,0,0,0,0,0,0,0,0,0
1679.97,0,0,0,0,0,0,0,0,0,0,0,0,0,0,0,0,0,0
1681.41,0,0,0,0,0,0,0,0,0,0,0,0,0,0,0,0,0,0
1682.85,0,0,0,0,0,0,0,0,0,0,0,0,0,0,0,0,0,0
1684.29,0,0,0,0,0,0,0,0,0,0,0,0,0,0,0,0,0,0
1685.72,0,0,0,0,0,0,0,0,0,0,0,0,0,0,0,0,0,0
1687.15,0,0,0,0,0,0,0,0,0,0,0,0,0,0,0,0,0,0
1688.59,0,0,0,0,0,0,0,0,0,0,0,0,0,0,0,0,0,0
1690.02,0,0,0,0,0,0,0,0,0,0,0,0,0,0,0,0,0,0
1691.45,0,0,0,0,0,0,0,0,0,0,0,0,0,0,0,0,0,0
1692.88,0,0,0,0,0,0,0,0,0,0,0,0,0,0,0,0,0,0
1694.31,0,0,0,0,0,0,0,0,0,0,0,0,0,0,0,0,0,0
1695.74,0,0,0,0,0,0,0,0,0,0,0,0,0,0,0,0,0,0
1697.16,0,0,0,0,0,0,0,0,0,0,0,0,0,0,0,0,0,0
1698.59,0,0,0,0,0,0,0,0,0,0,0,0,0,0,0,0,0,0
1700.01,0,0,0,0,0,0,0,0,0,0,0,0,0,0,0,0,0,0
1701.44,0,0,0,0,0,0,0,0,0,0,0,0,0,0,0,0,0,0
1702.86,0,0,0,0,0,0,0,0,0,0,0,0,0,0,0,0,0,0
1704.28,0,0,0,0,0,0,0,0,0,0,0,0,0,0,0,0,0,0
1705.7,0,0,0,0,0,0,0,0,0,0,0,0,0,0,0,0,0,0
1707.12,0,0,0,0,0,0,0,0,0,0,0,0,0,0,0,0,0,0
1708.54,0,0,0,0,0,0,0,0,0,0,0,0,0,0,0,0,0,0
1709.96,0,0,0,0,0,0,0,0,0,0,0,0,0,0,0,0,0,0
1711.38,0,0,0,0,0,0,0,0,0,0,0,0,0,0,0,0,0,0
1712.79,0,0,0,0,0,0,0,0,0,0,0,0,0,0,0,0,0,0
1714.21,0,0,0,0,0,0,0,0,0,0,0,0,0,0,0,0,0,0
1715.62,0,0,0,0,0,0,0,0,0,0,0,0,0,0,0,0,0,0
1717.04,0,0,0,0,0,0,0,0,0,0,0,0,0,0,0,0,0,0
1718.45,0,0,0,0,0,0,0,0,0,0,0,0,0,0,0,0,0,0
1719.86,0,0,0,0,0,0,0,0,0,0,0,0,0,0,0,0,0,0
1721.27,0,0,0,0,0,0,0,0,0,0,0,0,0,0,0,0,0,0
1722.68,0,0,0,0,0,0,0,0,0,0,0,0,0,0,0,0,0,0
1724.08,0,0,0,0,0,0,0,0,0,0,0,0,0,0,0,0,0,0
1725.49,0,0,0,0,0,0,0,0,0,0,0,0,0,0,0,0,0,0
1726.9,0,0,0,0,0,0,0,0,0,0,0,0,0,0,0,0,0,0
1728.3,0,0,0,0,0,0,0,0,0,0,0,0,0,0,0,0,0,0
1729.71,0,0,0,0,0,0,0,0,0,0,0,0,0,0,0,0,0,0
1731.11,0,0,0,0,0,0,0,0,0,0,0,0,0,0,0,0,0,0
1732.51,0,0,0,0,0,0,0,0,0,0,0,0,0,0,0,0,0,0
1733.91,0,0,0,0,0,0,0,0,0,0,0,0,0,0,0,0,0,0
1735.31,0,0,0,0,0,0,0,0,0,0,0,0,0,0,0,0,0,0
1736.71,0,0,0,0,0,0,0,0,0,0,0,0,0,0,0,0,0,0
1738.11,0,0,0,0,0,0,0,0,0,0,0,0,0,0,0,0,0,0
1739.51,0,0,0,0,0,0,0,0,0,0,0,0,0,0,0,0,0,0
1740.9,0,0,0,0,0,0,0,0,0,0,0,0,0,0,0,0,0,0
1742.3,0,0,0,0,0,0,0,0,0,0,0,0,0,0,0,0,0,0
1743.69,0,0,0,0,0,0,0,0,0,0,0,0,0,0,0,0,0,0
1745.08,0,0,0,0,0,0,0,0,0,0,0,0,0,0,0,0,0,0
1746.48,0,0,0,0,0,0,0,0,0,0,0,0,0,0,0,0,0,0
1747.87,0,0,0,0,0,0,0,0,0,0,0,0,0,0,0,0,0,0
1749.26,0,0,0,0,0,0,0,0,0,0,0,0,0,0,0,0,0,0
1750.65,0,0,0,0,0,0,0,0,0,0,0,0,0,0,0,0,0,0
1752.03,0,0,0,0,0,0,0,0,0,0,0,0,0,0,0,0,0,0
1753.42,0,0,0,0,0,0,0,0,0,0,0,0,0,0,0,0,0,0
1754.81,0,0,0,0,0,0,0,0,0,0,0,0,0,0,0,0,0,0
1756.19,0,0,0,0,0,0,0,0,0,0,0,0,0,0,0,0,0,0
1757.58,0,0,0,0,0,0,0,0,0,0,0,0,0,0,0,0,0,0
1758.96,0,0,0,0,0,0,0,0,0,0,0,0,0,0,0,0,0,0
1760.34,0,0,0,0,0,0,0,0,0,0,0,0,0,0,0,0,0,0
1761.72,0,0,0,0,0,0,0,0,0,0,0,0,0,0,0,0,0,0
1763.1,0,0,0,0,0,0,0,0,0,0,0,0,0,0,0,0,0,0
1764.48,0,0,0,0,0,0,0,0,0,0,0,0,0,0,0,0,0,0
1765.86,0,0,0,0,0,0,0,0,0,0,0,0,0,0,0,0,0,0
1767.24,0,0,0,0,0,0,0,0,0,0,0,0,0,0,0,0,0,0
1768.61,0,0,0,0,0,0,0,0,0,0,0,0,0,0,0,0,0,0
1769.99,0,0,0,0,0,0,0,0,0,0,0,0,0,0,0,0,0,0
1771.36,0,0,0,0,0,0,0,0,0,0,0,0,0,0,0,0,0,0
1772.73,0,0,0,0,0,0,0,0,0,0,0,0,0,0,0,0,0,0
1774.1,0,0,0,0,0,0,0,0,0,0,0,0,0,0,0,0,0,0
1775.48,0,0,0,0,0,0,0,0,0,0,0,0,0,0,0,0,9.78,0
1776.85,0,0,0,0,0,0,0,0,0,0,0,0,0,0,0,0,9.78,0
1778.21,0,0,0,0,0,0,0,0,0,0,0,0,0,0,0,0,9.78,0
1779.58,0,0,0,0,0,0,0,0,0,0,0,0,0,0,0,0,0,0
1780.95,0,0,0,0,0,0,0,0,0,0,0,0,0,0,0,0,0,0
1782.32,0,0,0,0,0,0,0,0,0,0,0,0,0,0,0,0,0,0
1783.68,0,0,0,0,0,0,0,0,0,0,0,0,0,0,0,0,0,0
1785.04,0,0,0,0,0,0,0,0,0,0,0,0,0,0,0,0,0,0
1786.41,0,0,0,0,0,0,0,0,0,0,0,0,0,0,0,0,0,0
1787.77,0,0,0,0,0,0,0,0,0,0,0,0,0,0,0,0,0,0
1789.13,0,0,0,0,0,0,0,0,0,0,0,0,0,0,0,0,0,0
1790.49,0,0,0,0,0,0,0,0,0,0,0,0,0,0,0,0,0,0
1791.85,0,0,0,0,0,0,0,0,0,0,0,0,0,0,0,0,0,0
1793.21,0,0,0,0,0,0,0,0,0,0,0,0,0,0,0,0,0,0
1794.57,0,0,0,0,0,0,0,0,0,0,0,0,0,0,0,0,0,0
1795.92,0,0,0,0,0,0,0,0,0,0,0,0,0,0,0,0,0,0
1797.28,0,0,0,0,0,0,0,0,0,0,0,0,0,0,0,0,0,0
1798.63,0,0,0,0,0,0,0,0,0,0,0,0,0,0,0,7.59,2.32,15.61
1799.98,0,0,0,0,0,0,0,0,0,0,0,0,0,0,0,7.59,4.52,15.61
1801.34,0,0,0,0,0,0,0,0,0,0,0,0,0,0,0,7.59,4.83,15.61
1802.69,0,0,0,0,0,0,0,6.48,0,0,0,0,0,0,0,0,9.13,2.46
1804.04,0,0,0,0,0,0,3.04,6.48,0,0,0,0,0,0,0,9.73,11.06,21.52
1805.39,0,0,0,0,0,0,3.04,6.48,0,0,0,0,0,0,0,9.73,10.75,21.52
1806.73,0,0,0,0,0,0,3.04,0,0,0,0,0,0,0,0,9.73,4.13,19.06
1808.08,0,0,0,0,0,0,0,0,0,0,0,0,0,0,0,0,0,0
1809.43,0,0,0,0,0,0,0,0,0,0,0,0,0,0,0,0,0,0
1810.77,0,0,0,0,0,0,0,0,0,0,0,0,0,0,0,0,0,0
1812.12,0,0,0,0,0,0,0,0,0,0,0,0,0,0,0,0,0,0
1813.46,0,0,0,0,0,0,0,0,0,0,0,0,0,0,0,0,0,0
1814.8,0,0,0,0,0,0,0,0,0,0,0,0,0,0,0,0,0,0
1816.14,3.98,0,0,0,0,0,0,0,0,0,0,0,0,0,0,0,0,0
1817.48,3.98,0,0,0,0,0,0,0,0,0,0,0,0,0,0,0,0,0
1818.82,3.98,0,0,0,0,0,0,0,0,0,0,0,0,0,0,0,0,0
1820.16,0,0,0,0,0,0,0,0,0,0,0,0,0,0,0,0,0,0
1821.5,0,0,0,0,0,0,0,0,0,0,0,0,0,0,0,0,0,0
1822.83,0,0,0,0,0,0,0,0,0,0,0,0,0,0,0,0.28,0,0
1824.17,0,0,0,0,0,0,0,0,0,0,0,0,0,0,0,9.9,0,0
1825.5,0.33,0,0,0,0,0,0,14.37,2.14,0,0,3.69,0,0,0,32.73,6.19,9.49
1826.83,0.33,0,0,0,0,0,3.72,14.37,2.14,0,0,3.69,0,0,0,34.15,16.57,28.22
1828.17,0.33,0,0,0,0.5,0,3.72,22.58,2.14,0,0,3.69,0,0,0,24.53,21.57,32.97
1829.5,0,0,0,0,0.5,0,3.72,8.21,0,0,0,0,0,0,0,1.7,15.38,23.48
1830.83,0,0,0,0,0.5,0,0,8.21,0,0,0,0,0,0,0,0,5,4.75
1832.16,0,0,0,0,0,0,0,0,0,0,0,0,0,0,0,0,0,0
1833.49,0,0,0,0,0,0,0,0,0,0,0,0,0,0,0,0,0,0
1834.81,0,0,0,0,0,0,0,0,0,0,0,0,0,0,0,0,0,0
1836.14,0,0,0,0,0,0,0,0,0,0,0,0,0,0,0,0,0,0
1837.46,0,0,0,0,0,0,0,0,0,0,0,0,0,0,0,0,0,0
1838.79,0,0,0,0,0,0,0,0,0,0,0,0,0,0,0,0,0,0
1840.11,0,0,0,0,0,0,0,0,0,0,0,0,0,0,0,0,0,0
1841.43,0,0,0,0,0,0,0,0,0,0,0,0,0,0,0,0,0,0
1842.75,0,0,0,0,0,0,0,0,0,0,0,0,0,0,0,0,14.52,0
1844.07,0,0,0,0,0,0,21.61,0,4.31,0,0,0,0,0,0,0,14.52,0
1845.39,0,13.01,5.64,4.84,2.03,0,45.5,31.68,34.89,22.72,6.06,0,8.13,7.33,4.12,22.98,41.05,20.25
1846.71,0,13.01,5.64,4.84,2.03,0,45.5,31.68,34.89,22.72,6.06,0,8.13,7.33,4.12,22.98,26.53,20.25
1848.03,0,13.01,5.64,4.84,2.03,0,23.89,31.68,35.16,22.72,6.06,0,8.13,7.33,4.12,22.98,26.53,20.25
1849.34,0,0,11.89,0,0,0,0,4.26,11.71,0,0,0,0,0,0,0.49,0,14.17
1850.66,0,0,24.42,0,0,0,0,18.37,18.35,0,0,0,0,0,0,0.49,5.28,14.99
1851.97,0,0,24.42,0,0,0,27.16,43.33,23.56,4.17,6.47,11,0,0,7.21,12.88,44.82,37.1
1853.29,13.3,3.46,12.54,3.46,20.9,0,47.91,78.95,38.82,26.92,16.18,26.59,38.61,1.34,28.23,54.49,93.71,80.11
1854.6,13.3,3.46,0,3.46,24.63,0,78.13,91.52,62.69,41.12,43.68,26.59,54.83,21.99,68.92,81.16,132.57,111.07
1855.91,32.05,21.06,9.43,9.91,36.83,10.43,97.96,118.69,115.17,72.27,78.47,38.75,88.96,66.91,79.71,118.02,148.04,134.31
1857.22,18.75,17.6,9.55,6.45,15.93,10.43,113.72,91.47,102.92,57.7,74.22,39.53,53.47,84.85,58.69,90.17,117.81,105.18
1858.53,19,45.74,11.56,22.96,26.11,12.2,123.43,89.85,97.61,60.1,65.27,49,75.57,78.03,52.98,94.6,116.86,104.66
1859.84,7.56,29.36,13.92,16.51,13.9,1.77,99.62,66.39,69.12,29.34,24.01,25.83,48.81,44.03,45.41,74.55,82.76,61.65
1861.15,32.58,29.36,13.8,21.36,14.78,1.77,91.86,63.65,76.69,21.16,22.64,9.46,47.09,24.75,52.6,72.91,76.06,43.71
1862.45,32.34,1.22,22.4,4.85,0.88,0.03,51.95,38.59,64.09,4.56,4.1,0,8.77,10.92,17.62,42.44,32.87,20.94
1863.76,34.21,33.48,36.07,24.1,12.14,25.79,59.73,37.39,66.54,27.78,21.47,23.35,46.56,34.79,22.59,43.37,63.08,67.9
1865.06,9.19,39.1,36.07,19.25,11.26,25.79,56.89,62.58,71.37,46.58,42.09,28.71,56.05,58,25.59,78.37,87.69,93.92
1866.36,9.19,39.1,34.21,24.29,28.28,42.27,110.75,111.63,103.91,77.7,71.47,68.09,108.31,87.28,74.88,120.77,137.7,137.34
1867.67,12.26,6.57,13.09,20.57,58.85,56.48,121.68,136.58,117.51,89.14,106.9,88.23,119.86,90.24,115.94,164.57,147.1,160.81
1868.97,19.93,0.95,29.53,47.12,76.03,76.8,156.2,169.8,161.04,129.2,131.62,125.65,147.33,130.45,160.25,191.33,189.13,201.58
1870.27,22.76,6.85,23.43,59.77,86.63,74.38,146.77,179.4,168.29,150.66,149.41,131.82,160.49,176.36,169.59,218.82,216.56,230.4
1871.57,34.37,17.52,36.5,89.26,73.09,92.14,161.5,196.82,180.7,172.3,141.71,144.84,168.47,208.08,180.06,228.49,232.5,233.4
1872.87,51.27,22.19,20.06,74.05,74.5,82.19,157.16,173.52,162.38,154.56,117.64,146.14,175.03,195.71,172.79,216.45,229.39,225.02
1874.16,63.46,16.29,17.41,70.8,71.21,80.21,169.76,158.15,151.99,119.45,96.53,126.41,151.18,153.27,140.43,200.7,199.57,192.91
1875.46,46.16,5.39,0,43.39,48.77,28.74,152.84,105.61,123.77,79.18,57.6,84.86,107.14,119.63,110.55,143.12,154.59,146.98
1876.75,46.03,17.99,25.82,73.83,65.17,33.45,154.42,113.56,128.04,66.1,70.18,83.49,110.9,122.12,122.14,130.73,137.12,135.89
1878.05,32.53,30.03,38.76,90.57,56.54,32.45,142.26,124.44,135.24,78.97,70.06,82.42,119.92,138.87,129.97,120.28,141.6,140.42
1879.34,31.76,37.99,56.03,102.38,65.64,55.52,148.15,148.03,156.16,83.91,103,95.08,151.63,160.31,147.83,147.57,161.15,174
1880.63,11.83,28.46,34.91,71.03,55.59,63.44,148.85,148.79,143.9,80.36,101.79,78.59,147.81,159.22,145.16,145.71,171.88,174.76
1881.93,18.63,29.33,41.85,69.08,79.94,60.1,159.94,144.59,142.36,80.55,107.32,68.83,138.03,159.49,162.19,155.57,184.33,186.91
1883.22,12.83,24.5,27.08,70.1,65,47.38,142.62,142.66,102.09,94.36,95.8,72.71,125.16,127.68,158.13,151.06,181.07,168.34
1884.51,12.21,16.75,22.39,69.07,40.05,24.38,116.91,111.99,75.08,79.13,61.58,51.54,117.53,123.78,138.31,124.17,127.1,132.39
1885.79,24.1,18.37,27.08,64.56,7.5,31.14,101.34,106.48,63.23,69.41,46.54,56.88,110.05,116.36,121.96,89.45,66.96,100.28
1887.08,30.39,24.18,24.95,51.23,8.71,23.74,90.6,90.8,69.21,39.2,24.01,35.41,96.04,116.4,103.42,71.24,34.67,77
1888.37,41.3,51.02,57.89,54.74,37.4,46.43,114.35,105.6,98.34,51.17,44.99,55.12,101.17,112.91,117.68,88.88,53.55,94.56
1889.65,33.61,57.4,59,46.99,52.62,56.27,132.14,108.45,100.85,83.54,66.38,68.9,126.99,118.45,148.63,118.25,104.5,109.84
1890.94,39.42,51.95,68.96,35.08,78.67,68.3,171.08,129.45,124.52,113.42,98.61,107.53,156.28,150.12,181.71,139.46,153.62,138.63
1892.22,39.97,47.57,64.32,64.58,68.8,86.4,191.73,161.83,147.57,149.04,123.91,136.89,174.93,187.82,202.81,173.06,196.13,169.48
1893.5,36.8,35.48,38.62,79.03,57.55,79.12,194.64,161.14,163.55,131.62,125.17,131.88,168.16,196.43,197.83,172.62,200.6,175.27
1894.78,49.69,46.79,46.33,96.55,66.37,87.91,193.26,195.5,176.24,143.93,127.5,139.27,190.09,209.72,207.2,179.25,193.13,195.79
1896.06,39.21,47.72,26.33,98.69,67.47,70.98,175.48,187.79,157.53,138.52,133.79,140.29,211.93,208.94,214.15,175.49,171.61,190.92
1897.34,34.23,42.82,50.51,98.68,81.76,78.57,161.85,191.9,172.98,138.63,135.26,158.16,218.9,225.95,213.57,189.91,174.59,193.89
1898.62,25.77,58.77,59.86,118.18,76.89,79.01,168.71,174.83,177.58,137.59,135.24,145.87,217.34,235.76,215.78,207.17,189.42,199.69
1899.9,33.03,63.78,86.28,82.42,80.09,76.17,166.94,160.47,189.89,130.61,121.95,148.99,202.14,214.26,207.02,183.16,198.31,196.88
1901.18,55.25,82.41,83.31,94.6,105.91,84.3,175.1,168.71,179.14,132.26,123.62,142.06,205.86,200.34,218.16,170.11,197.81,206.69
1902.45,48.3,76.89,65.19,64.97,80.24,74.93,163.07,168.1,153.2,113.75,114.14,126.32,168.71,188.89,191.44,124.56,168.49,171
1903.72,50.2,62.2,55.91,84.52,87.42,78.08,154.87,180.31,142.42,94.08,105.51,92.75,154.69,182.23,187.18,120.51,146.67,151.81
1905,63.61,64.36,53.13,62.57,66.77,53.73,156.81,163.35,140.8,103.59,111.05,82.04,149.14,179.38,182.05,111.65,126.36,136.45
1906.27,66.63,60.81,72.65,67.92,101.08,66.68,154.69,150.98,148.77,111.4,121.22,93.61,176.17,169.43,192.84,132.4,109,141.71
1907.54,58.83,57.1,68.67,47.44,85.57,67.8,145.38,127.76,143.23,119.71,104.57,104.7,169.67,167.95,175.41,115.99,106.48,131.47
1908.81,30.87,60.56,70.87,49.47,68.57,90.1,142.22,123.36,131.18,110.2,81.43,103.97,176.96,164.94,154.79,124.75,101.12,118.39
1910.08,28.2,64.64,78.68,54.45,52.19,105.01,127.99,128.22,147.39,97.31,81.25,112.53,175.84,171.5,157.4,113.8,125.39,127.6
1911.35,41.81,66.68,69.45,73.06,59.42,104.22,128.68,136.68,127.87,88.05,97.03,107.05,190.62,173.63,176.93,128.8,117.27,126.08
1912.62,33.81,51.44,73.29,74.06,70.4,82.16,101.75,143.85,119.72,70.85,87.54,99.31,166.43,173.45,172.8,113.53,113.21,115.95
1913.88,61.44,42.49,49.41,89.35,62.65,72.05,112.75,130.95,128.16,79.28,85.01,87.86,158.47,168.18,158.58,122.54,113.43,117.09
1915.15,56.79,51.94,53.59,79.71,67.98,78.67,110.11,133.42,149.99,99.44,99.21,95.48,164.88,174.6,156.38,133.28,121.72,132.63
1916.41,71.32,49.9,49.28,80.24,69.81,95.81,137.96,149.04,146.63,110.11,122.59,112.27,198.08,193.81,193.64,146.87,156.84,152.33
1917.68,53.24,61.92,38.7,88.5,79.38,90,131.85,168.37,123.31,123.18,100.37,118.14,211.3,201.7,213.25,141.51,152.68,141.76
1918.94,38.05,54.45,36.63,75.94,88.45,68.71,133.21,143.18,116.81,104.42,79,110.85,211.32,194.06,205.66,128.32,137.7,134.35
1920.2,28.43,62.59,22.17,70,82.81,42.89,109.51,105.26,129.91,89.63,60.26,101.19,187.59,167.66,186.97,107.75,108,123.55
1921.46,18.32,50.25,38.89,45.9,71.34,15.05,122.95,72.15,118.16,58.01,70.02,79.38,166.98,149.72,162.4,94.36,92.8,110.92
1922.72,31.77,44.86,34.9,67.09,56.83,32.17,130.65,106.64,135.01,73.68,89.41,78.85,163.61,169.36,176.74,102.91,122.88,127.23
1923.98,44.89,34.08,30.19,77.89,63.6,56.39,148.28,115.72,126.11,91.63,112.76,99.62,182.49,192.23,180.66,125.08,139.91,152.81
1925.24,64.07,37.03,30.54,82.09,75.44,93.19,155.94,147.17,152.59,123.32,143.51,126.79,214.05,226.46,214.92,154.65,172.34,183.79
1926.49,53.09,51.5,39.73,86.13,75.79,107.5,160.75,142.1,139.89,112.19,123.43,123.14,204.74,219.81,200.97,149.05,155.26,175.26
1927.75,54.39,49.24,54.21,84.79,65.75,140.43,166.48,154.3,140.78,119.68,116.98,113.12,185.34,228.4,214.26,142.07,158.14,150.34
1929,56.65,52.94,69.31,102.4,84.33,138.98,156.81,144.76,134.94,100.46,107.82,104.05,181.85,207.23,218.46,127.04,142.62,145.03
1930.26,69.52,45.59,49.79,92.3,86.87,123.81,134.72,124.14,138.35,102.86,116.95,109.28,174.92,198.96,221.55,131.29,151.73,145
1931.51,94.34,67.86,72.12,113.48,121.69,111.59,161.23,152.12,170.36,116.21,146.71,122.46,221.58,223.93,227.89,163.82,166.44,182.24
1932.76,72.67,66.3,57.96,115.5,115.01,99.88,159.88,152.57,158.19,124.41,137.31,129.49,216.69,236.69,229.34,164.86,161.32,174.31
1934.01,91.61,76.36,91.98,148.48,111.29,106.12,196.12,173.29,180.61,141.9,153.53,149.81,257.71,257.36,245.03,177.84,188.15,180.66
1935.26,65.72,60.59,74.94,129.96,89.07,96.87,179.85,164.83,166.85,130.9,132.6,150.64,239.86,233.15,237.18,160,173.82,147.17
1936.51,90.12,78.77,78.19,121.39,86.81,98.23,182.16,180.95,170.34,138.85,137.95,148.43,251.91,240.18,236.57,167.1,184.43,149.96
1937.76,79.02,78.13,54.61,101.32,102.05,89.77,154.95,166.89,145.99,122.64,124.49,133.74,234.76,235.67,223.41,144.71,144.21,141.24
1939,65.99,94.54,43.42,96.32,100.69,79.37,123.44,145.53,128.67,113.51,121.76,105.78,209.62,215.5,208.6,129.38,115.05,132.25
1940.25,42.34,62.36,31.3,88.37,105.05,72.36,125.63,127.88,127.4,100.1,113.44,111.55,177.5,194.69,191.8,118.78,105.61,125.3
1941.49,27.54,40.01,51.02,96.6,91.92,81.52,140.64,142.71,143.6,114.54,127.62,117.18,184.83,197.99,203.79,133.67,122.67,130.85
1942.74,41.35,23.61,67.35,102.45,100.41,83.64,173.56,151.79,155.06,130.6,142.43,136.09,221.41,233.54,228.67,160.52,169.35,155.68
1943.98,66.66,45.39,80.52,122.47,119.74,117.93,196.97,186.36,176.01,178.5,183.08,168.18,282.45,290.53,277.02,206.53,228.86,198.67
1945.22,74.26,62.11,65.64,122.77,136.34,128.16,203.62,199.85,179.21,201.36,196.02,194.9,295.05,307.1,310.26,227.16,245.65,231.93
1946.46,68.58,81.9,63.82,144.13,137.35,142.79,207.32,214.04,200.78,222.29,228.37,211.02,325,324.35,337.85,245.85,252.82,264.24
1947.7,56.85,88.97,67.29,127.44,149.3,129.7,203.26,207.82,224.95,220.5,238,194.1,301.86,315.16,330.67,249.49,243.61,277.5
1948.94,57.52,99.77,71.82,115.48,144.65,127.68,234.57,194.64,234.82,212.11,231.04,192.24,307.4,310.66,334.83,251.52,256.79,274.13
1950.18,57.69,83.41,58.18,104.02,135.83,116.49,223.7,198.94,232.83,193.23,200.92,199.9,269.39,282.61,310.78,236.71,246.81,253.93
1951.41,59.47,79,43.5,114.51,99.63,102.91,205.07,180.49,194.11,177.31,182.42,194.18,263.29,262.45,302.3,215.86,211.76,220.01
1952.65,59.43,67.76,53.65,119.5,95.93,102.84,175.92,173.19,160.53,164.56,171.1,171.65,246.65,254.43,272.93,195.84,185.55,188.24
1953.88,51.88,63.02,63.97,96.67,98.41,95.28,153.25,151.7,131.76,150.66,149.63,152.96,237.46,238.85,257.36,145.32,150.18,147.64
1955.12,36.85,49.46,53.14,70.67,88.72,89.21,138.72,147.36,118.81,134.6,135,142.11,214.73,214.73,225.9,100.63,133.3,111.2
1956.35,49.64,68.74,52.14,69.51,77.2,81.65,109.67,152.83,120.34,137.05,136.22,148.78,203.13,199.41,213.89,83.45,130.6,113.58
1957.58,54.17,74.74,46.87,71.74,83.08,77.15,95.32,135,94.9,128.9,132.17,121.85,175.87,185.75,198.9,81,117.61,97.69
1958.81,74.86,73.91,67.77,70.8,79.46,69.82,81.77,92.65,73.94,102.59,94.64,89.44,163.06,155.22,169.35,54.62,82.45,73.95
1960.04,70.62,59.82,64.06,45.26,75.56,45.55,61.25,59.66,42.35,59.35,50.17,53.76,126.94,130.36,118.15,21.72,31.25,22.38
1961.27,71.21,50.22,62.53,44.56,50.84,36.12,47.88,41.49,34.24,30.95,17.88,39.59,121.94,102.63,95.4,2,6.61,11.52
1962.5,55.19,33.36,46.72,44.91,37.5,31.74,22.87,48.35,36.16,27.61,15.99,44.16,119.28,106.57,87.65,5.75,21.06,10.38
1963.72,54.56,20.22,29.64,71.99,50.56,51.09,42.22,62.91,49.46,38.35,42.17,65.46,127.97,111.52,129.25,20.47,37.35,27.5
1964.95,52.77,12.57,15.65,62.9,43.79,50.6,33.18,62.61,40.87,41.59,54.52,65.28,115.45,114.26,114.3,25.69,37.35,25.11
1966.17,42.71,13.67,13.14,45.97,38.74,52.84,36.71,46.34,39.68,33.9,51.95,62.83,95.6,110.67,125.02,26.96,24.75,23.56
1967.4,35.26,24.04,13.57,15.89,12.64,47.03,4.2,16.33,24.74,26.49,32,44.34,87.65,93.65,89.97,10.25,8.46,7.28
1968.62,31.53,44.49,13.57,8.53,6.05,55.94,4.2,4.66,24.74,25.49,21.11,36.84,70.39,83.96,94.26,5.03,8.46,7.28
1969.84,33.31,54.09,15.57,14.57,2.98,43.69,0,3.24,8.98,17.33,23.07,30.26,85.24,81.06,64.66,0,0,0.84
1971.06,26.03,41.65,13.51,10.66,8.05,28.39,8.48,0,15.47,16.12,15.65,24.31,89.32,80.06,76.63,0,0,0
1972.28,41.93,36.04,26.86,14.92,15.5,23.91,13.16,13.26,29.89,23.09,37.75,39.29,110.53,98.52,106.38,5.05,0,11.92
1973.5,42.32,44.27,19.9,14.34,34.78,29.61,23.11,13.26,39.33,28.57,36.02,42.69,111.52,105.42,128.57,15.59,12.18,11.92
1974.72,35.44,45.22,34.92,45.83,35.57,31.7,22.29,33.66,31.48,42.44,63.7,46.51,103.85,108.99,133.11,24.04,14.53,13.2
1975.94,21.73,40.68,35.43,61.48,42.21,25.62,17.61,26.54,21.44,42.83,61.55,57.5,109.31,96.69,110.76,30.99,24.36,9.59
1977.15,14.73,34.09,41.47,76.07,32.79,33.82,7.65,27.96,11.65,46.17,63.7,57.11,93.66,87.28,99.97,20.45,12.18,9.59
1978.37,16.46,43.67,38.44,47.5,42.2,52.18,0.36,16.9,8.01,30.36,50.68,61.9,106.8,87.65,95.63,14.84,9.83,14.75
1979.58,30.7,50.42,24.57,39.76,48.45,78.72,0.85,14.32,14.51,32.05,49.85,61.21,103.06,95.48,94.08,12.74,0,6.73
1980.79,48.24,46.57,34.77,25.41,60.76,73.31,6.24,12.9,30.71,44.48,52.42,52.59,106.33,96.31,99.86,12.74,7.22,8.31
1982,52.71,46.21,21.47,29.9,53.89,73.73,5.88,3.56,28.09,40.08,37.02,38.14,76.38,80.25,77.08,9.9,7.22,1.88
1983.22,48.01,43.03,38.01,41.88,63.53,56.66,18.7,3.63,17.21,38.2,15.28,23.88,76.89,86.65,71.09,0,7.22,1.58
1984.43,43.37,39.57,21.77,48.59,55.23,45.11,13.31,3.63,0,26.04,10.94,18.31,60.73,67.72,53.43,0,0,0
1985.63,38.45,20.33,23.76,65.02,52.64,22.48,13.31,3.63,0,28.95,10.94,11.51,51.92,66.46,53.45,0,0,0
1986.84,21.59,6.47,17.14,36.48,26.78,5.82,0,0,0,21.26,10.13,0.5,18,27.87,43.8,0,0,0
1988.05,24.12,5.52,21.75,26.69,29.31,19.15,0,0,0,15.31,5.32,0.5,27.87,18.62,47.15,0,0,0
1989.25,19.92,5.52,14.53,2.62,20.49,13.34,0,0,0,7.77,15.01,4.8,26.3,13.27,30.43,0,0,0
1990.46,41,16.33,28.19,12.4,32.57,18.79,0,0,0.39,11.05,30.73,20.68,53.41,42.47,34.23,0,0,0
1991.66,25.58,16.78,23.59,9.78,18.82,5.45,0,0,0.39,7.5,25.4,20.68,36.52,39.7,23.47,0,0,0
1992.87,45.01,28.91,32.2,13.75,23.87,5.45,0,0,0.39,11.34,15.71,27.3,46.08,36.14,31.13,0,0,0
1994.07,19.43,18.11,8.61,3.97,7.67,0,0,0,0,3.84,0,11.42,18.97,5.94,11.82,0,0,0
1995.27,22.32,12.13,9.84,4.05,10.2,3.01,0,0,0,3.84,0,11.42,13.26,5.94,7.66,0,0,0
1996.47,13.03,0,12.47,0.08,18.89,3.01,0,0,0,3.78,0,0,0,0,5.13,0,0,0
1997.67,13.03,0,13.03,0.08,18.89,3.01,0,0,0,3.78,0,0,0,12.75,22.16,0,0,0
1998.86,10.14,8.96,31.33,0.11,13.73,13.31,0,0,0,4.53,17.01,12.54,6.87,18.73,23.38,0,0,0
2000.06,7.35,8.96,20.09,0.11,0,13.31,0,0,0,0.74,17.01,12.54,6.87,18.73,18.25,0,0,0
2001.26,25.21,29.01,32.17,0.11,0.76,13.31,0,0,0,0.74,17.01,12.54,6.87,5.98,4.95,0,0,0
2002.45,25.21,20.04,12.64,0,0.76,0,0,0,0,0,0,0,0,0,3.72,0,0,0
2003.65,17.86,22.2,30.43,0,0.76,0,0,0,0,0,0,0,0,0,3.72,0,0,0
2004.84,0,2.16,17.79,0,0,0,0,0,0,0,0,0,0,0,0,0,0,0
2006.03,0,2.16,17.79,0,0,0,0,0,0,0,0,0,0,0,0,0,0,0
2007.22,0,0,0,0,0,0,0,0,0,0,0,0,0,0,0,0,0,0
2008.41,0,0,0,0,0,0,0,0,0,0,0,0,0,0,0,0,0,0
