wavenumber,PMMA 10ppm-1,PMMA 10ppm-2,PMMA 10ppm-3,PMMA 50ppm-1,PMMA 50ppm-2,PMMA 50ppm-3,PMMA 100ppm-1,PMMA 100ppm-2,PMMA 100ppm-3,PMMA 200ppm-1,PMMA 200ppm-2,PMMA 200ppm-3
376.82,2802.11,2633.46,2221.17,1954.35,2069.11,1615.67,2030.59,1987.39,1823.05,3725.25,3517.38,3369.37
378.98,2789.99,2636.18,2262.64,1807.7,1995.88,1559.23,1865.29,1842.5,1723.31,3519.55,3379.87,3239.23
381.15,2792.6,2641.12,2322.48,1685.06,1926.65,1506.6,1722.11,1734.34,1574.92,3353.99,3240.41,3078.02
383.32,2816.24,2697.49,2410.49,1597.05,1797.01,1400.63,1610.03,1656.87,1490.17,3203.73,3108.47,2905.79
385.48,2864.02,2725.74,2529.78,1506.41,1693.73,1323.41,1532.16,1561.86,1383.81,3082.87,3002.47,2761.98
387.64,2970.93,2823.85,2650.01,1470.48,1581.78,1247.26,1472.47,1451.95,1368.49,2992.04,2933.72,2682.88
389.8,2994.61,2887.82,2703.52,1424.55,1541.15,1233.16,1388.93,1387.78,1256.19,2882.89,2852.87,2580.49
391.96,3019.51,2898.42,2709.39,1361.73,1475.93,1174.2,1331.64,1293.78,1208.01,2736.18,2739,2529.9
394.12,2938.49,2868.85,2693.85,1293.87,1454.98,1124.93,1279.47,1235.49,1144.8,2621.76,2610.64,2422.96
396.28,2847.45,2802.34,2699.13,1226.85,1396.51,1055.88,1206.95,1156.44,1102.79,2513.85,2432.01,2332.23
398.44,2750.81,2781.98,2661.98,1184.1,1328.61,999.47,1124.84,1083.39,1029.72,2409.52,2331.52,2194.12
400.6,2669,2707.88,2625.52,1082.69,1191.37,928.48,1001.57,1013.11,894.68,2207.54,2130.93,2050.39
402.75,2631.13,2643.48,2532.18,957.41,1068.88,854.99,906.88,891.67,824.78,2041,2003.33,1896.47
404.91,2550.52,2492.77,2449.97,804.21,955.8,794.99,790.44,772.4,733.98,1878.53,1848.36,1738.67
407.06,2394.49,2355.07,2272.86,680.09,833.1,651.12,680.88,638.28,636.29,1704.45,1744.68,1587.98
409.21,2155.69,2135.38,2065.87,556.36,685.1,543.05,552.52,542.62,503.33,1522.41,1584.59,1437.7
411.36,1906.8,1932.36,1877.32,446.33,602.77,406.42,461.01,431.41,379.1,1377.38,1409.74,1335.82
413.51,1696.45,1674.99,1692.53,350.32,508.78,342.88,379.33,387.62,351.24,1258.35,1275.78,1225.32
415.66,1529.86,1485.5,1565.06,257.2,451.98,261.64,321.01,323.79,273.96,1172.84,1166.91,1120.4
417.81,1328.14,1308.31,1336.35,191.73,370.81,181.13,272.82,270.02,247.35,1029.96,1043.22,961.16
419.96,1117.83,1136.32,1125.28,88.24,280.81,99.02,211.96,176.85,154.62,941.56,946.57,837.47
422.11,888.48,957.73,880.74,41.28,203.83,27.56,180.96,87.68,93.79,805.51,835.85,693.53
424.25,693.73,806.21,683.04,0,86.54,0,91.53,44.73,27.45,736.8,746.7,611.99
426.4,555.7,617.52,517.64,0,42.91,0,45.09,0,0,610.18,584.2,512.28
428.54,431.71,479.34,409.87,0,5.44,0,0,0,0,519.96,488.67,450.37
430.68,340.85,347.41,291.82,0,0,0,0,0,0,458.24,428.88,420.04
432.82,187.13,256.09,186.5,0,0,0,0,0,0,396.66,411.13,407.92
434.97,105.41,133.59,71.29,0,0,0,0,0,0,327.76,311.3,346.23
437.11,28.41,30.14,24.79,0,0,0,0,0,0,194.86,198.36,206.61
439.24,16.12,0,0,0,0,0,0,0,0,95.6,82.97,75.72
441.38,0,0,0,0,0,0,0,0,0,22.35,38.88,15.85
443.52,0,0,0,0,0,0,0,0,0,0,5.39,4.54
445.65,0,0,0,0,0,0,0,0,0,0,0,0
447.79,0,0,0,0,0,0,0,0,0,0,0,0
449.92,0,0,0,0,0,0,0,0,0,0,0,0
452.05,0,0,0,0,0,0,0,0,0,0,0,0
454.19,0,0,0,0,0,0,0,0,0,0,0,0
456.32,0,0,0,0,0,0,0,0,0,0,0,0
458.45,0,0,0,0,0,0,0,0,0,0,0,0
460.57,0,0,0,0,0,0,0,0,0,0,0,0
462.7,0,0,0,0,0,0,0,0,0,0,0,0
464.83,0,0,0,0,0,0,0,0,0,0,0,0
466.95,0,0,0,0,0,0,0,0,0,0,0,0
469.08,0,0,0,0,0,0,0,0,0,0,0,0
471.2,0,0,0,0,0,0,0,0,0,0,0,0
473.32,0,0,0,0,0,0,0,0,0,0,0,0
475.45,0,0,0,0,0,0,0,0,0,0,0,0
477.57,0,0,0,0,0,0,0,0,0,0,0,0
479.69,0,0,0,0,0,0,0,0,0,0,0,0
481.8,0,0,0,0,0,0,0,0,0,0,0,0
483.92,0,0,0,0,0,0,0,0,0,0,0,0
486.04,0,0,0,0,0,0,0,0,0,0,0,0
488.15,0,0,0,0,0,0,0,0,0,0,0,0
490.27,0,0,0,0,0,0,0,0,0,0,0,0
492.38,0,0,0,0,0,0,0,0,0,0,0,0
494.49,0,0,0,0,0,0,0,0,0,0,0,0
496.61,0,0,0,0,0,0,0,0,0,0,0,0
498.72,0,0,0,0,0,0,0,0,0,0,0,0
500.83,0,0,0,0,0,0,0,0,0,0,0,0
502.93,0,0,0,0,0,0,0,0,0,0,0,0
505.04,0,0,0,0,0,0,0,0,0,0,0,0
507.15,0,0,0,0,0,0,0,0,0,0,0,0
509.25,0,0,0,0,0,0,0,0,0,0,0,0
511.36,0,0,0,0,0,0,0,0,0,0,0,0
513.46,0,0,0,0,0,0,0,0,0,0,0,0
515.56,0,0,0,0,0,0,0,0,0,0,0,0
517.66,0,0,0,0,0,0,0,0,0,0,0,0
519.76,0,0,0,0,0,0,0,0,0,0,0,0
521.86,0,0,0,0,0,0,0,0,0,0,0,0
523.96,0,0,0,0,0,0,0,0,0,0,0,0
526.06,0,0,0,0,0,0,0,0,0,0,0,0
528.16,0,0,0,0,0,0,0,0,0,0,0,0
530.25,0,0,0,0,0,0,0,0,0,0,0,0
532.35,0,0,0,0,0,0,0,0,0,0,0,0
534.44,0,0,0,0,0,0,0,0,0,0,0,0
536.53,0,0,0,0,0,0,0,0,0,0,0,0
538.62,0,0,0,0,0,0,0,0,0,0,0,0
540.71,0,0,0,0,0,0,0,0,0,0,0,0
542.8,0,0,0,0,0,0,0,0,0,0,0,0
544.89,0,0,0,0,0,0,0,0,0,0,0,0
546.98,0,0,0,0,0,0,0,0,0,0,0,0
549.06,0,0,0,0,0,0,0,0,0,0,0,0
551.15,0,0,0,0,0,0,0,0,0,0,0,0
553.23,0,0,0,0,0,0,0,0,0,0,0,0
555.32,0,0,0,0,0,0,0,0,0,0,0,0
557.4,0,0,0,0,0,0,0,0,0,0,0,0
559.48,0,0,0,0,0,0,0,0,0,0,0,0
561.56,0,0,0,0,0,0,0,0,0,0,0,0
563.64,0,0,0,0,0,0,0,0,0,0,0,0
565.72,0,0,0,0,0,0,0,0,0,0,0,0
567.8,0,0,0,0,0,0,0,0,0,0,0,0
569.87,0,0,0,0,0,0,0,0,0,0,0,0
571.95,0,0,0,0,0,0,0,0,0,0,0,0
574.02,0,0,0,0,0,0,0,0,0,0,0,0
576.09,0,0,0,0,0,0,0,0,0,0,0,0
578.17,0,0,0,0,0,0,0,0,0,0,0,0
580.24,0,0,0,0,0,0,0,0,0,0,0,0
582.31,0,0,0,0,0,0,0,0,0,0,0,0
584.38,0,0,0,0,0,0,0,0,0,0,0,0
586.45,0,0,0,0,0,0,0,0,0,0,0,0
588.51,0,0,0,0,0,0,0,0,0,0,0,0
590.58,0,0,0,0,0,0,0,0,0,0,0,0
592.64,0,0,0,0,0,0,0,0,0,0,0,0
594.71,0,0,0,0,0,0,0,0,0,0,0,0
596.77,0,0,0,0,0,5.34,0,0,0,0,0,0
598.83,0,0,0,17.5,6.55,5.34,0,0,21.36,0,0,0
600.89,0,0,0,26.65,16.04,23.46,15.78,0,21.36,0,0,0
602.95,0,0,0,30.28,53.29,88.32,30.96,9.02,21.36,0,0,0
605.01,0,0,0,41.01,50.2,113.03,30.96,9.02,0,0,0,0
607.07,0,0,0,50.95,103.3,150.02,15.18,46.28,10.92,0,0,0
609.13,0.67,0,4.16,110.52,111.7,117.57,22.09,64.22,37,0,0,0
611.18,0.67,0,4.16,148.27,171.95,154.22,87.36,128.25,112.93,0,4.61,0
613.24,36.81,14.09,16.83,211.31,176.47,170.42,174.89,157.15,168.84,0,4.61,24.65
615.29,36.13,14.09,12.67,247.07,204.71,224.27,215.62,191.86,192.87,0,4.61,24.65
617.35,37.47,14.09,12.67,275.21,210,275.42,201.83,223.03,189.02,0,0,24.65
619.4,1.33,21.52,0,295.4,186.99,295.88,156.19,210.65,144.28,3.42,0,3.59
621.45,17.6,27.34,0,275.95,177.35,283.64,125.35,175.39,110.31,3.42,0,3.59
623.5,30.28,46.94,0,275.75,169.29,194.58,98.86,111.47,74.33,3.42,0,3.59
625.55,65.2,56.94,0,258.69,239.35,174.59,127.6,75.09,56.87,0,0,0
627.6,106.13,80.57,15.17,249.19,232.31,170.09,125.67,113.36,61.06,0,0,0
629.64,138.84,89.61,57.3,278.37,276.61,247.21,183.19,142.05,101.65,12.29,6.31,0
631.69,177.79,119.84,103.27,323.99,278.02,294.04,185.24,241.93,224.76,59.68,63.13,3.57
633.73,271.17,205.47,165.48,408.94,364.09,378.46,247.06,279.89,323.92,143.61,168.24,107.68
635.78,338.56,294.39,233.6,448.43,395.69,470.37,331.18,366.14,374.7,241.46,196.33,168.32
637.82,427.49,374.49,305.19,533.35,485.38,512.98,432.16,381.56,421.98,295.11,247.51,300.9
639.86,424.87,436.65,383.13,593.24,524.72,570.83,526.87,473.04,470.63,340.43,306.67,339.06
641.9,511.12,549.65,441.87,677.55,601.12,613.7,602.1,564.68,542.43,415.53,443.58,424.58
643.94,561.35,609.94,473.18,705.7,601.05,635.71,684.27,615.58,549.15,495.85,523.33,411.22
645.98,613.57,592.17,438.07,701.37,616.81,601.83,667.38,586.41,560.45,542.7,488.93,397.66
648.02,562.88,521.12,390.97,646.32,598.19,537.18,551.54,479.93,499.44,498.87,429.47,319.65
650.06,524.27,497.47,381.55,578.55,545.18,491.42,396.4,406.15,463.77,402,315.95,327.53
652.09,494.98,482.08,394.04,515.27,530.99,480.1,294.19,338.27,363,273.31,269.24,266.84
654.13,539.21,533.53,396.65,506.7,476.51,449.1,285.77,324.18,351.35,166.69,216.9,275.13
656.16,539.19,542.35,397.94,535.06,489.62,516.65,334.71,335.44,342.35,212.34,228.48,247.29
658.2,535.91,535.23,417.25,566.68,476.65,469.73,378,357.36,355.69,274.26,215.62,254.63
660.23,540.15,517.92,451.67,546.31,482.7,491.12,390.08,317.38,359.11,332.88,180.11,241.93
662.26,573.69,497.89,474.66,557.75,506.55,476.27,373.38,359.28,336.41,293.65,149.04,218.3
664.29,645.4,525,477.77,577.54,503.41,553.38,397.79,389.28,403.12,280.77,190.97,258.95
666.32,637.4,555.71,494.44,635.45,557.4,607.56,435.07,467.48,459.7,298.35,286.67,313.65
668.34,634.03,583.68,514.68,637.47,590.83,651.49,435.23,460.54,480.79,333.72,358.45,339.72
670.37,578.05,605.36,493.25,645.05,595.14,595.25,405.71,443.9,446.17,292.64,333.43,296.28
672.4,588.68,516.95,446.38,601.73,571.9,567.08,364.71,393.12,389.07,234.33,269.48,238.21
674.42,584.15,478.03,442.64,585.41,543.97,511.19,362.46,400.73,403.02,196.67,250.16,209.71
676.45,598.9,485.03,462.11,568.17,566.14,589.01,425.06,404.18,453.47,209.44,263.58,251.9
678.47,626.92,546.61,476.48,595.7,574.4,626.22,459.17,472.47,490.09,239.28,328.04,309.77
680.49,656.1,568.67,432.63,606.87,548.63,632.03,481.68,446.15,489.08,279.76,281.78,293.2
682.51,671.78,561.19,437.22,631.34,563.82,599.11,481.25,427.87,439.11,328.53,252.78,269.85
684.53,694.83,550.75,470.82,659.99,614.87,617,537.77,487.2,461.73,409.46,301.6,317.61
686.55,710.27,605.99,563.41,731.16,705.77,661.03,600.55,569.11,538.61,414.56,423.55,419.79
688.57,722.85,640.71,563.45,750.63,779.29,701.31,628.04,637.06,620.84,431.27,499.08,490.85
690.58,697.59,665.55,584.27,753.7,825.1,722.85,660.9,638.37,655.1,492.9,499.19,485.44
692.6,655.03,650.42,533.08,742.28,771.73,698.18,678.36,678.59,640.59,568.34,447.08,459.12
694.61,674.61,613.42,574,713.14,683.98,648.08,675.17,650.5,637.44,558.03,473.53,426.64
696.63,679.01,627.21,561.7,711.93,598.83,603.23,630.68,573.09,605.62,509.97,423.2,398.01
698.64,711,646.91,574.95,675.44,620.39,664.72,623.98,528.47,663.58,478.58,488.53,421.01
700.65,757.9,684.51,583.08,755.31,672.32,774.21,682.41,622.3,726.99,598.2,496.18,474.28
702.66,791.84,729.13,608.21,805.67,758.06,778.49,765.74,723.35,767.29,615.6,593.58,568.27
704.67,810.24,728.21,622.78,872.28,777.73,782.33,826.4,786.4,755.57,676.21,603.84,627.75
706.68,775.78,746.07,623.46,861.81,803.64,729.38,812.07,774.78,751.51,634.7,611.63,616.72
708.69,798.9,669.84,606.01,821.03,766.24,760.77,795.18,788.26,787.55,662.51,618.37,572.95
710.69,767.7,664.28,578.56,763.71,729.98,715.25,783.5,700.94,750.45,624.73,613.85,528.21
712.7,742.97,652.51,532.22,760.97,711.95,695.28,795.15,716.27,722.66,625.48,594.84,545.94
714.7,665.26,640.75,520.2,745.68,673.71,693.08,741.34,699.14,668.73,574.98,533.21,491.69
716.71,633.56,669.99,515.84,742.51,720.93,719.29,722.06,767.19,668.66,625.54,559.63,502.79
718.71,626.1,632.8,529.69,724.68,695.15,708.16,761.53,785.33,665,603.38,538.65,460.45
720.71,628.33,675.94,526.54,734.29,768.81,699.11,843.54,792.99,690.19,656.95,588.37,536.79
722.71,675.89,619.09,553.7,777.01,757.92,705.15,893.06,879.17,785.22,609.57,594.46,559.13
724.71,701.91,646.69,596.98,849.62,812.58,802.04,936.22,936.3,890.2,711.35,713.36,669.91
726.71,737.05,658.39,606.68,941.77,800.78,836.13,984.01,971.06,1005.81,748.28,743.05,697.12
728.71,736.87,646.11,567.04,910.02,818.08,829.96,986.31,903.66,963.24,796.91,746.1,674.98
730.7,691.35,637.82,556.73,877.7,813.14,818.86,934.78,828.75,912.51,765.56,737.15,604.16
732.7,674.4,621.08,580.96,820.36,778.19,769.39,827.98,772.57,804.17,724.8,715.1,561.54
734.69,672.23,676.13,585.96,813.22,729.1,766.43,783.13,739,816.09,719.5,673.16,571
736.69,712.51,667.61,575.39,768.94,674.54,718.98,760.55,720.36,780.62,646.99,622.33,593.2
738.68,676.89,650.21,522.92,740.18,637.84,711.7,754.58,654.99,805.07,642.93,579.27,577.82
740.67,669.5,585.02,532.99,712.06,638.44,698.71,759.32,664.66,765.23,590.43,561.08,569.28
742.66,608.67,543.39,480.28,678.58,614.67,681.33,753.77,689.37,772.09,646.49,529.77,538.91
744.65,601.38,537.97,457.44,705.05,624.87,675.23,736.59,782.11,794.98,652.09,584.65,561.38
746.64,556.65,507.77,433.81,740.82,635.02,635.06,726.12,796.89,786.9,732.9,646.39,538.02
748.63,566.36,485.01,452.28,794.43,702.35,635.73,739.9,785.25,778.73,740.81,692.21,585.71
750.61,578.28,456.8,469.96,763.99,694.31,616.67,780.72,815.97,714.26,751.91,701.88,650.9
752.6,608.53,506.24,472.96,762.29,713.99,636.32,805,823.82,764.58,718.65,718.85,722.01
754.58,624.33,580.57,470.5,761.53,696.29,621.24,851.65,817.36,761.59,697.59,714.32,705.61
756.57,627.11,659.56,504.7,792.49,710.31,684.87,873.09,765.36,805.38,732.82,664.4,658.8
758.55,628.67,640.98,527,751.95,687.16,679.98,829.44,773.6,766.75,724.78,676.54,657.69
760.53,663.99,636.51,554.39,719.24,665.51,706.91,774.69,797.4,802.01,746.48,683.74,663.27
762.51,641.75,562.8,547.88,711.02,663.35,690.98,777.51,811.44,792.17,744.57,759.97,675.87
764.49,605.38,530.97,527.91,729.41,681.47,687.65,827.35,761.15,806.34,800.83,731.37,664.27
766.47,545.77,481.58,495.38,759.61,667.4,682.12,866.41,768.41,757.39,773.14,768.13,668.68
768.45,568.16,446.17,426.5,722.53,679.71,642.63,873.92,794.79,756.89,754.72,702.82,659.33
770.42,620.41,487.64,397.16,710.7,677.95,656.05,899.09,852.5,781.38,736.46,723.31,680.43
772.4,644.43,534.88,409.58,699.69,709.67,656.27,917.49,883.1,828.43,805.23,776.5,712.54
774.37,677.43,612.77,444.66,743.38,708.42,703.19,976.67,959.47,914.9,867.59,848.93,771.53
776.34,626.96,568.87,518.94,795.99,712.43,694.69,1017.83,976.49,931.71,869.43,905.15,786.63
778.32,583.15,545.62,523.88,849.96,702.81,692.87,1021.44,1014.28,989.61,908.84,865.95,818.62
780.29,573.1,542.14,553.59,863.07,720.99,683.19,1032.58,1013.95,977.38,949.62,954.42,842.92
782.26,626.58,578.54,506.84,837.43,748.09,715.41,1010.05,1035.6,991.47,997.19,934.68,885.33
784.23,627.37,587.58,546.4,757.82,775.88,746.98,1019.95,1001.01,1014.66,988.32,950.82,880.6
786.19,611.7,557.17,541.84,731.45,785.91,745.79,981.5,965.06,970.82,970.58,901.41,871.97
788.16,571.9,508.63,563.5,789.65,799.86,755.83,985.02,946.77,946.96,1000.29,906.78,862.42
790.13,600.07,481.42,519.13,785.87,788.15,687.22,984.3,947.22,934.52,1005.56,905.69,889.07
792.09,595.56,469.85,526.76,791.11,785.47,669.29,985.34,958.09,930.16,961.05,880.8,883.91
794.06,564.8,477.38,500.48,711.81,695.58,639.14,940.9,908.49,899.32,855.87,852.24,843.04
796.02,496.46,466.67,446.97,729.29,605.14,640.12,856.99,855.75,819.02,792.34,811.99,792.14
797.98,394.99,435.5,355.34,622.35,528.61,563.32,762.38,742.31,754.68,725.91,745.16,706.65
799.94,338.93,390.43,344.8,550.85,508.87,502.97,698.3,706.05,748.52,752.14,710.31,725.11
801.9,339.86,314.67,339.25,470.37,528.46,471.63,720.29,709.21,746.11,706.56,745.31,713.41
803.86,388.53,315.68,372.47,543,544.85,525.06,762.47,777.55,801.55,768.3,796.62,830.34
805.82,408.85,356.67,371.01,598.64,610.24,552.5,827.06,816.62,806.39,834.9,927.45,876.43
807.78,445.47,420.31,395.54,628.61,613.3,608.61,854.38,843.77,809.3,959.35,1014.79,948.68
809.73,422.62,414.49,407.94,552.47,588.92,596.6,902.66,824.87,800.17,1025.22,1117.86,991.33
811.69,405.31,407.87,344.89,556.56,520.76,552.15,890.56,827.93,852,1034.5,1131.67,1027.02
813.64,366.29,388.58,317.5,536.64,490.27,479.02,862.2,803.39,853.55,1012.29,1109.32,1062.88
815.6,335.14,374.49,261.98,533.28,511.67,432.45,779.45,776.13,807.06,934.48,1055.36,973.44
817.55,348.08,369.16,311.23,505.69,511.5,428.99,761.22,781.71,725.41,887.3,968.35,930.93
819.5,344.87,390.37,355.69,528.65,540.9,426.41,760.93,778.58,709.37,861.84,851.05,886.13
821.45,422.42,378.67,445.58,535.38,529.73,460.6,730.15,762.94,770.83,875.99,793.7,871.92
823.4,430.49,360.52,424.36,529.33,467.77,502.34,694.64,702.92,762.58,839.54,754.39,831.08
825.35,422.43,363.56,423.68,483.82,416.7,468.96,649.42,600.52,728.61,788.8,763.79,718.94
827.29,405.33,401.27,382.32,495.64,405.62,477.9,687.58,588.83,675.02,760.56,764.01,696.6
829.24,372.65,417.39,372.07,455.56,403.31,437.28,654.24,568.31,656.6,715.92,788.17,658.84
831.18,425.61,426.51,366.8,490.8,395.32,480.98,639.96,584.17,608.89,749.43,785.8,694.22
833.13,385.88,441.94,325.86,449.69,361.65,455,602.39,558.08,594.91,719.1,766.57,629.4
835.07,371,444.57,320.14,431.12,370.86,446.57,661.1,526.6,592.53,720.47,698.05,626.6
837.01,317.32,433.08,282.63,378.43,393.95,455.67,640.07,540.72,645.75,699.21,686.55,624.14
838.95,283.94,392.91,298.44,366.72,359.35,403.1,632.09,505.89,584.36,691.43,631.19,634.48
840.89,309.32,384.83,364.36,380.77,383.18,385.29,551.27,508.55,521.79,708.24,643.4,597.72
842.83,298.88,348.96,359.17,355.7,343.89,318.36,545.05,494.81,449.49,672.07,605.31,563.3
844.77,282.97,320.3,376.52,327.82,348.47,334.3,517.1,521,429.79,684.92,616.23,574.22
846.71,264.81,310.4,358.3,304.71,354.47,364,509.3,542.01,476.24,687.69,570.39,592.7
848.64,242.85,315.7,383.31,351.13,376.68,402.57,537.09,602.29,517.29,686.81,611.9,615.19
850.58,283.3,360.77,374.42,387.64,433.65,375.91,500.71,578.38,517.5,694.17,632.64,620.56
852.51,325.83,371.27,379.3,408.91,414.04,347.67,490.81,580.96,522.19,669.76,656.95,605.49
854.44,351.11,393.87,433.96,350.93,478.52,341.19,476.39,508.02,503.36,674.93,651.48,559.31
856.37,376.81,358.23,429.39,341.37,458.43,356.81,484.79,494.9,530.36,662.66,638.57,589.67
858.31,373.59,379.69,396.92,311.91,431.09,352.18,508.67,478.26,533.83,660.95,664.23,594.92
860.23,419.57,375.69,350.68,299.97,361.95,312.09,485.81,480.55,484.23,683.58,639.21,625.49
862.16,443.18,435.68,379.76,279.68,340.12,286.31,497.98,502.54,474.34,741,628.97,626.16
864.09,426.88,391.43,404.29,283.8,363.05,305.3,454.97,494.68,404.26,719.3,611.61,598.37
866.02,407.21,370.17,373.48,293.24,314.28,313.59,446.32,459.51,406.55,680.38,592.36,562.34
867.94,326.19,301.57,351,250.31,286.5,313.54,432.04,412.38,379.21,608.23,568.88,523.41
869.87,274.58,318.06,294.97,224.14,247.79,219.24,416.9,350.39,343.34,626.31,563.61,516.68
871.79,203.73,311.32,253.71,168.71,221.18,180.03,367.24,290.55,280.96,638.92,542.55,508.16
873.71,201.51,221.57,177.45,140.26,202.54,126.13,300.61,224.74,218.94,567.31,547.59,468.72
875.64,147.16,107.32,108.41,63.34,125.43,88.97,234.9,190.52,202.18,465.35,478.94,404.92
877.56,90.67,46.99,54.93,44.94,74.36,45.14,159.78,171.88,209.67,389.38,413.61,371.1
879.48,14.05,41.64,18.13,22.72,6.99,23.96,95.68,115.82,169.52,337.51,317.7,268.7
881.39,6.57,41.64,9.89,19.14,0,23.96,42.94,49.57,97.49,267.06,230.22,249.38
883.31,0,0,0,0,0,8.41,9.09,1.3,24.47,160.04,173.15,143.8
885.23,0,0,0,0,0,0,0,1.3,0,124.33,154.73,111.2
887.14,0,0,0,0,0,0,0,0,0,118.82,104.76,31.35
889.06,0,0,0,0,0,0,0,0,0,124.95,125.17,51.56
890.97,0,0,0,0,0,0,0,0,0,99.16,107.33,46.18
892.88,0,0,0,0,0,0,0,0,0,65.52,153.75,61.09
894.8,0,0,0,0,0,0,0,0,0,55.68,94,37.63
896.71,0,0,0,0,0,0,0,0,0,46.7,46.42,67.02
898.62,0,0,0,0,0,0,0,0,0,80.06,1.33,125.71
900.52,0,0,0,0,0,0,0,0,0,77.34,44.72,114.34
902.43,0,0,0,0,0,0,0,0,0,59.59,57.74,90.27
904.34,0,0,0,0,0,0,0,0,0,56.24,125.64,84.6
906.24,0,0,0,0,0,0,0,0,0,51.96,103.94,112.32
908.15,0,0,0,0,0,0,0,0,0,80.87,118.09,100.88
910.05,0,0,0,0,0,0,0,0,0,106.29,80.75,32.97
911.95,0,0,0,0,0,0,0,0,0,184.66,95.36,46.98
913.86,0,0,0,0,0,0,0,0,0,185.99,125.26,91.61
915.76,0,0,0,0,0,0,0,0,0,164.39,118.22,91.61
917.66,0,0,0,0,0,0,0,0,0,139.74,123.13,121.58
919.55,0,0,0,0,0,0,0,0,0,109.7,98.66,79.16
921.45,0,0,0,0,0,0,0,0,0,127.29,97.46,86.35
923.35,0,0,0,0,0,0,0,0,0,54.17,56.25,25.26
925.24,0,0,0,0,0,0,0,0,0,57.87,23.66,30.22
927.14,0,0,0,0,0,0,0,0,0,6.46,0,23.03
929.03,0,0,0,0,0,0,0,0,0,6.46,40.77,38.75
930.92,0,0,0,0,0,0,0,0,0,29.99,40.77,28.46
932.81,0,0,0,0,0,0,0,0,0,29.99,40.77,28.46
934.7,0,0,0,0,0,0,0,0,0,29.99,0,0
936.59,0,0,0,0,0,0,0,0,0,0,0,0
938.48,0,0,0,0,0,0,0,0,0,0,0,0
940.37,0,0,0,0,0,0,0,0,0,0,0,0
942.25,0,0,0,0,0,0,0,0,0,0,0,0
944.14,0,0,0,0,0,0,0,0,0,0,0,0
946.02,0,0,0,0,0,0,0,0,0,0,0,0
947.91,0,0,0,0,0,0,0,0,0,0,0,0
949.79,0,0,0,0,0,0,0,0,0,0,0,0
951.67,0,0,0,0,0,0,0,0,0,0,0,0
953.55,0,0,0,0,0,0,0,0,0,0,0,0
955.43,0,0,0,0,0,0,0,0,0,0,0,0
957.31,0,0,0,0,0,0,0,0,0,0,0,0
959.18,0,0,0,0,0,0,0,0,0,0,0,0
961.06,0,0,0,0,0,0,0,0,0,0,0,0
962.94,0,0,0,0,0,0,0,0,0,0,0,0
964.81,0,0,0,0,0,0,0,0,0,0,0,0
966.68,0,0,0,0,0,0,0,0,0,0,0,0
968.55,0,0,0,0,0,0,0,0,0,0,0,0
970.43,0,0,0,0,0,0,0,0,0,0,0,0
972.3,0,0,0,0,0,0,0,0,0,0,0,0
974.16,0,0,0,0,0,0,0,0,0,0,0,0
976.03,0,0,0,0,0,0,0,0,0,0,0,0
977.9,0,0,0,0,0,0,0,0,0,0,0,0
979.76,0,0,0,0,0,0,0,0,0,0,0,0
981.63,0,0,0,0,0,0,0,0,0,0,0,0
983.49,0,0,0,0,0,0,0,0,0,0,0,0
985.36,0,0,0,0,0,0,0,0,0,0,0,0
987.22,0,0,0,0,0,0,0,0,0,0,0,0
989.08,0,0,0,0,0,0,0,0,0,0,0,0
990.94,0,0,0,0,0,0,0,0,0,0,0,0
992.8,0,0,0,0,0,0,0,0,0,0,0,0
994.66,0,0,0,0,0,0,0,0,0,0,0,0
996.51,0,0,0,0,0,0,0,0,0,0,0,0
998.37,0,0,0,0,0,0,0,0,0,0,0,0
1000.22,0,0,0,0,0,0,0,0,0,0,0,0
1002.08,0,0,0,0,0,0,0,0,0,0,0,0
1003.93,0,0,0,0,0,0,0,0,0,0,0,0
1005.78,0,0,0,0,0,0,0,0,0,0,0,0
1007.63,0,0,0,0,0,0,0,0,0,0,0,0
1009.48,0,0,0,0,0,0,0,0,0,0,0,0
1011.33,0,0,0,0,0,0,0,0,0,0,0,0
1013.18,0,0,0,0,0,0,0,0,0,0,0,0
1015.03,0,0,0,0,0,0,0,0,0,0,0,0
1016.87,0,0,0,0,0,0,0,0,0,0,0,0
1018.72,0,0,0,0,0,0,0,0,0,0,0,0
1020.56,0,0,0,0,0,0,0,0,0,0,0,0
1022.4,0,0,0,0,0,0,0,0,0,0,0,0
1024.24,0,0,0,0,0,0,0,0,0,0,0,0
1026.08,0,0,0,0,0,0,0,0,0,0,0,0
1027.92,0,0,0,0,0,0,0,0,0,0,0,0
1029.76,0,0,0,0,0,0,0,0,0,0,0,0
1031.6,0,0,0,0,0,0,0,0,0,0,0,0
1033.44,0,0,0,0,0,0,0,0,0,0,0,0
1035.27,0,0,0,0,0,0,0,0,0,0,0,0
1037.11,0,0,0,0,0,0,0,0,0,0,0,0
1038.94,0,0,0,0,0,0,0,0,0,0,0,0
1040.77,0,0,0,0,0,0,0,0,0,0,0,0
1042.6,0,0,0,0,0,0,0,0,0,0,0,0
1044.43,0,0,0,0,0,0,0,0,0,0,0,0
1046.26,0,0,0,0,0,0,0,0,0,0,0,0
1048.09,0,0,0,0,0,0,0,0,0,0,0,0
1049.92,0,0,0,0,0,0,0,0,0,0,0,0
1051.75,0,0,0,0,0,0,0,0,0,0,0,0
1053.57,0,0,0,0,0,0,0,0,0,0,0,0
1055.4,0,0,0,0,0,0,0,0,0,0,0,0
1057.22,0,0,0,0,0,0,0,0,0,0,0,0
1059.04,0,0,0,0,0,0,0,0,0,0,0,0
1060.86,0,0,0,0,0,0,0,0,0,0,0,0
1062.68,0,0,0,0,0,0,0,0,0,0,0,0
1064.5,0,0,0,0,0,0,0,0,0,0,0,0
1066.32,0,0,0,0,0,0,0,0,0,0,0,0
1068.14,0,0,0,0,0,0,0,0,0,0,0,0
1069.96,0,0,0,0,0,0,0,0,0,0,0,0
1071.77,0,0,0,0,0,0,0,0,0,0,0,0
1073.58,0,0,0,0,0,0,0,0,0,0,0,0
1075.4,0,0,0,0,0,0,0,0,0,0,0,0
1077.21,0,0,0,0,0,0,0,0,0,0,0,0
1079.02,0,0,0,0,0,0,0,0,0,0,0,0
1080.83,0,0,0,0,0,0,0,0,0,0,0,0
1082.64,0,0,0,0,0,0,0,0,0,0,0,0
1084.45,0,0,0,0,0,0,0,0,0,0,0,0
1086.26,0,0,0,0,0,0,0,0,0,0,0,0
1088.06,0,0,0,0,0,0,0,0,0,0,0,0
1089.87,0,0,0,0,0,0,0,0,0,0,0,0
1091.67,0,0,0,0,0,0,0,0,0,0,0,0
1093.48,0,0,0,0,0,0,0,0,0,0,0,0
1095.28,0,0,0,0,0,0,0,0,0,0,0,0
1097.08,0,0,0,0,0,0,0,0,0,0,0,0
1098.88,0,0,0,0,0,0,0,0,0,0,0,0
1100.68,0,0,0,0,0,0,0,0,0,0,0,0
1102.48,0,0,0,0,0,0,0,0,0,0,0,0
1104.27,0,0,0,0,0,0,0,0,0,0,0,0
1106.07,0,0,0,0,0,0,0,0,0,0,0,0
1107.86,0,0,0,0,0,0,0,0,0,0,0,0
1109.66,0,0,0,0,0,0,0,0,0,0,0,0
1111.45,0,0,0,0,0,0,0,0,0,0,0,0
1113.24,0,0,0,0,0,0,0,0,0,0,0,0
1115.03,0,0,0,0,0,0,0,0,0,0,0,0
1116.82,0,0,0,0,0,0,0,0,0,0,0,0
1118.61,0,0,0,0,0,0,0,0,0,0,0,0
1120.4,0,0,0,0,0,0,0,0,0,0,0,0
1122.19,0,0,0,0,0,0,0,0,0,0,0,0
1123.97,0,0,0,0,0,0,0,0,0,0,0,0
1125.76,0,0,0,0,0,0,0,0,0,0,0,0
1127.54,0,0,0,0,0,0,0,0,0,0,0,0
1129.33,0,0,0,0,0,0,0,0,0,0,0,0
1131.11,0,0,0,0,0,0,0,0,0,0,0,0
1132.89,0,0,0,0,0,0,0,0,0,0,0,0
1134.67,0,0,0,0,0,0,0,0,0,0,0,0
1136.45,0,0,0,0,0,0,0,0,0,0,0,0
1138.23,0,0,0,0,0,0,0,0,0,0,0,0
1140,0,0,0,0,2.72,0,0,0,0,0,0,0
1141.78,0,0,0,0,15.9,0,0,0,0,0,0,0
1143.55,0,0,0,0,28.23,0,0,0,0,0,0,0
1145.33,28.33,0,0,3.59,25.51,18.65,0,0,0,0,0,0
1147.1,41.48,0,1.59,4.32,20.83,24.33,0,0,0,0,0,0
1148.87,41.48,0,1.59,4.32,18.68,78.63,0,0,0,0,0,0
1150.64,42.71,0,1.59,19.49,33.8,77.14,0,0,0,0,0,24.12
1152.41,29.56,21.34,49.65,18.76,55.49,113.64,0,0,0,0,0,35.01
1154.18,30.41,40.57,49.65,63.79,90.28,59.56,0,0,0,4.9,0,72.03
1155.95,11.02,62.49,49.65,45.03,97.37,80.46,0,0,0,4.9,33.17,47.91
1157.72,22.62,79.91,0,87.45,151.12,91.34,0,0,0,4.9,33.17,37.66
1159.48,46.74,61.87,0,92.2,153.4,118.77,0,0,0,0,33.17,27.22
1161.25,68.72,39.94,0,131.14,197.89,136.4,0,0,0,0,6.21,46.21
1163.01,94.8,31.86,43.68,96.18,147.81,126.46,14.32,0,0,0,6.21,81.97
1164.77,96.97,63.53,43.68,118.67,170.16,154.96,14.32,12.28,0,0,7.93,84.11
1166.53,146.78,91.6,43.68,128.13,162.83,113.44,14.32,12.28,0,9.99,1.72,65.13
1168.3,136.91,92.23,0,152.59,223.82,121.24,1.77,12.28,31.38,9.99,51.89,87.14
1170.06,109.77,76.07,18.81,146.6,200.02,129.93,1.77,0,31.38,9.99,50.17,84.63
1171.81,50.54,82.01,36.71,120.37,159.99,132.71,36.27,8.94,31.38,0,62.97,84.63
1173.57,63.06,75.37,61.72,158.25,97.73,114.27,34.5,8.94,34.55,6.39,12.8,57.56
1175.33,101.61,71.6,57.29,159.34,96.01,108.7,34.5,26.79,34.55,6.39,34.06,45.64
1177.08,145.44,41.93,86.61,227.2,139.73,163.58,8.46,34.61,83.79,6.39,48.5,65.7
1178.84,155.37,76.36,78.69,200.51,212.9,205.23,43.58,64.32,67.11,22.51,55.41,35.87
1180.59,196.73,95.21,106.87,176.25,285.83,212.31,82.96,95.39,102.87,64.23,55.95,21.57
1182.34,215.97,156.28,130.58,193.22,327.65,209.62,112.09,87.7,85.22,64.23,82.65,7.29
1184.1,233.41,141.89,138.17,232.07,351.35,202.48,104.12,94.58,126.15,41.73,75.74,21.49
1185.85,212.3,158.59,122.85,298.37,345.5,233.11,94.28,88.26,103.54,0,53.94,21.49
1187.6,174.17,101.95,76.84,259.34,349.31,249.41,66.46,79.19,137.27,0,0,15.72
1189.35,128.59,57.25,52.17,239.53,268.35,225.27,39.31,42.6,78.48,0,0,0
1191.09,89,9.14,24.93,158.72,198.39,133.8,9.76,0,65.33,0,0,0
1192.84,41.34,0.38,0,142.59,140.43,84.66,0,0,0,0,0,0
1194.58,26.95,0.38,0.6,109.35,118.36,44.74,2.63,0,0,0,0,0
1196.33,53.12,32.02,32.28,135.67,120.85,117.72,2.63,0.36,21.33,0,0,0
1198.07,116.14,32.02,49.74,135.77,111.79,126.15,20.31,27.03,31.32,0,0,0
1199.82,146.85,63.24,63.19,217.33,157.85,184.69,60.22,74.51,87.47,0,0,0
1201.56,161.78,70.3,52.19,240.12,223.14,198.13,158.68,108.17,92.16,0,0,0
1203.3,196.37,102.73,54.51,297.92,254.1,199.91,199.86,144.18,130.54,0,5.71,0
1205.04,208.08,93.21,46.92,278.51,302.85,224.47,230.86,144.99,140.06,0.75,5.71,32.63
1206.78,242,95.92,89.21,319,326.84,234.27,272.77,158.72,190.83,25.87,12.71,94.09
1208.51,235.25,128.62,132.49,321.17,381.16,281.74,304.39,174.81,204.63,63.95,39.31,141.96
1210.25,329.28,229.09,191.54,388.8,397.95,340.01,344.47,248.71,239.23,120.92,83.58,155.95
1211.98,354.98,297.88,179.58,381.77,407.41,385.94,327.6,288.64,277.87,140.17,86.84,95.22
1213.72,422.79,356.79,221.38,443.88,445,450.01,362.86,329.05,352.31,185.15,110.49,108.54
1215.45,443.15,369.58,213.06,459.56,475.83,447.64,352.05,362.04,387,187.63,135.98,138.7
1217.18,466.3,384.14,231.84,518.69,522.11,449.4,397.39,424.84,416.83,236.17,194.85,218.59
1218.92,463,374.59,208.84,501.74,555.64,444.73,394.65,491.23,437.92,237.21,232.9,184.3
1220.65,488.15,371.81,252.27,562.59,592.3,485.18,450.72,478.76,492.49,302.65,266.67,154.75
1222.38,509.52,387.92,249.91,589.34,621.19,540.54,435.72,511.88,493.98,274.26,276.27,178.03
1224.1,558.9,378.03,249.21,669.45,640.44,568.58,447.76,484.71,488.17,312.15,220.83,202.92
1225.83,539.5,388.02,262.06,612.8,638.93,584.53,466.73,496.13,480.62,277.22,205.22,251.31
1227.56,566,408.24,286.79,612.07,611.66,556.72,495.29,476.14,491.32,298.13,198.46,259.55
1229.28,527.84,420.45,281.85,583.36,566.09,589.6,491.89,444.51,443.4,251.66,216.64,299.06
1231.01,517.12,404.45,283,626.12,539.31,575.28,474.64,446.04,449.95,283.25,190.21,320.31
1232.73,510.86,415.88,282.27,614.02,591.34,590.42,465.55,430.39,456.65,295.23,206.19,290.28
1234.45,540.94,424.32,322.85,638.28,611.72,579.91,492.83,462.44,530.4,314.51,220.77,262.53
1236.17,523.92,454.65,316.66,620.79,628.36,592.32,502.05,471.42,514.07,277.96,242.87,228.29
1237.9,517.79,387.86,331.01,641.88,589.9,600.31,496.86,510.32,519,277.25,227.47,225.23
1239.61,503,387.08,361.02,594.67,651.48,613.65,517.39,544.27,484.97,291.84,262.7,246.11
1241.33,536.23,380.97,331.03,619.83,701.41,611.69,559.29,574.6,532.98,286.04,235.54,235.28
1243.05,535.24,392.63,348.14,625.79,721.16,618.53,575.69,547.74,513.81,273.98,224.78,249.51
1244.77,532.04,427.41,327.69,666.57,670.38,623.17,581.24,520.38,538.13,284.98,181.42,245.14
1246.48,512.85,400.53,353.24,651.71,603.62,599.17,559.51,517.39,490.83,314.28,195.68,260.06
1248.2,490.89,397.54,353.33,687.43,570.79,589.09,588.05,558.66,519.12,382.42,231.11,255.82
1249.91,529.5,374.44,363.31,711.75,564.55,554.93,586.19,607.21,528.34,380.74,269.06,258.75
1251.62,573.01,417.9,354.18,761.33,660.56,579.68,606.93,638.69,556.17,421.58,331.52,272.86
1253.33,590.2,465.37,327.04,771.61,731.27,589.46,596.4,676.88,620.04,389.04,367.93,319.93
1255.04,571.18,464.95,299,763.37,754.46,624.72,629.02,682.56,674.07,367.23,376.41,344.72
1256.75,571.18,428.2,335.63,737.5,728.36,686.01,661.7,713.96,676.47,334.06,376.52,365.81
1258.46,566.74,392.01,359.48,710.23,696.84,669.56,668.98,704.29,669.48,360.06,379.8,358.74
1260.17,571.55,394.06,408.88,724.55,737.59,656.02,683.87,698.9,653.76,399.92,419.93,387.18
1261.87,562.47,403.88,399.05,746.69,752.14,640.96,644.59,693.66,671.2,419.84,436.13,388.03
1263.58,586.31,461.6,415.44,776.43,776.63,675.16,642.93,736.37,684.57,417.95,457.18,425.05
1265.28,548.04,485.55,381.39,735.76,745.71,684.28,681.2,729.68,672.88,386.91,440.4,426.92
1266.99,547.69,514.06,393.55,718.69,761.05,675.32,724.42,751.93,683.8,398.72,429.48,426.97
1268.69,532.23,520.14,375.6,702.89,763.99,694.29,772.58,701.11,669.66,414.38,430.07,399.2
1270.39,543.8,482.22,328.98,740.8,769.97,717.63,737.47,733.02,705.56,469.67,420.96,366.72
1272.09,540.49,470.08,305.47,733.86,748.77,720.11,724.52,708.43,703.63,482.04,432.58,357.31
1273.79,580.87,435.62,286.29,770.3,702.95,721.97,712.29,709.55,685.75,438.03,377.49,337.19
1275.49,600.04,455.62,273.56,761.23,693.61,719.97,757.24,735.18,696.03,423.44,384.48,366.47
1277.18,566.57,434.62,269.48,759.21,663.65,706.01,745.57,707.19,708.37,384.14,339.1,368.72
1278.88,495.11,399.63,267.74,729.57,691.73,703.76,716.64,704.58,705.75,385.47,363.34,326.59
1280.57,424.46,370.76,306.11,702.09,695.97,704.99,673.53,680.15,663.31,368.55,359.33,331.2
1282.27,452.93,386.35,324.25,701.43,711.37,744.37,690.27,698.55,635.02,382.03,383.06,333.22
1283.96,441.42,387.27,302.4,717.82,719.82,700.46,746.4,687.33,698.46,365.49,392.08,357.2
1285.65,500.05,422.99,350.98,769.04,769.08,677.37,805.7,684.29,784.06,376.35,408.17,328.25
1287.34,463.58,388.6,325.79,793.2,758.96,641.21,831.62,673.52,789.94,385.4,376.79,347.15
1289.03,497.47,402.23,352.26,807.08,778.87,679.76,863.93,720.81,767.54,413.09,395.7,370.68
1290.72,522.05,385.86,333.4,812.67,728.51,697.35,818.3,696.49,749.54,432.41,399.91,361.83
1292.41,594.75,460.61,351.31,864.1,765.31,720.09,838.85,743.01,802.36,465.8,434.87,353.06
1294.1,625.6,514.82,395.67,843.02,755.6,701.99,834.9,761.36,829.69,512.95,440.23,386.04
1295.78,623.79,558.38,436.69,826.33,836.27,707.59,916.69,870.44,857.74,501.06,433.56,439.64
1297.47,623.57,578.17,491.6,813.58,838.55,709.47,935.09,929.13,901.07,522.03,483.74,457.76
1299.15,651.81,578.41,489.29,862.67,855.66,773.16,944.67,937,902.23,542.75,527.34,465.29
1300.84,666.75,611.66,458.32,923.47,867.82,785.91,963.98,938.26,894.79,572.44,540.56,476.79
1302.52,693.7,604.26,449.67,932,887.37,819.03,981.02,919.24,878.4,594.1,513.09,493.24
1304.2,708.46,620.98,475.13,940.69,900.74,771.3,989.24,944.73,900.19,581.5,474.36,493.11
1305.88,744.36,599.83,493.04,946.89,877.62,771.74,984.97,973.06,872.48,615.65,530.38,488.06
1307.56,731.05,588.46,493.4,902.25,863.33,740.33,1009.54,934.23,874.94,577.89,541.81,483.74
1309.24,681.55,580.55,446.19,874.79,863.2,762.42,1024.62,943.57,884.57,550.54,514.65,513.17
1310.91,647.51,604.1,435.43,841.16,835.58,768.66,1012.21,892.42,909.7,500.61,488.9,484.35
1312.59,617.5,569.99,423.68,873.92,817,753.62,966.87,921.33,923.89,460.98,474.79,417.82
1314.26,606.41,520.45,450.14,838.29,812.71,745.18,924.49,910.19,879.7,476.21,503.87,384.15
1315.94,591.01,492.26,462.27,807.06,782.47,728.46,885.17,874.45,860.24,456.42,456.25,408.11
1317.61,574.18,513.96,433.62,783.11,785.18,696.34,828.15,838.66,811.4,429.82,447.49,410.26
1319.28,588.39,512.35,412.97,793.88,724.95,664.61,825.86,818.6,832.95,416.19,425.04,358.72
1320.95,537.17,445.3,343.54,800.28,752.66,604.48,794.19,850.83,832.11,428.43,412.44,293.69
1322.62,540.21,421.49,295.34,750.95,720.65,640.29,843.48,875.34,800.9,457.19,387.04,323.52
1324.29,523.6,434.7,270.47,729.02,718.37,648.81,779.18,871.25,779.08,402.93,374.6,307.99
1325.96,480.13,402.02,266.71,707.93,623.26,674.83,776.38,817.67,710.43,412.76,356.58,299.53
1327.63,448.46,374.81,290.06,745.68,642.65,615.35,778.11,798.6,707.96,375,370.65,266.16
1329.29,403.6,324.38,327.85,736.94,635.21,607.36,817.34,765.37,706.32,410.99,347.46,273.86
1330.96,416.21,371.75,347.09,696.04,661.28,604.54,842.09,793.32,741.53,382.08,389.02,304.98
1332.62,409.85,377.46,358.99,689.2,638.07,627.43,833.91,776,749.14,387.13,366.22,310.73
1334.28,413.18,390.52,314.9,692.43,659.59,603.04,836.8,787.08,705.8,336.16,406.39,378.12
1335.95,426.32,369.04,288.25,738.5,682.29,567.15,834.21,786.67,676.31,340.28,376.64,371.92
1337.61,406.15,378.57,273.26,699.29,685.37,553.31,838.68,814.66,680.22,332.38,352.54,410.7
1339.27,419.89,365,229.16,730.71,654.41,578.42,843.12,790.6,733.41,339.33,313.96,357.99
1340.92,406.45,377.22,228.51,754.97,673.29,625.69,838.07,766.05,815.11,350.71,349.47,376.37
1342.58,426.8,327.57,232.97,755.08,682.01,631.45,819.21,746.69,834.98,429.18,405.06,358.16
1344.24,440.3,344.04,287.2,723.03,732.9,635.05,807.19,810.16,831.03,510.74,462.73,372.04
1345.89,477.16,370.2,292.77,680.04,704.85,700.03,856.58,821.04,850.48,524.6,491.71,415.55
1347.55,503.26,399.25,301.56,730.34,721.76,741.29,851.93,803.21,873.22,520,504.89,421.59
1349.2,523.06,374.32,295.01,804.71,729.06,752.94,892.02,766.77,884.68,551.04,480.04,403.93
1350.86,528.89,375.73,313.46,828.48,728.09,718.64,843.18,773.07,850.55,549.73,401.83,383.57
1352.51,523.41,394.49,301.25,817.98,704.52,697.06,881.74,789.44,803.47,510.39,392.59,410.86
1354.16,492.3,419.27,305.36,752.55,681.68,692.53,831.05,796.87,781.8,471.7,422.33,449.11
1355.81,463.66,395.83,324.92,706.29,707.34,674.51,837.87,804.15,786.63,447.43,435.82,472.12
1357.46,436.71,382.41,331.48,695.11,729.74,688.54,792.09,821.5,766.87,495.8,431.29,415.09
1359.1,431.9,373.11,354.82,678.1,704.65,692.07,792.84,761.69,782.94,500.6,405.84,411.48
1360.75,423.12,382.49,370.15,677.49,666.62,669.65,791.65,746.28,760.75,494.71,422.7,375.85
1362.4,444.14,375.99,384.59,658.4,607.77,638.07,807.99,693.38,758.4,447.57,431.31,366.29
1364.04,438.86,400.18,376.7,646.04,576.98,610.21,824.39,749.89,719.78,372.75,393.23,332.71
1365.68,462.28,388.71,346.8,664.75,577.92,597.73,729.2,694.46,696.23,388.91,367.46,302.77
1367.33,470.94,378.47,292.13,612.75,627.16,594.2,697.31,717.99,744.96,407.93,329.55,331.02
1368.97,490.63,322.58,311.45,619.15,639.45,576.73,682.82,662.58,759.09,457.93,342.95,324.9
1370.61,514.91,330.93,298.99,621.51,607.04,569.87,769.63,736.14,752.51,434.14,339.55,330.99
1372.25,519.1,374.84,330.42,645.49,585.91,551.95,760.39,736.31,755.21,398.87,353.68,345.93
1373.89,560.87,435.65,296.07,641.1,578.73,570.31,797.79,799.44,729.53,412.81,356.01,364.41
1375.53,554.9,413.37,336.27,623,642.51,563.94,792.15,792.2,747.48,478.62,382.86,390.74
1377.16,552.5,411.32,383.36,668.52,624.58,609.52,800.8,797.57,743.71,523.3,428.59,401.6
1378.8,519.69,375.17,379.33,677,627.6,609.05,772.41,768.57,727.23,487.85,448.84,388.33
1380.43,479.36,370.47,385.74,689.33,592.8,630.08,763.2,749.75,728.59,462.81,444.85,378.8
1382.07,453.82,369.23,372.26,693.5,605.51,635.6,789.85,753.1,672.46,473.54,392.28,361.36
1383.7,428.99,393,374.77,655.75,613.95,589.18,788.57,757.86,716.39,509.25,364.69,363.55
1385.33,436.4,436.34,362.84,618.95,641.02,549.71,775.58,780.9,727.61,493.49,378.29,334.61
1386.96,436.61,393.8,337.35,565.99,580.92,494.06,765.44,752.46,759.67,468.16,409.98,351.42
1388.59,430.85,386.61,318.52,573.78,539.23,534.81,773.37,700.08,765.12,440.47,421.31,320.2
1390.22,413.79,316.42,270.35,561.3,486.93,564.28,774.71,679.43,731.64,436.76,381.96,339.62
1391.85,355.97,300.47,296.73,553.77,534.93,542.69,735.67,666.08,691.78,419.92,394.13,310.91
1393.47,334.62,260.3,294.88,552.76,553.43,500.6,705.15,668.89,654.09,421.84,373.39,346.61
1395.1,332.75,278.59,278.47,566.27,526.11,425.01,651.14,631.89,591.91,400.18,365.74,324.72
1396.72,339.79,228.78,217.61,524.06,449.07,389.03,604.77,592.84,537.35,320.73,259.62,287.37
1398.35,266.52,227.98,162.75,416.92,380.44,326.11,532.79,593.86,455.85,310.25,214.81,224.32
1399.97,207.61,175.52,168.88,364.52,332.54,294.9,505.55,553.27,473.08,215.42,144.98,186.58
1401.59,131.17,155.85,137.45,331.3,319.14,251.2,491.16,534.2,513.15,255.69,144.9,138.92
1403.21,84.54,72.52,109.61,344.15,260.82,230.88,448.17,471.52,529.95,180.26,94.79,110.57
1404.83,49.26,38.64,50.61,291.17,235.33,202.06,451.03,457.02,484.92,183.26,105.44,58.3
1406.45,26.21,42.77,25.93,287.93,174.58,199.96,450.3,449.24,470.62,142.24,99.4,48
1408.07,26.21,41.16,44.87,264.65,186.11,182.81,493.85,426.42,450.27,112.76,103.89,46.9
1409.68,36.56,62.86,30.62,267.77,207.38,192.04,481.48,373,413.31,149.58,113.03,58.1
1411.3,40.06,55.57,18.94,226.62,233.04,197.32,456.5,337.31,423.08,147.39,103.47,45.51
1412.91,52.56,55.57,0,212.43,232.32,195.55,425.82,334.9,422.8,154.07,86.11,45.22
1414.53,30.43,21.7,0,193.19,182.22,186.05,393.75,366.78,445.46,140.94,58.95,52.45
1416.14,26.92,0,0,236.24,134.74,175.5,380.98,344.28,378.41,149.36,64.65,62.3
1417.75,18.17,0,0,261.14,135.1,160.77,395.72,349.28,369.2,159.86,63.08,47.81
1419.36,3.74,0,0,260.55,125.31,174.87,374.64,325.12,364.82,147.12,94.63,53.4
1420.97,3.74,0,0,207.03,174.9,157.69,375.63,369.36,388.84,138.36,97.14,62.97
1422.58,0,28.84,0,183.68,185.01,170.68,347.12,367.77,377.02,148.35,130.43,73.61
1424.19,0,51.04,39.32,186.85,225.29,164.49,395.8,396.35,395.37,184.77,141.12,76.34
1425.79,0,66.09,39.32,232.52,185.75,216.14,380.31,370.43,384.22,174.94,153.9,112.48
1427.4,28.65,37.26,42.58,264.48,216.15,222.38,405.78,400.47,424.02,251.32,211.21,153.82
1429,50.97,15.05,14.21,287.28,176.73,257.46,404.43,417.34,431.99,235.12,237.93,160.57
1430.6,90.31,14.05,14.55,248.15,186.37,241.92,453.81,433.94,482.68,275.56,274.63,205.3
1432.21,65.2,23.1,11.29,240.75,160.4,241.43,456.25,432.93,438.76,285.98,294.64,225.99
1433.81,42.88,45.3,0.34,235.75,210.16,229.32,400.08,432.97,395.56,319.71,326.95,289.32
1435.41,3.54,31.25,27.59,229.14,222.98,223.27,382.99,417.75,313.08,339.42,334.91,267.29
1437.01,6.81,63.59,35.36,197.93,213.2,246.26,339.28,414.91,309.99,295.11,343.84,290.56
1438.61,42.31,78.93,46.13,196.79,186.47,194.3,349.64,410.46,343.29,315.11,344.74,289.47
1440.2,52.34,78.93,34.12,210.15,167.92,193.49,321.5,413.18,372.09,309.2,337.39,314.46
1441.8,45.53,37.54,38.31,211.13,138.64,169.63,320.65,425.51,371.49,338.48,325.91,289.64
1443.4,22.43,10.11,27.54,184.39,122.32,209.03,354.42,412.79,345.83,370.63,339.96,238.35
1444.99,19.23,10.11,20.15,171.27,119.61,206.37,349.8,452.68,337.45,417.32,380.2,263.92
1446.58,20.75,10.11,8.18,191.76,91.51,198.31,333.46,433.17,318.68,434.53,419.96,329.67
1448.18,30.7,0,8.18,166.54,88.69,163.86,295.4,396.95,306.18,409.28,374.59,396.29
1449.77,23.87,0,0,141.38,73.26,120.45,268.74,347.11,287.4,376.67,382.53,367.87
1451.36,22.36,0,0,116.95,97.89,115.75,267.13,284.98,286.99,371.37,378.44,281.75
1452.95,0,0,0,135.91,98.57,93.76,253.24,294.25,276.98,380.71,418.98,300.27
1454.53,0,0,0,180.48,89.53,132.7,272.64,274.45,264.9,414.24,411.39,328.65
1456.12,0,0,0,163.22,82.99,124.8,298.2,313.16,250.31,405.87,416.54,383.77
1457.71,0,0,0,182.58,78.73,160.83,309.71,268.13,279.66,399.36,436.55,372.41
1459.29,0,0.31,0,144.21,116.75,126.8,316.49,288.04,315.61,366.71,410.43,366.91
1460.88,6.47,2.28,11.13,164.35,168.92,143.58,300.78,327.11,372.05,409.14,408.38,375.49
1462.46,6.47,2.28,11.13,107.43,177.38,156.62,289,389.12,352.76,429.1,407.86,362.59
1464.04,11.07,3.15,11.13,108.12,166.11,176.6,307.17,393.74,338.07,462.26,439.2,387.21
1465.62,15.94,9.79,20.39,114.65,164.67,183.73,345.5,363.84,315.53,445.51,443.96,426.57
1467.2,15.94,9.79,20.39,175.78,160.5,181.12,361.11,349.55,313.6,456.61,438.24,405.13
1468.78,34.84,8.61,60.8,199.08,175.83,203.66,336.21,342.75,305.15,453.8,413.93,374.75
1470.36,53.74,0,62.32,201.1,147.87,185.91,288.36,300.66,288.08,486.63,422.25,349.35
1471.94,63.55,0,68.54,166.51,134.3,128.86,309.23,256.29,286.05,472.76,443.55,357.24
1473.52,40.05,8.08,28.13,148.3,101.11,53.39,305.81,244.62,265.06,476.2,446.48,359.43
1475.09,9.81,8.08,6.22,120.04,50.73,39.3,258.67,226.55,248,405.16,396.59,302.47
1476.67,0,8.08,12.65,94.6,81.64,77.36,197.68,224.97,180.76,350.54,379.79,307.59
1478.24,0,0,16.61,62.54,55.93,100.59,169.07,190.43,162.22,315.89,385.62,269.34
1479.81,0,0,16.61,22.81,55.95,95.28,180.4,170.82,159.95,297.1,378.31,281.27
1481.38,0,0,15.96,6.72,8.66,80.78,180.22,156.03,195.15,309.72,332.74,282.94
1482.95,0,0,12,0,8.66,63.21,165.97,113.84,207.29,295.2,267.35,296.46
1484.52,0,0,12,0,8.64,38.48,157.88,109.79,172.57,320.09,247.38,296.06
1486.09,0,0,0,0,0,16.97,99.38,97.01,153.1,280.51,286.93,319.51
1487.66,0,0,0,0.27,0,11.32,77.71,81.35,120.45,233.67,312.88,319.69
1489.22,0,0,0,0.27,0,11.32,55.07,50.09,80.1,178.8,309.8,299.17
1490.79,0,0,0,0.27,0,0,62.59,9.97,78.96,188.67,251.13,257.39
1492.35,0,0,0,0,0,0,56.15,9.97,39.59,198.18,202.42,225.23
1493.92,0,0,0,0,0,0,37.56,2.8,47.58,190.99,157.01,214.37
1495.48,0,0,0,0,0,0,25.68,11.45,7.99,160.43,161.89,158.8
1497.04,0,0,0,0,0,0,0,11.45,7.99,108.94,171.85,155.63
1498.6,0,0,0,0,0,0,0,11.45,0,119.87,179.88,143.86
1500.16,0,0,0,0,0,0,0,1.53,0,127.86,136.98,179.83
1501.72,0,0,0,0,0,0,0,1.53,0,166.49,103.37,183.09
1503.27,0,0,0,0,0,0,0,1.53,0,139.42,134.06,168.97
1504.83,0,0,0,0,0,0,0,0,0,162.98,141.71,163.15
1506.38,0,0,0,0,0,0,0,0,0,186.61,217.09,150.39
1507.94,0,0,0,0,0,0,0,0,0,175.31,175.21,184.69
1509.49,0,0,0.03,0,0,0,19.38,0,0,165.41,195.4,173.73
1511.04,0,0,0.03,0,0,0,19.38,9.52,0,147.93,170.99,168.83
1512.59,0,0,0.03,0,0,0,36.99,9.52,12.16,178.18,195.98,187.67
1514.14,0,0,2.26,0,0,0,17.61,9.52,12.16,187.27,198.49,188.01
1515.69,0,0,2.26,0,0,0,17.61,0,12.16,206.44,211.06,246.42
1517.24,0,0,24.77,0,0,0,0,0,0,246.57,228.25,219.78
1518.79,0,0,24.33,0,19.63,0,0,0,0,275.99,261.06,239.09
1520.34,0,3.61,44.06,0,19.63,0,0,0,0,284.81,291.28,228.8
1521.88,0,3.61,48.21,0,19.63,9.3,0,0,0,245.47,338.67,286.68
1523.42,0,3.61,68.32,0,0,9.3,0,0,0,210.76,313.68,302.51
1524.97,0,0,53.83,0,0,9.3,0,0,0,197.11,283.08,331.74
1526.51,0,0,43.63,0,0,0,0,0,0,207.76,244.11,287.91
1528.05,0,0,33.06,0,0,0,0,0,0,210.35,265.42,317.03
1529.59,0,0,49.88,0,0,0,0,0,0,228.01,300.45,293.21
1531.13,0,4.69,45.22,0,0,0,0,0,0,241.85,299.66,298.23
1532.67,0,4.69,33.86,0,0,0,0,0,0,253.42,324.93,304.97
1534.2,0,4.69,19.88,0,0,0,0,0,0,260.27,316.15,293.99
1535.74,0,5.69,17.52,0,0,0,0,0,0,262.41,335.99,298.63
1537.28,0,5.69,24.1,0,0,0,0,0,0,232.38,272.66,279.76
1538.81,0,31.74,35.87,0,0,0,0,0,0,224.64,266.94,292.17
1540.34,0,57.63,55.7,0,0,0,0,0,0,185.62,246.62,287.3
1541.88,2.49,61.34,58.37,0,0,0,0,0,0,173.78,259.46,286.6
1543.41,19.35,65.16,96.77,0,0,0,0,0,0,184.99,225.03,314.28
1544.94,37.95,105.94,118.79,0,0,0,0,0,0,202.82,248.54,339.58
1546.47,55.27,178.9,208.31,0,0,0,0,0,0,292.82,258.88,378.03
1547.99,113.45,241.71,247.33,0,0,0,0,0,0,313.65,300.72,394.98
1549.52,189.71,281.25,298.74,0,0,37.36,0,0,0,351.53,321.95,436.65
1551.05,252.06,276.2,315.54,0,0,37.36,0,0,0,329.81,356.56,414.7
1552.57,237.37,283.11,312.63,0,0,37.36,0,0,0,316.03,379.12,413.69
1554.1,208.77,294.75,311.77,0,6.93,0,0,0,0,345.3,367.39,384.4
1555.62,181.69,357.24,339.4,0,6.93,0,0,0,0,348.4,371.16,379.6
1557.14,242.69,362.12,381.43,0,9.51,0,0,0,0,370.89,371.64,368.85
1558.66,262.1,338.07,399.51,0,2.57,0,0,0,0,352.76,384.84,357.14
1560.18,308.03,297.86,374.42,0,2.57,0,0,0,0,315.8,343.87,337.92
1561.7,276.04,326.38,322.05,0,0,0,0,0,0,276.88,310.94,333.09
1563.22,303.23,323.08,330.51,0,0,0,0,0,0,248.12,295.51,344.4
1564.74,280.16,345.17,310.02,0,0,0,0,0,0,242.08,310.45,368.43
1566.25,237.61,302.43,320.7,0,0,0,0,0,0,236.87,309.89,332.61
1567.77,191.24,303.53,292.86,0,0,0,0,0,0,240.14,246.81,319.62
1569.28,204.39,271.8,273.85,0,0,0,0,0,0,257.24,177.56,269.77
1570.79,202.28,230.13,265.23,0,0,0,0,0,0,213.72,138.68,257.64
1572.31,192.89,239.51,248.31,0,0,0,0,0,0,186.91,181.51,256.21
1573.82,167.14,233.84,245.34,0,0,0,0,0,0,165.7,201.27,277.7
1575.33,168.45,260.23,242.74,0,0,0,0,0,0,178.86,186.07,297.24
1576.84,175.49,264.34,277.18,0,0,0,0,0,0,148.4,161.24,271.48
1578.34,117.93,255.83,272.67,0,0,0,0,0,0,116.31,143.12,234.43
1579.85,88.99,250.27,272.43,0,0,0,0,0,0,73.82,116.59,190.3
1581.36,56.22,199.2,253.34,0,0,0,0,0,0,47.81,74.88,139.98
1582.86,95.07,171.4,248.51,0,0,0,0,0,0,15.21,48.76,106.59
1584.37,100.65,134.66,213.06,0,0,0,0,0,0,7.16,45.34,52.89
1585.87,91.85,140.85,198.87,0,0,0,0,0,0,4.71,80.52,52.79
1587.37,86.43,150.09,201.71,0,0,0,0,0,0,4.71,96.39,76.39
1588.87,81.29,154.61,234.16,0,0,0,0,0,0,3.49,103.52,89.9
1590.37,109.55,137.83,206.3,0,0,0,0,0,0,0,50.68,99.11
1591.87,91.52,135.77,193.15,0,0,0,0,0,0,0,42.53,68.35
1593.37,96.22,117.08,165.71,0,0,0,0,0,0,0,21.87,52.65
1594.86,99.75,71.88,157.07,0,0,0,0,0,0,0,15.14,14.98
1596.36,109.44,71.17,140.92,0,0,0,0,0,0,0,0,4.53
1597.86,110.73,111.05,136.35,0,0,0,0,0,0,0,0,10.63
1599.35,95.97,151.53,138.7,0,0,0,0,0,0,0,0,11.42
1600.84,101.36,143.83,162.53,0,0,0,0,0,0,0,1.44,29.27
1602.33,77.86,134.06,190.62,0,0,0,0,0,0,0,1.44,26.03
1603.83,49.91,113.32,195.07,0,0,0,0,0,0,0,1.44,25.24
1605.32,19.55,126.51,166.77,0,0,0,0,0,0,0,0,2.86
1606.8,19.55,79.29,133.38,0,0,0,0,0,0,0,0,0
1608.29,7.91,55.61,98.03,0,0,0,0,0,0,0,0,0
1609.78,0,14.34,66.59,0,0,0,0,0,0,0,0,0
1611.27,0,12.98,23.69,0,0,0,0,0,0,0,0,0
1612.75,0,12.98,3.94,0,0,0,0,0,0,0,0,0
1614.23,0,0,0,0,0,0,0,0,0,0,0,0
1615.72,0,0,0,0,0,0,0,0,0,0,0,0
1617.2,0,0,0,0,0,0,0,0,0,0,0,0
1618.68,0,0,0,0,0,0,0,0,0,0,0,0
1620.16,0,0,0,0,0,0,0,0,0,0,0,0
1621.64,0,0,0,0,0,0,0,0,0,0,0,0
1623.12,0,0,0,0,0,0,0,0,0,0,0,0
1624.59,0,0,0,0,0,0,0,0,0,0,0,0
1626.07,0,0,0,0,0,0,0,0,0,0,0,0
1627.54,0,0,0,0,0,0,0,0,0,0,0,0
1629.02,0,0,0,0,0,0,0,0,0,0,0,0
1630.49,0,0,0,0,0,0,0,0,0,0,0,0
1631.96,0,0,0,0,0,0,0,0,0,0,0,0
1633.43,0,0,0,0,0,0,0,0,0,0,0,0
1634.9,0,0,0,0,0,0,0,0,0,0,0,0
1636.37,0,0,0,0,0,0,0,0,0,0,0,0
1637.84,0,0,0,0,0,0,0,0,0,0,0,0
1639.31,0,0,0,0,0,0,0,0,0,0,0,0
1640.77,0,0,0,0,0,0,0,0,0,0,0,0
1642.24,0,0,0,0,0,0,0,0,0,0,0,0
1643.7,0,0,0,0,0,0,0,0,0,0,0,0
1645.17,0,0,0,0,0,0,0,0,0,0,0,0
1646.63,0,0,0,0,0,0,0,0,0,0,0,0
1648.09,0,0,0,0,0,0,0,0,0,0,0,0
1649.55,0,0,0,0,0,0,0,0,0,0,0,0
1651.01,0,0,0,0,0,0,0,0,0,0,0,0
1652.46,0,0,0,0,0,0,0,0,0,0,0,0
1653.92,0,0,0,0,0,0,0,0,0,0,0,0
1655.38,0,0,0,0,0,0,0,0,0,0,0,0
1656.83,0,0,0,0,0,0,0,0,0,0,0,0
1658.29,0,0,0,0,0,0,0,0,0,0,0,0
1659.74,0,0,0,0,0,0,0,0,0,0,0,0
1661.19,0,0,0,0,0,0,0,0,0,0,0,0
1662.64,0,0,0,0,0,0,0,0,0,0,0,0
1664.09,0,0,0,0,0,0,0,0,0,0,0,0
1665.54,0,0,0,0,0,0,0,0,0,0,0,0
1666.99,0,0,0,0,0,0,0,0,0,0,0,0
1668.44,0,0,0,0,0,0,0,0,0,0,0,0
1669.88,0,0,0,0,0,0,0,0,0,0,0,0
1671.33,0,0,0,0,0,0,0,0,0,0,0,0
1672.77,0,0,0,0,0,0,0,0,0,0,0,0
1674.21,0,0,0,0,0,0,0,0,0,0,0,0
1675.66,0,0,0,0,0,0,0,0,0,0,0,0
1677.1,0,0,0,0,0,0,0,0,0,0,0,0
1678.54,0,0,0,0,0,0,0,0,0,0,0,0
1679.97,0,0,0,0,0,0,0,0,0,0,0,0
1681.41,0,0,0,0,0,0,0,0,0,0,0,0
1682.85,0,0,0,0,0,0,0,0,0,0,0,0
1684.29,0,0,0,0,0,0,0,0,0,0,0,0
1685.72,0,0,0,0,0,0,0,0,0,0,0,0
1687.15,0,0,0,0,0,0,0,0,0,0,0,0
1688.59,0,0,0,0,0,0,0,0,0,0,0,0
1690.02,0,0,0,0,0,0,0,0,0,0,0,0
1691.45,0,0,0,0,0,0,0,0,0,0,0,0
1692.88,0,0,0,0,0,0,0,0,0,0,0,0
1694.31,0,0,0,0,0,0,0,0,0,0,0,0
1695.74,0,0,0,0,0,0,0,0,0,0,0,0
1697.16,0,0,0,0,0,0,0,0,0,0,0,0
1698.59,0,0,0,0,0,0,0,0,0,0,0,0
1700.01,0,0,0,0,0,0,0,0,0,0,0,0
1701.44,0,0,0,0,0,0,0,0,0,0,0,0
1702.86,0,0,0,0,0,0,0,0,0,0,0,0
1704.28,0,0,0,0,0,0,0,0,0,0,0,0
1705.7,0,0,0,0,0,0,0,0,0,0,0,0
1707.12,0,0,0,0,0,0,0,0,0,0,0,0
1708.54,0,0,0,0,0,0,0,0,0,0,0,0
1709.96,0,0,0,0,0,0,0,0,0,0,0,0
1711.38,0,0,0,0,0,0,0,0,0,0,0,0
1712.79,0,0,0,0,0,0,0,0,0,0,0,0
1714.21,0,0,0,0,0,0,0,0,0,0,0,0
1715.62,0,0,0,0,0,0,0,0,0,0,0,0
1717.04,0,0,0,0,0,0,0,0,0,0,0,0
1718.45,0,0,0,0,0,0,0,0,0,0,0,0
1719.86,0,0,0,0,0,0,0,0,0,0,0,0
1721.27,0,0,0,0,0,0,0,0,0,0,0,0
1722.68,0,0,0,0,0,0,0,0,0,0,0,0
1724.08,0,0,0,0,0,0,0,0,0,0,0,0
1725.49,0,0,0,0,0,0,0,0,0,0,0,0
1726.9,0,0,0,0,0,0,0,0,0,0,0,0
1728.3,0,0,0,0,0,0,0,0,0,0,0,0
1729.71,0,0,0,0,0,0,0,0,0,0,0,0
1731.11,0,0,0,0,0,0,0,0,0,0,0,0
1732.51,0,0,0,0,0,0,0,0,0,0,0,0
1733.91,0,0,0,0,0,0,0,0,0,0,0,0
1735.31,0,0,0,0,0,0,0,0,0,0,0,0
1736.71,0,0,0,0,0,0,0,0,0,0,0,0
1738.11,0,0,0,0,0,0,0,0,0,0,0,0
1739.51,0,0,0,0,0,0,0,0,0,0,0,0
1740.9,0,0,0,0,0,0,0,0,0,0,0,0
1742.3,0,0,0,0,0,0,0,0,0,0,0,0
1743.69,0,0,0,0,0,0,0,0,0,0,0,0
1745.08,0,0,0,0,0,0,0,0,0,0,0,0
1746.48,0,0,0,0,0,0,0,0,0,0,0,0
1747.87,0,0,0,0,0,0,0,0,0,0,0,0
1749.26,0,0,0,0,0,0,0,0,0,0,0,0
1750.65,0,0,0,0,0,0,0,0,0,0,0,0
1752.03,0,0,0,0,0,0,0,0,0,0,0,0
1753.42,0,0,0,0,0,0,0,0,0,0,0,0
1754.81,0,0,0,0,0,0,0,0,0,0,0,0
1756.19,0,0,0,0,0,0,0,0,0,0,0,0
1757.58,0,0,0,0,0,0,0,0,0,0,0,0
1758.96,0,0,0,0,0,0,0,0,0,0,0,0
1760.34,0,0,0,0,0,0,0,0,0,0,0,0
1761.72,0,0,0,0,0,0,0,0,0,0,0,0
1763.1,0,0,0,0,0,0,0,0,0,0,0,0
1764.48,0,0,0,0.37,0,0,0,0,0,0,0,0
1765.86,0,0,0,0.37,0,0,0,0,0,0,0,0
1767.24,0,0,0,0.37,0,0,0,0,0,0,0,0
1768.61,0,0,0,0,0,0,0,0,0,0,0,0
1769.99,0,0,0,0,0,0,0,0,0,0,0,0
1771.36,0,0,0,0,0,0,0,0,0,0,0,0
1772.73,0,0,0,10.58,11.41,0,9.04,0,0.93,0,0,0
1774.1,0,0,0,10.76,11.41,10.67,12.63,5.25,0.93,0,0,0
1775.48,0,0,0,37.71,19.32,37.09,21.27,22.84,24.69,0,0,0
1776.85,0,0,0,27.14,25.04,37.09,12.23,35.5,23.76,0,0,0
1778.21,4.62,0,0,62.63,38.8,58.2,22.55,59.69,70.69,0,0,0
1779.58,4.62,0,0,69.85,60.21,74.72,43.91,57.93,46.93,0,0,0
1780.95,4.62,0,0,75.58,68.02,90.88,61.72,62.88,46.93,0,0,0
1782.32,9.29,3.58,14.03,51.59,70.89,70.21,80.5,46.21,27.08,0,0,0
1783.68,9.29,3.58,14.03,39.87,53.37,44.17,61.2,43.48,36.65,0,0,0
1785.04,9.47,3.58,14.03,50.65,39.36,40.63,52.05,25.87,65.32,0,0,0
1786.41,0.18,0,0,63.37,47.28,59.05,40.49,36.22,66.5,0,0,0
1787.77,0.18,0,0,57.59,56.04,54.31,71.08,43.38,73.16,0,0,0
1789.13,0.07,0,0,75.29,72.96,59.08,74.8,74.72,72.63,0,0,0
1790.49,0.07,0,0,73.82,84.7,67.35,62,82.17,66.92,0,0,0
1791.85,3.12,0,0,105.5,115.6,107.46,52,93.77,74.03,0,0,0
1793.21,13.69,0,0,116.11,107.76,120.18,78.58,104.28,83.05,0,0,0
1794.57,30.86,10.96,0,163.1,147.97,130.28,136.84,125.15,103.1,0,11.48,4.2
1795.92,46.26,26.34,0,188.45,149.88,126.43,163.46,144.38,145.84,21.82,11.48,4.2
1797.28,73.28,51.11,0,203.39,218.71,169.19,204.98,169.52,175.5,24.12,26.05,22.94
1798.63,91.26,51.6,26.91,223.58,235.81,194.22,211.07,187.24,211.74,29.53,38.12,42.17
1799.98,101.43,50.62,76.11,226.24,236.37,207.74,223.28,213.42,197.44,39.16,60.57,82.92
1801.34,95.66,45.39,91.44,235.94,229.64,202.97,221.17,239.28,212.5,54.52,69.54,72.08
1802.69,106.75,74.37,86.08,235.76,213.04,201.01,236.85,230.93,211.34,80.38,75.02,57.75
1804.04,129.45,84.32,36.88,246.17,252.02,230.32,263.75,249.15,242.76,71.85,67.45,68.72
1805.39,134.33,77.81,21.54,255.37,259.14,239.11,272.43,238.15,236.64,64.49,73.72,84.87
1806.73,146.94,66.37,38.84,265.93,277.95,255.93,293.11,270.49,250.86,71.17,91.71,113.75
1808.08,131.72,60.47,49.51,274.61,281.88,257.9,285.9,249.95,237.19,75.35,92.21,87.15
1809.43,135.89,58.32,59.31,280.63,280.83,247.56,258.68,268.41,256.53,70.92,80.09,63.1
1810.77,111.45,58.57,24.69,276,272.8,238.92,234.46,250.87,247.21,78.53,52.36,28.63
1812.12,103.19,70.69,31.28,273.16,286.89,220.76,222.34,261.77,259,70.63,46.8,27.66
1813.46,85.09,101.33,29.76,284.76,280.43,232.39,237.65,243.11,219.57,82.21,40.73,34.04
1814.8,98.7,110.04,61,305.04,293.64,216.05,246.28,250.78,226.8,48.18,40.71,49.97
1816.14,134.26,128.39,57.56,299.21,291.09,236.94,261.78,254.99,238.58,79.4,59.29,55.18
1817.48,168.76,131.36,65.45,308.6,299.76,251.08,288.16,268.09,280.24,97.89,90.14,70.33
1818.82,201.75,157.19,54.54,319.09,321.2,313.35,308.29,307.27,294.01,148.86,136.15,119.65
1820.16,193.34,161.64,76.61,331.14,316.2,297.52,330.95,343.34,311.65,134.08,158.42,128.91
1821.5,217.31,144.49,75.78,358.18,341.2,317.04,349.92,367.38,330.27,163.67,150.07,154.23
1822.83,226.22,133.3,101.27,368.43,362.08,312.12,374.75,363.62,348.77,189.52,139.98,136.48
1824.17,245.27,131.29,96.62,388.78,410.73,341.65,391,350.96,364.69,224.17,150.37,152.9
1825.5,243.81,152.79,128.18,395.89,438.48,365.31,403.99,356.71,377.71,228.97,160.58,143.47
1826.83,225.5,142.8,114.27,395.43,415.66,382.74,411.72,358.21,373.81,210.9,185.93,151.87
1828.17,229.45,146.09,116.34,433.51,403.71,390.4,417.31,367.91,363.11,224.08,197.87,156.86
1829.5,240.88,151.89,134.94,433.67,389.19,374.16,424.3,367.68,375.16,220.72,215.95,158.35
1830.83,261.45,157.52,153.41,432.26,399.77,346.37,419.69,385.54,387.29,213.5,203.85,169.98
1832.16,271.28,183.11,154.85,402.71,379.54,356.14,428.6,373.57,399.94,196.86,192.32,171.21
1833.49,267.58,195.19,139.15,411.24,399.07,358.67,431.57,409.69,401.34,192.01,195.27,189.26
1834.81,249.36,196.78,124.31,419.19,399.01,364.31,446.6,384.2,374.48,184.29,172.36,176.12
1836.14,260.16,194.09,128.56,424.44,425.26,355.93,439.91,400.34,366.58,186.59,173.46,167.69
1837.46,249.54,160.33,127.78,383.2,394.37,347.77,404.06,369.99,329.86,186.45,153.15,143.17
1838.79,253.28,150.97,103.4,382.6,395.44,343.59,376.15,372.92,341.44,181.66,149.52,120.36
1840.11,251.04,143.65,123.78,415.29,389.48,367.73,366.52,387.81,356.96,172.21,136.25,138.91
1841.43,261.71,161.27,113.79,461.49,403.7,406.73,409.38,394.86,388.67,178.99,162.21,146.71
1842.75,277.29,192.83,130.43,476.54,419.44,437.28,423.41,423.42,417.87,208.34,194.41,178.76
1844.07,275.66,193.22,122.25,464.31,421.58,418.91,441.48,425.69,441.47,235.8,203.41,171.95
1845.39,285.5,214.09,134.6,489.82,469.45,425.96,461.25,453.35,454.8,285.04,223.53,217.61
1846.71,272.34,204.34,159.35,484.61,454.61,422.65,472.96,457.96,462.73,296.29,240.99,232.29
1848.03,272.42,210.18,154.39,488.56,469.28,445.86,472.49,455.05,468.5,291.42,265.02,232.55
1849.34,282.18,248.74,174.51,484.8,458.56,432.38,468.94,450.74,484.2,283.88,277.72,228.49
1850.66,298.73,269.11,173.81,496.42,492.56,422.97,477.09,466.81,479.96,300.45,250.54,225.23
1851.97,319.72,273.63,176.28,516.08,520.62,431.98,496.94,498.93,482.42,320.13,266.8,252.43
1853.29,329.5,252.96,186.61,525.8,534.73,447.39,515.82,515.74,496.6,318.58,273.18,282.76
1854.6,324.62,255.33,185.66,525.79,545.45,475.76,536.28,525.48,522.7,310.02,316.56,301.77
1855.91,355.74,295.07,221.12,560.7,562.11,506.09,585.32,553.48,559.4,354.11,339.28,326.79
1857.22,344.75,296.39,216.52,534.11,536.25,514.27,590.83,535.29,552.25,351.75,326.88,313.05
1858.53,400.42,338.08,242.66,568.1,554.33,533.73,597.25,546.02,536.03,368.38,337.14,328.64
1859.84,390.54,314.24,220.64,565.14,528.12,511.59,564.36,521.44,495.83,328.1,319.85,308.69
1861.15,411.09,334.88,213.12,595.54,561.61,488.18,554.14,534.88,497.67,341.25,341.99,329.53
1862.45,364.31,285.88,187.33,563.53,552.03,475.72,547.49,525.24,506.42,328.71,317.12,295.7
1863.76,366.18,308.23,222.93,558.77,564.04,509.53,561.75,527.51,546.42,372.16,349.57,318.21
1865.06,373.05,303.95,227.93,557.26,546.96,530.62,585.9,542.02,535.34,353.58,329.01,310.05
1866.36,403.35,338.13,247.75,612.1,554.26,547.1,609.39,574.87,557.94,365.75,365.89,359.34
1867.67,421.64,323.66,241.97,604.19,582.8,527.52,637.1,604.3,554.12,348.57,344.08,367.96
1868.97,431.8,324.11,262.46,625.08,621.81,544.1,645.27,631.18,591.75,395.58,400.14,396.46
1870.27,419.5,317.12,246.23,611.77,621.96,539.5,631.87,629.85,596.52,406.11,389.41,384.52
1871.57,395.07,317.05,245.6,628.25,627.57,544.06,617.92,635.63,589.41,415.84,411.88,422.13
1872.87,409.74,321.77,236.14,597.41,625.53,539.32,612.62,635.76,585.64,398.65,386.1,396.51
1874.16,411.94,324.06,262.61,606.02,617.29,540.07,603.44,627.33,597.33,401.97,394.53,402.76
1875.46,408.45,327.03,235.14,585.86,587.95,533.75,588.46,628.12,576.57,390.6,372.26,359.34
1876.75,408.38,334.78,232.82,606.05,575.96,529.8,590.8,610.92,575.82,388.96,390.41,376.02
1878.05,425.39,344.66,225.99,582.23,584.64,534.88,607.8,622.04,557.74,400.73,392.64,363.13
1879.34,425.16,334,259.33,582.09,596.33,556,603.44,604.82,576.66,406.91,407.95,354.33
1880.63,407.56,332.34,274.03,590.83,590.57,582.36,608.29,596.48,568.13,401.7,395.57,347.19
1881.93,409.6,328.69,290.45,604.13,587.72,571.31,612.33,580.02,556.16,407.12,400.15,381.02
1883.22,416.05,346.82,271.02,622.42,579.19,551.62,629.69,576.21,567.5,400.61,407.81,390.29
1884.51,420.25,335.07,250.41,600.7,564.33,534.62,610.02,571.38,561.18,390.49,391.87,361.97
1885.79,429.19,337.43,262.96,592.64,576.46,551.98,609.32,566.54,565.17,380.43,397.68,347.74
1887.08,410.76,338.79,283.2,573.46,563.15,542.91,582.14,551.9,534.04,372.99,360.44,351.49
1888.37,408.4,371.26,299.6,577.93,563.49,537.52,604.26,579.57,549.22,407.27,366.95,360.99
1889.65,403.89,363.62,287.25,592.49,550.93,544.6,621.46,605,565.5,407.39,382.63,370.68
1890.94,451.67,381.97,289.28,610.25,564.25,557.57,646.51,615.61,602.65,423.11,407.93,375.68
1892.22,473.62,384.88,328.89,654.11,623.99,595.34,655.97,613.32,630.22,436,441.74,409.87
1893.5,472.87,403.78,329.2,629.5,626.61,585,645.93,605.54,641.32,437.5,415.84,409.36
1894.78,454.29,386.23,336.44,623.63,646.99,608.45,659.96,623.18,652.17,459.16,426.77,417.04
1896.06,440.67,372.34,315.37,586.96,623.89,583.46,648.17,634,625.22,449.09,408.33,411.36
1897.34,436.66,384.77,296.67,606.82,610.67,573.36,632.55,628,628.12,456.28,404.49,396.96
1898.62,439.59,388.52,288.33,624.53,582.63,548.48,628.43,630.86,603.21,453.74,419.94,406.53
1899.9,434.81,383.27,277.68,623.1,557.79,548.5,625.48,608.56,595.48,447.14,425.32,417.4
1901.18,456.53,393.55,296.28,598.74,590.03,566.28,647.58,617.66,572.83,468.35,449.88,428.11
1902.45,446.97,382.93,291.02,576,576.91,561.73,609.29,583.05,557.14,455.94,429.15,410.22
1903.72,451.57,386.18,270.68,582.34,571.86,536.95,598.72,572.16,554.19,453.67,408.58,390.18
1905,435.23,347.19,275.13,576.63,549.1,496.16,581.08,560.56,534.85,431.77,383.39,383.53
1906.27,419.15,341.18,278.94,574.76,556.86,484.58,597.6,567.79,547.36,425.13,385.14,376.84
1907.54,404.57,311.71,287,538.95,557.35,480.1,565.16,560.41,538.6,402.3,378.38,365.65
1908.81,396.59,315.22,271.07,541.31,546.69,479.49,544.21,536.52,553.01,390.06,384.55,360.75
1910.08,407.66,326.48,258.94,518.29,538.65,485.2,537.18,536.91,550.7,399.51,394.76,376.57
1911.35,386.1,327.82,253.61,514.54,521.89,479.22,537.75,514.57,549.67,420.32,392.01,371.79
1912.62,379.14,305.81,231.29,484.63,497.96,475.11,529.79,508.06,537.8,406.38,364.86,350.28
1913.88,397.66,305.33,234.55,490.43,513.43,476.41,515.86,477.25,522.31,373.57,360.52,321.27
1915.15,396,305.37,230.71,506.28,519.95,469.14,523.63,483.15,509.54,319.57,356.66,316.76
1916.41,390.16,308.6,254.44,512.84,536.2,489.29,515.76,474.76,482.16,313.02,366.28,343.41
1917.68,359.79,298.03,253.74,487.11,508.82,461.85,521.24,475.08,461.81,308.61,356.38,345.55
1918.94,363.46,300.87,251.16,463.31,484.72,444.04,508.31,462.31,442.4,324.22,343.51,330.75
1920.2,352.94,311.23,244.82,474.55,467.99,403.31,503.72,452.58,457.03,319.28,339.1,315.77
1921.46,327.67,302.89,241.81,481.27,460.76,395.77,484.27,465.99,447.81,332.59,328.95,325.38
1922.72,317.09,308.29,239.93,483.92,467.12,412.19,469.72,481.65,444.51,349.23,361.83,337.38
1923.98,307.77,280.98,238.06,447.38,449.3,414.46,455.29,468.12,431.03,344.44,349.28,330.31
1925.24,318.13,297.42,225.3,436.42,436.73,413.69,453.76,453.83,433.46,332.66,350.09,342.94
1926.49,314.19,272.59,220.66,422.37,407.09,384.2,445.13,423.45,432.48,334.23,337.25,340.95
1927.75,302.05,267.27,210.58,420.02,409.49,364.12,451.84,419.09,427.86,341.24,341.21,332.1
1929,274.37,240.14,195.06,394.69,415.24,348.76,433.21,391.42,389.94,337.69,328.3,301.41
1930.26,253.05,220.07,167.65,370.61,394.58,318.36,403.15,379.32,357.59,301.82,293.41,282.74
1931.51,278.63,240.62,171.91,393.65,399.73,334.79,417.86,393.67,362.04,323.17,309.42,293
1932.76,288.78,209.13,168.84,392.16,378.01,329.39,402.68,396.48,383.96,316.41,295.99,275.18
1934.01,304.51,226.92,207.43,395.79,404.42,364.82,433.27,390.07,385.33,341.2,312.8,286.62
1935.26,284.02,212.21,221.24,351.43,388.85,346.3,377.86,361.67,363.39,307.09,296.06,260.86
1936.51,281.88,243.9,247.16,349.31,370.18,349.73,390.32,358.5,345.35,304.98,297.67,270.79
1937.76,276.64,219.87,214.75,337.97,335.98,323.65,361.55,336.44,353.76,290.08,274.83,239.97
1939,245.63,189.12,185.99,327.74,292.56,293.39,343.87,302.16,329.96,269.39,237.56,222.73
1940.25,223.51,179.65,155.57,292.96,275.27,234.96,296.63,276.99,309.94,248.92,228.18,204.4
1941.49,189.95,194.13,153.47,270.96,259.1,224.68,287.47,282.92,277.04,224.65,224.02,230.32
1942.74,202.18,207.77,158.91,263.96,263.26,242.1,281.96,295.52,265.47,222.15,234.97,246.03
1943.98,211.19,206.9,162.91,272.96,255.43,265.24,292.43,280.43,264.57,245.41,242.7,253.54
1945.22,210.64,198.87,165.78,263.95,266.94,239.07,274.87,267.01,261.34,261.09,236.87,241.17
1946.46,210.64,207.77,164.31,262.04,272.55,227.39,264.4,253.68,267.54,277.64,234.25,239.71
1947.7,184.31,179.39,150.6,236.34,271.05,208.63,236.45,258.89,242.29,255.5,218.3,228.6
1948.94,186.42,149.17,125.1,208.97,240.88,218.57,210.46,253.09,211.37,244.12,228.12,230.61
1950.18,153.75,111.88,98.92,191.69,210.82,195.98,195.89,236.37,183.22,215.27,210.48,217.85
1951.41,148.07,107.97,92.51,188.95,177.3,187.64,194.17,219.86,178.27,197.06,211.16,213.44
1952.65,125.15,124.88,110.96,185.18,155.77,154.32,189.41,193.65,186.31,180.6,176.94,207.14
1953.88,109.34,119.95,88.63,140.4,126.22,116.69,171.28,165.76,160,165.22,157.82,186.63
1955.12,126.96,92.5,73.83,106.93,93.99,79.09,133.1,106.17,114.67,154.91,114.46,160.9
1956.35,128.68,76.86,60.89,99.43,86.08,71.17,106.21,73.54,97.65,142.69,124.86,136.95
1957.58,110.72,48.22,74.05,93.79,65.04,48.98,62.34,45.11,66.83,134.43,130.57,108.67
1958.81,57.74,53.33,55.91,83.68,52.19,38.54,38.13,33.87,58.54,99.13,135.93,80.05
1960.04,28.19,24.92,42.7,45.86,17.28,15.78,11.87,11.15,15.8,65.91,106.38,53.22
1961.27,16.12,24.92,17.57,25.59,2.83,15.78,11.87,2.03,8.24,30.87,70.36,40.93
1962.5,8.35,4.12,17.57,2.91,0,7.19,2.59,0,0,26.79,32.31,44.64
1963.72,1.74,0,11.28,4.32,0,0,0,6.03,0,44.11,20.68,48.46
1964.95,1.74,0,11.28,4.32,0,0,0,6.03,0,41.95,16.13,42.91
1966.17,1.74,0,11.28,4.32,0,0,0,6.03,0,29.46,15.55,22.98
1967.4,0,0,3.57,0,0,0,0,0,0,0,1.65,0
1968.62,0,0,3.57,0,0,0,0,0,0,0,1.65,0
1969.84,0,0,3.57,0,0,0,0,0,0,0,0,0
1971.06,0,0,0,0,0,0,0,0,0,0,0,0
1972.28,0,0,0,0,0,0,0,0,0,0,0,0
1973.5,0,0,0,0,0,0,0,0,0,0,0,0
1974.72,0,0,0,0,0,0,0,0,0,0,0,0
1975.94,0,0,0,0,0,0,0,0,0,0,0,0
1977.15,0,0,0,0,0,0,0,0,0,0,0,0
1978.37,0,0,0,0,0,0,0,0,0,0,0,0
1979.58,0,0,0,0,0,0,0,0,0,0,0,0
1980.79,0,0,0,0,0,0,0,0,0,0,0,0
1982,0,0,0,0,0,0,0,0,0,0,0,0
1983.22,0,0,0,0,0,0,0,0,0,0,0,0
1984.43,0,0,0,0,0,0,0,0,0,0,0,0
1985.63,0,0,0,0,0,0,0,0,0,0,0,0
1986.84,0,0,0,0,0,0,0,0,0,0,0,0
1988.05,0,0,0,0,0,0,0,0,0,0,0,0
1989.25,0,0,0,0,0,0,0,0,0,0,0,0
1990.46,0,0,0,0,0,0,0,0,0,0,0,0
1991.66,0,0,0,0,0,0,0,0,0,0,0,0
1992.87,0,0,0,0,0,0,0,0,0,0,0,0
1994.07,0,0,0,0,0,0,0,0,0,0,0,0
1995.27,0,0,0,0,0,0,0,0,0,0,0,0
1996.47,0,0,0,0,0,0,0,0,0,0,0,0
1997.67,0,0,0,0,0,0,0,0,0,0,0,0
1998.86,0,0,0,0,0,0,0,0,0,0,0,0
2000.06,0,0,0,0,0,0,0,0,0,0,0,0
2001.26,0,0,0,0,0,0,0,0,0,0,0,0
2002.45,0,0,0,0,0,0,0,0,0,0,0,0
2003.65,0,0,0,0,0,0,0,0,0,0,0,0
2004.84,0,0,0,0,0,0,0,0,0,0,0,0
2006.03,0,0,0,0,0,0,0,0,0,0,0,0
2007.22,0,0,0,0,0,0,0,0,0,0,0,0
2008.41,0,0,0,0,0,0,0,0,0,0,0,0
