wavenumber,PS_PE 50ppm-1,PS_PE 50ppm-2,PS_PE 50ppm-3,PS_PE 100ppm-1,PS_PE 100ppm-2,PS_PE 100ppm-2,PS_PE 200ppm-1,PS_PE 200ppm-2,PS_PE 200ppm-3
498.72,0,0,0,0,5.57,0,0,0,0
500.83,16.23,40.71,19.54,4.54,34,6.09,44.1,75.59,66.48
502.93,16.23,40.71,19.54,4.54,34,6.09,51.37,75.59,68.41
505.04,16.23,40.71,19.54,4.54,28.43,6.09,51.37,75.59,68.41
507.15,0,0,0,0,0,0,7.27,0,1.93
509.25,0,0,0,0,0,0,0,0,0
511.36,0,0,0,0,0,0,0,0,0
513.46,0,0,0,0,0,0,0,0,0
515.56,0,0,0,0,0,0,0,0,0
517.66,37.93,31.74,11.95,0,6.88,0,0,0,0
519.77,49.01,45.73,37.83,0,6.88,0,0,0,0
521.86,49.01,45.73,37.83,0,6.88,0,0,0,0
523.96,11.07,13.99,25.88,0,0,0,0,0,0
526.06,0,0,0,0,0,0,0,0,0
528.16,24.4,19.73,10.36,0,0,0,0,0,0
530.25,53.71,28.15,10.36,11.64,0,0,0,0,0
532.35,53.71,33.95,10.36,11.64,0,0,0,0,0
534.44,34.83,22.02,0,11.71,5.58,44.07,0,0,0
536.53,15.97,13.77,0,0.07,8.62,44.07,0,0,0
538.62,15.97,7.97,0,0.07,8.62,44.07,0,0,0
540.71,10.46,0.17,0,0,3.04,0,0,0,0
542.8,64.37,55.33,24.46,24.09,15.5,66.44,10.32,19.66,41.43
544.89,169.89,164.89,136.18,143.99,146.76,245.34,228.68,225.69,258.88
546.98,311.48,316.94,260.08,306.26,330.68,469.24,564.99,553.35,582.94
549.06,396.29,406.98,360.54,473.24,541.86,528.8,911.75,873.47,883.99
551.15,441.36,443.27,366.58,538.02,589.16,507.46,1031.41,997.82,1002.27
553.23,421.36,411.83,311.23,490.92,548.23,391.89,986.98,959.74,931.13
555.32,343.08,330.08,244.58,364.08,411.19,354.87,825.22,821.67,805.66
557.4,240.84,225.38,181.97,208.48,290.73,238.41,606.15,637.29,579.22
559.48,147.42,122.16,131.85,93.31,190.28,159.29,418.87,442.37,437.58
561.56,149.95,107.54,106,47.23,117.31,97.62,369.18,390.36,378.18
563.64,183.53,119.96,115.52,83.75,71.25,69.2,446.85,412.05,463.15
565.72,212.6,163.21,154.87,115.26,86.56,40,483.32,483.88,534.93
567.8,174.84,130.62,122.46,97.11,69.89,12.67,424.94,412.85,477.52
569.87,141.58,92.18,65.46,57.46,57.85,0,292.37,277.96,364.26
571.95,108.49,31.55,9.97,25.95,0,0,151.3,111.48,181.22
574.02,78.24,15.14,9.97,25.95,0,0,64.04,32.8,81
576.09,29.58,0,2.28,0,0,0,0,0,0
578.17,5.41,0,0,0,0,0,0,0,0
580.24,0,0,0,0,0,0,0,0,0
582.31,0,0,0,0,0,0,0,0,0
584.38,0,0,0,0,0,0,0,0,0
586.45,0,0,0,0,0,0,0,0,0
588.51,0,0,0,0,0,0,0,0,0
590.58,0,0,0,0,0,0,0,0,0
592.64,0,0,0,0,0,0,0,0,0
594.71,0,0,0,0,0,0,3.29,0,0
596.77,0,6.17,0,0,18.5,0,63.32,81.86,58.94
598.83,0,6.17,0,0,18.5,5.04,145.72,181.09,175.57
600.89,0,14.7,0,0,18.5,5.04,211.92,289.09,265.63
602.95,1.32,8.53,0,0,32.11,5.04,216.54,269.72,278.91
605.01,1.32,8.53,0,0,32.11,0,147.03,186.21,167.72
607.07,1.32,0,0,0,32.11,0,171.26,185.12,162.95
609.13,49.21,33.9,19.47,5.24,7.01,0,340.03,358.9,319.05
611.18,130.65,110.38,87.88,52.1,36.46,74.61,602.22,627.77,609.24
613.24,211.97,204.41,167.54,118.18,83.62,140.17,861.51,879.4,858.19
615.29,283.46,288.58,243.15,171.75,138.98,186.86,960.22,1017.46,965.91
617.35,319.93,333.73,293.4,164.93,157.94,195.24,1032.92,1063.17,1031.94
619.4,361.26,367.41,327.18,123.62,168.06,178.43,1005.17,989.76,1007.86
621.45,324.92,350.07,337.6,81.93,137.46,180.24,892.41,828.68,892.77
623.5,247.23,286.38,238.67,41.89,89.06,97.26,650.98,565.92,618.67
625.55,155.52,178.33,145.72,17.12,31.77,48.49,343.88,313.17,308.51
627.6,111.69,80.49,50.3,0,0,0,147.67,119.96,110.97
629.64,89.08,83.52,58.42,20.26,22.44,11.11,92.02,131.32,84.32
631.69,113.34,138.1,70.42,63.09,49.57,57.15,162.59,220.9,226.28
633.73,128.7,196.43,128.84,75.21,111.79,137.83,254.95,328.26,333.97
635.78,163.51,201.87,152.36,143.56,158.17,210.23,351.1,353.74,425.45
637.82,231.97,275.3,200.53,232.89,226.86,304.94,550.92,482.57,517.61
639.86,279.32,355.27,227.58,394.77,305.76,366.19,731.98,669.97,640.33
641.9,365.23,425.8,290.52,475.2,428.54,435.31,880.94,838.94,781.29
643.94,335.8,368.65,295.11,474.3,459.98,408.08,833.26,831.92,779.27
645.98,263.81,295.6,248.47,383.18,383.2,362.63,640.7,620.37,626.05
648.02,125.5,158.67,134.16,214.14,225.53,209.99,344.9,347.02,332.69
650.06,31.25,68.16,48.92,82.89,98.27,100.54,104.03,103.25,100.59
652.09,0,0,0,0,33.93,4.06,0,0,0
654.13,0,0,0,0,0,4.06,0,0,0
656.16,0,0,0,0,0,0,0,0,0
658.2,0,0,0,0,0,0,0,0,0
660.23,0,0,0,0,0,0,0,0,0
662.26,0,0,0,0,0,0,0,0,0
664.29,0,0,0,16.25,0,14.96,43.22,47.45,42.09
666.32,9.96,10.91,23.51,16.25,38.59,33.79,155.23,170.02,158.31
668.34,9.96,10.91,23.51,16.25,38.59,33.79,174.11,170.02,178.73
670.37,9.96,10.91,23.51,0,38.59,18.83,130.89,122.57,136.63
672.4,0,0,0,0,0,0,18.89,0,20.42
674.42,0,0,0,0,0,0,0,0,0
676.45,0,0,0,0,0,0,0,6.41,0
678.47,0,0,0,0,0,0,0,6.41,0
680.49,0,0,0,0,0,0,0,6.41,0
682.51,0,0,0,0,0,0,0,0,0
684.53,0,0,0,0,0,26.73,76.08,77.63,73.57
686.55,0,0,0,19.76,0,44.94,155.86,151.3,145.83
688.57,0,0,0,32.72,0,47.29,155.86,165.66,162.45
690.58,0,0,0,32.72,12.78,67.6,99.82,100.95,96.4
692.6,0,0,0,12.96,12.78,49.38,20.04,27.28,24.13
694.61,0,0,0,0,12.78,47.03,20.04,12.92,7.51
696.63,0,0,0,0,0,0,0,0,0
698.64,0,0,0,26.9,62.92,33.25,43.72,21.26,47.49
700.65,0,0,0,116.2,129.64,85.16,152.61,153.35,162.79
702.66,0,0,0,147.23,185.83,139.05,221.31,248.93,213.91
704.67,0,0,0,120.33,165.34,120.46,177.59,239.16,166.42
706.68,0,0,0,31.03,98.62,68.55,68.71,107.07,51.12
708.69,0,0,0,0,42.43,14.65,0,11.49,11.37
710.69,0,0,0,0,0,0,0,0,11.37
712.7,0,0,0,0,0,0,0,0,11.37
714.7,0,0,0,0,0,0,0,0,0
716.71,0,0,0,0,0,0,0,0,0
718.71,0,0,0,0,0,0,0,0,0
720.71,0,0,0,0,0,0,0,0,0
722.71,0,0,0,0,0,21.86,62.72,52.89,56.32
724.71,3.2,0,0,25,52.54,31.08,174.16,150.84,131.02
726.71,3.2,0,0,25,84.84,88.56,235.55,202.39,192.31
728.71,3.2,0,0,25,84.84,66.71,172.83,149.5,135.99
730.7,0,0,0,0,32.3,57.48,61.39,51.55,61.29
732.7,0,0,0,0,0,0,0,0,0
734.69,0,0,0,0,0,0,0,0,0
736.69,0,0,0,0,0,0,0,0,0
738.68,0,0,0,0,0,0,0,0,0
740.67,0,0,0,0,0,0,0,0,0
742.66,0,0,0,0,0,0,0,0,0
744.65,0,0,0,0,0,0,0,0,0
746.64,0,0,0,0,0,0,0,0,0
748.63,0,0,0,0,0,0,24.77,26.55,61.1
750.61,0,0,0,0,0,0,126.89,78.45,155.21
752.6,0,0,0,0,0,0,234.26,208.93,286.2
754.58,0,0,0,0,0,0,306.79,282.44,329.65
756.57,0,5.2,0,0,0,27.27,302.76,320.06,328.2
758.55,0,5.2,0,0,6.55,32.1,281.4,243.02,270.1
760.53,0,5.2,0,68.09,21.3,66.64,289.83,242.43,285.78
762.51,0,0,0,68.09,21.3,39.37,276.48,226.4,279.68
764.49,0,0,0,69.64,15.42,41.01,282.37,278.94,272.81
766.47,0,0,0,47.88,25.52,6.47,247.15,232.7,204.83
768.45,0,0,0,110.24,25.8,35.88,218.38,210.59,160.98
770.42,0,0,0,153.76,63.52,51.45,180.3,143.48,158.14
772.4,0,0,0,139.05,114.01,115.26,180.23,187.39,208.3
774.37,24.33,14.01,32,153.1,167.92,211.68,203.5,247.32,299.81
776.34,24.33,14.01,35.73,196.58,209.26,267.54,219.12,252.92,311.67
778.32,24.33,14.15,49.74,272.26,247.48,293.61,193.54,233.65,274.65
780.29,47.96,40.18,56.58,300.83,276.25,294.22,224.75,245.51,262.42
782.26,100.99,74.86,100.26,323.06,299.02,354.5,302.53,330.61,331.1
784.23,139.21,116.17,144.03,326.16,310.34,379.32,396.78,366.83,418.91
786.2,127.43,138.44,197.43,353.71,370.1,357.59,424.05,375.08,415.74
788.16,204.29,182.02,285.13,414.04,450.97,415.31,461.34,436.68,478.58
790.13,266.45,226.24,341.81,528.81,536.95,451.48,515.98,574.64,529.44
792.09,353.93,290.44,354.12,597.37,571.72,541.43,583.98,652.96,602.66
794.06,307.5,324.73,326.18,599.48,558.06,498.27,536.45,606.41,540.68
796.02,334.38,333.66,313.21,502.71,514.84,466.24,496.28,471.21,466.39
797.98,289.12,270.12,292.45,473.29,511.31,428.22,377.7,362.6,364.02
799.94,324.52,296.9,313.65,519.99,539.57,410.33,364.13,364.35,339
801.9,325.23,316.32,375.83,590.15,557.29,452.57,362.6,409.8,346.01
803.86,407.59,422.73,477,641.1,660.81,479.27,479.43,529.27,458.04
805.82,430.93,439.12,515.8,631.51,678.12,588.43,520.29,572.77,511.77
807.78,478.71,479.94,530.03,680.84,711.02,598.51,512.29,550.75,512.64
809.73,483.69,468.3,525.46,682.18,592.6,575.95,379.55,410.65,413.76
811.69,461.21,439.53,547.1,664.22,549.88,486.09,293.39,290.14,317.14
813.64,445.95,438.3,559.27,631.94,494.52,529.92,225.49,232.55,268.1
815.6,436.45,406.84,576.88,627.26,491.42,530,267.07,268.77,294.21
817.55,494.6,475.71,646.8,652.04,539.79,549.56,349.35,375.37,357.35
819.5,519.86,544.67,728.15,668.08,586.75,551.72,463.78,484.44,434.63
821.45,546,628.84,778.04,707.15,655.42,633.91,513.81,546.77,485.51
823.4,543.91,616.46,760.36,689.15,641.35,670.37,450.65,489.58,470.2
825.35,534.59,590.51,755.78,651.41,625.54,626.09,383.97,391.21,430.04
827.29,520.37,574.66,777.98,646.59,630,610.07,386.77,348.66,368.36
829.24,525.82,558.14,799.16,692.93,628.94,630.21,406.95,366.15,366.72
831.18,515.93,561.95,770.99,730.75,666.04,688.52,443.51,399.01,376.78
833.13,515.7,550.09,732.16,707.4,604.3,663.98,427.77,407.25,401.55
835.07,486.47,592.89,656.98,678.2,631.39,623.27,418.41,401.86,405.03
837.01,487.91,571.03,636.14,649.16,654.65,569.06,410.43,420.52,400.56
838.95,464.68,558.83,569.28,588.29,658.73,579.02,366.82,375.56,375.45
840.89,470.78,529.3,554.43,604.91,650.31,600.81,349.93,349.63,379.73
842.83,451.99,522.87,516.01,625.8,590.84,602.88,317.19,300.2,346.82
844.77,482.43,513.68,533.81,655.08,610.76,650.34,304.06,305.04,298.52
846.71,513.21,550.15,600.62,666.19,610.19,669.31,349.64,327.93,285.92
848.64,577.76,623.4,640.53,670.92,670.23,738.91,383.71,384.97,352.82
850.58,622.22,685.22,708.67,770.04,801.34,845.56,437.05,406.62,453.99
852.51,658.34,727.7,698.81,852,871.29,889.73,437.11,445.65,495.54
854.44,675.13,732.86,722.61,946.47,922.75,1016.74,417.22,390.4,445.13
856.37,675.49,744.58,713.65,960,900.28,987.5,388.93,381.09,382.33
858.31,674.19,738.98,760.68,964.04,942.66,1029.76,393.7,351.82,352.92
860.24,653.01,709.82,764.17,957.37,920.67,1012.33,388.29,398.06,394.99
862.16,634.17,689.35,745.66,939.22,957.52,991.75,426.61,437.68,447.12
864.09,615.12,640.99,700.94,893.68,902.68,955.13,436.09,458.46,486.41
866.02,576.2,605.43,639.67,835.78,850.13,804.81,460.73,452.74,497.2
867.94,499.5,544.76,597.63,786.95,704.66,681.57,434.99,407.63,459.93
869.87,426.6,471.56,512.38,686.41,590.82,501.31,383.74,365.36,404.82
871.79,369.49,416.81,471.25,617.18,509.62,403.35,348.66,340.25,360.54
873.71,332.5,335.18,409.57,474.9,453.73,305.36,327.41,334.31,368.1
875.64,276.09,307.46,377.79,371.38,327.92,280.79,300.78,273.64,338.93
877.56,264.58,254.98,352.92,248.27,252.19,247.64,287.09,247.59,324.04
879.48,232.86,230.63,343.17,203.79,116.72,211.13,228.24,211.37,250.98
881.4,206.17,198.63,310.77,167.17,78.17,165.5,187.11,200.55,186.65
883.31,173.49,158.31,282.39,146.42,49.15,104.39,91.04,121.78,94.04
885.23,182.71,184.9,311.24,124.41,78.93,99.05,74.25,101.3,69.71
887.14,180.63,184.85,340.11,80.59,97.21,123.25,99.52,94.87,111.44
889.06,192.01,236.26,373.44,71.1,139.13,145.76,106.63,123.62,142.34
890.97,202.85,254.47,367.24,77.91,170.7,150.26,117.25,110.2,175.41
892.89,230.05,283.03,347.05,127.28,206.14,202.96,94.92,97.84,143.87
894.8,278.61,298.29,349.22,105.16,156.79,273.22,120.33,91.55,136.06
896.71,263.07,277.45,292.29,122.8,143.54,292.57,78.01,79.54,92.19
898.62,272.79,263.87,276.95,168.21,134.05,237.35,70.65,93.82,80.95
900.52,192.75,226.86,211.51,191.37,105,177.57,83.91,114.71,61.32
902.43,203.96,181.77,175.33,172.97,83.72,132.9,151.79,126.89,71.97
904.34,152.19,114.38,129.16,139.77,112.31,147.11,186.39,144.8,98.35
906.24,131.01,86.56,80.58,192,181.68,107.09,146.29,167.99,129.02
908.15,87.19,104.78,48.69,232.11,202.26,139.96,157.25,192.92,137.09
910.05,97.5,113.46,41.93,221.21,148.84,158.49,149.71,195.69,118.32
911.95,137.63,126.63,45.98,184.64,112.75,208.35,221.69,192.96,135.41
913.86,159.45,122.82,38.97,153.94,121.87,246.44,181.4,162.64,146.88
915.76,160.96,154.71,29.74,130.12,99.28,178.41,156.51,118.72,136.76
917.66,149.73,159.52,30.43,134.75,96.07,193.83,85.57,47.03,106.26
919.55,158.2,176.36,50.91,88.58,98.74,150.48,46.04,45.46,65.48
921.45,157.81,202.01,57.11,117.08,199.69,187.13,29.34,55.07,62.56
923.35,151.13,181.04,62.33,63.8,230.93,212.67,43.39,72.13,73.69
925.24,151.03,185.98,78.15,126.29,208.28,208.66,47.72,53.43,86.45
927.14,142.4,116.4,62.44,126.12,139.3,193.66,34.6,26.95,72.12
929.03,125.37,96.75,40.66,122.45,131.44,142.78,5.55,9.89,24.27
930.92,83.6,50.69,13.13,55.18,104.03,86.33,0,0,0
932.81,49.07,44.45,26.41,29.89,72.05,48.91,6.91,0,0
934.7,34.59,26.96,31.84,32.54,9.14,0.33,6.91,3.25,0
936.59,28.82,10.19,23.08,32.54,0,37.19,6.91,11.02,21.4
938.48,28.82,6.72,6.06,2.65,0,36.85,0,17.34,34.93
940.37,10.29,6.72,0,0,0,36.85,0.97,14.09,34.93
942.25,0,6.72,0,0,0,0,0.97,6.32,13.53
944.14,0,0,0,0,0,0,0.97,0,0
946.02,0,0,0,0,0,0,0,0,0
947.91,0,0,0,0,0,0,0,0,0
949.79,0,0,0,0,38.86,0,0,0,0
951.67,0,0,0,0,42.82,0,0,0,0
953.55,0,0,0,0,42.82,0,0,0,0
955.43,0,0,0,0,3.96,0,0,0,0
957.31,0,0,0,0,0,56.76,0,0,0
959.18,0,0,0,0,0,56.76,0,0,0
961.06,0,0,0,0,0,56.76,0,0,0
962.94,0,0,0,0,0,0,0,0,0
964.81,0,0,0,0,0,0,0,0,0
966.68,0,0,0,0,0,0,0,0,0
968.55,0,0,0,0,0,0,0,0,0
970.43,0,0,0,0,0,0,0,0,0
972.3,0,0,0,0,0,0,0,0,0
974.16,0,0,0,0,0,0,0,0,0
976.03,0,0,0,0,0,0,0,0,0
977.9,0,0,0,0,0,0,0,0,0
979.77,0,0,0,0,0,0,0,0,0
981.63,0,0,0,0,0,0,0,0,0
983.49,0,0,0,0,0,0,8.21,20.2,7.93
985.36,0,0,0,0,1.68,0,8.57,20.2,35.59
987.22,0,0,0,0,30.11,23.34,25.57,50.16,47.13
989.08,0,0,0,40.32,46.94,23.34,51.9,29.96,72.85
990.94,0,0,0,87.08,141.78,122.28,79.19,41.57,86.21
992.8,55.05,0,0,187.82,206.76,277.02,203.11,137.79,199.52
994.66,177.78,106.48,120.82,359.74,395.11,456.45,483.89,427.02,482.69
996.51,432.21,348.57,383.43,631.47,571.93,658.37,992.29,958.39,981.82
998.37,792.86,744.53,783.06,916.77,899,797.87,1650.77,1650.84,1664.03
1000.22,1113.57,1042.34,1090.36,1070.99,1084.66,1013.96,2180.66,2185.69,2203.64
1002.08,1220.34,1122.21,1165.71,1090.78,1119.57,1012.98,2351.96,2359.29,2359.66
1003.93,1002.6,890.25,962.23,886.6,909.84,856.37,2030.44,1972.07,1967.2
1005.78,625.48,495.23,593.37,592.89,584.26,551.9,1373.55,1364.48,1323.04
1007.63,264.28,173.27,255.41,254.61,289.04,252.03,749.85,716.75,664.72
1009.48,66.32,9.27,59.25,72.75,78.28,91.05,271.97,285.34,250.13
1011.33,0,0,0,0,13.03,0,83.66,68.84,37.86
1013.18,0,0,0,0,0,0,0,0,0
1015.03,0,0,0,0,0,0,0,0,0
1016.87,0,0,0,0,0,0,0,0,0
1018.72,0,0,0,0,0,0,0,0,0
1020.56,0,0,0,0,0,0,0,0,0
1022.4,0,0,0,0,0,0,0,0,0
1024.24,0,0,0,0,0,0,0,0,0
1026.08,0,0,0,0,0,0,0,0,0
1027.92,0,0,0,0,0,0,0,0,0
1029.76,0,0,0,0,0,0,0,0,0
1031.6,0,0,0,0,0,0,0,0,0
1033.44,0,0,0,0,0,0,0,0,0
1035.27,0,0,0,0,0,0,0,0,0
1037.11,0,0,0,0,0,0,0,0,0
1038.94,0,0,0,0,0,0,0,0,0
1040.77,0,0,0,0,0,0,0,0,0
1042.6,0,0,0,0,0,0,0,0,0
1044.43,0,0,0,0,0,0,0,0,0
1046.26,0,0,0,0,0,0,0,0,0
1048.09,0,0,0,0,0,0,0,0,0
1049.92,0,0,0,0,0,0,0,0,0
1051.75,0,0,0,0,0,0,0,0,0
1053.57,0,0,0,0,0,0,0,0,0
1055.4,0,0,0,0,0,0,69.09,79.31,46.21
1057.22,0,0,0,0,0,0,256.53,269.3,223.35
1059.04,0,0,0,0,0,0,575.8,558.1,525.88
1060.86,0,0,0,0,0,0,863.37,842.97,857.51
1062.68,0,0,0,0,0,0,1002.68,973.25,991.21
1064.5,0,0,0,0,0,0,850.4,841.27,867.65
1066.32,0,0,0,0,0,0,568.08,524.92,523.06
1068.14,0,0,0,0,0,0,241.32,204.65,212.22
1069.96,0,0,0,0,0,0,74.34,47.84,33.24
1071.77,0,0,0,0,0,0,0,0,0
1073.59,0,0,0,0,0,0,0,0,0
1075.4,0,0,0,0,0,0,0,0,0
1077.21,0,0,0,0,0,0,0,0,0
1079.02,0,0,0,0,0,0,0,0,0
1080.83,0,0,0,0,0,0,0,0,0
1082.64,0,0,0,0,0,0,0,0,0
1084.45,0,0,0,0,0,0,0,0,0
1086.26,0,0,0,0,0,0,0,0,0
1088.06,0,0,0,0,0,0,0,0,0
1089.87,0,0,0,0,0,0,0,0,0
1091.67,0,0,0,0,0,0,0,0,0
1093.48,0,0,0,0,0,0,0,0,0
1095.28,0,0,0,0,0,0,0,0,0
1097.08,0,0,0,0,0,0,0,0,0
1098.88,0,0,0,0,0,0,0,0,0
1100.68,0,0,0,0,0,0,0,0,0
1102.48,0,0,0,0,0,0,0,0,0
1104.27,0,0,0,0,0,0,0,0,0
1106.07,0,0,0,0,0,0,0,0,0
1107.86,0,0,16.01,0,0,0,0,0,0
1109.66,0,0,33.12,0,0,0,0,0,0
1111.45,0,0,84.03,0,0,0,0,0,0
1113.24,0,11.98,141.99,0,0,0,0,0,0
1115.03,0,12.29,248.69,0,0,0,0,0,0
1116.82,19.69,75.85,336.69,0,0,0,0,0,0
1118.61,53.91,97.26,457.33,0,0,0,0,0,0
1120.4,126.11,178.3,490.27,0,0,0,0,0,0
1122.19,202.52,230.31,569.85,0,0,0,55.47,57.66,82.65
1123.97,261.22,350.95,595.39,0,0,0,217.27,191.31,234.54
1125.76,332.67,440.34,701.69,0,0,4.18,539.32,477.53,533.94
1127.54,421.64,529.24,811.51,0,79.09,69.18,869.5,808.69,871.2
1129.33,532.24,612.12,938.3,3.02,152.08,115.07,1117.31,1057.79,1149.43
1131.11,621.25,726.41,1066.17,76.93,248.03,207.75,1100.17,1064.97,1180.38
1132.89,739.77,853.88,1151.57,176.94,340.41,299.81,921.55,882.99,999.18
1134.67,889.82,982.55,1289.83,319.43,423.81,492.24,652.11,622.18,731.5
1136.45,995.95,1065.63,1391.5,366.52,486.14,563.58,414.4,355.11,480.88
1138.23,1070.82,1146.79,1486.26,443.18,492.38,604.19,245.75,188.77,288.99
1140,1079.09,1181.69,1500.43,452.09,615.55,616.05,122.83,74.5,140.84
1141.78,1094.78,1233.01,1532.35,572.25,688.3,663.17,99.98,65.29,104.75
1143.55,1099.32,1225.85,1556.47,570.09,757.08,739.65,77.98,41.93,93.84
1145.33,1099.05,1227.88,1573.44,627.97,665.89,761.17,99.48,84.07,149.44
1147.1,1125.08,1175.55,1537.06,596.31,643.18,810.83,106.93,119.5,166.99
1148.87,1082.18,1144.3,1464.76,608.23,613.72,793.75,168.45,150.66,197.94
1150.64,1070.92,1087.34,1430.09,574.62,595.39,774.14,206.92,188.77,191.52
1152.41,997.29,1061.7,1409.4,547.14,562.88,721.68,245.01,231.83,231.71
1154.18,997.96,1067.35,1397.02,538.46,526.5,698.36,280.05,261.85,248.86
1155.95,972.04,1036.42,1354.38,506.03,490.37,648.29,278.15,225.93,300.07
1157.72,950.53,1018.56,1268.83,424.51,475.16,652.14,252.98,214.74,301.34
1159.48,854.54,928.9,1161.14,355.01,394.64,617.35,196.32,172.05,296.46
1161.25,723.41,859.76,1016.98,268.19,358.82,601.93,137.5,146.21,241.42
1163.01,630.13,757.82,889.35,218.74,305.69,491.87,121.85,102.54,210.22
1164.77,567.04,651.73,757.58,198.3,282.92,429.83,109.71,141.04,226.86
1166.54,514.92,557.95,639.12,166.99,236.95,362.61,136.52,180.49,267.11
1168.3,457.1,489.8,549.29,115.95,263.78,333.85,140.94,211.56,299.32
1170.06,388.58,417.29,468.78,78.24,214.08,257.57,116.64,188.57,282.48
1171.81,311.8,361.86,405.68,50.11,202.3,187.54,73.34,122.95,214.7
1173.57,253.65,288.73,308.22,50.11,85.31,109.97,19.83,51.14,118.54
1175.33,192.92,230.68,263.85,0,125.24,49.34,0,0,47.77
1177.08,228.6,185.39,242.56,6.46,136.41,92.27,0,33.51,60.4
1178.84,210.57,162.06,264.58,14.58,126.72,154.35,15.33,81.11,131.98
1180.59,228.96,193.14,268.69,27.08,72.6,204.98,15.33,112.49,191.95
1182.34,187.1,208.31,275.54,72.16,58.39,176.88,15.33,112.36,149.98
1184.1,184.75,163,252.6,64.05,79.21,132.13,0,64.76,70.89
1185.85,117.49,77.87,186.4,51.54,65.73,81.5,0,33.39,2.76
1187.6,59.32,11.73,91.07,0,28.43,17.33,0,0,0
1189.35,3.57,0,25.02,0,0,0,0,0,0
1191.09,0,0,3.56,0,0,0,0,0,0
1192.84,0,0,0,0,0,0,0,0,0
1194.59,0,0,0,0,0,0,0,0,0
1196.33,0,0,0,0,0,0,0,0,0
1198.07,0,0,0,0,0,0,0,0,0
1199.82,0,0,0,0,0,0,0,0,0
1201.56,0,0,0,0,0,0,0,0,0
1203.3,0,0,0,0,0,0,0,0,0
1205.04,0,0,0,0,0,0,0,0,0
1206.78,0,0,0,0,0,0,0,0,0
1208.51,0,0,0,0,0,0,0,0,0
1210.25,0,0,0,0,0,0,0,0,0
1211.98,0,0,0,0,0,0,0,0,0
1213.72,0,0,0,0,60.48,0,0,0,0
1215.45,0,0,0,0,60.48,0,0,0,0
1217.19,0,0,0,15.06,66.92,39.21,0,0,0
1218.92,0,0,0,15.06,6.44,46.3,0,0,0
1220.65,0,0,0,49.29,6.7,59.44,0,0,0
1222.38,0,0,0,34.22,19.5,49.73,0,0,0
1224.1,0,0,0,56.91,27.89,95.37,0,0,0
1225.83,0,0,0,22.68,74.58,116.91,0,0,0
1227.56,0,0,0,22.68,103.4,111.56,0,0,0
1229.28,0,0,0,0,95,113.45,0,0,0
1231.01,0,0,0,81.72,97.16,154.79,0,0,0
1232.73,0,0,0,154.25,96.88,189.02,0,0,0
1234.45,6.14,0,0,175.32,156.36,212.26,0,0,0
1236.18,24.86,0,11.25,128.18,173.08,179.84,0,0,0
1237.9,44.96,0,30.2,100.59,251.03,198.31,0,0,0
1239.61,63.66,17.44,31.22,188.56,243.54,165.67,0,0,0
1241.33,50.65,17.44,19.98,186.63,213.15,169.48,0,0,0
1243.05,46.06,43.3,11.71,207.25,150.66,162.85,0,0,0
1244.77,68.54,41.93,56.87,200.43,226.72,221.45,0,0,0
1246.48,123.44,82.66,84.67,273.16,330.33,274.93,0,0,0
1248.2,185.19,126.55,119.44,295.54,343.28,303.42,0,0,0
1249.91,195.01,170.53,110.3,298.14,314.78,316.79,0,0,0
1251.62,225.91,196.58,146.23,319.63,254.5,308.39,0,0,0
1253.33,223.78,198.61,158.15,352.55,304.32,364.76,0,0,0
1255.04,236.72,219.04,187.47,394.01,325.03,332.35,0,0,0
1256.75,233.07,226.89,166.22,419.36,374.96,329.16,0,0,0
1258.46,238.27,257.59,190.5,384.03,376.88,299.64,0,0,0
1260.17,269.11,291.6,198.75,332.8,380.57,326.22,0,0,0
1261.87,267.02,306.02,242.41,292.45,367.47,363.01,0,0,0
1263.58,295.56,307.07,251.05,322.53,331.15,349.58,0,0,0
1265.28,282.29,257.31,249.22,366.59,299.81,326.14,0,0,0
1266.99,302.87,259.07,244.58,401.65,253.14,339.36,0,0,0
1268.69,306.97,274.35,280.13,450.35,303.78,364.91,0,9.8,0
1270.39,314.92,306.49,288.22,460.38,348.42,393.45,0,9.8,0
1272.09,305.61,338.05,296.72,451.94,412.93,386.86,7.28,10.1,4.1
1273.79,298.72,317.67,262.3,393.05,484.98,389.49,7.28,0.3,4.1
1275.49,283.11,307.27,312.86,407.58,469.8,416.55,16.57,0.3,4.1
1277.18,276.14,293.83,309.72,382.87,483.38,391.38,9.29,0,0
1278.88,244.8,276.69,281.22,397.25,369.06,342.3,9.29,0,0
1280.57,222.42,264.52,208.35,334.72,322.16,328.33,0,0,0
1282.27,207.11,205.42,193.24,351.73,249.8,285.56,0,0,0
1283.96,220.55,191.07,207.88,332.61,240.32,320.33,5.2,1.87,0
1285.65,243.06,197.12,230.26,364.36,306.04,281.3,44.15,39.83,59.25
1287.34,239.75,240.7,199.5,427.41,327.07,342.93,112.2,129.88,151.58
1289.03,247.07,273.57,189.72,529.56,385.53,363.65,300.16,344.5,338.67
1290.72,264.02,270.75,190.9,575.79,381.42,438.46,650.72,719.39,681.84
1292.41,307.15,269.77,246.61,578.33,442.61,495.92,1270.42,1298.42,1231.82
1294.1,337.35,287.54,290.74,585.73,549.34,556.24,1776.15,1800.15,1784.17
1295.78,335.08,301.83,275.72,638.77,593.38,520.55,1949.03,1932.36,1924.01
1297.47,326.98,296.63,266.9,653.79,618.06,487.5,1607.4,1592.06,1588.66
1299.15,283.07,233.96,206.93,611.45,504.38,425.76,1061.57,1014.56,1027.46
1300.84,261.01,218.47,190.16,554.74,432.68,436.67,590.89,531.21,560.41
1302.52,215.35,174.39,162.8,530.23,389.5,449.44,299.24,257.23,299.06
1304.2,190.98,143.94,110.86,487.46,381.75,431.96,180.19,138.17,131.96
1305.88,183.36,92.23,65.89,438.88,474.52,426.35,110.83,114.48,79.24
1307.56,127.8,49.07,5.35,328.5,428.48,277.93,56.36,59.69,33.63
1309.24,70.39,24.6,5.35,287.42,373.75,178.15,22.35,38.01,22.48
1310.91,5.28,0,0,205.52,227.88,83.23,0,0,0
1312.59,0,0,0,182.37,135.5,75.06,0,0,0
1314.26,0,0,0,98.33,56.01,47,0,0,0
1315.94,0,0,0,53.34,0,7.01,0,0,0
1317.61,0,0,0,25.97,0,0,0,0,0
1319.28,0,0,0,25.97,0,0,0,0,0
1320.95,0,0,0,25.97,0,0,0,0,0
1322.62,0,0,0,0,0,0,0,0,0
1324.29,0,0,0,0,0,0,0,0,0
1325.96,0,0,0,0,0,0,0,0,0
1327.63,0,0,0,0,0,0,0,0,0
1329.29,0,0,0,0,0,0,0,0,0
1330.96,0,0,0,0,0,0,0,0,0
1332.62,0,0,0,0,0,0,0,0,0
1334.28,0,0,0,0,0,0,0,0,0
1335.95,0,0,0,0,0,0,0,0,0
1337.61,0,0,0,0,0,0,0,0,0
1339.27,0,0,0,0,0,0,0,0,0
1340.92,0,0,0,0,0,0,0,0,0
1342.58,0,0,0,0,0,0,0,0,0
1344.24,0,0,0,0,0,0,0,0,0
1345.9,0,0,0,0,0,0,0,0,0
1347.55,0,0,0,0,0,0,0,0,0
1349.2,0,0,0,0,0,0,0,0,0
1350.86,0,0,0,0,0,0,0,0,0
1352.51,0,0,0,0,0,0,0,0,0
1354.16,0,0,0,0,0,0,0,0,0
1355.81,0,0,0,0,0,0,0,0,0
1357.46,0,0,0,0,0,0,0,0,0
1359.1,0,0,0,0,0,0,0,0,0
1360.75,0,0,0,0,0,0,0,0,0
1362.4,0,0,0,0,0,0,0,0,0
1364.04,0,0,0,0,0,0,0,0,0
1365.69,0,0,0,0,0,0,0,0,0
1367.33,0,0,0,0,0,0,0,0,0
1368.97,0,0,0,0,0,0,0,0,0
1370.61,0,0,0,0,0,0,0,0,0
1372.25,0,0,0,0,0,0,0,0,0
1373.89,0,0,0,0,0,0,0,0,0
1375.53,0,0,0,0,0,0,0,0,0
1377.16,0,0,0,0,0,0,0,0,0
1378.8,0,0,0,0,0,0,0,0,0
1380.43,0,0,0,0,0,0,0,0,0
1382.07,0,0,0,0,0,0,0,0,0
1383.7,0,0,0,0,0,0,0,0,0
1385.33,0,0,0,0,0,0,0,0,0
1386.96,0,0,0,0,0,0,0,0,0
1388.59,0,0,0,0,0,0,0,0,0
1390.22,0,0,0,0,0,0,0,0,0
1391.85,0,0,0,0,0,0,0,0,0
1393.47,0,0,0,0,0,0,0,0,0
1395.1,0,0,0,0,0,0,0,0,0
1396.72,0,0,0,0,0,0,0,0,0
1398.35,0,0,0,0,0,0,0,0,0
1399.97,0,0,0,0,0,0,0,0,0
1401.59,0,0,0,0,0,0,0,0,0
1403.21,0,0,0,0,0,0,0,0,0
1404.83,0,0,0,0,0,0,0,0,0
1406.45,0,0,0,0,0,0,0,0,0
1408.07,0,0,0,0,0,0,0,0,0
1409.68,0,0,0,0,0,0,0,0,0
1411.3,0,0,0,0,0,0,34.04,48.57,22.89
1412.91,0,0,0,0,0,0,139.31,168.38,99.38
1414.53,0,0,0,0,0,0,279.7,325.65,274.06
1416.14,0,0,0,0,0,0,397.61,434.92,399.8
1417.75,0,0,0,0,0,0,403.2,448.19,428.22
1419.36,0,0,0,0,0,0,320.91,383.93,333.77
1420.97,0,0,0,0,0,0,178.07,244.77,192.43
1422.58,0,0,0,0,0,0,67.21,133.3,87.51
1424.19,0,0,0,0,0,0,20.28,70.05,10.42
1425.79,0,0,0,0,0,0,11.16,66.7,33.56
1427.4,0,0,0,0,0,0,61.38,90.92,95.86
1429,0,0,0,0,0,0,129.36,123.25,168.68
1430.61,0,0,0,0,0,0,227.86,222.36,257.96
1432.21,0,0,0,0,0,0,340.07,347.26,355.03
1433.81,0,0,0,0,0,0,527.39,525.61,518.54
1435.41,0,0,0,0,0,0,765.94,753.85,717.96
1437.01,0,0,0,0,0,0,1012.83,995.76,932.38
1438.61,0,0,19.29,0,0,0,1194.62,1213.24,1151.36
1440.2,13.64,0,44.92,0,0,0,1269.96,1287.27,1215.57
1441.8,13.64,51.42,88.46,18.3,0,0,1244.75,1234.09,1209.24
1443.4,43.21,90.03,131.74,31.68,4.94,0,1124.43,1093.46,1066.13
1444.99,99.06,133.38,168.3,82.71,31.49,7.43,958,936.06,930.25
1446.58,157.39,139.3,219.14,72.02,31.49,30.86,807.14,815.56,798.93
1448.18,225.22,195.93,239.69,76.45,72.4,67.87,686.61,685.05,664.95
1449.77,247.54,231.38,293.74,66.44,106.21,94.4,650.19,615.66,626.08
1451.36,271.79,268.77,309.06,75.76,189.43,113.94,630.66,587.49,610.44
1452.95,285.86,294.98,359.88,151.3,189.46,177.7,650.58,647.77,641.59
1454.53,294.31,320.23,384.41,195.62,203.93,215.57,670.5,670.38,651.73
1456.12,306.36,311.42,403.89,265.27,240.41,284.11,676.64,680.22,641.77
1457.71,252.12,277.99,393.74,280.03,334.65,277.43,693.78,659.39,651.48
1459.29,223.25,245.59,391.31,355.56,409.68,345.18,704.59,667.56,657.2
1460.88,222.64,287.13,410.82,440.43,519.36,415.93,743.29,699.96,692.47
1462.46,259.41,347.05,460.04,524.73,581.48,507.79,751.98,735.35,729.4
1464.04,278.44,393.23,477.53,599.02,687.27,617.64,749.57,779.96,764.23
1465.62,348.5,419.78,527.41,662.75,728.82,701.6,745.49,797.58,764.06
1467.21,376.17,437.6,528.21,724.14,824.37,837.88,722.63,778.41,720.12
1468.78,424.76,478.02,540.29,732.19,864.9,876.15,675.32,707.14,673.06
1470.36,362.06,485.47,528.08,760.34,864.87,961.19,588.34,627.86,609.34
1471.94,336.39,460.63,541.91,750.25,803.28,906.33,483.03,529.24,537.29
1473.52,296.43,445.16,558.46,698.93,723.45,844.57,408.72,447.29,437.9
1475.09,270.18,403.74,497.71,606.71,672.71,704.24,336.73,348.34,349.18
1476.67,262.62,417.01,479.68,542.25,645.74,679.01,325.08,317.72,311.12
1478.24,239.55,410.77,451.47,488.66,603.31,629.65,281.53,268.87,286.51
1479.81,249.96,458.68,483.41,475.61,539.09,588.5,281.76,264.47,298.67
1481.38,255.29,459.18,465.95,407.55,441.84,538.33,288.2,236.61,295.05
1482.95,258.99,451.05,463.53,344.91,391.36,485.59,325.98,277.09,314.1
1484.52,243.62,395.85,453.37,242.59,341.53,449.16,322.97,265.11,326.37
1486.09,252.28,355.68,481.26,186.03,297.12,406.49,302.29,273.46,312.31
1487.66,275.08,360,487.63,180,278.24,365.02,272.38,260.26,301.01
1489.22,283.03,365.79,504.15,213.83,267.56,320.42,264.58,266.49,302.5
1490.79,295.34,394.95,503.38,224.09,301.31,271.24,250.77,265.38,292.98
1492.35,283.58,412.69,497.87,193,315.03,270.37,275.18,263.16,272.01
1493.92,294.18,464.48,547.73,154.98,301.83,234.92,309.25,281.93,215.03
1495.48,286.92,484.4,554.74,133.5,326.84,203,343.09,257.81,227.83
1497.04,331.36,515.36,623.12,125.44,314.59,232.83,331.26,263.68,239.96
1498.6,359.61,520.13,610.98,141.9,358.54,312.52,305.52,263.32,235.2
1500.16,404.34,521.37,636.66,123.23,329.01,361.08,290.23,279.72,203.54
1501.72,407.65,537.87,645.26,169.52,365.79,454.26,305.49,273.68,214.1
1503.27,437.54,532.62,682.78,210.45,407.53,459.75,310.29,249.52,241.87
1504.83,463.02,545.96,698.23,282.35,457.92,550.55,287.97,251.24,276.86
1506.38,501.64,551.1,730.5,327.11,526.48,555.86,315.42,288.73,276.96
1507.94,510.18,572.83,725.01,323.17,592.69,609.81,323.42,309.1,268.6
1509.49,512.96,610.14,749.46,402.19,682.19,617.72,339.3,341.35,273.13
1511.04,498.89,597.93,741.71,473.06,711.88,608.82,295.27,313.7,306.42
1512.6,505.62,641.86,776.44,527.79,734.75,685.11,304.69,348.48,369.16
1514.15,511.93,628.7,787.75,527.82,778.92,741.03,338.98,371.48,401.44
1515.69,539.82,659.45,787.99,529.14,800.38,813.23,364.48,388.36,398.27
1517.24,585.62,697.13,809.81,576.42,839.8,882.4,364.87,405.45,416.98
1518.79,590.12,737.16,842,664.44,873.96,916.98,358.91,405.86,478.68
1520.34,593.75,752.66,864.33,717.64,913.63,991.73,381.38,428.04,514.15
1521.88,597.3,713.74,898.58,745.8,962.6,1011.78,414.06,443.1,534.49
1523.42,587.87,684.85,903.52,770.03,976.3,1043.56,413.73,449.14,506.5
1524.97,599.23,680.09,954.27,817.43,1006.84,1050.18,419.83,461.95,529.61
1526.51,604.29,651.03,952.71,855.57,1001.45,1037.87,398.93,457.75,542.04
1528.05,624.6,666.54,961.4,873.66,1019.01,1062.18,431.56,463.76,563.68
1529.59,636.36,659.85,951.9,880.6,1053.74,1081.99,430.63,493.2,562.76
1531.13,644.15,648.18,937.09,890.26,1056.54,1110.54,448.35,472.96,558.15
1532.67,644.85,634.76,935.86,837.55,1082.96,1133.7,421.27,469.93,526.1
1534.21,635.68,631.47,916.77,839.67,1027.21,1128.04,381.63,430.34,498.14
1535.74,602.09,645.09,875.93,812.08,985.08,1107.99,337.87,409.28,442.06
1537.28,578.4,624.28,811.66,808.1,908.56,1033.22,261.98,347.44,381.86
1538.81,570.62,627.05,797.65,733.74,916.32,1014.73,239.63,316.46,317.2
1540.34,566.64,641.62,812.76,730.54,945.92,978.74,234.04,296.92,302.97
1541.88,585.45,646.65,854.34,779.18,974.02,1062.59,284.89,304.81,330.17
1543.41,615.73,646.14,861.06,863.99,1040.28,1117.93,327.5,319.46,365.47
1544.94,671.35,671.98,877.8,949.85,1144.6,1248,358.75,350.77,409.43
1546.47,707.44,745.62,900,1048.88,1254.41,1310.56,423.78,410.5,463.15
1547.99,752.98,818.05,958.34,1119.4,1318.39,1332.95,477.56,478.33,531.3
1549.52,817.1,877.39,1032.58,1147.87,1391.64,1393.95,510.55,550.36,606.66
1551.05,857.01,872.52,1067.95,1162.5,1441.38,1409.78,473.97,559.49,601.11
1552.57,871.82,856.23,1063.9,1132.73,1448.07,1483.88,436.26,514.16,561.11
1554.1,858.76,856.72,1061.31,1137.46,1437.24,1484.8,412.64,480.59,475.87
1555.62,869.04,893.89,1075.41,1155.24,1465.8,1551.77,432.34,442.01,458.94
1557.14,880.78,930.53,1081.3,1211.51,1545.51,1618.23,430.81,443.18,451.45
1558.66,870.76,927.4,1055.1,1253.38,1530.16,1597.96,416.14,385.56,421.83
1560.18,860.19,905.06,1029.69,1187.41,1514.29,1555.84,352.9,360.37,369.31
1561.7,849.86,879.95,1043.52,1219.04,1468.03,1476.99,312.53,309.72,331.99
1563.22,859.98,846.3,1025.8,1205.15,1495.25,1445.63,269.92,293.82,294.76
1564.74,839.22,833.1,1019.22,1190.42,1423.29,1356.41,267.07,282.36,276.97
1566.25,799.81,809.25,949.31,1069.74,1289.7,1267.58,218.87,239.2,235.49
1567.77,765.18,778.85,918.53,957.87,1117.93,1183.55,158.77,188.14,206.44
1569.28,758.12,749.69,864.65,919.6,1053.76,1089.46,111.53,134.62,172.25
1570.79,768.84,751.98,855.56,889.14,1047.73,1037.18,100.05,121.86,160.83
1572.31,788.02,774.05,854.93,939.17,1073.18,1060.38,175.33,176.52,198.51
1573.82,808.87,822.13,917.97,912.23,1047.01,1145.95,226.59,238.16,265.5
1575.33,826.17,842.67,945.81,980.44,1111.31,1172.67,302.27,320.23,329.24
1576.84,866.82,872.54,991.65,982.36,1112.65,1111.08,306.27,349.94,341.31
1578.34,898.57,875.87,956.61,966.75,1054.79,1052.31,284.02,317.41,285.13
1579.85,911.45,880.64,980.03,853.96,923.42,1010.01,221.2,239.64,196.04
1581.36,885.33,892.09,962.12,712.19,852.07,937.74,161.36,136.52,108.61
1582.86,886.77,910.43,975.44,719.35,884.98,866.06,122.39,99.93,92.7
1584.37,891.22,898.78,948.11,721.54,891.91,787.08,111.4,105.32,112.45
1585.87,905,911.46,941.77,805.09,928.21,775.79,138.71,169.69,174.51
1587.37,907.23,908.26,959.56,771.12,897.98,789.96,205.46,222.82,227.99
1588.87,869.57,910.51,948.8,758.28,859.21,827.61,199.62,227.04,214.9
1590.37,826.14,857.64,902.93,718.03,757.7,847.85,147.32,155.79,154.01
1591.87,770.71,812.78,842.73,703.81,700.88,810.77,51.33,72.7,64.76
1593.37,780.94,769.25,792.53,680.6,726.41,721.71,28.31,42.4,48.83
1594.87,792.96,804.5,760.79,660.54,736.08,702.79,69.39,65.53,83.99
1596.36,845.19,851.97,756.26,668.05,778.32,694.78,184.67,198.34,221.01
1597.86,875.87,914.89,798.86,704.37,768.7,760.23,357.03,379.43,378.13
1599.35,908.55,930.47,835.45,694.7,833.43,765.7,519.7,546.16,527.22
1600.84,879.23,896.72,835.37,691.39,785.51,704.19,590.02,617.86,584.29
1602.33,819.69,843.75,769.41,651.55,726.06,690.81,590.76,580.65,584.45
1603.83,737.91,761.55,684.23,644.5,659.73,609.89,532.92,538.2,555.03
1605.32,661.14,682.68,573.38,577.47,628.75,613.65,506.39,477.39,502.26
1606.8,569.03,572.13,474.19,492.79,565.12,510.76,417.84,395.23,427.79
1608.29,414.8,399.48,339.56,364.68,415.39,415.77,258.22,229.5,255.22
1609.78,251.24,249.48,200.59,229.92,296.68,331.47,97.64,85.79,106.88
1611.27,100.93,106.95,71.59,105.22,152.51,179.73,0,0,0
1612.75,29.3,47.57,15.39,29.24,66.84,96.35,0,0,0
1614.23,0,0,0,0,0,0,0,0,0
1615.72,0,0,0,0,0,0,0,0,0
1617.2,0,0,0,0,0,0,0,0,0
1618.68,2.67,0,0,0,6.73,0.72,0,0,0
1620.16,2.67,0,0,3.91,29.54,19.65,0,0,0
1621.64,2.67,0,0,23.23,29.54,19.65,5.86,0.86,0
1623.12,0,0,0,23.23,22.81,18.93,5.86,0.86,0
1624.59,0,0,0,19.32,0,0,5.86,0.86,0
1626.07,0,0,0,0,0,0,0,0,0
1627.54,0,0,0,0,0,0,0,0,0
1629.02,0,0,0,0,0,0,0,0,0
1630.49,0,0,0,0,0,0,0,0,0
1631.96,0,0,0,0,0,0,0,0,0
1633.43,0,0,0,0,0,0,0,0,0
1634.9,0,0,0,0,0,0,0,0,0
1636.37,0,0,0,0,0,0,0,0,0
1637.84,0,0,0,0,0,0,0,0,0
1639.31,0,0,0,0,0,0,0,0,0
1640.77,0,0,0,0,0,0,0,0,0
1642.24,0,0,0,0,0,0,0,0,0
1643.7,0,0,0,0,0,0,0,0,0
1645.17,0,0,0,0,0,0,0,0,0
1646.63,0,0,0,0,0,0,0,0,0
1648.09,0,0,0,0,0,0,0,0,0
1649.55,0,0,0,0,0,0,0,0,0
1651.01,0,0,0,0,0,0,0,0,0
1652.46,0,0,0,0,0,0,0,0,0
1653.92,0,0,0,0,0,0,0,0,0
1655.38,0,0,0,0,0,0,0,0,0
1656.83,0,0,0,0,0,0,0,0,0
1658.29,0,0,0,0,0,0,0,0,0
1659.74,0,0,0,0,0,0,0,0,0
1661.19,0,0,0,0,0,0,0,0,0
1662.64,0,0,0,0,0,0,0,0,0
1664.09,0,0,0,0,0,0,0,0,0
1665.54,0,0,0,0,0,0,0,0,0
1666.99,0,0,0,0,0,0,0,0,0
1668.44,0,0,0,0,0,0,0,0,0
1669.88,0,0,0,0,0,0,20.05,7.71,0
1671.33,0,0,0,0,0,0,38.33,15,0
1672.77,0,0,0,0,0,0,51.14,15,0
1674.21,0,0,0,0,0,0,31.08,7.28,0
1675.66,0,0,0,0,0,0,12.81,0,0
1677.1,0,0,0,0,0,0,0,0,0
1678.54,0,0,0,0,0,0,0,0,0
1679.97,0,0,0,0,0,0,0,0,0
1681.41,0,0,0,0,0,0,0,0,0
1682.85,0,0,0,0,0,0,0,0,0
1684.29,0,0,0,0,0,0,0,0,0
1685.72,0,0,0,0,0,0,0,0,0
1687.15,0,0,0,0,0,0,0,0,0
1688.59,0,0,0,0,0,0,0,0,0
1690.02,0,0,0,0,0,0,0,0,0
1691.45,0,0,0,0,0,0,0,0,0
1692.88,0,0,0,0,0,0,0,0,0
1694.31,0,0,0,0,0,0,10.24,7.26,13.26
1695.74,0,0,0,0,0,0,15.41,9.47,21.59
1697.16,0,0,0,0,0,0,15.41,9.47,21.59
1698.59,0,0,0,0,0,0,5.17,2.21,8.33
1700.01,0,0,0,0,0,0,0,0,0
1701.44,0,0,0,0,0,0,0,0,0
1702.86,0,0,0,0,0,0,0,0,0
1704.28,0,0,0,0,0,0,0,0,0
1705.7,0,0,0,0,0,0,0,0,0
1707.12,0,0,0,0,0,0,0,0,0
1708.54,0,0,0,0,0,0,0,0,0
1709.96,0,0,0,0,0,0,0,0,0
1711.38,0,0,0,0,0,0,0,0,0
1712.79,0,0,0,0,0,0,0,0,0
1714.21,0,0,0,0,0,0,0,0,0
1715.62,0,0,0,0,0,0,0,0,0
1717.04,0,0,0,0,0,0,0,0,0
1718.45,0,0,0,0,0,0,0,0,0
1719.86,0,0,0,0,0,0,0,0,0
1721.27,0,0,0,0,0,0,0,0,0
1722.68,0,0,0,0,0,0,0,0,0
1724.09,0,0,0,0,0,0,0,0,0
1725.49,0,0,0,0,0,0,0,0,0
1726.9,0,0,0,0,0,0,0,0,0
1728.3,0,0,0,0,0,0,0,0,0
1729.71,0,0,0,0,0,0,0,0,0
1731.11,0,0,0,0,0,0,0,0,0
1732.51,0,0,0,0,0,0,0,0,0
1733.91,0,0,0,0,0,0,0,0,0
1735.31,0,0,0,0,0,0,0,0,0
1736.71,0,0,0,0,0,0,0,0,0
1738.11,0,0,0,0,0,0,0,0,0
1739.51,0,0,0,0,0,0,0,0,0
1740.9,0,0,0,0,0,0,0,0,0
1742.3,0,0,0,0,0,0,0,0,0
1743.69,0,0,0,0,0,0,0,0,0
1745.08,0,0,0,0,0,0,0,0,0
1746.48,0,0,0,0,0,0,0,0,0
1747.87,0,0,0,0,0,0,0,0,0
1749.26,0,0,0,0,0,0,0,0,0
1750.65,0,0,0,0,0,0,0,0,0
1752.03,0,0,0,0,0,0,0,0,0
1753.42,0,0,0,0,0,0,0,0,0
1754.81,0,0,0,0,0,0,0,0,0
1756.19,0,0,0,0,0,0,0,0,0
1757.58,0,0,0,0,0,0,0,0,0
1758.96,0,0,0,0,0,0,0,0,0
1760.34,0,0,0,0,0,0,0,0,0
1761.72,0,0,0,0,0,0,2.21,9.3,0
1763.1,0,0,0,0,0,0,23.26,23.45,14.06
1764.48,0,0,0,0,0,0,24.46,27.79,22.4
1765.86,0,0,0,0,0,0,22.25,18.49,22.4
1767.24,0,0,0,0,0,0,1.2,4.33,8.34
1768.61,0,0,0,0,0,0,0,0,0
1769.99,0,0,0,0,0,0,0,0,0
1771.36,0,0,0,0,0,0,0,0,0
1772.73,0,0,0,0,0,0,0,0,0
1774.11,0,0,0,0,0,0,0,0,0
1775.48,0,0,0,0,0,0,0,0,5.45
1776.85,0,0,0,0,0,0,0,0,5.45
1778.22,0,0,0,0,0,0,1.01,0.71,9.77
1779.58,0,0,0,0,0,0,1.01,0.71,4.32
1780.95,0,0,0,0,0,0,1.01,0.71,4.32
1782.32,0,0,0,0,0,0,0,0,0
1783.68,0,0,0,0,0,0,0,0,0
1785.05,0,0,0,0,0,0,0,0,0
1786.41,0,0,0,0,0,0,0,0,0
1787.77,0,0,0,0,0,0,0,0,0
1789.13,0,0,0,0,0,0,0,0,0
1790.49,0,0,0,0,0,0,0,0,0
1791.85,0,0,0,0,0,0,0,0,0
1793.21,0,0,0,0,0,0,0,0,0
1794.57,0,0,0,0,0,0,0,0,0
1795.92,0,0,0,0,0,0,17.92,0,13.63
1797.28,0,0,0,0,0,37.65,37.72,22.14,40.9
1798.63,0,5.47,0,36.19,36.08,51.19,83.28,67.73,82.69
1799.98,0,5.47,0,36.19,39.36,51.19,91.43,86.19,112.81
1801.34,7.08,5.47,12.53,36.19,78.68,49.54,106.77,100.6,120.78
1802.69,7.85,9.8,12.53,22.16,67.62,36,106.74,94.31,108.37
1804.04,19.75,19.84,12.53,23.32,77.12,40.66,122.68,112.65,97.94
1805.39,12.68,19.84,0,23.32,37.79,4.66,97.03,89.73,66.24
1806.73,11.9,10.04,0,1.16,12.78,4.66,54.12,53.22,36.85
1808.08,0,0,0,0,0,0,12.11,16.42,3.54
1809.43,0,0,0,0,0,0,2.62,2.79,0
1810.77,0,0,0,0,0,0,0,0,0
1812.12,0,0,0,0,0,0,0,0,0
1813.46,0,0,0,0,0,0,0,0,0
1814.8,0,0,0,0,0,0,0,0,0
1816.14,0,0,0,0,0,0,0,0,0
1817.48,0,0,0,0,0,0,0,0,0
1818.82,10.29,14.71,11.43,19.56,20.48,7.18,0,0,0
1820.16,10.29,14.71,11.43,19.56,20.48,11.49,0,0,0
1821.5,13.39,14.71,30.33,26.89,44.21,11.49,0,0,0
1822.83,19.05,18.03,42,7.32,30.53,10.79,0,1.49,0
1824.17,26.51,37.66,56.92,7.32,49.71,6.48,0.48,7.44,12.07
1825.5,45.67,68.54,72.07,24.54,34.16,28.54,17.71,31.48,39.96
1826.83,54.42,77.6,73.12,24.54,27.35,38.52,29.01,48.12,63.33
1828.17,79.53,69.02,83.19,24.54,9.37,38.52,49.67,51.17,71.87
1829.5,68.78,59.91,73.38,0,1.19,29.96,32.43,34.41,43.98
1830.83,69.27,41.71,74.82,0,25.02,13.5,21.14,16.62,20.61
1832.16,54.68,40.09,74.82,0,23.84,13.5,0,7.62,0
1833.49,59.56,33.93,71.95,9.61,23.84,0,0,0.34,0
1834.81,34.36,25.04,46.37,9.61,0,0,0,0,0
1836.14,16.38,15.61,21.37,9.61,0,0,0,0,0
1837.46,0,4.4,0,0,0,0,0,0,0
1838.79,3.07,4.4,0,0,0,0,0,0,0
1840.11,20.19,18.55,18.22,0,0,0,0,0,0
1841.43,46.21,29.62,42.96,0,1.73,0,0,0,0
1842.75,61.14,63.84,71.29,16.97,1.73,0.34,3.8,0,0
1844.07,84.2,74.5,83.84,17.48,1.73,18.7,15.3,12.29,25.43
1845.39,110.72,105.29,112.51,64.06,36.2,20.96,51.38,45.51,59.15
1846.71,106.94,94.44,112.52,47.09,36.2,20.72,50.22,45.51,59.5
1848.03,103.17,106.26,118.54,46.57,36.2,2.35,40.47,33.22,34.07
1849.35,95.64,109.32,101.79,7.75,21.87,35.99,8.03,0,0.35
1850.66,117.14,134.4,120.05,26.52,44.82,48.95,10.33,7.17,30.47
1851.97,130.98,136.83,138.31,74.17,92.69,83.7,40.37,46.23,70.18
1853.29,152.73,159.83,173.47,109.56,120.57,79.21,86.05,121.81,124.78
1854.6,162.72,166.39,173.85,119.51,113,112.6,131.7,172.52,147.9
1855.91,180.29,193.53,193.46,124.68,138.64,120.87,159.97,191.86,178.98
1857.22,161.54,171.34,166.75,116.5,105.28,89.47,152,158.61,161.13
1858.53,185.35,183.06,188.92,139.55,113.13,75.95,143.65,144,165.59
1859.84,178.97,164.23,169.21,136.03,89.42,100.19,114.83,104.25,126.89
1861.15,191.15,167.63,164.05,145.4,105.25,133.98,90.64,80.12,119.49
1862.45,155.46,134.49,143.01,103.21,137.85,110.2,59.31,36.85,61.6
1863.76,165.78,153.7,176.64,86.67,174.44,96.74,71.39,55.33,85.13
1865.06,162.89,161.02,202.04,42.33,172.8,106.72,111,76,103.17
1866.36,202.47,180.47,220.56,87,175.59,142.8,184.46,142.52,169.06
1867.67,215.39,201.26,233.07,113.66,174.7,171.19,217.33,193.13,214.7
1868.97,245.09,229.83,256.03,197.34,175.24,207.36,253.06,237.58,265.52
1870.27,256.04,252.64,270.21,216.98,193.99,233.73,265.09,268.68,295.3
1871.57,266.1,257.56,250.17,192.73,157.17,229.86,300.3,278.29,294.93
1872.87,262.18,256.83,240.45,188.8,170.01,202.31,296.6,278.65,282.64
1874.16,254.16,256.65,245.62,164.08,141.72,181.97,254.2,237.65,253.31
1875.46,211.81,236.15,229.12,182.35,143.41,128.61,185.21,189.39,189.72
1876.75,215.7,230.88,229.51,171.82,182.31,124.8,154.53,167.76,163.09
1878.05,221.48,231.5,209.11,162.18,186.41,112.52,156.47,165.78,161.1
1879.34,252.83,231.35,221.93,159.07,210.06,164.11,184.39,193.42,192.73
1880.63,245.41,227.09,229.3,142.85,207.58,184.91,192.94,191.7,208.66
1881.93,239.99,235.5,249.67,191.27,254.74,222.69,200.57,204.39,208.66
1883.22,215.7,243.03,247.47,208.12,296,236.56,169.06,186.94,191.18
1884.51,199.97,225.78,229.49,224.52,281.13,208.96,121.85,151.13,154.34
1885.79,194.02,204.98,211.27,200.34,281.35,202.8,79.83,130.83,123.67
1887.08,193.74,180.85,196.38,184.82,252.88,188.61,67.89,103.62,105.09
1888.37,193.92,190.16,203.26,193.38,277.84,216.51,86.47,114.93,117.35
1889.65,202.99,212.37,230.69,226.49,261.33,229.61,139.69,135.22,141.58
1890.94,214.51,235.35,253.55,253.69,252.25,234.47,173.44,165.35,176.66
1892.22,249.92,260.55,277.62,303.76,259.36,267.2,228.82,210.46,216.7
1893.5,235.67,224.43,268.35,287.48,258.46,273.9,217.95,209.65,229.82
1894.78,240.21,230.07,271.84,302.96,271.31,283.03,225.93,210.36,246.79
1896.06,207.41,225.39,255.99,300.09,238.14,275.46,198.33,190.49,244.17
1897.34,207.83,253.92,254.02,273.41,251.83,263.1,200.03,189.92,247.18
1898.62,220.6,259.46,262.03,274.05,253.83,288.37,209.15,199.09,257.6
1899.9,222.58,241.54,262.92,237.56,292.03,284.84,208.9,194.9,243.65
1901.18,237.91,250.96,270.12,271.38,285.54,313.96,198.07,185.46,244.1
1902.45,218.67,226.82,254.09,224.96,250.46,290.49,168.09,170.55,189.75
1903.73,221,237.89,251.61,216.4,203.92,278.55,150.42,145.6,169.69
1905,200.54,228.86,251.32,190.04,198.91,266.48,151.72,135.62,144.59
1906.27,193.98,240.04,245.91,197.89,221.75,236.59,159.32,130.62,153.79
1907.54,195.52,237.99,241.26,156.82,249.02,204.8,162.78,134.14,141.85
1908.81,212.4,224.6,232.93,166.39,241.26,170.31,158.99,139.07,135.31
1910.08,225.72,230.65,252.69,162.38,238.91,199.56,159.39,138.19,131.63
1911.35,214.71,223.36,252.1,173.35,220.87,209.46,134.21,145.74,132.69
1912.62,200.92,212.96,232.05,182.51,212.36,192.55,110.99,130.58,129.71
1913.88,201.67,208.43,226.53,192.54,190.37,178.83,111.42,135.06,140.37
1915.15,214.32,195.79,239.22,206.76,209.58,185.63,132.81,138.85,145.32
1916.41,214.18,215.03,255.44,188.18,223.64,202.3,155.51,151.27,170.57
1917.68,219.38,213.92,246.64,191.24,225.34,190.26,138.29,152.77,171.9
1918.94,222.45,214.7,219.04,202.16,161.56,162.42,109.71,131.92,157.19
1920.2,218.53,196.8,213.76,195.71,138.76,155.21,85.88,106.81,126.56
1921.46,189.71,179.34,206.56,188.35,141.7,150.75,76.24,81.89,106.79
1922.72,172.44,188.75,221.23,197.86,153.82,212.48,105.25,98.28,121.64
1923.98,182.27,190.93,224.65,228.1,139.7,234.28,128.11,127.53,130.68
1925.24,183.77,211.43,240.05,261.66,165.54,263.05,146.72,155.2,154.13
1926.49,180.48,205.15,219.65,212.74,165.9,214.01,149.96,161.17,171.22
1927.75,172.07,210.74,216.45,176.67,179.12,191.83,152.52,158.78,170.93
1929,186.66,195.98,201.55,164.58,137.97,159.61,160.16,153.8,162.06
1930.26,184.34,186.33,210.75,163.9,147.23,161.8,151.32,140.02,143.04
1931.51,196.47,202.11,224.02,189.97,168.23,192.06,157.01,155.77,162.21
1932.76,189.25,192.53,219.27,166.33,190.2,191.62,149.79,154.93,161.12
1934.01,196.36,209.62,231.16,159.33,203.47,205.15,180.98,188.51,188.11
1935.26,191.01,182.91,201.58,151.52,171.58,166.86,178.15,177.06,182.73
1936.51,197.88,189.74,194.19,167.24,156.55,164.76,181.29,175.25,177.98
1937.76,174.63,162.78,176,181.8,145.71,127.51,143.06,141.08,137.2
1939,154.58,161.69,169.67,142.89,155.71,112.78,131.15,109.89,112.39
1940.25,137.08,163.14,174.53,123.84,172.24,118.23,133.21,113.33,117.88
1941.49,150.8,180.46,177.58,118.3,142.61,128.19,148.57,140.08,153.33
1942.74,162.83,180.77,206.6,114.73,149.28,155.12,173.68,189.25,195.86
1943.98,168.07,189.95,224.48,131.35,172.14,191.9,206.11,221.72,251.02
1945.22,158.42,182.89,222.11,144.37,221.73,215.09,253.06,249.72,288.71
1946.46,157.41,197.14,203.04,168.36,234.28,247.23,283.43,287.81,307.47
1947.7,164.17,178.49,196.39,179.76,211.24,232.44,307.66,299.43,297.09
1948.94,176.59,187.15,188.03,183.12,218.15,250.95,295.98,300.46,276.12
1950.18,169.88,170.35,187.2,227,171.92,223.64,270.27,266.14,257.79
1951.41,157.82,174.53,169.66,208.5,175.98,194.95,235.64,240.23,234.2
1952.65,154.97,152.58,163.98,201.53,177.88,163.12,221.66,217.3,213.57
1953.88,137.99,140.17,133.83,126.73,182.96,115.46,198.32,186.34,196.25
1955.12,112.45,123.51,111.75,85.35,145.45,86.87,152.51,162.24,151.78
1956.35,85.55,117.83,102.97,71.92,83.56,88.57,108.12,133.23,112.39
1957.58,63.53,94.69,89.37,53.79,47.19,90.45,67.7,87.86,65.31
1958.81,38.25,60.85,71.74,45.17,39.77,85.95,37.92,37.93,35.65
1960.04,19.98,31.11,38.85,17.29,27.98,36.86,10.31,0.16,10.96
1961.27,14.57,18.23,24.15,22.49,57.48,29.61,0,0,0
1962.5,19.6,16.22,13.63,10.37,29.73,10.53,0,0,0
1963.72,20.6,26.08,28.3,27.37,29.73,41.3,0.93,12.19,13.63
1964.95,15.58,24.58,26.66,22.18,0,32.59,0.93,12.19,13.63
1966.18,15.1,18.73,25.81,22.18,0,30.77,0.93,12.19,13.63
1967.4,15.16,0,17.47,10.16,0,0,0,0,0
1968.62,12.22,0,17.47,10.16,0,0,0,0,0
1969.84,7.67,0,10.17,19.35,0,11.93,0,0,0
1971.06,0,0,0,12.32,10.57,11.93,0,0,0
1972.28,1.17,0,0,35.44,33.42,15.85,7.35,0,0
1973.5,1.17,0,0,26.25,57.81,3.92,7.35,0,4.33
1974.72,1.17,4.74,0,45.09,74.14,24.73,7.35,0,4.54
1975.94,0.2,4.74,0,70.88,62.08,26.93,0,0,4.54
1977.15,0.2,4.74,0,86.81,37.68,50.41,2.15,0,0.22
1978.37,0.2,0,0,74.62,10.79,31.95,2.15,0,0
1979.58,0,0,0,53.94,32.59,30,2.15,0,0
1980.79,0,0,0,39.33,52.18,9.45,0,2.64,0
1982.01,0,0,0,39.67,75.51,16.18,0,2.64,0
1983.22,0,0,0,28.52,42.93,15.42,0,2.64,0
1984.43,0,0,0,27.2,23.33,12.49,0,0,0
1985.63,0,0,0,17.09,0,3.4,0,0,0
1986.84,0,0,0,0,0,0,0,0,0
1988.05,0,0,0,0,0,0,0,0,0
1989.25,0,0,0,0,0,0,0,0,0
1990.46,0,0,0,7.03,0,0,0,0,0
1991.66,0,0,0,7.03,0,0,0,0,0
1992.87,0,0,0,7.03,0,0,0,0,0
1994.07,0,0,0,0,0,0,0,0,0
1995.27,0,0,0,0,0,0,0,0,0
1996.47,0,0,0,0,0,0,0,0,0
1997.67,0,0,0,0,0,0,0,0,0
1998.86,0,0,0,0,0,0,0,0,0
2000.06,0,0,0,0,0,0,0,0,0
2001.26,0,0,0,0,0,0,0,0,0
2002.45,0,0,0,0,0,0,0,0,0
2003.65,0,0,0,0,0,0,0,0,0
2004.84,0,0,0,0,0,0,0,0,0
2006.03,0,0,0,0,0,0,0,0,0
2007.22,0,0,0,0,0,0,0,0,0
2008.41,0,0,0,0,0,0,0,0,0
