wavenumber,PE 10ppm-1,PE 10ppm-2,PE 10ppm-3,PE 50ppm-1,PE 50ppm-2,PE 50ppm-3,PE 100ppm-1,PE 100ppm-2,PE 100ppm-3,PE 200ppm-1,PE 200ppm-2,PE 200ppm-3
376.82,1729.52,1690.7,1649.75,1406.72,1260.77,1321.4,908.84,838.24,944.94,960.36,890.34,836.62
378.98,1649.93,1576.04,1555.4,1336.24,1246.33,1268.95,833.66,767.31,841.48,924.35,866.12,850.43
381.15,1600.41,1467.48,1470.78,1290.7,1207.45,1232.74,791.87,728.75,794.37,900.57,827.46,872.79
383.32,1569.1,1463.49,1437.35,1224.2,1146.18,1141.16,772.11,718.18,706.91,836.76,805.74,828.41
385.48,1486.65,1463.08,1430.11,1173.39,1123.51,1091.88,745.04,685.28,695.77,787.24,770.62,775.62
387.64,1450.3,1445.8,1384.27,1118.16,1094.67,1060.78,733.23,668.6,631.5,725.58,735.65,707.98
389.8,1386.36,1391.96,1322.16,1103.5,1021.32,1089.19,707.01,672.8,656.44,719.42,727.17,694.82
391.96,1393.84,1352.24,1256.78,1081.41,996.12,1029.12,699.7,693.22,638.25,732.77,727.5,701.8
394.12,1338.6,1321.84,1254,1043.11,995.3,979.44,671.21,679.76,673.16,750.18,752.54,686.47
396.28,1323.55,1288.65,1242.05,966.48,974.06,902.71,644.42,630.29,635.39,724.21,721.17,683.4
398.44,1207.33,1248.34,1232.59,912.52,884.08,860.26,611.99,577.82,613.61,683.85,637.71,667.56
400.6,1082.71,1197,1126.06,789.33,745.46,781.19,549.37,505.13,517.26,598.22,559.62,617.75
402.75,958.37,1091.62,1042.44,705.58,681.2,695.84,502.89,448.56,481.34,549.29,477.89,529.62
404.91,901.97,959.21,933.41,564.27,599.97,613.54,455.9,435.76,439.53,474.76,461.52,488.18
407.06,827.49,862.1,857.95,512.39,533.09,501.61,391.38,421.75,414.48,427.26,415.17,456.09
409.21,755.37,758.37,778.84,430.71,449.33,449.84,323.78,401.96,359.65,382.92,369.62,413.45
411.36,645.95,662.71,670.75,364.89,371.04,373.55,225.78,292.4,293.37,321.4,311.86,345.6
413.51,573.21,549.1,628.66,278.27,321.54,330.73,184.36,226.73,227.97,266.04,261.23,265.87
415.66,498.05,465.09,530.79,247.74,262.04,271.95,190.76,206.51,177.68,216.04,206.95,234.48
417.81,418.57,406.12,428.92,203.72,220.67,204.3,196.41,219.19,150.26,202.85,174.46,165.87
419.96,378.98,354.07,361.93,189.79,123.96,135.02,194.55,181.65,144.63,182.69,154.3,144.6
422.11,285.28,236.27,301.14,100.9,51.75,55.16,134.16,132.23,93.75,137.23,152.83,110.66
424.25,227.8,120.72,231.23,54.21,0,20.39,76.42,59.11,46.08,69.24,92.69,66.14
426.4,112.21,33.42,128.18,0,0,0,25.98,38.32,0,25.81,39.72,32.52
428.54,68.26,10.99,42.92,0,0,0,0,0,0,0,1.73,1.74
430.68,23,5.89,22.56,0,0,0,0,0,0,0,0,1.74
432.82,14.62,0,0,0,0,0,0,0,0,0,0,0.77
434.97,0,0,0,0,0,0,0,0,0,0,0,0.77
437.11,0,0,0,0,0,0,0,0,0,0,0,0.77
439.24,0,0,0,0,0,0,0,0,0,0,0,0
441.38,0,0,0,0,0,0,0,0,0,0,0,0
443.52,0,0,0,0,0,0,0,0,0,0,0,0
445.65,0,0,0,0,0,0,0,0,0,0,0,0
447.79,0,0,0,0,0,0,0,0,0,0,0,0
449.92,0,0,0,0,0,0,0,0,0,0,0,0
452.05,0,0,0,0,0,0,0,0,0,0,0,0
454.19,0,0,0,0,0,0,0,0,0,0,0,0
456.32,0,0,0,0,0,0,0,0,0,0,0,0
458.45,0,0,0,0,0,0,0,0,0,0,0,0
460.57,0,0,0,0,0,0,0,0,0,0,0,0
462.7,0,0,0,0,0,0,0,0,0,0,0,0
464.83,0,0,0,0,0,0,0,0,0,0,0,0
466.95,0,0,0,0,0,0,0,0,0,0,0,0
469.08,0,0,0,0,0,0,0,0,0,0,0,0
471.2,0,0,0,0,0,0,0,0,0,0,0,0
473.32,0,0,0,0,0,0,0,0,0,0,0,0
475.45,0,0,0,0,0,0,0,0,0,0,0,0
477.57,0,0,0,0,0,0,0,0,0,0,0,0
479.69,0,0,0,0,0,0,0,0,0,0,0,0
481.8,0,0,0,0,0,0,0,0,0,0,0,0
483.92,0,0,0,0,0,0,0,0,0,0,0,0
486.04,0,0,0,0,0,0,0,0,0,0,0,0
488.15,0,0,0,0,0,0,0,0,0,0,0,0
490.27,0,0,0,0,0,0,0,0,0,0,0,0
492.38,0,0,0,0,0,0,0,0,0,0,0,0
494.49,0,0,0,0,0,0,0,0,0,0,0,0
496.61,0,0,0,0,0,0,0,0,0,0,0,0
498.72,0,0,0,0,0,0,0,0,0,0,0,0
500.83,0,0,0,0,0,0,0,0,0,0,0,0
502.93,0,0,0,0,0,0,0,0,0,0,0,0
505.04,0,0,0,0,0,0,0,0,0,0,0,0
507.15,0,0,0,0,0,0,0,0,0,0,0,0
509.25,0,0,0,0,0,0,0,0,0,0,0,0
511.36,0,0,0,0,0,0,0,0,0,0,0,0
513.46,0,0,0,0,0,0,0,0,0,0,0,0
515.56,0,0,0,0,0,0,0,0,0,0,0,0
517.66,0,0,0,0,0,0,0,0,0,0,0,0
519.76,0,0,0,0,0,0,0,0,0,0,0,0
521.86,0,0,0,0,0,0,0,0,0,0,0,0
523.96,0,0,0,0,0,0,0,0,0,0,0,0
526.06,0,0,0,0,0,0,0,0,0,0,0,0
528.16,0,0,0,0,0,0,0,0,0,0,0,0
530.25,0,0,0,0,0,0,0,0,0,0,0,0
532.35,0,0,0,0,0,0,0,0,0,0,0,0
534.44,0,0,0,0,0,0,0,0,0,0,0,0
536.53,0,0,0,0,0,0,0,0,0,0,0,0
538.62,0,0,0,0,0,0,0,0,0,0,0,0
540.71,0,0,0,0,0,0,0,0,0,0,0,0
542.8,0,0,0,0,0,0,0,0,0,0,0,0
544.89,0,0,0,0,0,0,39.2,26.41,49.96,5.01,14.93,38.79
546.98,0,0,0,0,0,0,120.84,86.52,139.9,57.11,52.65,98.01
549.06,0,0,0,0,0,0,177.7,163.42,254.22,111.76,95.26,155.77
551.15,0,0,0,0,0,0,197.01,244.8,293.4,187.76,143.31,158.06
553.23,0,0,0,0,0,0,208.38,252.23,257.28,188.57,163.16,125.82
555.32,0,0,0,0,0,0,191.14,200.38,170.89,166.86,151.82,84.06
557.4,0,0,0,0,0,0,160.31,92.59,81.75,85.86,88.84,61.43
559.48,0,0,0,0,0,0,67.3,25.05,27.93,32.95,31.27,34.45
561.56,0,0,0,0,0,0,27.67,22.48,0,0,0,18.45
563.64,0,0,0,0,0,0,46.15,63.95,22.72,54.42,31.42,52.33
565.72,0,0,0,0,0,0,71.95,81.28,60.22,84.37,43.36,64.83
567.8,0,0,0,0,0,0,71.95,58.8,60.22,84.37,43.36,64.83
569.87,0,0,0,0,0,0,25.8,17.9,47.08,29.95,11.94,12.49
571.95,0,0,0,0,0,0,0.89,0.57,9.58,0,0,0
574.02,0,0,0,0,0,0,0.89,0.57,9.58,0,0,0
576.09,0,0,0,0,0,0,0.89,0,0,0,0,0
578.17,0,0,0,0,0,0,0,0,0,0,0,0
580.24,0,0,0,0,0,0,0,0,0,0,0,0
582.31,0,0,0,0,0,0,0,0,0,0,0,0
584.38,0,0,0,0,0,0,0,0,0,0,0,0
586.45,0,0,0,0,0,0,0,0,0,0,0,0
588.51,0,0,0,0,0,0,0,0,0,0,0,0
590.58,0,0,0,0,0,0,0,0,0,0,0,0
592.64,0,0,0,0,0,0,0,0,0,0,0,0
594.71,0,0,0,0,0,0,0,12.82,2.8,0,0,0
596.77,0,0,0,0,0,0,24.12,14.6,27.46,25.12,16.69,10.29
598.83,0,0,0,0,0,0,24.12,37.99,85.98,66.56,24.32,52.15
600.89,0,0,0,0,0,0,56.35,48.71,120.43,85.56,41.13,100.8
602.95,0,0,0,0,0,0,32.23,102.74,132.51,66.45,52.21,115.74
605.01,0,0,0,0,0,0,36.42,79.34,73.99,25.01,44.57,82.79
607.07,0,0,0,0,0,0,28.13,79.51,59.87,25.82,47.56,34.14
609.13,0,0,0,0,0,0,112.02,107.19,75.6,67.87,130.11,35.55
611.18,0,0,0,0,4.83,30.05,192.56,227.98,193.28,161.06,228.5,101.96
613.24,0,1.19,0,9.51,31,35.55,253.5,313.7,277.37,235.91,312.18,198.99
615.29,0,1.19,0,9.51,80.51,35.55,262.98,346.6,314.98,268.34,311.42,297.75
617.35,0,10.71,0,25.15,128.4,10.43,281.32,332.36,284.11,266.33,283.89,279.07
619.4,0,32.45,5.76,52.89,146.6,24.3,284.96,315.08,279.54,257.67,271.37,261.06
621.45,18.02,32.45,26.58,95.98,139.35,72.65,270.46,302.32,271.82,229.57,227.74,194.95
623.5,18.02,22.93,26.58,87.93,131.75,72.07,212.94,262.19,185,223.16,194.46,191.84
625.55,30.39,20.02,31.92,119.87,108.8,121.8,135.06,200.04,107.21,182.08,113.84,168.07
627.6,77.48,97.82,51.73,185.24,127.95,121.31,112.93,136.96,24.86,185.8,113.68,152.42
629.64,169.35,187.1,154.25,309.7,184.85,185.24,156.22,123.96,110.95,191.63,129.63,193.54
631.69,290.39,338.63,258.01,341.27,282.86,226.95,229.6,165.04,161.72,280.59,222.03,211.45
633.73,388.24,415.29,394.57,371.6,341.62,296.43,261.4,214.87,261.89,374.67,266.21,273.47
635.78,486.35,516.21,470.72,375.48,385.25,370.78,293.06,277.56,282.28,421.97,337.29,329.05
637.82,611.03,609.38,602.44,463.89,434.09,407.34,385.26,362.78,371.18,485.51,415.92,436.52
639.86,710.97,704.14,668.75,490.85,495.8,505.11,473.99,454.86,452.62,541.94,515.45,539.22
641.9,785.7,756.36,758.19,535.56,531.27,553.99,608.81,563.69,528.47,622.83,597.42,593.03
643.94,781.69,749.83,743.53,540.82,540.61,606.07,636.5,587.05,522.52,652.61,614.28,630.06
645.98,742.69,727.66,753.23,550.06,508.94,552.47,611.5,560.38,477.87,613.06,582.15,592.76
648.02,665.72,690.17,702.28,511.61,470.91,517.53,458.82,443.36,382.2,525.52,481.68,489.79
650.06,629.65,643.26,685.91,452.04,390.41,494.47,281.34,324.53,261.73,370.54,355.44,341.72
652.09,603.83,659.26,635.44,395,375.46,475.28,135.74,170.24,124.77,272.45,222.76,213.86
654.13,608.02,631.94,623.65,406.95,310.82,453.41,46.44,86.92,50.8,194.04,173.07,142.68
656.16,574.34,626.09,635.98,413.98,343.6,408.64,83.58,88.03,71.93,223.07,176.5,149.6
658.2,563.67,577.58,660.33,442.67,321.04,375.52,117.36,93.45,83.38,239.77,200.59,155.86
660.23,579.35,621.09,648.69,396.33,281.45,364.38,161.8,68.85,70.69,253.81,192.69,176.78
662.26,585.49,611.05,613.84,389.75,246.62,322.68,144,20,40.19,218.96,209.56,161.81
664.29,601.2,653.58,593.22,366.38,266.66,315.52,163.07,67.7,73.57,222.68,250.99,218.4
666.32,642.25,699.79,637.27,423.64,352.69,331.35,223.13,157.38,148.35,304.72,320.41,283.65
668.34,700.31,749.01,641.33,444.89,351.69,334.82,255.84,213.37,199.02,321.77,326.84,314.24
670.37,686.6,706.12,616.96,438.67,284.23,293.18,196.32,158.76,154.2,240.38,245.15,237.38
672.4,590.45,623.13,538.14,374.32,213.97,156.74,78.48,69.08,79.41,112.21,127.2,157.07
674.42,536.65,583.48,548,333.28,196.36,129.61,33.27,54.8,13.14,84.38,75.4,97.1
676.45,562.51,594.5,540.2,348.55,210.06,156.81,78.16,85.65,58.89,133.88,129.6,134.78
678.47,595.38,603.52,552.06,363.8,241.08,237.99,116.23,109.09,68.13,137.38,185.28,121.14
680.49,547.15,585.77,527.49,321.58,223.63,224.05,82.96,54.29,56.37,81.76,138.36,88.99
682.51,485.91,555.02,517.58,275.67,189.5,180.43,46.93,23.44,11.6,37.81,81.44,22.13
684.53,477.57,607.5,521.22,297.29,196.57,190.67,82.45,69.88,69.04,78.09,97.41,80.92
686.55,541.78,635.19,510.09,330.78,240.84,240.8,161.76,102.22,139.7,155.28,166.27,152.65
688.57,573.89,628.11,478.18,313.13,259.32,256.46,163.37,147.48,138.72,175.34,195.01,183.31
690.58,584.1,544.47,427.05,270.91,258.55,227.22,148.09,128.77,98.35,125.51,185.52,145.65
692.6,532.31,491.5,378.25,261.99,219.77,175.3,77.13,129.06,65.31,76.68,150.37,107.99
694.61,479.08,485.41,357.33,278.27,177.19,157.59,75.39,95.22,65.31,43.06,102.77,77.33
696.63,462.29,466.43,351.19,261.3,122.7,131.97,20.42,44.05,39,28.36,43.28,34.07
698.64,477.04,467.33,360.27,247.87,108.75,164.23,78,56.53,53.82,65.74,72.67,55.29
700.65,528.25,508.66,401.78,295.85,176.56,221.25,178.36,130.79,143.09,120.58,140.51,164.16
702.66,549,561.22,401.51,335.04,237.91,249.48,273.27,199.03,211.15,185.17,208.56,224.62
704.67,539.41,579.77,379.91,332.53,257.57,243.36,237.85,216.16,188.63,170.89,189.28,221.49
706.68,484.15,516.97,294.96,288.33,202.54,171.56,172.09,165.95,149.76,147.94,137,128.7
708.69,470.21,470.17,294.33,284.11,177.5,154.75,122.66,140.74,153.23,137.32,103.37,81.9
710.69,449.6,409.02,284.37,267.86,195.11,128.92,117.22,108.86,163.02,88.7,83.08,29.74
712.7,440.54,370.75,298.62,250.48,232.92,145.97,81.35,73.39,125.71,71.63,63.01,18.15
714.7,369.92,324.25,233.31,232.18,228.16,135.78,32.53,30.37,54.18,17.66,25.91,4.49
716.71,349.61,291.74,195.98,233.19,177.72,145.58,7.45,0,13.09,14.82,2.39,4.49
718.71,321.75,285.66,181.43,219.95,126.04,158.15,0,0,0,0,0,0
720.71,317.2,305.56,172.86,182.36,129.67,168.7,0,0,0,0,0,0
722.71,304.43,343.57,224.06,184.19,146.07,152.01,0,26.16,41.23,3.14,0,4.61
724.71,372.53,384.11,269.8,235.21,237.01,184.54,46.16,90.1,111.14,42.25,39.99,41.35
726.71,442.84,405.2,343.09,264.43,225.15,236.94,84.81,92.93,119.83,49.77,40.95,52.67
728.71,478.13,383.6,285.36,282.63,258.28,292.33,86.52,83.06,78.6,47.8,48.1,48.06
730.7,472.98,354.55,217.85,250.36,220.61,262.93,40.35,19.12,20.63,8.69,8.11,11.32
732.7,463.36,303.03,165.87,192.96,221.15,199.74,1.7,16.29,11.94,1.16,7.15,0
734.69,411.06,287.5,149.55,120.86,153.68,147.21,0,0,11.94,0,0,0
736.69,359.75,223.28,146.55,43.91,108.53,129.66,0,0,0,0,0,0
738.68,301.65,188.27,120.76,14.62,47.19,96.66,0,0,0,0,0,0
740.67,287.86,161.91,97.29,0,27.75,83.99,0,0,0,0,0,0
742.66,258.51,119.97,72.24,0,0,41.65,0,0,0,0,0,0
744.65,186.47,97.02,34.29,0,0,34.14,0,0,0,0,0,0
746.64,149.86,56.49,21,0,0,0,0,0,0,0,0,0
748.63,126.79,80.5,18.91,0,0,0,0,0,0,0,0,0
750.61,122.26,51.04,58.58,0,0,0,0,0,0,0,0,0
752.6,85.82,29.35,63.12,0,0,0,0,0,0,0,0,0
754.58,56.26,4.52,47.23,0,0,0,0,0,0,0,0,0
756.57,37.56,0,7.55,0,0,0,0,0,0,0,0,0
758.55,46.08,0,0,0,0,0,0,0,0,0,0,0
760.53,82.79,0,12.68,0,0,0,0,0,0,0,0,0
762.51,113.27,0,53.77,0,0,0,0,0,0,0,0,0
764.49,161.72,0,92.93,0,0,0,0,0,0,0,0,0
766.47,106.5,3.59,90.36,19.34,0,23.3,0,0,0,0,0,0
768.45,66.59,3.59,49.65,19.34,13.26,23.86,0,0,0,0,0,0
770.42,21.88,3.98,51.27,19.34,21.33,23.86,0,0,0,0,0,0
772.4,32.37,0.39,104.08,16.61,21.33,11.28,16.25,0,0,0,0,0
774.37,56.95,5.23,124.44,62.3,23.65,15.92,47.53,14.42,16.76,0,0,0
776.34,77.19,52.15,109.66,80.84,59.51,49.04,47.53,25.72,27.63,0,0,0
778.32,113.07,86.84,96.87,107.17,110.69,41.89,57.41,71.14,71.18,0,0,0
780.29,166.49,121.28,150.62,140.37,170.77,123.96,36.53,129.13,95.87,26.07,0,21.15
782.26,179.55,104.03,187.01,156.22,205.51,126.7,76.1,143.15,125.92,49.44,21.18,52.43
784.23,205.71,108.53,204.83,225.5,228.02,189.55,139.71,156.64,136.43,82.76,54.54,88.49
786.19,215.95,132.78,284.08,218.53,200.64,213.84,211.78,142.92,152.75,131.19,127.62,116.4
788.16,271.4,182.9,355.53,254.44,246.48,316.35,268.09,194.78,216.98,218.5,204.26,167.54
790.13,298.72,233.22,405.19,273.9,273.2,412.41,277.32,242.55,274.79,293.04,307.45,246.57
792.09,318.36,258.85,375.82,323.33,360.26,452.48,302.57,297.68,324.62,350.58,350.64,302.27
794.06,322.08,248.57,354.55,362.53,345.09,435.65,290.28,323.95,288.59,328.9,355.27,299.08
796.02,308.01,195.49,392.82,371.6,341.47,405.05,287.24,277.13,264.14,336.44,281.47,297.11
797.98,241.69,139.82,345.18,331.44,316.3,316.23,259,205.11,222.16,280.76,274.78,243.26
799.94,224.91,154.69,395.08,310.48,334.35,298.63,310.68,185.01,231.1,337.64,307.31,284.64
801.9,233.56,168.32,379.07,281.63,382.85,234.15,331.83,233.04,273.84,380.62,357.62,293.12
803.86,352.85,245.58,528.05,359.43,463.35,347.33,430.66,379.11,377.94,525.28,446.27,420.95
805.82,408.68,287.71,570.56,429.77,574.07,402.07,458.41,451.75,477.96,568.83,527.47,489.33
807.78,458.71,375.38,622.27,478.99,623.35,500.37,550.08,550.31,488.91,583.6,622.9,555.28
809.73,430.06,386.02,620.97,499.19,642.29,544.01,559.44,539.9,519.88,578.04,640,579.56
811.69,455.83,444.41,656.1,527.83,642.02,575.1,619.61,564.97,553.65,652.27,655.55,599.96
813.64,487.69,473.89,708.99,585.91,713.86,646.64,641.58,584.84,647.91,756.6,710.22,672.14
815.6,571.53,548.68,731.19,637.31,797.04,663.85,710.25,665.41,677.86,840.61,781.22,752.32
817.55,609.69,570.45,763.71,708.03,824.56,743.07,735.95,772.68,707.51,911.95,852.22,842.51
819.5,679.38,624.76,809.77,756.64,873.31,786.52,818.56,822.87,772.42,959.18,904.12,920.93
821.45,675.62,694.26,868.7,810.46,877.62,808.53,808.76,811.31,803.25,967.31,900.58,932.24
823.4,677.38,707.29,816.83,801.49,868.82,810.77,775.55,736.68,805.67,917.66,882.27,921.12
825.35,601.47,695.64,805.95,797.19,807.37,798.35,675.7,676.74,673.46,862.36,831.96,813.66
827.29,607.75,656.18,801.28,816.76,804.47,817.5,630.44,631.73,630.84,811.94,782.55,793.11
829.24,554.47,639.48,815.37,822.11,814.03,814.1,592.66,602.2,547.69,746.64,716.59,737.33
831.18,620.38,653.65,793.66,845.68,826.82,878.27,599.8,593.25,619.81,730.9,675.19,733.79
833.13,582.62,642.46,736.61,790.9,769.63,881.78,622.3,610.01,577.97,728.17,701.13,711.59
835.07,621.72,676.47,762.43,763.68,806.99,911.19,658.39,603.37,632.05,765.33,735.63,724.29
837.01,655.25,733.91,792.68,723.24,824.81,865.73,702.63,629.2,618.28,755.27,774.59,787.1
838.95,666.1,735.66,798.91,725.79,861.98,893.61,696.24,615.74,656.54,739.89,731.21,781.26
840.89,651.93,723.72,827.13,741.67,853.83,901.84,682.55,654.98,668.52,729.85,732.52,786.09
842.83,643.3,687.31,788.89,740.1,838.57,922.97,635.78,630.14,677.42,727.04,715.38,771.15
844.77,719.77,732.33,849.75,722.65,871.78,925.56,643.83,658.8,710.81,743.67,765.7,820.34
846.71,847.1,794.22,876.82,754.75,885.22,936.05,647.13,654.71,701.79,806.21,789.92,892.42
848.64,938.87,859.2,996.99,828.29,936.45,1009.67,706.92,713.77,750.59,898.53,836.26,950.29
850.58,1049.18,902.05,1067.36,902.73,1022.59,1065.2,757.3,790.43,788.99,972.74,881.16,1008.73
852.51,1153.25,977.99,1120.17,960.61,1058.19,1115.85,859.83,888.58,855.21,1011.75,952.85,1076.62
854.44,1186.97,1067.24,1159.63,962.49,1122.14,1123.86,879.74,886.1,890.47,1016.09,1012.55,1098.19
856.37,1182.34,1144.81,1178.41,939.71,1080.77,1139.22,901.68,863.99,893.44,1071.78,1037.59,1103.11
858.31,1127.92,1215.59,1167.74,915.49,1031.64,1132.48,875.21,846.82,928.02,1047.36,998.87,1055.26
860.23,1115.26,1127.12,1120.5,895.05,960.97,1039.88,861.23,861.47,882.74,1023.07,953.94,1017.86
862.16,1075.7,1093.74,1041.03,821.05,889.77,926.74,794.07,808.94,841.29,919.9,902.12,957.26
864.09,991.46,982.35,1002.87,714.73,844.59,828.29,743.95,724.12,730.56,856.73,858.66,901.34
866.02,927.54,975.28,961.38,597.42,772.1,749.19,642.54,605.34,606.53,736.91,747.54,803.76
867.94,868.17,970.41,933.43,547,666.51,660.67,566.06,495.17,504.77,592.66,606.98,698.09
869.87,839.45,1011.19,902.81,462.59,559.61,542.17,459.29,399.04,403.4,494.08,467.78,558.43
871.79,777.71,990.62,857.84,400.19,449.74,434.7,363.23,291.28,329.73,392.52,379.92,484.45
873.71,744.08,938.81,815.64,358.24,368,370.7,277.65,223.03,244.9,334.41,301.18,404.59
875.64,720.99,860.21,776.99,342.52,276.84,314.61,183.01,160.7,188.66,244.21,234.68,322.97
877.56,697.44,853.15,749.22,350.7,229.92,316.76,145.3,163.98,171.04,256.23,227.42,292.93
879.48,629.55,779.08,719.11,334.89,191.7,265.61,128.97,116.31,175.12,251.94,246.84,253.9
881.39,579.32,730.99,674.32,371.75,211.51,273.82,142.69,65.95,145.93,234.33,247.94,223.22
883.31,526.52,664,591.64,398.75,239.78,250.17,132.23,9.33,113.23,174.84,174.16,150.67
885.23,571.6,651.88,595.51,441.3,247.3,297.77,121.03,33.14,117.8,152.59,148.96,143.35
887.14,623.22,633.98,589.93,475.43,282.08,357.29,144.44,82.62,174.64,161.24,143.33,204.95
889.06,630.62,615.84,643.78,467.69,264.99,399.28,175.68,142.01,188.32,205.35,179.83,241.33
890.97,614.23,643.24,612.86,490.18,318.49,455.52,199.51,195.19,181.93,252.03,231.56,263.63
892.88,570.17,615.3,601.26,433.35,308.02,453.8,206.06,233.76,172.27,286.73,241.98,272.27
894.8,609.65,610.57,595.88,417.09,336.8,453.32,221.22,290.26,234.88,310,269.97,303.83
896.71,605.24,595.94,616.28,388.96,319.39,448,243.2,314.27,286.32,304.39,267.76,285.18
898.62,625.71,560.52,593.22,390.74,323.9,423.26,267.12,350.54,312.04,330.03,323.46,285.11
900.52,546.62,537.87,527.61,395.32,303.89,411.66,272.86,299.98,292.92,316.79,337.61,277.83
902.43,515.63,487.66,432.78,302.35,270.02,387.54,281.1,268.59,263.64,300.01,314.24,297.35
904.34,470.97,483.1,412.94,254.08,223.86,370.13,268.39,245.92,272.74,278.25,308.54,282.89
906.24,466.64,486.2,394.1,166.49,197.72,327.08,223.74,262.3,277.57,289.51,258.54,263.12
908.15,452.98,497.63,388.93,155.59,196.29,261.07,221.8,237.73,267.12,311.46,250.88,260.37
910.05,429.64,476.38,382.42,142.38,200.23,213.1,177.91,220.22,216.39,301.75,198.25,241.65
911.95,468.19,460.35,377.47,155.74,195.43,214.72,186.29,177.66,189.94,273.29,231.86,199.17
913.86,448.07,419.65,407.52,186.46,182.67,180.38,117.06,163.82,121.22,226.84,191.83,165.37
915.76,422.5,428.16,415.8,191.43,175.83,192.3,87.11,89.92,108.11,134.6,177.71,113.16
917.66,380.82,364.56,406.29,183.98,133.92,203.14,40.43,60.3,74.62,90.64,109.16,102.85
919.55,383.14,359.28,385.46,141.22,97.05,173.37,16.51,19.78,75.51,54.04,71.37,50.25
921.45,414.12,323,350.29,122.16,73.89,110.63,7.34,9.54,36.28,57.82,19.95,31.04
923.35,395.88,365.49,362.24,85.9,58.22,45.38,3.93,0,8.15,20.5,0,0
925.24,406.75,340.43,354.64,61.07,44.14,90.28,3.93,0,0,3.79,0,0
927.14,419.52,338.92,343.93,43.86,15.74,102.78,3.93,0,0,0,0,0
929.03,489.17,319.29,316.78,42.91,9.42,82.55,0,0,0,0,0,0
930.92,534.82,305.33,304.97,69.69,9.42,27.33,0,0,0,0,0,0
932.81,505.92,323.15,298.61,43.93,32.1,8.64,0,0,0,0,0,0
934.7,483.14,337.08,313.37,26.78,47.79,5.7,0,0,0,0,0,0
936.59,460.13,378.12,329.24,14.28,84.58,5.7,0,0,0,0,0,0
938.48,524.13,336.49,353.46,24.46,61.9,0,0,0,0,0,0,0
940.37,534.02,360.09,360.57,24.46,82.4,21.99,0,0,0,0,0,0
942.25,489.92,338.69,359.03,11.62,81.95,21.99,0,0,0,0,0,0
944.14,422.93,379.4,356.27,40.6,120.24,40.51,0,0,0,0,0,0
946.02,388.84,351,368.41,79.8,111.89,18.51,0,0,0,0,0,0
947.91,413.31,354.83,340.45,78.36,75.55,37.84,0,0,0,0,0,0
949.79,408.12,350.33,366.5,39.89,69.86,28.92,0,0,0,0,0,0
951.67,435.72,371.28,350.67,0.68,32.59,28.92,0,0,0,0,0,0
953.55,428.43,424.35,364.63,0.68,49.15,20.99,0,0,0,0,0,0
955.43,448.82,449.42,361.61,17.88,40.83,11.4,0,0,0,0,0,0
957.31,384.34,472.28,388.04,17.88,68.08,11.4,0,0,0,0,0,0
959.18,387.41,451.03,395.71,17.88,51.87,0,0,0,0,0,0,0
961.06,351.72,436.68,342.95,0,33.6,0,0,0,0,0,0,0
962.94,328.26,423.89,264.42,0,6.36,0,0,0,0,0,0,0
964.81,254.04,376,227.8,0,6.01,0,0,0,0,0,0,0
966.68,210.49,304.12,182.87,0,0,0,0,0,0,0,0,0
968.55,144.85,200.48,149.83,0,0,0,0,0,0,0,0,0
970.43,97.11,127.06,84.04,0,0,0,0,0,0,0,0,0
972.3,51.94,120.88,94.15,0,0,0,0,0,0,0,0,0
974.16,77.11,111.38,128.95,0,0,0,0,0,0,0,0,0
976.03,54.25,122.89,168.44,0,0,0,0,0,0,0,0,0
977.9,93.79,104.08,177.27,0,0,0,0,0,0,0,0,0
979.76,99.01,127.95,151.8,0,0,0,0,0,0,0,0,0
981.63,140.86,154.73,174.9,0,0,0,0,0,0,0,0,0
983.49,93.45,176.29,153.46,0,0,0,0,0,0,0,0,0
985.36,88.95,129.77,172.61,0,0,0,0,0,0,0,0,0
987.22,95.69,90.81,119.66,0,0,0,0,0,0,0,0,0
989.08,115,72.09,103.63,0,0,0,0,0,0,0,0,0
990.94,90.22,91.28,72.18,0,0,0,0,0,0,0,0,0
992.8,90.24,115.27,98.52,0,0,0,0,0,0,0,0,0
994.66,86.4,150.05,123.01,0,0,4.9,0,0,0,0,0,0
996.51,89.68,181.97,154.96,8.83,6.05,4.9,0,0,0,0,0,0
998.37,76.21,169.12,177.5,30.71,6.05,4.9,0,0,0,0,0,0
1000.22,81.21,156.08,164.84,30.71,6.05,33.07,0,0,0,0,0,0
1002.08,63.25,90.71,103.01,21.88,0,33.77,0,0,0,0,0,0
1003.93,28.11,51.28,35.44,0,0,49.9,0,0,0,0,0,0
1005.78,0,0,0,0,0,16.83,0,0,0,0,0,0
1007.63,0,0,0,0,0,16.13,0,0,0,0,0,0
1009.48,0,0,0,0,0,0,0,0,0,0,0,0
1011.33,0,0,0,0,0,0,0,0,0,0,0,0
1013.18,0,0,0,0,0,0,0,0,0,0,0,0
1015.03,0,0,0,0,0,0,0,0,0,0,0,0
1016.87,0,0,0,0,0,0,0,0,0,0,0,0
1018.72,0,0,0,0,0,0,0,0,0,0,0,0
1020.56,0,0,0,0,0,0,0,0,0,0,0,0
1022.4,0,0,0,0,0,0,0,0,0,0,0,0
1024.24,0,0,0,0,0,0,0,0,0,0,0,0
1026.08,0,0,0,0,0,0,0,0,0,0,0,0
1027.92,0,0,0,0,0,0,0,0,0,0,0,0
1029.76,0,0,0,0,0,0,0,0,0,0,0,0
1031.6,0,0,0,0,0,0,0,0,0,0,0,0
1033.44,0,0,0,0,0,0,0,0,0,0,0,0
1035.27,0,0,0,0,0,0,0,0,0,0,0,0
1037.11,0,0,0,0,0,0,0,0,0,0,0,0
1038.94,0,0,0,0,0,0,0,0,0,0,0,0
1040.77,0,0,0,0,0,0,0,0,0,0,0,0
1042.6,0,0,0,0,0,0,0,0,0,0,0,0
1044.43,0,0,0,0,0,0,0,0,1.59,0,0,0
1046.26,0,0,0,0,0,0,4.68,0,16.26,3.02,10.75,0
1048.09,0,0,0,0,0,0,4.68,0,23.48,3.02,10.75,0
1049.92,0,0,0,0,0,0,18.57,0,21.89,3.02,10.75,0
1051.75,0,0,0,0,0,0,13.88,0,7.22,0,0,0
1053.57,0,0,0,0,0,0,13.88,0,0,0,0,0
1055.4,0,0,0,0,0,0,0,0,0,0,12.12,0
1057.22,0,0,0,0,0,0,0,0,0,0,24.93,27.55
1059.04,0,0,0,0,0,0,0,0,0,22.82,24.93,47.58
1060.86,0,0,0,0,0,0,4.54,0,0,43.51,40.91,61.78
1062.68,0,0,0,0,0,0,4.54,0,0,83.3,28.11,34.23
1064.5,0,0,0,0,0,0,4.54,0,0,60.47,28.11,14.19
1066.32,0,0,0,0,0,0,0,0,0,39.79,0,0
1068.14,0,0,0,0,0,0,0,0,0,0,0,0
1069.96,0,0,0,0,0,0,0,0,0,0,0,0
1071.77,0,0,0,0,0,0,0,0,0,0,0,0
1073.58,0,0,0,0,0,0,0,0,0,0,0,0
1075.4,0,0,0,0,0,0,0,0,0,0,0,0
1077.21,0,0,0,0,0,0,0,0,0,0,0,0
1079.02,0,0,0,0,0,0,0,0,0,0,0,0
1080.83,0,0,0,0,0,0,0,0,0,0,0,0
1082.64,0,0,0,0,0,0,0,0,0,0,0,0
1084.45,0,0,0,0,0,0,0,0,0,0,0,0
1086.26,0,0,0,0,0,0,0,0,0,0,0,0
1088.06,0,0,0,0,0,0,0,0,0,0,0,0
1089.87,0,0,0,0,0,0,0,0,0,0,0,0
1091.67,0,0,0,0,0,0,0,0,0,0,0,0
1093.48,0,0,0,0,0,0,0,0,0,0,0,0
1095.28,0,0,0,0,0,0,0,0,0,0,0,0
1097.08,0,0,0,0,0,0,0,0,0,0,0,0
1098.88,0,0,0,0,0,0,0,0,0,0,0,0
1100.68,0,0,0,0,0,0,0,0,0,0,0,0
1102.48,0,0,0,0,0,0,0,0,0,0,0,0
1104.27,0,0,0,0,0,0,0,0,0,0,0,0
1106.07,0,0,0,0,0,0,0,0,0,0,0,0
1107.86,0,0,0,0,0,0,0,0,0,0,0,0
1109.66,0,0,0,0,0,0,0,0,0,0,0,0
1111.45,0,0,0,0,0,0,0,0,0,0,0,0
1113.24,0,0,0,0,0,0,0,0,0,0,0,0
1115.03,0,0,0,0,0,0,0,0,0,0,0,0
1116.82,0,0,0,0,0,0,0,0,0,0,0,0
1118.61,0,0,0,0,0,0,0,0,0,0,0,0
1120.4,0,0,0,0,0,0,0,0,0,0,0,0
1122.19,0,0,0,0,0,0,0,0,0,0,0,0
1123.97,0,0,0,0,0,0,0,0,0,0,0,0
1125.76,0,0,0,0,0,0,0,0,0,0,0,0
1127.54,0,0,0,0,0,0,0,0,0,25.63,2.68,4.11
1129.33,0,0,0,0,0,0,0,0,19.3,42.17,38.26,61.13
1131.11,0,0,0,0,0,0,0,0,19.3,59.76,64.86,133.2
1132.89,0,0,0,0,5.97,0,0,0,45.53,58.45,69.83,153.54
1134.67,0,0,0,0,41.33,0,0,20.5,26.22,41.91,69.3,133.06
1136.45,0,0,0,0,41.33,0,0,35.84,35.6,38.62,42.7,73.09
1138.23,0,0,0,0,35.37,23.74,0,66.17,26.03,44.61,56.3,82.75
1140,0,0,0,2.73,19.35,55.85,10.06,61,38,88.96,52.85,95.68
1141.78,0,0,0.02,94.87,46.04,82.58,23.09,77.91,59.83,109.97,62.72,125.36
1143.55,0,11.11,0.02,175.35,59.98,58.84,23.09,60.36,63.52,106.49,60.85,109.54
1145.33,0,28.12,11.5,281.69,55.42,34.16,22.09,49.23,51.55,85.4,32.04,60.06
1147.1,0,62.04,37.33,321.24,50.09,7.43,9.05,17.96,44.53,50.1,22.18,18.29
1148.87,6.89,80,59.81,381.36,46.31,7.43,9.05,17.22,32.7,23.27,2.8,0
1150.64,8.53,112.04,88.57,395.91,31.52,0,0,13.02,32.7,0,0,0
1152.41,20.85,78.37,123.63,389.47,11.86,0,0,12.03,8.52,0,0,0
1154.18,33.74,112.22,144.21,324.92,1.69,0,0,0,0,0,0,0
1155.95,45.59,108.36,158.42,230.36,1.69,0,0,0,0,0,0,0
1157.72,43.29,172.69,124.82,105.11,0,0,0,0,0,0,0,0
1159.48,23.51,135.21,126.74,29.07,0,0,0,0,0,0,0,0
1161.25,13.8,107.47,80.41,0,0,0,0,0,0,0,0,0
1163.01,3.79,65.7,94.37,0,0,0,0,0,0,0,0,0
1164.77,54.23,47.45,108.19,0,0,0,0,0,0,0,0,0
1166.53,50.44,70.49,118.98,0,0,0,0,0,0,0,0,0
1168.3,102.86,125.95,99.18,0,0,0,0,0,0,0,0,0
1170.06,67.42,157.15,97.8,0,0,0,0,0,0,0,0,0
1171.81,67.42,181.32,139.05,0,0,0,0,0,0,0,0,0
1173.57,61.02,125.23,185.71,0,0,0,0,0,0,0,0,0
1175.33,56.25,154.12,153.01,0,0,0,0,0,0,0,0,0
1177.08,75.17,136.3,103.62,0,0,0,0,0,0,0,0,0
1178.84,29.15,126.01,57.08,0,0,0,0,0,0,0,0,0
1180.59,25.4,77.58,32.37,0,0,0,0,0,0,0,0,0
1182.34,6.48,30.74,21.61,0,0,0,0,0,0,0,0,0
1184.1,6.48,18.85,0,0,0,0,0,0,0,0,0,0
1185.85,0,0,0,0,0,0,0,0,0,0,0,0
1187.6,0,0,0,0,0,0,0,0,0,0,0,0
1189.35,0,0,0,0,0,0,0,0,0,0,0,0
1191.09,0,0,0,0,0,0,0,0,0,0,0,0
1192.84,0,0,0,0,0,0,0,0,0,0,0,0
1194.58,0,0,0,0,0,0,0,0,0,0,0,0
1196.33,0,0,0,0,0,0,0,0,0,0,0,0
1198.07,0,0,0,0,0,0,0,0,0,0,0,0
1199.82,0,0,0,0,0,0,0,0,0,0,0,0
1201.56,0,0,13.87,0,0,0,0,0,0,0,0,0
1203.3,0,0,25.55,0,0,0,0,0,0,0,0,0
1205.04,0,0,31.17,0,0,0,0,0,0,0,0,0
1206.78,0,0,17.29,0,0,0,0,0,0,0,0,0
1208.51,0,0,7.88,0,0,0,0,0,0,0,0,0
1210.25,0,16.54,19.78,0,0,0,0,0,0,0,0,0
1211.98,0,16.54,19.78,0,0,0,0,0,0,0,0,0
1213.72,0,50.62,26.19,25.42,6.69,0,0,0,0,0,0,0
1215.45,0,41.13,11.8,64.35,6.69,0,0,0,0,0,0,0
1217.18,0,66.07,17.97,111.39,6.69,0,0,0,0,0,0,0
1218.92,0,88.09,56.77,136.39,0,0,0,0,0,0,0,0
1220.65,0,117.32,104.1,200.29,0,3.11,0,0,0,0,0,0
1222.38,17.79,135.41,133.96,264.44,0,3.11,0,0,0,0,0,0
1224.1,17.79,130.15,121.81,330.93,23.94,3.11,0,0,0,0,0,0
1225.83,33.93,136.09,134.86,316.33,42.16,0.68,0,0,0,0,0,0
1227.56,82.78,93.05,150.89,309.74,85.05,0.68,0,0,0,0,0,0
1229.28,99.62,42.22,176.23,255.5,100.02,14.37,0,0,0,0,0,0
1231.01,94.54,35.88,179.34,252.4,147.13,102.11,0,0,0,0,0,0
1232.73,64.44,47.82,178.76,251.98,178.92,214.86,0,0,14.65,0,0,0
1234.45,103.99,84.52,186.83,289.57,233.73,298.98,29.06,3.44,77.61,0,0,0
1236.17,165.74,82.69,174.1,353.07,305.78,351.67,51.37,42.81,143.47,25.65,0,26.44
1237.9,175.69,127.73,209.58,419.48,402.07,406.27,107.17,107.01,229.82,90.53,46.42,41.8
1239.61,158.95,176.42,223.38,494.25,524.71,513.55,193.21,224.41,262.47,144.44,104.87,140.88
1241.33,133.97,237.21,260.27,522.81,561.81,548.3,280.66,296.89,307.21,192.42,185.36,162.26
1243.05,170.98,254.98,263.15,547.72,585.27,593.07,359.42,327.35,332.6,222.7,216.94,241.6
1244.77,202.96,270.4,257.34,556.32,619.08,653.2,381.48,330.45,373.28,293.61,268.49,231.58
1246.48,238.81,274.36,278.07,552.49,689.46,707.24,402.4,366.41,440.83,387.04,311.22,316.41
1248.2,213.09,328.08,286.57,551.46,744.98,766.74,431.41,425.78,477.13,441.88,367.03,349.97
1249.91,226.13,314.24,316.16,526.23,707.62,736.04,469.83,467.91,486.52,438.12,383.58,395.62
1251.62,259.49,334.71,305.74,572.02,693.62,783.7,517.22,515.35,481.87,417.99,400.09,423.56
1253.33,345.38,321.73,328.85,589.38,724.52,771.26,547.46,535.64,484.42,417.39,393.12,455.69
1255.04,376.92,350.73,355.62,652.43,777.12,835.19,564.01,542.24,507.28,438.41,412.78,495.78
1256.75,408.11,387.05,404.71,644.17,797.4,817.8,577.54,507.82,493.11,447.73,423.07,494.83
1258.46,430.06,425.47,419.24,652.04,746.47,839.21,540.14,490.8,471.02,475.46,462.44,499.96
1260.17,428.33,457.54,454.41,622.27,713.57,779.64,494.04,496.43,494.57,480.48,467.43,471.05
1261.87,436.03,472.38,420.68,605.63,700.46,774.2,480.36,502.81,528.87,492.58,526.5,494.89
1263.58,433.71,464.54,418.61,615.67,704.04,756.13,551.32,552.16,617.48,541.31,578.87,523.69
1265.28,443.82,482.13,415.3,657.52,692.42,782.51,628.69,570.26,640.5,628.11,647.98,633.23
1266.99,441.24,463.04,430.64,679.06,673.16,770.59,695.7,647.66,692.49,709.88,700.72,682.07
1268.69,432.21,490.5,430.86,677.84,713.13,772.58,752.56,707.26,759.35,801.5,782.31,753.43
1270.39,441.38,447.83,387.29,704.53,771.35,768.82,848.95,805.05,843.06,892.31,911.09,782.31
1272.09,450.43,435.04,386.26,762.79,806.48,840.63,907.19,904.03,941.63,1012.97,1025.39,898.04
1273.79,440.57,381.02,368,797.53,800.4,845.91,945.52,953.77,1003.95,1054.37,1082.09,962.51
1275.49,407.37,385.66,361.4,817.95,813.68,904.88,988.15,1030.8,1061.91,1121.74,1125.43,1056.61
1277.18,347.7,413.51,383.34,814.29,852.54,962.76,1035.97,1025.37,1098.39,1151.29,1134.61,1075.9
1278.88,334.25,426.56,391.49,842.54,908.31,1022.55,1035.98,1035.79,1089.74,1170.03,1180.99,1070.38
1280.57,402.22,436.06,395.4,871.58,909.21,1041.15,1006.4,979.62,1084.16,1162.51,1178.44,1062.93
1282.27,428.85,444.88,368.98,932.99,905.46,1004.76,1000.12,1019.1,1048.89,1157.95,1153.52,1057.45
1283.96,443.24,472.79,390.98,922.53,870.18,1003.85,1009.26,1041.98,1068.03,1182.8,1130,1078.37
1285.65,385.06,509.48,416.75,913.87,903.03,973.4,1016.81,1103.95,1050.25,1183.4,1116.57,1090.04
1287.34,353.76,447.38,432.41,904.12,902.12,916.53,1028.21,1053.11,1005.66,1150.85,1109.65,1086.89
1289.03,338.66,429.83,424.27,917.61,914.12,914.24,997.81,1035.8,980.6,1127.48,1116.58,1087.6
1290.72,396.78,385.15,456.01,954.69,861.04,943.2,995.92,992.34,1006.73,1172.97,1134.37,1077.83
1292.41,484.66,434.92,489.85,974.9,928.42,1029.95,1011.12,1028.29,1116.94,1269.86,1255.23,1181.13
1294.1,529.97,449.45,514.8,1036.91,1001.26,1087.85,1113.06,1103.33,1176.9,1397.17,1385.5,1289.84
1295.78,540.71,451.08,491.51,1050.73,1051.24,1113.87,1146.41,1148.11,1194.6,1429.55,1458.18,1384.29
1297.47,548.77,442.71,485.88,1027.57,1016.57,1085.59,1132.73,1157.2,1153.27,1388.56,1380.49,1310.37
1299.15,530.16,383.66,451.24,1007.09,952.59,953.33,1030.01,1081.25,1069.57,1255.2,1220.1,1197.08
1300.84,513.75,373.49,425.14,993.87,928.85,876.64,982.82,993.49,1029.07,1111.36,1093.89,1060.65
1302.52,484.67,315.32,361.04,1017.67,871.13,798.65,898.93,936.37,978.2,1004.15,1021.98,991.51
1304.2,441.57,290.8,319.59,994.15,846.1,786.35,883.33,887.88,957.63,939.57,946.03,898
1305.88,397.13,255.28,272.8,909,793.43,746.4,825.7,900.36,952.02,910.29,913.05,846.46
1307.56,346.12,210.52,267.78,777.98,708.88,662.92,776.82,826.25,886.83,839.08,845.8,776.66
1309.24,325.54,172.21,247.53,626.76,549.47,550.58,695.01,728.22,777.05,760.29,775.97,754.93
1310.91,274.51,137.44,246.16,525.79,389.63,419.81,621.72,630.71,655.46,711.68,654.99,687.06
1312.59,209.8,112,174.11,416.51,276.15,324.07,536.39,533.83,545.83,651.03,563.63,614.81
1314.26,164.52,100.99,146.83,316.7,231.47,254.13,488.15,493.37,548.28,645.12,538.69,549.31
1315.94,144.34,85.76,92.66,228.02,197.92,172.66,438.31,437.65,488.48,580.62,516.15,492.55
1317.61,148.38,71.75,63.69,202.59,178.28,141.76,436.65,432.45,486.86,580.64,556.46,487.64
1319.28,105.95,47.17,25.6,157.4,129.21,111.44,428.86,431.1,421.1,550.85,540.63,487.25
1320.95,58.8,12.12,1.13,93.52,77.94,76.72,421.8,431.5,425.42,581.13,549.2,488.27
1322.62,5.57,0,1.13,16.36,32.52,27.11,436.37,442.2,433.69,627.71,515.07,508.24
1324.29,13.67,0,0,0,1.96,21.08,454.02,451.3,467.72,611.7,553.35,521.3
1325.96,13.67,0,0,0,9.2,39.95,462.3,442.04,431.7,612.65,551.92,521.32
1327.63,13.67,0,0,0,9.2,39.95,442.76,413.96,441.21,558.45,531.68,513.85
1329.29,0,0,0,0,9.2,25.76,391.74,370.41,382.57,568.43,493.63,496.24
1330.96,0,0,0,0,0,6.9,332.46,333.93,356.33,543.83,468.98,463.03
1332.62,0,0,0,0,0,6.9,298.15,303.41,309.4,523.85,432.62,371.12
1334.28,0,0,0,0,0,2.89,269.46,269.86,285.76,488.17,413.23,349.51
1335.95,0,0,0,0,0,2.89,243.18,245.05,312.86,428.57,373.58,326.3
1337.61,0,0,0,0,0,2.89,215.19,243.87,301.59,386.26,337.22,337.05
1339.27,0,0,0,0,0,0,221.95,240.76,316.06,355.69,248.27,278.55
1340.92,0,0,0,0,25.26,36.25,233,234.28,320.83,353.41,239.61,293
1342.58,0,0,0,0,63.6,89.27,234.9,232.65,305.12,332.99,275.14,297.98
1344.24,0,0,0,0,99.39,112.13,228.53,280.76,310.14,373.98,326.41,336.36
1345.89,0,0,0,0,104.41,97.27,236.58,314.28,304.24,385.03,357.75,360.14
1347.55,0,0,0,0,66.07,69.11,286.91,322.76,344.3,473.72,364.05,383.22
1349.2,0,0,0,0,50.13,46.25,299.21,324.87,390.98,458.7,367.98,388.6
1350.86,0,0,0,0,22.77,24.86,329.02,319.17,423.19,444.53,348.76,378.16
1352.51,0,0,0,0,22.77,0,310.46,328.75,397.02,394.66,350.83,342.34
1354.16,0,0,0,0,2.92,0,344.3,309.74,353.58,356.86,336.98,305.94
1355.81,0,0,0,2.34,0,0,330.32,285.92,291.67,340.91,295.97,249.71
1357.46,0,0,0,2.34,0,0,279.97,223.05,249.04,282.59,244.93,230.78
1359.1,0,0,0,2.34,0,0,216.69,176.26,216.16,221.01,195.96,221.25
1360.75,0,0,0,0,0,0,157.92,132.97,137.12,194.61,175.5,207.24
1362.4,0,0,0,0,0,0,121,136.88,124.6,157.06,126.56,167.08
1364.04,0,0,0,0,0,0,92.49,93.51,81.14,141.91,105.02,116.66
1365.68,0,0,0,0,0,0,62.93,63.78,98.31,90.06,83.45,59.86
1367.33,0,0,0,0,0,0,58.88,48.22,103,92.73,72.05,72.58
1368.97,0,0,0,0,0,0,67.12,93.29,152.97,95.36,61.95,97.59
1370.61,0,0,0,0,0,0,97.65,150.65,188.91,92.27,65.14,116.23
1372.25,0,0,0,0,0,0,168.14,179.97,187.46,123.15,98.62,110.49
1373.89,0,0,0,0,0,0,187.48,217.13,162.53,152.88,114.28,129.26
1375.53,0,0,0,0,0,0,221.54,204.69,163.67,196.35,121.02,157.44
1377.16,0,0,0,0,0,0,215.35,196.99,180.21,191.88,122.82,182.03
1378.8,0,0,0,0,0,0,192.55,123.69,152.48,157.15,122.36,144.68
1380.43,0,0,0,0,0,0,136.26,134.57,150.59,116.61,141.41,139.85
1382.07,0,0,0,0,0,0,82.48,107.63,152.55,75.91,96.98,82.86
1383.7,0,0,0,0,0,0,59.33,116.31,182.47,55.84,65.17,85.5
1385.33,0,0,0,0,0,0,78.57,109.05,193.12,59.17,41.76,86.54
1386.96,0,0,0,0,0,0,102.21,132.86,205.16,107.57,89.76,93.31
1388.59,0,0,0,0,0,0,143.8,170.96,272.5,147.26,126.04,111.71
1390.22,0,0,0,0,0,0,158.24,185.57,287.01,154.79,147.51,113.95
1391.85,0,0,0,0,0,0,149.63,178.13,279.81,114.96,114.26,123.49
1393.47,0,0,0,0,0,0,117.53,152.2,209.45,79.63,110.19,81.87
1395.1,0,0,0,0,0,0,77.82,122.67,153.15,52.04,55.71,55.65
1396.72,0,0,0,0,0,0,39.32,80.27,86.58,23.85,38.21,31.49
1398.35,0,0,0,0,0,0,10.18,61.65,55.19,8.81,0,22.36
1399.97,0,0,0,0,0,0,1.72,46.53,49.97,1.46,0,3.24
1401.59,0,0,0,0,0,0,7.02,46.53,62.15,0,0,0
1403.21,0,0,0,0,0,0,5.29,22.68,43.84,0,0,0
1404.83,0,0,0,0,0,0,5.29,0,18.79,0,0,0
1406.45,0,0,0,0,0,0,0,0,1.6,0,0,0
1408.07,0,0,0,0,0,0,0,0,0,0,0,0
1409.68,0,0,0,0,0,0,0,0,0,0,0,0
1411.3,0,0,0,0,0,0,0,0,0,0,0,0
1412.91,0,0,0,0,0,0,0,0,0,0,0,0
1414.53,0,0,0,0,0,0,0,0,0,0,0,0
1416.14,0,0,0,0,0,0,0,0,0,0,0,0
1417.75,0,0,0,0,0,0,0,0,0,0,0,0
1419.36,0,0,0,0,0,0,0,0,0,0,0,0
1420.97,0,0,0,0,0,0,0,0,0,0,0,0
1422.58,0,0,0,0,0,0,0,0,0,0,0,0
1424.19,0,0,0,0,0,0,0,0,0,0,0,0
1425.79,0,0,0,0,0,0,0,0,0,0,0,0
1427.4,0,0,0,0,0,0,0,0,0,0,0,0
1429,0,0,0,0,0,0,0,0,0,0,0,0
1430.6,0,0,0,0,0,0,0,0,0,0,0,0
1432.21,0,0,0,0,0,0,0,0,0,0,0,0
1433.81,0,0,0,0,0,0,0,0,0,0,0,0
1435.41,0,0,0,0,0,0,20.47,8.33,31.6,2.97,0,28.92
1437.01,0,0,0,0,0,0,34.15,37.95,73.12,42.93,42.31,60.83
1438.61,0,0,0,0,0,0,50.19,64.98,120.68,118.99,101.35,146.18
1440.2,0,0,0,0,0,0,77.14,121.45,171.71,179.55,207.5,213.08
1441.8,0,0,0,0,0,0,91.91,154.08,169.9,243.28,269.46,287.81
1443.4,0,0,0,0,0,0,132.63,199.99,227.36,282.3,288.37,312.83
1444.99,0,0,0,0,0,0,148.18,220.73,245.66,327.82,287.11,295.01
1446.58,0,0,0,0,0,0,209.56,244.3,309.46,336.84,327.69,287.7
1448.18,0,0,0,0,1.82,0,232.99,250.26,281.97,329.26,369.33,294.45
1449.77,2.51,0,0,4.63,1.82,47.35,280.47,248.6,252.21,366.4,390.7,331.26
1451.36,26.97,0,0,11.24,20.49,115.9,303.34,299.67,249.83,387.6,381.45,348.45
1452.95,83.42,0,11.89,81.88,77.49,195.69,331.81,363.67,295.05,427.08,429.49,410.6
1454.53,110.72,8.22,13.64,177.3,129.15,242.42,321.34,425.72,374.66,437.96,441.58,460.8
1456.12,88.76,41.27,56.59,267.83,155.69,305.92,342.58,427.16,424.32,499.56,461.4,525.06
1457.71,87.12,89.08,63.13,311.69,198.9,403.75,347.77,408.54,447.26,548.77,478.83,558.92
1459.29,79.79,110.46,109.64,337.56,270.44,444.25,414.56,418.52,476.13,609.93,548.87,601.07
1460.88,151.76,130.81,106.12,419.76,381.97,476.08,448.95,447.78,498.94,631.03,638.18,652.83
1462.46,152.05,111.15,142.25,471.96,412.83,459.24,515.28,525.64,550.02,691.75,696.45,694.53
1464.04,189.31,125.8,158.36,557.16,441.68,496.73,570.22,577.1,591.37,741.41,748.65,758.18
1465.62,167.43,156.32,194,597.25,477.09,551.44,624.31,653.06,672.22,809.24,793.69,810.66
1467.2,177.2,187.82,177.61,657.67,500.82,584.14,696.01,675.62,732.67,854.01,841.01,817.41
1468.78,195.6,243.29,182.53,719.09,561.21,636.17,709.65,694.12,751.05,863.4,881.6,853.44
1470.36,218.98,229.41,186.43,759.18,552.25,646.53,715.55,659.89,747.04,836.06,854.14,847.75
1471.94,210.45,223.96,230.41,809.04,636.74,654,724.84,684.37,733.41,768.11,857.73,874.45
1473.52,200.99,209.92,253.14,779.35,650.33,590.9,708.83,669.9,748.16,755.55,815.03,813.86
1475.09,158.29,207.98,230.96,749.43,640.68,498.25,677.54,639.8,691.28,736.7,774.4,751.66
1476.67,122.67,229.45,243.86,675.95,559.8,469.69,614.97,572.76,620.46,719.58,695.14,668.84
1478.24,63.8,206.35,246.52,603.57,475.03,392.57,518.1,493.76,479.01,617.51,624.28,605.74
1479.81,67.79,197.11,243.7,505.42,430.46,353.33,415.73,438.24,402.38,500.94,545.57,532.14
1481.38,77.87,172.62,218.96,409.7,342.66,210.2,291.73,353.78,350.47,415.75,435.25,460.93
1482.95,89.58,174.44,180.2,313.98,233.18,154.39,219.66,278.24,311.48,348.17,331.2,368.31
1484.52,52.3,133.57,175.07,203.58,154.69,57.33,166.86,173.97,213.1,293.87,228.76,288.64
1486.09,46.94,134.67,199.24,121.18,149.86,51.5,108,95.97,105.98,220.5,159.26,193.91
1487.66,64.01,137.19,204.5,71.88,127.45,23.43,57.6,39.1,52.24,142.52,78.14,119.23
1489.22,64.01,181.47,218.51,50.83,76.95,23.43,15.72,19.67,33.7,79.59,37.61,55.37
1490.79,76.23,196.82,188.26,25.44,9.37,0,0,0,19.95,36.71,2.46,15.86
1492.35,37.65,191.26,172.42,0,0,0,0,0,0,19.63,0,0
1493.92,67.57,176.56,151.11,0,0,0,0,0,0,15.18,0,0
1495.48,53.14,162.61,149.88,0,0,0,0,0,0,0,0,0
1497.04,105.11,171.18,191.5,0,0,0,0,0,0,0,0,0
1498.6,110.94,229.51,241.2,12.7,0,0,0,0,0,0,0,0
1500.16,127.41,284.46,296.2,32.27,0,0,0,0,0,0,0,0
1501.72,182.17,305.39,374.17,121.85,0,0,0,0,0,0,0,0
1503.27,220.57,299.96,406.77,192.44,12.18,0,0,0,0,0,0,0
1504.83,294.48,326.38,415.55,285.91,16.49,0,0,0,0,0,0,0
1506.38,340.25,344.99,424.19,308.58,26.07,0,0,0,0,0,0,0
1507.94,401.42,371.34,479.57,402.02,53.99,0,0,0,0,0,0,0
1509.49,441.44,404.22,546.8,557,142.77,0,0,0,0,0,0,0
1511.04,476.65,455.28,570.88,694.18,206.76,10.99,0,0,0,0,0,0
1512.59,522.82,536.98,619.93,796.68,286.38,10.99,0,0,0,0,0,0
1514.14,550.73,604.76,657.04,792.27,322.76,48.16,0,0,0,0,0,0
1515.69,565.16,679.05,739.34,843.06,404.01,72.78,0,0,0,0,0,0
1517.24,626.65,775.75,794.05,866.28,466.67,121.12,0,0,0,0,0,0
1518.79,711.88,815.86,882.16,944.59,484.42,162.92,0,4.01,18.6,0,0,0
1520.34,750.3,831.82,903.12,951.77,513.37,208.92,0.23,4.01,20.12,0,0,0
1521.88,803.89,861.64,960.92,936.48,520.84,321.79,42.59,21.5,33.45,0,7.95,0
1523.42,837.89,936.52,1015.8,886.62,590.07,380.07,49.86,17.49,36.14,33.84,9.65,0
1524.97,918.29,1029.15,1060.41,856.84,580.71,492.44,59.49,17.49,48.52,45.83,26.13,0
1526.51,968.53,1066.29,1049.2,851.27,586.54,510.34,24.94,16.13,49.71,45.83,18.46,0
1528.05,1027.84,1104.83,1100.39,775.11,564.79,593.98,37.41,20.28,61.26,12,17.15,0
1529.59,1088.33,1163.22,1171.09,718.82,565.23,626.49,49.7,25.56,65.63,0,43,14.93
1531.13,1141.88,1218.69,1275.86,628.94,538.75,638.42,61.35,16.07,69.69,17.23,42.73,14.93
1532.67,1182.72,1261.44,1284.25,590.71,491.91,627.65,74.25,22.83,68.67,33.57,48.87,20.8
1534.2,1221.19,1271.15,1287.92,537.45,482.03,578.84,52.1,17.56,50.41,33.57,22.6,6.96
1535.74,1240.16,1267.71,1267.11,489.05,466.67,561.23,35.73,27.71,51.45,16.35,22.6,6.96
1537.28,1280.08,1237.22,1244.25,438.96,440.62,516.59,3.08,16.8,19.63,0,16.06,1.09
1538.81,1317.62,1242.69,1256.01,419.5,408.53,501.58,10.85,16.8,39.34,0,0,0
1540.34,1337.89,1258.56,1271.5,410.46,408.51,502.98,7.77,0,19.71,0,0,0
1541.88,1346.23,1287.83,1309.71,424.84,429.24,515.13,7.77,23.37,37.08,0,0,0
1543.41,1365.73,1320.6,1341.1,408.74,453.49,553.8,4.09,58.18,39.48,26.62,5.07,4.61
1544.94,1432.63,1349.78,1383.22,455.05,474.47,563.88,4.68,93.22,53.11,26.62,5.07,25.29
1546.47,1457.82,1393.24,1449.29,478.99,516.09,588.25,38.67,103.02,71.46,52,31.46,46.27
1547.99,1479.28,1450.65,1487.64,524.24,617,598.59,70.85,106.06,112.72,66.34,90.28,77.18
1549.52,1487.58,1541.9,1545.82,550.34,706.09,647.78,162.17,127.91,158.45,108.21,137.02,116.57
1551.05,1510.83,1597.44,1575.96,624.4,736.81,684.27,187.73,154.67,175.09,120.95,152.58,179.88
1552.57,1575.02,1643.59,1637.04,680.1,712.83,680.72,222.54,184.68,162.98,135.6,136.72,202.1
1554.1,1596.83,1706.7,1667.06,724.76,728.46,727.12,206.94,232.6,188.12,164.52,165.44,203.25
1555.62,1663.8,1767.64,1709.26,758.27,812.95,798.05,231.13,258.32,196.06,172.57,185.64,170.53
1557.14,1657.28,1832.41,1760.28,813.63,897.28,927.15,261.79,247.51,216.8,185.77,218.65,181.96
1558.66,1664.7,1772.14,1798.59,839.96,938.9,932.55,259.7,184.95,181.78,159.55,194.91,173.3
1560.18,1634.06,1750.14,1788.84,853.91,935.14,920.23,208.18,156.63,165.68,138.58,167.42,166.23
1561.7,1662.59,1679.31,1768.25,830.71,927.22,876.1,147.47,164.1,160.71,99.42,118.07,158.63
1563.22,1655.94,1670.99,1749.5,813.02,897.82,916.81,114.89,163.38,140.87,91.07,96.86,132.51
1564.74,1666.91,1648.27,1753.35,825.3,894.7,940.81,129.88,135.57,133.27,93.64,100.56,122.29
1566.25,1586.93,1644.94,1722.26,832.97,853.98,973.87,94.56,71.03,79.03,85.23,68.87,69.44
1567.77,1562.78,1597.45,1680.99,877.16,825.1,976.78,52.93,38.37,49.38,51.62,59.08,64.72
1569.28,1520.67,1572.34,1679.78,846.75,810.95,963.08,8.77,32.06,27.96,30.05,20.72,30.43
1570.79,1496.4,1546.4,1646.05,851.85,791.97,977.56,3.05,41.95,15.17,8.81,20.72,21.71
1572.31,1468.4,1579.73,1624.94,855.9,819.6,979.33,19.69,53.68,49.32,14.28,22,0
1573.82,1459.22,1539.89,1569.65,911.46,825.74,1031.6,47.69,37.54,67.39,12.22,31.32,24.43
1575.33,1480.2,1513.54,1559.52,953.87,874.72,1024.04,74.82,51.19,99.08,20.77,31.32,38.22
1576.84,1464.34,1470.36,1563.21,964.44,916.87,1045.32,70.41,69.63,88.08,43.99,30.67,71.05
1578.34,1438.86,1430.22,1523.29,944.42,928.41,1035.66,43.68,62.57,56.43,39.84,22.04,46.62
1579.85,1355.87,1408.25,1454.52,942.56,920.11,1007.5,16.54,39.03,24.74,31.3,22.04,32.83
1581.36,1324.26,1374.65,1385.46,937.77,896.54,977.74,4.32,0,1.6,0,0.7,0
1582.86,1289.8,1381.22,1363.89,906.15,887.47,948.81,0,0,0,14.58,1.69,0
1584.37,1313.95,1344.05,1370.92,818.14,863.67,964.82,0,0,0,14.58,1.69,0
1585.87,1311.24,1352.37,1414.44,772.96,893.04,969.34,16.21,0,8.61,32.84,29.59,18.21
1587.37,1329.36,1373.85,1409.11,772.29,925.24,979.35,61.09,8.8,41.93,59.87,77.75,72.05
1588.87,1301.52,1394.71,1434.82,761.01,967.16,952.08,67.11,30.8,49.07,107.95,132.66,104.32
1590.37,1239.28,1348.16,1359.13,699.01,924.02,905.76,71.72,30.8,42.09,131.91,152.41,100.15
1591.87,1163.63,1318.88,1324.7,665.61,872.82,853.71,26.83,21.99,13.34,116.11,130.07,79.22
1593.37,1103.69,1252.31,1228.65,639.28,838.33,797.04,27.35,12.71,6.2,84,122.08,83.97
1594.86,1094.23,1193.23,1211.07,648.1,804,773.21,17.67,20.06,14.59,88.68,124.22,128.85
1596.36,1072.8,1119.18,1130.54,652.31,782.73,775.09,60.05,70.07,40.99,130.38,179.71,160.41
1597.86,1068.42,1101.51,1134.71,686.24,783.83,818.68,119.05,141.93,139.47,222.43,232.21,226.98
1599.35,1054.41,1057.54,1089.24,695.22,761.98,844.32,202.06,195.79,170.56,290.49,306.39,267.24
1600.84,1016.87,1007.06,1087.93,682.35,781.95,814.13,245.52,238.1,188.77,333.02,327.37,291.95
1602.33,997.48,979.39,1032.09,680.99,742.41,795.09,297.77,262.54,201.76,311,322.8,290.13
1603.83,977.79,955.42,985.29,701.33,728.25,784.09,281.7,287.32,269.43,302.66,295.58,301.98
1605.32,955.36,944.71,945.41,680.62,736.35,813.03,323.18,326.32,345.33,315.56,306.93,353.73
1606.8,888.96,872.7,870.56,694.61,709.5,813.34,292.01,289,336.9,331.47,322.62,344.16
1608.29,789.15,785.28,826.96,602.87,670.91,758.59,227.4,243.58,257.04,279.95,273.22,297.49
1609.78,684.82,652.68,746.18,536.96,578.47,672.99,106.25,112.61,143.63,189.55,181.27,190.61
1611.27,584.73,528.32,660.64,380.64,463.96,563.66,19.63,40.93,40.58,87.65,70.72,98.41
1612.75,502.01,431,505.14,301.03,383.15,455.36,6.18,0.36,11.67,32.54,23.37,34.06
1614.23,423.77,363.49,403.11,177.58,250.49,385.55,0,0,0,0,0,0
1615.72,371.99,305.79,342.88,105.94,226.65,332.22,0,0,0,0,0,0
1617.2,296.58,280.45,327.68,82.01,178.18,302.27,0,0,0,0,0,0
1618.68,269.86,250.8,324.51,127.12,190.08,234.68,0,0,0,0,0,0
1620.16,230.61,242.96,272.14,157.04,169.12,202.91,4.09,13.7,22.09,23.06,7.03,11.55
1621.64,229.05,226.81,243.13,107.34,155.2,189.5,22.02,38.97,27.73,43.34,21.22,42.94
1623.12,186.74,158.57,165.69,41.85,104.53,165.69,46.36,44.04,27.73,43.34,21.22,45.06
1624.59,160.45,97.36,135.95,11.1,76.23,156.58,42.28,46.55,5.64,40.8,23.46,50.03
1626.07,90.28,24.81,70.13,11.1,33.02,91.2,24.34,21.27,0,20.52,9.27,18.64
1627.54,47.13,18.35,31.48,11.1,22.17,65.49,0,16.2,0,20.52,9.27,16.52
1629.02,0,0,0,0,0,28.58,0,0,0,0,0,0
1630.49,0,0,0,0,0,28.58,0,0,0,0,0,0
1631.96,0,0,0,0,0,21.44,0,0,0,0,0,0
1633.43,0,0,0,0,0,19.73,0,0,0,0,0,0
1634.9,0,0,0,0,0,19.73,0,0,0,0,0,0
1636.37,0,0,0,0,0,19.73,0,0,0,0,0,0
1637.84,0,0,0,0,0,0,0,0,0,0,0,0
1639.31,0,0,0,0,0,0,0,0,0,0,0,0
1640.77,0,0,0,0,0,0,0,0,0,0,0,0
1642.24,0,0,0,0,0,0,0,0,0,0,0,0
1643.7,0,0,0,0,0,0,0,0,0,0,0,0
1645.17,0,0,0,0,0,0,0,0,0,0,0,0
1646.63,0,0,0,0,0,0,0,0,0,0,0,0
1648.09,0,0,0,0,0,0,0,0,0,0,0,0
1649.55,0,0,0,0,0,0,0,0,0,0,0,0
1651.01,0,0,0,0,0,0,0,0,0,0,0,0
1652.46,0,0,0,0,0,0,0,0,0,0,0,0
1653.92,0,0,0,0,0,0,0,0,0,0,0,0
1655.38,0,0,0,0,0,0,0,0,0,0,0,0
1656.83,0,0,0,0,0,0,0,0,0,0,0,0
1658.29,0,0,0,0,0,0,0,0,0,0,0,0
1659.74,0,0,0,0,0,0,0,0,0,0,0,0
1661.19,0,0,0,0,0,0,0,0,0,0,0,0
1662.64,0,0,0,0,0,0,0,0,0,0,0,0
1664.09,0,0,0,0,0,0,0,0,0,0,0,0
1665.54,0,0,0,0,0,0,0,0,0,0,0,0
1666.99,0,0,0,0,0,0,0,0,0,0,0,0
1668.44,0,0,0,0,0,0,0,0,0,0,0,0
1669.88,0,0,0,0,0,0,0,0,0,0,0,0
1671.33,0,0,0,0,0,0,0,0,0,0,0,0
1672.77,0,0,0,0,0,0,0,0,0,0,0,0
1674.21,0,0,0,0,0,0,0,0,0,0,0,0
1675.66,0,0,0,0,0,0,0,0,0,0,0,0
1677.1,0,0,0,0,0,0,0,0,0,0,0,0
1678.54,0,0,0,0,0,0,0,0,0,0,0,0
1679.97,0,0,0,0,0,0,0,0,0,0,0,0
1681.41,0,0,0,0,0,0,0,0,0,0,0,0
1682.85,0,0,0,0,0,0,0,0,0,0,0,0
1684.29,0,0,0,0,0,0,0,0,0,0,0,0
1685.72,0,0,0,0,0,0,0,0,0,0,0,0
1687.15,0,0,0,0,0,0,0,0,0,0,0,0
1688.59,0,0,0,0,0,0,0,0,0,0,0,0
1690.02,0,0,0,0,0,0,0,0,0,0,0,0
1691.45,0,0,0,0,0,0,0,0,0,0,0,0
1692.88,0,0,0,0,0,0,0,0,0,0,0,0
1694.31,0,0,0,0,0,0,0,0,0,0,0,0
1695.74,0,0,0,0,0,0,0,0,0,0,0,0
1697.16,0,0,0,0,0,0,0,0,0,0,0,0
1698.59,0,0,0,0,0,0,0,0,0,0,0,0
1700.01,0,0,0,0,0,0,0,0,0,0,0,0
1701.44,0,0,0,0,0,0,0,0,0,0,0,0
1702.86,0,0,0,0,0,0,0,0,0,0,0,0
1704.28,0,0,0,0,0,0,0,0,0,0,0,0
1705.7,0,0,0,0,0,0,0,0,0,0,0,0
1707.12,0,0,0,0,0,0,0,0,0,0,0,0
1708.54,0,0,0,0,0,0,0,0,0,0,0,0
1709.96,0,0,0,0,0,0,0,0,0,0,0,0
1711.38,0,0,0,0,0,0,0,0,0,0,0,0
1712.79,0,0,0,0,0,0,0,0,0,0,0,0
1714.21,0,0,0,0,0,0,0,0,0,0,0,0
1715.62,0,0,0,0,0,0,0,0,0,0,0,0
1717.04,0,0,0,0,0,0,0,0,0,0,0,0
1718.45,0,0,0,0,0,0,0,0,0,0,0,0
1719.86,0,0,0,0,0,0,0,0,0,0,0,0
1721.27,0,0,0,0,0,0,0,0,0,0,0,0
1722.68,0,0,0,0,0,0,0,0,0,0,0,0
1724.08,0,0,0,0,0,0,0,0,0,0,0,0
1725.49,0,0,0,0,0,0,0,0,0,0,0,0
1726.9,0,0,0,0,0,0,0,0,0,0,0,0
1728.3,0,0,0,0,0,0,0,0,0,0,0,0
1729.71,0,0,0,0,0,0,0,0,0,0,0,0
1731.11,0,0,0,0,0,0,0,0,0,0,0,0
1732.51,0,0,0,0,0,0,0,0,0,0,0,0
1733.91,0,0,0,0,0,0,0,0,0,0,0,0
1735.31,0,0,0,0,0,0,0,0,0,0,0,0
1736.71,0,0,0,0,0,0,0,0,0,0,0,0
1738.11,0,0,0,0,0,0,0,0,0,0,0,0
1739.51,0,0,0,0,0,0,0,0,0,0,0,0
1740.9,0,0,0,0,0,0,0,0,0,0,0,0
1742.3,0,0,0,0,0,0,0,0,0,0,0,0
1743.69,0,0,0,0,0,0,0,0,0,0,0,0
1745.08,0,0,0,0,0,0,0,0,0,0,0,0
1746.48,0,0,0,0,0,0,0,0,0,0,0,0
1747.87,0,0,0,0,0,0,0,0,0,0,0,0
1749.26,0,0,0,0,0,0,0,0,0,0,0,0
1750.65,0,0,0,0,0,0,0,0,0,0,0,0
1752.03,0,0,0,0,0,0,0,0,0,0,0,0
1753.42,0,0,0,0,0,0,0,0,0,0,0,0
1754.81,0,0,0,0,0,0,0,0,0,0,0,0
1756.19,0,0,0,0,0,0,0,0,0,0,0,0
1757.58,0,0,0,0,0,0,0,0,0,0,0,0
1758.96,0,0,0,0,0,0,0,0,0,0,0,0
1760.34,0,0,0,0,0,0,0,0,0,0,0,0
1761.72,0,0,0,0,0,0,0,0,0,0,0,0
1763.1,0,0,0,0,0,0,0,0,0,0,0,0
1764.48,0,0,0,0,0,0,0,0,0,0,0,0
1765.86,0,0,0,0,0,0,0,0,0,0,0,0
1767.24,0,0,0,0,0,0,0,0,0,0,0,0
1768.61,0,0,0,0,0,0,0,0,0,0,0,0
1769.99,0,0,0,0,0,0,0,0,0,0,0,0
1771.36,0,0,0,0,0,0,0,0,0,0,0,0
1772.73,0,0,0,0,0,0,0,0,0,0,0,0
1774.1,0,0,0,0,0,0,0,0,0,0,0,0
1775.48,0,0,0,0,0,0,0,0,0,0,0,0
1776.85,0,0,0,0,0,0,0,0,0,0,0,0
1778.21,0,0,0,0,0,0,14.96,14.56,0,0,0,0
1779.58,0,0,0,0,0,0,14.96,14.56,0,0,0,0
1780.95,0,0,0,0,0,0,14.96,14.56,0,0,0,0
1782.32,0,0,0,0,0,0,0,0,0,0,0,0
1783.68,0,0,0,0,0,0,0,0,0,0,0,0
1785.04,0,0,0,0,0,0,0,0,0,0,0,0
1786.41,0,0,0,0,0,0,0,0,0,0,0,0
1787.77,0,0,0,0,0,0,0,0,0,0,0,0
1789.13,0,0,0,0,0,0,0,0,0,0,0,0
1790.49,0,0,0,0,0,0,0,0,0,0,0,0
1791.85,0,0,0,0,0,0,0,0,0,0,0,0
1793.21,0,0,0,0,0,0,0,0,0,0,0,0
1794.57,0,0,0,0,0,0,0,0,0,0,0,0
1795.92,0,0,0,0,0,0,16.19,0,0,0,0,0
1797.28,0,0,0,0,0,0,49.31,33.53,9.07,1.39,4.99,16.04
1798.63,0,0,0,0,0,0,71.68,45.03,16.47,32.22,28.03,29.81
1799.98,0,0,0,0,0,0,59.84,53.58,32.62,41.93,32.21,38.72
1801.34,0,0,0,0,0,0,45.95,47.2,32.99,63.32,33.07,53.59
1802.69,0,0,0,0,0,0,52.99,63.41,47.96,52.62,42.18,54.04
1804.04,0,0,0,0,0,0,54.86,80.79,60.1,67.07,55.1,71.98
1805.39,0,0,0,0,0,0,41.1,66.21,61.95,44.56,71.39,41.06
1806.73,0,0,0,0,0,0,26.84,39.46,46.63,36.18,45.16,38.84
1808.08,0,0,0,0,0,0,20.61,15.09,36.35,12.02,29.28,12
1809.43,0,0,0,0,0,0,15.14,2.52,25.06,11.77,7.15,12
1810.77,0,0,0,0,0,0,0,1.56,18.01,0,1.23,0
1812.12,0,0,0,0,0,0,0,0,0,0,0,0
1813.46,0,0,0,0,0,0,0,0,0,0,0,0
1814.8,0,0,0,0,0,0,0,0,0,0,0,0
1816.14,0,0,0,0,0,0,0,0,0,0,0,0
1817.48,0,0,0,0,0,0,7.67,1.31,8.03,17.87,0,2.63
1818.82,0,0,0,6.66,8.54,0,29.36,25.7,33.85,46.89,19.95,36.36
1820.16,0,0,0,6.66,8.54,0,29.36,25.7,33.85,51.02,25.29,36.36
1821.5,0,0,0,19.53,8.54,0,29.9,24.39,37.03,57.6,43.22,43.76
1822.83,0,0,0,12.88,0,0,18.03,4.04,33.15,65.75,56.2,49.08
1824.17,0,0,0,12.88,0,7.22,39.11,27.73,47.11,96.48,80.42,79.43
1825.5,0,0,0,0,0,9.82,44.32,49.16,60.31,119.01,105.11,97.79
1826.83,0,0,0,11.4,0,9.82,54.02,48.71,52.33,111.66,115.26,100.29
1828.17,0,0,0,25.51,0,2.6,63.75,39.97,61.39,104.34,107.77,115.8
1829.5,0,0,0,34.21,0.62,0.5,67.63,53.04,58.27,86.48,107.41,117.12
1830.83,0,0,0,22.81,2.06,0.5,72.44,54.36,81.42,80.86,95.29,96.34
1832.16,0,0,0,14.07,2.06,3.19,68.17,46.29,83.82,71.14,103.08,82.8
1833.49,0,0,0,16.99,9.17,2.69,50.87,19.91,63.6,65.44,96.22,80.61
1834.81,0,0,0,16.99,7.73,2.69,26.54,14.99,26.5,41.23,82.37,68.1
1836.14,0,0,0,11.61,7.73,0,0,8.12,1.07,44.79,55.1,35.78
1837.46,0,0,0,0,0,0,0,0,0,21.38,25.07,9.42
1838.79,0,0,0,0,0,0,0,0,0,22.7,12.05,16.4
1840.11,5.21,25.52,0,0,0,0.41,9.1,6.47,0.03,23.62,26.82,38.57
1841.43,5.21,25.59,0,0,0,0.41,20.57,6.47,2.22,59.98,45.5,63.58
1842.75,19.57,30.16,4.51,1.77,2.13,5.6,55.38,24.8,24.21,110.04,98.07,93.5
1844.07,14.36,21.76,17.92,32.19,18.01,12.64,85.53,47.47,42.07,130.55,112.11,121.54
1845.39,34.49,53.57,52.4,67.44,34.82,25.2,129.26,90.31,89.18,162.29,156.37,154.81
1846.71,20.13,53.35,52.17,84.16,62.18,20.02,115.69,99.61,77.32,138.05,108.99,149.09
1848.03,20.13,36.21,38.77,67.52,68.52,20.9,101.82,98.6,59.44,151.14,110.61,131.72
1849.34,18.55,36.27,28.83,60.52,65.84,23.76,59.98,81.96,40.32,121.25,110.57,138.02
1850.66,19.12,31.96,52.54,76.16,36.36,42.69,65.5,68.68,54.9,126.02,144.22,128.67
1851.97,34.11,55.5,86.38,89.44,38.65,71.84,82.71,81.1,96.91,127.14,179.53,151.32
1853.29,78.46,61.13,95.7,102.02,41.25,77.65,119.29,115.55,121.55,167.93,191.52,172.98
1854.6,101.8,76.07,100.66,93.57,41.95,69.1,123.9,149.69,140.56,198.06,202.85,204.64
1855.91,135.88,118.07,103.37,99.53,65.96,72.31,162.97,174.97,161.38,227.63,210.63,225.09
1857.22,104.83,118.6,98.95,98.35,55.17,72.04,150.97,137.84,150.79,221.1,180.97,185.44
1858.53,122.86,143.2,106.93,100.91,99.8,108.2,170.43,139.84,156.67,258.68,201.76,189.9
1859.84,116.86,114.77,82.22,74.43,77.74,128.34,133.25,115.54,127.25,240.59,191.23,160.36
1861.15,113.05,123.85,92.69,90.81,130.87,150.66,138.66,128.82,126.75,237.4,196.58,178.72
1862.45,95.99,112.01,77.25,108.93,110.09,136.74,118.2,120.9,110.72,184.32,184.05,159.52
1863.76,101.12,147.68,97.99,173.22,143.18,124.68,123.65,140.56,104.27,190.12,196.07,195.55
1865.06,125.66,151.08,100.14,177.26,125.34,105.7,132.58,145.7,102.3,168.71,202.54,186.69
1866.36,146.95,187.56,135.7,204.7,150.59,96.13,170.63,166.63,133.47,204.4,231.79,212.27
1867.67,151.42,178.21,164.44,202.65,176.37,115.09,190.93,187.15,162.89,230.98,241.93,233.75
1868.97,171.18,194.48,180.81,213.23,200.11,149.35,206.26,248.36,187.66,290.89,281.4,261.89
1870.27,171.25,196.38,178.81,215.42,222.16,180.58,216.27,264.92,186.47,292.13,296.54,270.69
1871.57,211.83,215.45,197.99,218.8,213.73,169.99,231.2,271.06,199.19,285.58,292.23,274.05
1872.87,194.7,207.13,196.12,225.12,209.26,170.03,246.48,226.89,224.93,288.04,293.59,285.41
1874.16,208.87,212.44,203.88,227.74,196.76,168.37,223.44,204.07,213.7,284.15,286.94,278.76
1875.46,185,199.03,189.27,214.96,166.89,169.34,203.09,171.61,204.16,268.92,269.28,266.11
1876.75,213.86,230.34,224.72,213.25,174.43,178.71,191.21,200.62,185.09,248.13,252.07,270.56
1878.05,209.9,221.16,227.34,215.05,194.81,182.93,200.9,221.87,192.93,262.89,238.74,278.9
1879.34,206.12,237.81,230.14,233.68,223.05,186.34,200.84,213.02,185.69,260.2,271.3,269.79
1880.63,208.18,241.3,210.79,232.81,226.47,171.25,180.01,168.42,161.69,272.05,263.06,270.22
1881.93,250.86,253.73,223.38,249.55,213.52,178.13,173.53,151.84,184.71,287.89,263.83,280.99
1883.22,256.94,255.54,252.37,247.35,205.63,192.07,168.19,189.72,203.87,288.5,272.02,281.52
1884.51,238.86,236.53,239.86,247.98,191.6,201.52,173.08,201.17,204.27,259.32,271.44,253.26
1885.79,233.39,245.11,248.63,235.89,201.85,214.59,191.99,177.31,166.69,226.13,257.17,255.33
1887.08,241.54,224.64,219.35,240.07,195.39,187.28,190.58,134.13,137.8,242.26,225.23,232.06
1888.37,268.31,226.11,231.01,264.85,202.21,193.26,196.19,136.3,124.93,238.71,229.28,257.44
1889.65,265.13,229.63,226.74,270.36,222.1,193.3,208.59,162.94,141.86,257.25,245.09,251.92
1890.94,266.57,231.08,228.4,282.8,215.95,207.96,199,187.92,160.81,247.45,257.9,281.39
1892.22,262.4,265.91,262.45,269.28,224.85,219.67,210.54,207.36,198.22,278.75,265.13,281.3
1893.5,244.28,271.45,253.56,259.49,186.48,211.11,192.87,201.6,195.09,284.8,254.8,296.3
1894.78,240.55,295.71,279.04,257.73,190.84,227.28,208.99,202.63,205.43,293.95,260.23,311.73
1896.06,234.65,284.79,269.36,267.8,208.04,237.28,219.02,193.89,187.01,299.97,250.86,302.36
1897.34,257.8,263.57,279.73,264.91,233.96,224.33,211.5,174.94,173.38,286.75,258.93,290.1
1898.62,281.34,267.73,272.81,261.4,240.94,242.11,216.77,179.46,165.21,269.96,242.09,275.92
1899.9,289.59,270.93,272.61,242.59,230.31,242.28,213.49,202.76,190.17,260.92,238.35,287.18
1901.18,300.67,293.61,287.9,283.6,229.18,297.27,237.12,253.3,205.37,267.43,248.81,288.64
1902.45,277.02,293.89,286.12,261.87,236.66,287.21,217.09,233.52,208.92,288.91,261.25,273.09
1903.72,273.53,296.64,300.5,262.96,256.3,264.3,202.29,213.97,209.71,294.92,275.9,248.4
1905,247.09,302.77,276.59,234.75,288.33,248.79,183.28,197.54,207.95,302.02,263.97,226.47
1906.27,280.8,301.04,283.83,264.02,296.85,251.43,198.17,220.01,197.77,287.99,273.91,221.41
1907.54,278.78,280.9,249,271.55,248.32,267.67,197.39,189.16,161.26,255.94,245.83,216.33
1908.81,275.13,287.46,262.21,281.11,246.5,243.3,182.74,168.76,175.22,236.63,239.18,231.01
1910.08,273.97,299.83,264.91,290.81,268.5,263.08,194.66,175.93,180.08,252.86,216.06,252.22
1911.35,277.29,304.34,285.09,271.99,306.67,276.35,174.46,195.33,193.17,253.29,216.47,254.97
1912.62,284.33,298.54,273.3,242.86,286.21,261.66,164.39,190.18,170.72,245.8,211.63,221.13
1913.88,271.51,280.89,266,218.21,251.25,234.8,154.88,165.6,159.5,226.51,244.33,201.83
1915.15,278.84,289.7,245.84,247.7,253.77,232.75,166.93,156.24,146.85,225.08,272.89,206.73
1916.41,296.32,304.32,253.17,261.99,263.78,257.19,182.21,173.45,151.77,224.51,284.98,239.15
1917.68,315.5,315.63,272.52,289.31,274.5,271.01,179.27,177.45,168.47,234.68,263.5,254.33
1918.94,299.17,318.08,276.36,264.77,268.71,242.97,178.89,155.67,165.08,234.39,248.54,242.71
1920.2,288.75,298.77,266.44,236.13,233.85,248.86,167.18,117.56,151.36,231.73,233.22,214.72
1921.46,258.26,287.04,246.12,198.74,242.91,236.68,147.81,92.13,107.32,203.71,202.54,166.38
1922.72,267.13,280.33,266.48,225.71,244.68,255.2,143.88,118.81,112.73,227.76,178.27,162.45
1923.98,282.7,278.97,285.88,243.03,261.82,254.75,160.74,134.27,122.59,234.23,172.09,178.93
1925.24,302.41,290.74,313.42,255.48,259.11,242.45,170.49,164.3,157.02,243.89,197.1,212.94
1926.49,304.26,292.31,303.09,239.06,251.55,233.96,167.46,169.22,159.68,216.73,213.3,205.15
1927.75,298.58,305.67,297.56,243.1,233.8,225.61,149.33,170.69,151.23,206.44,213.03,203.88
1929,280.15,313.6,280.62,258.04,233.64,248.52,143.53,150.17,164.13,205.77,202.06,194.24
1930.26,251.53,294.99,276.14,254.11,236.96,238.57,141.95,132.54,161.92,198.96,186.28,202.46
1931.51,255.04,313.17,294.8,293.31,254.75,249.09,168.59,151.8,204.27,188.66,219.02,212.54
1932.76,252.14,289.59,270.37,246.41,248.46,226.86,158.9,162.4,173.3,181,216.73,212.58
1934.01,286.03,329.13,264.73,268.96,257.32,211.77,164.1,172.89,174.22,198.85,227.96,223.82
1935.26,274.17,294.23,257.01,247.42,248.76,203.6,150.63,145.71,117.15,192.67,203.16,203.68
1936.51,276.55,306.57,273.52,279.77,270.78,227.34,161.5,144.53,132.74,198.12,193.66,200.51
1937.76,274.5,287.8,281.94,248.02,230.05,255.66,160.36,131.02,117.34,191.52,179.78,184.31
1939,262.92,279.15,270.16,219.06,204.8,244.78,141.77,124.39,137.84,200.78,165.76,167.95
1940.25,265.25,273.39,267.61,217.99,182.12,223.81,143.85,128.1,119.34,178.66,166.04,148.23
1941.49,244.15,254.53,259.3,213.82,226.36,223.75,139.26,137.81,149.51,157.16,181.27,144.47
1942.74,249.29,246.9,248.56,228.2,229.51,222.27,153.67,173.85,155.34,145.29,177.47,152
1943.98,264.22,249.71,256.94,230.37,225.8,227.92,168.62,177.45,194.74,179.94,198.19,189.06
1945.22,280.83,246.52,267.33,239.54,187.11,215.25,187.69,181.82,189.58,198.65,204.31,193.85
1946.46,279.79,250,277.74,218.71,188.1,217.94,178.19,168.63,201.2,222.76,223.5,197.71
1947.7,258.09,236.82,262.82,192.55,202.78,187.3,165.8,169.21,178.6,209.94,222.43,181.31
1948.94,233.18,230.41,250.68,170.5,212.59,174.47,166.63,183.02,173.89,207.63,204.87,192.75
1950.18,220.07,226.77,243.67,178.89,219.87,188.42,179.01,179.37,153.07,199.16,183.83,184.38
1951.41,208.85,236.36,237.55,180.5,170.05,217.28,160.71,161.39,144.25,184.98,145.74,186.96
1952.65,202.3,226.94,243.77,190.78,162.91,228.15,109.52,125.52,135.54,163.2,133.06,161.62
1953.88,195.32,219.74,210.55,161.6,138.01,181.92,90.99,102.31,102.5,136.37,112.33,149.89
1955.12,185.23,198.08,187.89,140.64,124.68,144.92,69.45,82.42,85.46,106.16,110.22,110.79
1956.35,188.15,195.42,154.24,136.35,120.7,122.27,76.01,72.64,71.19,101.68,105.85,114.09
1957.58,175.85,193.53,162.36,130.48,120.18,105.74,47.12,51.41,62.15,79.37,105.32,90.56
1958.81,164.89,175.63,156.82,129.95,129,75.55,32.44,30.62,35.87,56.12,79.52,67.44
1960.04,147.38,170.16,143.05,113.84,101.94,86.81,11.39,8.58,5.15,16.65,61.23,33.82
1961.27,131.64,155.46,131.06,107.51,79.34,97.52,0,3.77,1.47,1.11,29.89,20.04
1962.5,127.46,148.97,141.63,102.05,62.96,121.8,0,0.06,0,13.48,26.06,21.22
1963.72,127.51,139.35,153.08,83.13,47.15,106.3,14.1,12.15,16.84,34.87,21.52,25.68
1964.95,116.88,101.06,163.86,65.87,46.02,77.47,14.1,13.65,17.95,41.22,21.52,24.92
1966.17,104.48,95.63,147.86,54.82,35.45,56.2,19.67,13.59,17.95,27.74,13.4,19.6
1967.4,101.52,76.97,136.29,61.19,58.66,57.04,13.59,1.51,1.11,6.35,0,0
1968.62,101.78,86.85,106.28,52.77,50.76,74.77,13.59,0,0,0,0,0
1969.84,82.25,74.26,89.48,31.68,65.09,80.39,8.02,0,0,0,0,0
1971.06,57.61,61.21,77.56,13.33,37.31,46.57,0,0,0,0,0,0
1972.28,69.29,63.14,74.3,41.63,56.21,51.74,0,0,7.83,0,3.54,0
1973.5,78.41,80.49,70.81,52.56,62.21,53.02,0,0,14.99,0,3.54,0
1974.72,101.19,98.82,88.63,73.93,65.54,95.64,0,9.88,14.99,0,3.54,0
1975.94,96.29,88.12,77.45,43.94,55.21,69.71,0,9.88,15.32,0,0,0
1977.15,79.72,62.07,62.25,33.93,33.21,55.65,0,9.88,8.16,0,0,0
1978.37,48.35,33.55,30.6,3.78,34.1,7.54,0,0,8.16,0,0,0
1979.58,27.09,19.72,17.49,3.78,19.56,7.54,0,0,0,0,0,0
1980.79,20.76,0.77,17.91,2.86,12.43,0,0,0,0,0,0,0
1982,11.67,0,7.28,0,7.97,0,0,0,0,0,0,0
1983.22,10.81,0,7.28,0,7.97,0,0,0,0,0,0,0
1984.43,10.81,0,0,0,7.97,0,0,0,0,0,0,0
1985.63,10.81,0,0,0,0,0,0,0,0,0,0,0
1986.84,0,0,0,0,0,0,0,0,0,0,0,0
1988.05,0,0,0,0,0,0,0,0,0,0,0,0
1989.25,0,0,0,0,0,0,0,0,0,0,0,0
1990.46,0,0,0,0,0,0,0,0,0,0,0,0
1991.66,0,0,0,0,0,0,0,0,0,0,0,0
1992.87,0,0,0,0,0,0,0,0,0,0,0,0
1994.07,0,0,0,0,0,0,0,0,0,0,0,0
1995.27,0,0,0,0,0,0,0,0,0,0,0,0
1996.47,0,0,0,0,0,0,0,0,0,0,0,0
1997.67,0,0,0,0,0,0,0,0,0,0,0,0
1998.86,0,0,0,0,0,0,0,0,0,0,0,0
2000.06,0,0,0,0,0,0,0,0,0,0,0,0
2001.26,0,0,0,0,0,0,0,0,0,0,0,0
2002.45,0,0,0,0,0,0,0,0,0,0,0,0
2003.65,0,0,0,0,0,0,0,0,0,0,0,0
2004.84,0,0,0,0,0,0,0,0,0,0,0,0
2006.03,0,0,0,0,0,0,0,0,0,0,0,0
2007.22,0,0,0,0,0,0,0,0,0,0,0,0
2008.41,0,0,0,0,0,0,0,0,0,0,0,0
