wavenumber,PMMA10ppm-1,PMMA10ppm-2,PMMA10ppm-3,PMMA50ppm-1,PMMA50ppm-2,PMMA50ppm-3,PMMA100ppm-1,PMMA100ppm-2,PMMA100ppm-3,PMMA200ppm-1,PMMA200ppm-2,PMMA200ppm-3
376.82,85.96,96.64,91.87,265.04,316.06,245.28,1226.14,764.07,804.58,376.88,383.76,396.2
378.98,78.01,86.8,84.33,247.52,256.83,246.14,1223.45,771.29,739.18,370.3,393.83,395.36
381.15,74.04,91.92,76.77,251.6,235.2,264.93,1209.84,787.5,718.13,381.31,387.5,396.77
383.32,63.37,96.35,76.17,247.56,257.46,258.95,1226.34,778.39,717.08,383.18,385.73,420.41
385.48,59.88,81.96,74.43,257.63,273.17,272.1,1198.85,767.83,753.93,396.16,358.75,413.5
387.64,58.14,67.65,76.76,262.71,296.88,263.92,1220.91,733.71,739.58,412.12,371.11,424.59
389.8,70.36,71.31,79.05,307.01,309.17,299.98,1185.09,751.26,726.56,433.96,374.7,428.25
391.96,55.33,72.71,68.76,322.32,300.12,312.39,1156.15,740.26,684.66,415.79,393.64,415.57
394.12,64.82,77.3,81.98,349.4,323.2,340.25,1090.88,753.81,663.33,384.06,397.69,399.67
396.28,48.27,60.85,84.51,339.39,334.18,313.36,1038.05,692.35,655.33,356.87,408.64,372.67
398.44,81.91,79.26,100.55,346.48,363.95,319.92,1028.88,664.45,625.57,354.45,398.72,382.13
400.6,63.85,55.3,80.23,309.81,331.95,305.06,999.14,579.89,605.15,307.91,379.36,332.14
402.75,73.54,62.42,75.99,303.82,318.3,308.88,961.29,552.09,555.51,300.37,345.68,288.5
404.91,54.97,51.62,77.83,287.5,305.33,316.06,900.65,469.41,510.32,255.48,319.01,240.19
407.06,47.37,48.79,82.63,281.74,269.26,287.47,821.78,401.72,468.47,266.82,277.92,224.46
409.21,37.62,41.48,72.95,251.45,235.99,250.02,728.23,302.59,406.85,225.26,235.61,178.51
411.36,28.96,15.25,45.36,215.83,200.07,193.93,628.55,242.89,321.34,196.36,190.99,117.23
413.51,36.48,25.54,47.95,191.33,198.94,169.96,576.53,237.08,239.06,149.57,172.15,102.42
415.66,33.86,19.36,44.07,157.63,176.28,163.8,538.49,204.49,188.34,118.89,128.11,90.06
417.81,24.88,28.14,41.49,131.49,153.52,166.22,500.55,159.23,166.63,91.77,76.42,77.6
419.96,13.86,36.23,19.21,121.26,130.34,149.22,425.7,97.3,123.25,57.86,17.71,29.46
422.11,3.97,32.95,15.9,104.6,119.74,125.8,367.27,49.85,65.67,25.78,0,6.99
424.25,7.23,22.68,8.75,86.85,98.05,95.96,282.6,30.34,23.51,4.96,0,0
426.4,3.95,3.48,25.71,43.34,88.27,97.36,238.36,0,0,0,0,0
428.54,5.32,0,20.37,51.07,48.65,69.36,188.87,0,0,0,0,0
430.68,2.93,19,20.37,54.16,37.48,57.05,173.91,0,0,0,0,0
432.82,15.9,21.44,0,54.71,30.44,43.54,127.25,0,0,0,0,0
434.97,14.53,21.44,5.55,23.31,38.51,39.29,114.8,0,0,0,0,0
437.11,12.97,2.44,5.55,6.13,29.4,23.73,63.35,0,0,0,0,0
439.24,0,0,5.55,1.65,8.07,0,37.84,0,0,0,0,0
441.38,0,0,0,1.65,0,0,0,0,0,0,0,0
443.52,0,0,0,0,0,0,0,0,0,0,0,0
445.65,0,0,0,0,0,0,0,0,0,0,0,0
447.79,12.76,14.13,1.86,0,0,0,0,0,0,0,0,0
449.92,12.76,14.13,1.86,0,0,0,0,0,0,0,0,0
452.05,12.76,14.13,1.86,0,0,0,0,0,0,0,0,0
454.19,0,0,0,0,0,0,0,0,0,0,0,0
456.32,0,0,0,0,0,0,0,0,0,0,0,0
458.45,0,0,0,0,0,0,0,0,0,0,0,0
460.57,0,0,0,0,0,0,0,0,0,0,0,0
462.7,0,0,0,0,0,0,0,0,0,0,0,0
464.83,0,0,0,0,0,0,0,0,0,0,0,0
466.95,0,0,0,0,0,0,0,0,0,0,0,0
469.08,0,0,0,0,0,0,0,0,0,0,0,0
471.2,0,0,0,0,0,0,0,0,0,0,0,0
473.32,4.44,2.22,0,0,0,0,0,0,0,0,0,0
475.45,4.44,2.22,0,0,0,0,0,0,0,0,0,0
477.57,9.53,2.22,0,0,0,0,0,0,0,0,0,0
479.69,15.51,0,7.5,0,5.71,0,0,0,0,0,0,0
481.8,15.51,0,7.67,0,5.71,0,0,0,0,0,0,0
483.92,10.41,0,12.27,0,5.71,0,0,0,0,0,0,0
486.04,0,0,4.77,0,0,0,0,0,0,0,0,0
488.15,0,0,4.6,0,0,0,0,0,0,0,0,0
490.27,0,0,0,0,0,0,0,0,0,0,0,0
492.38,0,1.45,2.92,0,3.76,0,0,0,0,0,0,0
494.49,0,2.42,2.92,0,3.76,0,0,0,0,0,0,0
496.61,0,2.42,2.92,0,3.76,0,0,0,0,0,0,0
498.72,0,0.97,0,0,0,0,0,0,0,0,0,0
500.83,3.48,1.69,0,0,0,1.88,0,0,0,0,0,0
502.93,3.48,1.69,0,0,0,1.88,0,0,0,0,0,0
505.04,3.48,1.69,0,0,0,1.88,0,0,0,0,0,0
507.15,0,0,0,0,0,0,0,0,0,0,0,0
509.25,0,0,0,0,0,0,0,0,0,0,0,0
511.36,0,0,0,0,0,0,0,0,0,0,0,0
513.46,0,0,0,0,0,0,0,0,0,0,0,0
515.56,0,0,0,0,0,0,0,0,0,0,0,0
517.66,0,0,0,0,0,0,0,0,0,0,0,0
519.76,0,0,0,0,0,0,0,0,0,0,0,0
521.86,0,0,0,0,0,0,0,0,0,0,0,0
523.96,0,0,0,0,0,0,0,0,0,0,0,0
526.06,0,0,0,0,0,0,0,0,0,0,0,0
528.16,0,0,0,0,0,0,0,0,0,0,0,0
530.25,0,0,0,0,0,0,0,0,0,0,0,0
532.35,0,0,0,0,0,0,0,0,0,0,0,0
534.44,0,0,0,0,0,0,0,0,0,0,0,0
536.53,0,0,0,0,0,0,0,0,0,0,0,0
538.62,0,0,0,0,0,0,0,0,0,0,0,0
540.71,0,0,0,0,0,0,0,0,0,0,0,0
542.8,0,0,0,0,0,0,0,0,0,0,0,0
544.89,0,4.82,0,5.18,0,0,0,0,0,0,0,0
546.98,0.59,4.82,0,5.18,2.45,25.79,0,0,0,0,0,0
549.06,0.59,4.82,0,8.06,15.83,40.84,0,0,0,0,0,0
551.15,0.59,0,0,17.35,21.79,58.48,0,0,0,0,0,0
553.23,0,0,0,17.35,35.97,32.7,0,0,0,0,0,0
555.32,0,0,0,24.98,26.89,17.64,0,0,0,0,0,0
557.4,0,0,0,10.51,20.93,11.87,0,0,0,0,0,0
559.48,0,0,0,10.51,4.29,13.5,0,0,0,0,0,0
561.56,0,0,0,0,0,13.5,0,0,0,0,0,0
563.64,0,0,0,15.96,0,4.38,0,0,0,0,0,0
565.72,0,0,0,16.63,0,4.23,0,0,0,0,0,0
567.8,0,0,0,16.63,0,4.23,0,0,0,0,0,0
569.87,0,0,0,1.62,0,4.21,0,0,0,0,0,0
571.95,0,0,0,0.94,0,2.74,0,0,0,0,0,0
574.02,0,0,0,0.94,0,7.04,0,0,0,0,0,0
576.09,0,0,0,0,1.11,4.3,0,0,0,0,0,0
578.17,0,0,2.65,0,1.11,4.3,0,0,0,0,0,0
580.24,0,0,2.65,0,1.11,0,0,0,0,0,0,0
582.31,0,0,3.1,0,0,0,0,0,0,0,0,0
584.38,0,0,0.45,0,0,0,0,0,0,0,0,0
586.45,0,0,0.45,0,0,0,0,0,0,0,0,0
588.51,0,0,0,0,0,0,0,0,0,3.21,0,0
590.58,0,0,5.11,11.27,0,1.81,0,0,0,31.62,21.45,38.74
592.64,3.76,4.28,5.11,11.27,10.17,1.81,0,0,0,111.11,53.37,81.57
594.71,9.59,24.67,5.11,38.5,28.63,19.95,8.64,0,29.35,195.78,120.07,126.47
596.77,28.15,49.15,5.38,41.08,48.72,50.24,17.9,11.93,29.35,265.61,181.11,179.7
598.83,24.4,51.43,14.18,74.55,71.93,77.98,32.13,21.54,34.38,273.73,222.43,206.88
600.89,18.57,35.82,14.18,53.51,68.54,60.66,23.49,21.54,19.2,270.58,253.81,232.8
602.95,7.31,33.3,22.96,57.88,64.23,59.08,18.97,15.48,23.14,267.82,253.6,208.44
605.01,7.31,26.73,14.17,38.43,34.45,31.34,4.74,5.87,18.1,209.23,220.57,175.27
607.07,24.82,36.85,33.58,44.4,26.41,60.03,4.74,5.87,19.68,146.71,175.93,131.83
609.13,20.63,16.41,20.77,26.18,14.45,37.81,0,8.9,26.69,75.25,126.36,86.12
611.18,20.63,19.43,21.96,14.41,15.69,71.47,0,8.9,26.69,67.63,126.31,84.93
613.24,7.08,13.29,2.55,11.4,12.67,54.52,0,8.9,10.96,71.42,109.99,96.13
615.29,3.97,11.77,1.19,20.39,14.06,52.32,0,0,7.06,47.6,87.74,82.41
617.35,3.97,11.27,0,18.31,19.65,18.66,0,0,7.06,26.19,47.59,66.53
619.4,0,2.52,0,9.18,23.55,6.11,0,0,13.45,0.21,10.45,30.28
621.45,1.06,11.13,5.4,2.04,26.41,18.04,0,0,6.39,0,0,31
623.5,1.06,8.61,5.4,1.85,16.01,18.04,0,0,6.39,0,0.34,11.78
625.55,1.06,8.61,5.4,1.85,11.04,18.04,0,10.88,16.58,0,0.34,11.96
627.6,0,0,0,0,2.95,0,0,10.88,29.49,0,8.26,11.11
629.64,0,0,7.28,0,2.95,0,22.51,18.29,47.6,6.86,7.92,11.67
631.69,0,3.1,7.28,7.87,0,0,22.51,49.69,66.34,31.4,28.05,15.3
633.73,5.43,3.55,14.8,25.53,0,1.02,80.45,84.95,79.07,53.03,40.12,10.55
635.78,5.43,3.55,7.52,25.53,0,1.02,80.76,88.23,67.02,50.01,62.4,13.66
637.82,16.95,4.37,32.5,42.28,14.23,26.75,160.71,93.61,104.08,73.06,82.06,43.18
639.86,14.58,3.92,27.51,32.89,19.78,40.13,129.07,81.88,153.03,80.3,94.24,62.89
641.9,23.84,13.3,43.93,63.45,32.63,73.2,163.23,131.92,213.41,126.27,106.49,105.34
643.94,30.79,28.97,35.59,60.68,47.88,59.2,131.3,167.51,211.02,124.76,101.27,120.31
645.98,27.73,45.24,43.68,69,71.89,53.95,167.5,217.88,218.73,115.33,82.45,130.35
648.02,18.46,35.86,39.87,38.44,59.04,23.13,150.16,250.35,216.88,76.63,66.72,89.48
650.06,10.6,20.73,36.05,26.15,29.55,14.96,135.18,206.81,203.7,54.24,38.28,55.9
652.09,10.6,13.26,27.22,9.57,0,5.8,105.22,151.94,161.18,52.14,43.81,34.96
654.13,13.8,13.26,24.05,9.57,0,16.92,86.95,126.4,158.66,42.68,39.64,43.32
656.16,13.02,26.54,30.98,15.66,23.35,22.8,98.81,142.63,160.91,33.29,38.22,51.77
658.2,13.02,17.75,34.34,15.66,23.35,30.4,83.46,180.97,166.27,27.98,43.55,52.95
660.23,9.82,17.75,31.92,15.66,23.35,17.03,69.03,142.86,174.85,26.32,30.73,50
662.26,0,11.89,12.17,0,1.31,20.74,77.5,148.97,182.32,12.03,26.03,54.57
664.29,0,11.89,14.4,9.47,1.31,13.14,106.44,135.19,195.23,11.85,22.15,64.56
666.32,12.13,14.05,17.84,9.47,18.96,32.68,140.95,180.96,203.36,33.05,32.47,53.37
668.34,21.42,21.84,20.47,22.58,17.65,25.67,136.81,174.39,191.82,33.05,54.17,28.85
670.37,21.42,21.84,13.09,13.11,21.74,25.67,119.02,169.15,196.95,21.21,33.84,5.56
672.4,10.68,19.68,2.63,13.11,4.09,6.13,99.81,150.47,171.63,0,21.7,5.56
674.42,1.6,0,2.59,0,10.36,7.95,92.95,186.79,163.65,6.45,0,0
676.45,4.3,0,11.35,0,6.28,9.14,87.11,204.1,150.33,13.66,0,0
678.47,14.76,18.66,20.61,0.5,30.94,14.21,98.51,200.3,165.56,35.94,5.18,0
680.49,14.55,18.66,18.01,0.5,24.67,6.25,56.14,148.72,166.02,29.5,5.18,0
682.51,11.85,18.66,9.26,0.5,24.67,5.07,53.46,144.81,144.48,22.29,5.18,0
684.53,12.62,14.16,8.73,7.67,16.88,21.38,58.58,161.34,110.71,28.15,12.37,11.21
686.55,25.49,19.92,8.73,17.94,35.05,25.07,94.61,177.76,115.5,53.46,24.68,22.31
688.57,25.49,19.92,8.73,17.94,35.05,25.07,99.32,178.84,112.95,53.46,24.68,22.31
690.58,19.36,11.5,0,17.51,29.33,14.45,102.94,163.81,108.96,25.31,12.31,17.74
692.6,6.48,5.85,0,7.24,11.17,12.93,66.9,157.56,99.09,1.96,0,6.64
694.61,11.34,5.85,0,7.24,11.17,12.93,84.55,128.2,80.1,1.96,1.97,6.64
696.63,6.07,0.11,0.07,0,0,2.17,61.11,93.39,70.67,1.96,1.97,0
698.64,6.07,19.89,5.17,0,17.67,4.72,96.45,93.58,46.9,2.65,3.62,5.18
700.65,17.79,35.81,10.29,21.69,31.04,13.84,97.7,126.45,53.14,2.65,1.65,5.18
702.66,35.73,46.98,29.6,45.95,45.67,22.91,134.53,155.2,97.27,9.29,7.5,5.18
704.67,41.11,38.18,40.12,67.43,47.54,18.19,139.26,155.17,132.62,9.36,16.57,0
706.68,24.53,22.26,34.99,62.79,46.61,12.36,114.9,124.7,152.53,9.36,16.57,0
708.69,10.34,24.45,26.83,63.91,33.79,9.97,98,126.68,112.88,29.39,10.72,0
710.69,13.14,13.36,11.22,42.43,16.3,10.58,82.78,99.99,93.91,39.41,0,0
712.7,31.1,19.43,34.47,25.38,23.01,11.39,95.46,107.19,101.49,39.41,0,0
714.7,26.15,12.93,24.29,15.14,21.21,4.71,70.94,99.17,114.85,17.38,0,0
716.71,18.82,18.26,41.46,15.14,19.17,15.51,97.66,135.71,133.77,23.56,0,0
718.71,0.86,18.08,18.21,15.14,0,15.4,78.5,145.36,159.81,23.56,0,0
720.71,7.38,13.57,17.17,7.2,20.41,29.55,91.69,150.68,172.84,23.82,17.8,10.55
722.71,6.52,20.39,10.31,21.49,38.94,22.76,92.23,135.67,186.89,4.9,17.8,10.55
724.71,24.04,22.86,39.51,43.98,53.35,43.3,165.12,172,222.93,61.42,57.12,35.2
726.71,36.58,40.45,57.6,60.47,64.89,44.61,178.81,214.44,246.42,86.41,64.44,47.74
728.71,56.19,37.47,59.61,58.72,63.55,50.69,186.95,255.33,225.36,90.98,81.04,68.59
730.7,47.16,40.82,50.29,59.97,59.52,36.77,175.45,286.23,175.64,43.71,55.45,56.88
732.7,28.1,22.73,32.2,38.43,39.05,23.06,176.18,228.68,111.81,13.83,49.07,47.71
734.69,23.85,27.51,26.64,25.89,29.8,25.56,154.15,196.36,90.88,19.31,41.23,33.09
736.69,36.04,21.08,6.77,8.01,27.31,31.84,142.24,133.83,73.73,10.06,39.48,39.9
738.68,39.59,28.74,13.08,6.9,15.83,30.9,138.46,123.4,73.36,10.06,20.74,30.8
740.67,26.33,14.79,12.52,14.78,14.22,19.06,112.48,126.1,82.44,0,11.98,24.58
742.66,5.65,17.79,20.27,8.93,15.17,3.76,80.4,103.69,70.41,0,13.98,4.83
744.65,9.38,16.55,13.95,11.25,15.67,2.97,47.44,100.73,82.84,0,13.98,0
746.64,7.28,16.55,7.75,12.12,9.35,1.6,37.06,88.66,69.49,0,13.98,0
748.63,10.98,11.65,16.84,19.16,2.06,0.74,7.06,81.04,71.93,5.9,0,0
750.61,3.69,14.85,16.84,15.8,13.22,3.94,29.6,83.88,71.15,5.9,17.71,0
752.6,6.23,20.76,27.22,14.55,34.29,22.92,49.82,58.05,93.71,11.86,19.39,23.15
754.58,13.95,17.39,10.38,7.51,45.99,34.72,66.35,78.12,112.83,5.96,20.83,33.36
756.57,16,12.69,16.28,15.13,47.92,43.07,53.04,93.75,142.18,25.64,9.76,55.05
758.55,18.16,14.88,5.91,12.54,31.39,37.98,60.3,120.95,97.94,19.68,27.23,31.9
760.53,26.31,38.19,37.35,40.62,20.87,52.88,83.92,122.48,95.53,50.75,59.37,53.59
762.51,24.26,49.49,39.64,39.14,20.79,41.33,71.32,136.14,90.24,38.64,72.94,38.06
764.49,26.63,54.56,46.94,52.76,16.24,35.12,58.86,118.24,120.89,38.64,59.94,51.48
766.47,21.67,45.96,21.67,45.71,31.93,15.25,43.07,131.02,147.72,23.3,43.61,50.37
768.45,21.67,38.69,21.07,45,23.96,15.25,86.97,116.15,158.23,47.29,36.6,63.26
770.42,30.7,48.09,30.46,45.62,36.89,15.03,131.88,122.61,173.75,68.38,56.92,92.48
772.4,24.62,46.71,38.08,69.8,39.48,14.38,163.7,146.64,190.16,96.91,64.46,103.58
774.37,52.67,55.1,41.14,89.75,56.84,40.51,185.97,223.12,222.37,115.89,88.77,129.12
776.34,52.93,46.38,40.08,90.26,58.42,49.86,195.49,304.5,274.47,124.41,96.63,123.88
778.32,58.07,47.88,36.58,55.32,46.22,65.42,198.91,271.78,245.47,100.16,80.04,121.19
780.29,40.98,48.16,57.53,49.5,38.14,65.1,222.78,235.52,261.25,92.68,90.56,144.28
782.26,32.23,44.44,60.14,62.34,60.06,66.78,214.35,208.93,199.38,94.86,89.08,145.36
784.23,35.15,49.71,59.08,81.85,72.31,68.79,219.92,248.35,237.86,125.04,118.59,151.78
786.19,43.73,47.32,35.02,87.03,72.23,52.47,183.52,230.44,206.01,144.89,127.1,127.52
788.16,63.87,39.81,37.52,97.44,62.38,70.38,190.35,221.44,240.39,165.95,163.83,151.49
790.13,67.45,44.75,36.12,92.29,56.97,60.4,177.97,195.89,203.56,200.46,183.66,156.23
792.09,72.8,51.13,62.84,100.25,77.68,87.53,237.06,254.47,248.19,207.75,191.61,180.09
794.06,64.5,57.85,58.22,75.55,78.39,54.33,230.82,255.06,247.49,212.7,180.56,168.94
796.02,73.41,56.79,81.16,83.41,88.99,57.36,279.83,294.54,269.03,203.55,208.39,201.68
797.98,61.21,38.28,54.99,65.16,64.48,22.94,250.41,235.26,238.14,226.28,219.78,208.31
799.94,84.46,76.88,75.93,92.36,67.76,75.64,303.11,281.44,324.7,304.79,302.28,282.05
801.9,75.26,66.37,70.75,94.78,81.93,73.23,343.72,363.52,396.83,372.52,362.33,333.35
803.86,111.95,105.75,117.8,152.1,125.65,140.72,454.57,482.83,505.86,492.48,510.61,478.88
805.82,107.31,81.79,119.19,162.76,164.38,152.87,579.43,583.16,603.57,623.77,647.56,601.4
807.78,121.67,121.51,147.24,204.08,218.12,223.36,728.65,730.5,773.63,797.07,861.84,804.26
809.73,138.48,139.33,156.06,228.52,248.64,255.64,868.66,869.97,903.14,959.81,1011.23,946.9
811.69,164.95,179.82,175.23,245.3,256.5,286.25,936.68,947.11,971.67,1064.56,1119.96,1084.88
813.64,186.65,192.53,185.61,270.64,249.25,287.76,919.61,896.49,949.1,1061.87,1085.58,1073.41
815.6,145.68,178.25,160,240.32,217.67,255.93,780.56,796.22,839.88,889.17,921.54,937.62
817.55,122.15,154.74,124.83,242.12,206.88,217.56,630.97,695.74,696.45,699.27,706.61,742.94
819.5,96.85,127.12,100.88,195.81,161.98,190.42,497.95,572.17,537.59,512.59,514.23,562.82
821.45,110.33,120.62,90.72,176.62,148.2,154.06,441.73,487.39,454.19,433.35,425.31,453.48
823.4,76.36,91.67,82.11,122.99,108.31,95.26,363.08,346.18,394.02,328.02,331.62,344.7
825.35,63.62,53.39,55.39,92.59,80.32,48.69,305.33,281.54,340.76,255.24,274.48,272.15
827.29,44.1,43.88,49.56,58.08,64.56,37.01,272.5,224.13,304.74,211.03,231.9,248.5
829.24,37.08,37.05,54.06,47.25,43.8,52.01,251.01,233.75,262.4,174.49,214.67,227.19
831.18,39.9,57.77,67.24,46.76,44.72,64.35,259.87,252.37,293.74,175.96,215.1,242.88
833.13,20.71,31.71,52.52,34.57,42.1,51.47,247.2,274.8,279.54,135.54,206.65,206.35
835.07,30.37,40.21,47.03,37.09,58.7,47.82,251.43,311.46,284.58,128.69,208.77,199.39
837.01,45.64,59.49,38.32,33.74,63.08,63.29,290.46,321.92,290.08,144.63,210,185.22
838.95,53.71,60.44,46.95,37.88,41.67,73.44,268.17,309.06,315.27,153.9,179.24,173.38
840.89,66.87,70.95,56.46,45.09,23.63,85.82,306.45,301.11,322.69,181.74,179.71,173.78
842.83,43.15,55.9,43.76,43.09,14.04,44.98,265.87,282.61,306.91,156.37,158.29,148.63
844.77,49.42,66.19,32.39,59.77,21.94,46.81,280.97,314.81,305.15,176.34,170.89,154.82
846.71,36.48,63.6,15.8,66.24,34.81,48.44,267.86,345.13,321.84,184.44,179.27,144.46
848.64,47.77,78.89,40.11,91.93,58.25,72.96,299.33,383.69,338.78,214.43,196.88,152
850.58,51.83,82.96,56.86,92.42,79.14,58.26,357.6,399.39,367.18,218.21,209.61,174.67
852.51,69.01,90.82,73.72,81.69,92.82,52.69,380.66,413.21,399.71,219.78,201.13,206.45
854.44,55.75,70.89,61.48,36.96,79.73,48.68,397.3,434.28,423.48,194.58,177.55,202.8
856.37,52.83,65.31,48.57,15.65,65.99,64.35,374.96,433.36,436.27,172.39,192.31,201.16
858.31,41.57,41.72,40,23.84,58.92,69.02,359.63,425.13,434.41,160.89,200.08,189.87
860.23,51.65,29.14,34.76,30.61,46.52,70.71,335.33,404.25,420.91,155.39,204.86,199.92
862.16,59.18,22.68,41.97,44.74,51.92,73.52,322.49,389.51,408.53,177.69,223.76,180.76
864.09,59.38,34.21,44.52,43.08,52.66,70.34,336.33,376.11,391.51,161,225.35,179.61
866.02,46.58,48.09,47.41,56.08,63.41,77.16,347.53,347.74,393.51,177.32,234.27,175.81
867.94,35.23,61.07,54.07,59.22,48.62,67.78,360.19,361.17,366.64,158.1,183.65,177.13
869.87,37.55,43.67,46.41,63.03,29.84,46.74,313.21,332.62,378.46,186.89,178.38,161.8
871.79,36.98,22.06,50.86,48.96,30.84,34.16,246.69,319.86,332.74,140.48,134.9,128.26
873.71,46.87,22.94,28.24,41.35,25.97,34.36,215.96,261.91,293.82,119.86,147.54,110.18
875.64,28.54,30,19.29,15.36,20.25,32.64,183.04,228.42,226.36,74.36,96.98,87.55
877.56,39.21,47.72,13.31,25.22,17.51,43.98,168.47,200.29,207.26,117.88,107.76,114.61
879.48,17.66,24.78,13.96,15.56,17.9,28.16,140.36,208.29,194.96,107.2,52.99,106.79
881.39,37.66,17.72,19.62,15.56,17.9,28.16,161.16,201.87,187.24,80.87,56.13,95.88
883.31,24.23,0,6.31,0,1.16,0,160.54,200.69,173.43,21.69,37.51,50.87
885.23,24.23,11.75,5.66,0,0,0,160.06,165.32,176.08,0,32.47,45.32
887.14,4.23,11.75,13.25,0,0,0,158.81,154.52,172.98,0,27.21,35.01
889.06,11.26,11.75,13.25,0,0,0,127.7,145.86,177.01,0,14.72,35.82
890.97,19.53,9.67,13.25,0,2.05,8.31,122.83,177.11,167.96,5.8,20.71,66.54
892.88,19.53,9.67,3.3,0.81,2.05,8.31,111.43,188.16,146.04,5.8,5.98,75.72
894.8,8.27,18.81,6.74,0.81,2.05,8.31,105.49,196.68,146.92,5.8,5.98,83.36
896.71,0,9.14,12.19,0.81,0,0,86.91,169.89,170.82,8.27,1.36,35.36
898.62,5.12,18.31,11.04,0,0,0,99.01,177.45,213.75,22.11,22.04,47.03
900.52,7.14,9.17,7.6,0,0,0,126.59,195.49,220.48,51.09,41.6,54.51
902.43,8.3,9.17,2.15,0,0,0,142.29,193,201.34,47.84,40.24,51.11
904.34,4.81,8.01,1.34,7.41,0.25,0,143.8,196.64,210.34,73.05,31.68,57.84
906.24,2.79,11.83,7.15,7.41,1.09,7.29,207.55,151.2,159.92,44.07,23.37,59.48
908.15,14.97,11.83,11.21,12.43,11.33,7.29,208.77,184.89,158.31,75.32,36.52,89.91
910.05,13.35,3.81,9.87,7.52,11.08,7.29,207.24,186.5,102.94,57.14,24.39,85.59
911.95,16.42,10.79,10.53,20.5,16.14,3.41,162.28,207.03,160.15,89.64,25.35,98.84
913.86,3.07,14.93,6.47,20.62,5.91,3.41,143.12,165.69,163.16,67.51,35.44,76.89
915.76,3.33,14.93,10.12,18.12,14.95,3.41,150.1,155.82,174.65,64.18,65.5,49.61
917.66,0.25,6.48,4.01,5.14,9.04,0,159.77,162.31,143.16,69.53,88.74,31.47
919.55,11.14,16.91,9.3,0.97,9.04,0,140.01,158.72,130.58,75.13,76.56,37.25
921.45,16.7,16.91,5.65,0.97,0,0,114.39,130.26,157.81,67.19,78.84,44.61
923.35,20,14.59,5.67,0.97,2.38,4.01,82.91,72.95,131.18,31.73,43.39,35.65
925.24,16.13,12.37,10.81,0,2.38,14.24,80.89,60.44,111.02,27.06,46.6,28.49
927.14,10.32,12.37,12.29,0,2.38,14.24,57.02,67.73,105.67,17.86,14.26,35.13
929.03,15.12,24.5,14.44,1.23,1.68,11.27,44.72,90.61,129.56,33.23,33.7,30.34
930.92,8.11,12.13,4.01,1.23,1.68,1.1,65.88,95.96,171.92,32.41,19.44,41.35
932.81,14.1,12.13,2.53,1.23,1.68,1.1,89.41,67.01,112.65,46.95,27.52,27.35
934.7,10.15,3.16,16.59,3.08,0,6.73,77.07,36.06,102.18,38.28,9.05,59.19
936.59,14.14,4.82,25.34,13.48,22.61,17.05,46.43,19.94,77.08,70.64,9.05,47.38
938.48,16.76,4.82,25.34,13.48,22.61,17.05,25.7,21.41,127.89,89.92,10.86,61.19
940.37,13.16,2.21,19.09,10.41,36.16,11.73,66.77,21.41,105.17,115.33,37.79,22.27
942.25,9.17,6.38,16.95,20.43,13.55,9.2,64.98,47.16,63.25,104.54,56.73,18.98
944.14,0.56,7.83,20.52,20.99,16.4,9.2,70.88,53.93,10.42,106.44,62.49,13.37
946.02,2.09,15.69,15.73,20.99,2.85,15.37,30.14,76.48,30.23,122.37,79.94,48.61
947.91,2.09,9.85,9.11,0.56,2.85,7.52,35.53,39.15,30.23,119.77,92.86,60.17
949.79,9.32,11.94,5.53,0,4.22,18.97,33.07,65.57,68.28,134.97,110.57,84.52
951.67,12.1,18.7,13.65,0,12.62,17.75,83.63,76.36,114.41,142.2,121.65,138.57
953.55,12.1,26.16,13.65,19.86,16.85,17.75,111.77,151.35,164.09,163.67,163.64,189.53
955.43,17.77,30.48,14.68,19.86,24.84,7.78,139.6,144.42,176.16,184.84,203.98,214.52
957.31,29.9,25.93,21.48,39.94,31.28,20.61,143.24,162.63,149.05,209.82,217.8,182.64
959.18,31.09,30.94,27.13,38.23,46.3,21.51,161.46,151.43,156.85,228.04,230.86,190.68
961.06,33.01,35.51,40.72,38.23,61.88,35.81,194.6,169.15,143.91,228.18,238.84,237.63
962.94,33.83,47.64,35.21,36.34,81.38,35.36,165.66,150.12,141.22,228.23,279.39,277.16
964.81,45.32,49.12,50.71,28.46,64.56,45.25,195.74,150.79,125.22,223.65,278.97,290.72
966.68,33.59,36.68,44.99,31.72,52.54,40.94,175.96,161.94,126.71,226.2,274.03,282.09
968.55,20.1,35.83,31.5,24.21,38.75,37.2,162.09,147.68,92.11,209.34,239.66,263.03
970.43,7.42,31.44,18.12,13.94,36.32,33.93,76.37,95.56,67.99,182.95,227.43,218.78
972.3,28.38,53.08,19.09,10.68,36.68,46,50.34,32.47,47.9,166.59,192.56,159.89
974.16,50.24,44.59,35.96,27.24,27.95,52.65,46.89,14.21,36.4,164.15,183.94,139.58
976.03,51.97,37.99,35.72,30.93,41.57,45.14,66.36,1.88,38.15,176.95,162.9,166.52
977.9,42.73,31.41,39.16,59.3,53.77,47.04,83.53,17.33,43.27,176.12,170.89,199.83
979.76,35.51,30.49,43.27,53.13,57.65,43.3,107.39,37.58,58.09,165.65,174.57,193.49
981.63,46.06,27.54,52.49,69.76,52.99,65.76,124.06,78.97,81.72,154.33,191.06,190.96
983.49,46.3,26.09,57.73,63.4,46.35,44.16,125.09,74.64,83.71,143.69,222.24,182.79
985.36,47.65,32.75,54.08,64.51,53.85,60.7,143.92,114.79,108.52,143.2,234.56,196.43
987.22,59.34,61.91,56.11,71.3,79.36,82.58,170.79,132.64,99.69,174.74,264.9,212.09
989.08,68.26,64.82,44.71,62.34,78.11,113.04,179.57,160.07,144.79,211.2,254.83,224.67
990.94,65.08,51.28,37.86,61.62,80.1,85.74,181.61,131.1,138.48,225.58,233.68,221.17
992.8,65.69,45.53,40.8,63.36,79.56,71.24,180.78,120.94,142.31,215.77,201.34,228.81
994.66,50.19,50.01,48.31,66.68,71.59,65.64,213.21,144.03,120.06,188.54,214.58,220.7
996.51,40.26,52.73,56.04,72.9,73.86,75.61,239.56,144.72,121.07,195.56,232.07,231.85
998.37,30.11,51.22,52.23,86.26,66.93,70.05,234.38,136.55,119.22,203.73,246.7,187.13
1000.22,37.75,30.24,37.59,82.08,71.79,69.96,181.01,75.53,97.19,189.04,209.8,138.56
1002.08,35.51,46.98,36.68,69.36,62.12,52.9,114.12,52.99,62.42,153.83,179.71,89.46
1003.93,21.07,29.05,21.11,35,44.14,37.62,58.25,12.08,26.51,86.31,112.32,53.72
1005.78,4.94,29.05,22.29,22.81,28.28,9,22.7,9.57,0,44.41,74.73,35.72
1007.63,0,3.98,3.52,7.85,10.5,9,2.99,0,0,5.79,24.67,12.3
1009.48,0,0,1.17,7.88,5.57,0,0,0,0,0,9.72,0
1011.33,0,0,0,8.78,4.09,0,0,0,0,0,0,0
1013.18,0,0,0,10.49,4.09,4.32,0,0,0,0,0,0
1015.03,0,0,0,2.61,0,4.32,0,0,0,0,0,0
1016.87,0,0,0,6.28,11.17,4.32,0,0,0,0,0,0
1018.72,0,0.2,0,4.57,11.17,0,0,0,0,0,0,0
1020.56,0,0.2,0,4.57,11.17,0,0,0,0,0,0,0
1022.4,0,2.29,0,0,0,0,0,0,0,0,0,0
1024.24,0,2.09,0,0,0,0,0,0,0,0,0,0
1026.08,0,2.09,5.01,0,0,0,0,0,0,0,0,0
1027.92,0,0,5.01,0,0,0,0,0,0,0,0,0
1029.76,0,0,5.01,0,0,0,0,0,0,0,0,0
1031.6,0,0,0,0,0,0,0,0,0,0,0,0
1033.44,0,0,0,0,0,0,0,0,0,0,0,0
1035.27,0,3.78,0,0,0,0,0,0,0,0,0,0
1037.11,0,3.78,0,0,0,0,0,0,0,0,0,0
1038.94,0,3.78,0,0,0,0,0,0,0,0,0,0
1040.77,0,0,0,0,0,0,0,0,0,0,0,0
1042.6,0,0,0,0,0,0,0,0,0,0,0,0
1044.43,0,0,0,0,0,0,0,0,0,0,0,0
1046.26,0,0,0,0,0,0,0,0,0,0,0,0
1048.09,0,0,0,0,0,0,0,0,0,0,0,0
1049.92,0,0,0,0,0,0,0,0,0,0,0,0
1051.75,0,0,0,0,0,0,0,0,0,0,0,0
1053.57,0,0,0,0,0,0,0,0,0,0,0,0
1055.4,0,0,0,0,0,0,0,0,0,0,0,0
1057.22,0,0,0,0,0,0,0,0,0,0,0,0
1059.04,0,0,0,0,0,0,0,0,0,0,0,0
1060.86,0,0,0,0,0,0,0,0,0,0,0,0
1062.68,0,0,0,0,0,0,0,0,0,0,0,0
1064.5,0,0,0,0,0,0,0,0,0,0,0,0
1066.32,0,0,0,0,0,0,0,0,0,0,0,0
1068.14,0,0,0,0,0,0,0,0,0,0,0,0
1069.96,0,0,0,0,0,0,0,0,0,0,0,0
1071.77,0,0,0,0,0,0,0,0,0,0,0,0
1073.58,0,0,0,15.73,0,2.26,0,0,0,0,0,0
1075.4,0,0,0,15.73,0,2.26,0,0,0,0,0,0
1077.21,0,0,0,15.73,0,2.26,0,0,0,0,0,0
1079.02,0,0,0,0,0,0,0,0,0,0,0,0
1080.83,0,0,0,0,0,0,0,0,0,0,0,0
1082.64,0,0,0,0,0,1.18,0,0,0,0,0,0
1084.45,0,0,0,0,0,1.18,0,0,0,0,0,0
1086.26,0,0,0,0,0,1.18,0,0,0,0,0,0
1088.06,0.78,0,0,0,1.15,0,0,0,0,0,0,0
1089.87,0.78,0,0,0,1.15,0,0,0,0,0,0,0
1091.67,0.78,0,0,0,1.15,0,0,0,0,0,0,0
1093.48,0,0,0,0,0,0,0,0,0,0,0,0
1095.28,0,0,0,0,0,0,0,0,0,0,0,0
1097.08,0,0,0,0,0,0,0,0,0,0,0,0
1098.88,0,0,0,0,0,0,0,0,0,0,0,0
1100.68,0,0,0,0,0,0,0,0,0,0,0,0
1102.48,0,0,0,0,0,0,0,0,0,0,0,0
1104.27,0,0,0,0,0,0,0,0,0,0,0,0
1106.07,0,0,0,0,0,0,0,0,0,0,0,0
1107.86,0,0,0,0,0,0,0,0,0,0,0,0
1109.66,0,0,0,0,0,0,0,0,0,0,0,0
1111.45,0,0,0,0,0,0,0,0,0,0,0,0
1113.24,0.63,0,0,0,0,0,0,0,0,0,0,0
1115.03,0.63,0,0,0,0,0,0,0,0,0,0,0
1116.82,0.63,0,0,0,0,0,0,0,0,0,0,0
1118.61,0,0.93,0,0,0,0,0,0,0,8.81,0,0
1120.4,0,0.93,0,0,0.19,0,0,0,0,14.56,0,0
1122.19,5.47,0.93,0,0,0.19,0,0,0,0,20.72,0,0
1123.97,5.47,0,0,0,0.19,0,0,0,0,22.69,0,5.96
1125.76,5.47,0,0,0,1.47,0,0,0,0,43.48,0,5.96
1127.54,0,0,0,1.61,1.47,0,0,0,0,59.97,0,7.46
1129.33,0,0,0,11.59,7.14,0,0,0,0,85.84,0,1.5
1131.11,0,0,0,11.59,5.66,0,6.07,0,0,91.86,0,4.91
1132.89,3.44,0,0,9.98,5.66,0,8.92,0,21.58,89.14,3.74,9.87
1134.67,8.71,2,6.3,19.04,0,0,34.91,0,23.29,87.46,17.52,43.7
1136.45,11.36,2,6.3,19.04,0,0,65.87,0,23.29,111.82,18.91,62.07
1138.23,7.92,2,6.3,25.01,0,0,86.43,24.04,28.52,114.44,43.2,78.36
1140,14.63,0,0,5.97,0,0,88.47,36.39,31.9,132.87,51.3,79.13
1141.78,11.98,0,0,5.97,0,0,64.33,78.95,67.18,97.13,80.22,129.39
1143.55,11.98,0,0,0,0,0,60.9,95.91,82.76,111.42,75.17,145.02
1145.33,0,0,0,0,0,0,56.29,131.7,146.5,104.2,98.28,152.8
1147.1,1.12,0,0,0,0,1.04,79.04,114.2,181.94,124.35,104.42,120.95
1148.87,13.54,0.06,1.75,0,0.91,1.04,83.07,87.64,223.99,129.43,112.15,148.69
1150.64,13.54,0.06,1.75,4.15,0.91,1.04,89.35,88,198.63,125.44,100.48,143.7
1152.41,12.42,0.06,1.75,4.15,0.91,0,85.9,98.3,167.21,116.71,117.08,162.63
1154.18,0,0,0.86,4.15,0,0,118.93,111.43,130.61,114.13,128.15,151.04
1155.95,0,0,0.86,0,0,0,121.11,113.37,127.5,113.37,140.04,189.28
1157.72,0,0,3.34,0.07,0.72,0,137.11,105.81,113.54,106.42,109.08,193.99
1159.48,8.26,9.83,2.48,0.07,0.72,0,89.16,118.62,118.97,118.85,106.83,192.74
1161.25,8.26,9.83,2.48,0.07,0.72,0,97.35,114.59,113.54,109.09,84.72,157.98
1163.01,8.26,10.83,0,0,0,6.89,93.7,113.38,132.61,120.49,90.77,151.36
1164.77,6.34,10.21,8.63,0,22.73,6.89,108.2,102.66,112.83,98.04,85.96,142.9
1166.53,6.34,10.21,8.63,1.62,22.73,6.89,132.74,91.65,110.76,93.29,98.86,140.47
1168.3,12.23,10.28,15.47,1.62,33.29,2.89,131.65,110.68,109.74,70.25,106.47,112.42
1170.06,5.89,4.69,6.84,1.62,10.56,2.89,134.94,105.1,99.1,44.25,100.44,87.4
1171.81,5.89,4.69,6.84,0,10.64,2.89,97.72,94.67,66.22,22.07,95.9,73.87
1173.57,3.91,3.68,0,0,9.26,9.17,91.64,49.05,39.89,32.04,103.51,72.82
1175.33,3.91,0.06,0,1.13,9.26,9.17,85.28,49.48,28.94,45.72,99.5,70.14
1177.08,10.52,4.46,0,8.38,9.18,15.66,90.73,34.41,42.85,40.97,99.3,67.61
1178.84,6.61,4.4,0,8.38,0,6.5,54.67,70.17,37.54,23.94,80.58,56.9
1180.59,13.6,4.4,0,7.25,13.55,6.5,56.88,73.86,32.16,31.18,97.79,55.12
1182.34,9.89,0,0,0,13.55,0,66.9,68.03,18.25,48.15,66.53,48.82
1184.1,13.05,3.24,3.73,0,13.55,0,84.63,35.25,6.49,41.2,51.26,64.89
1185.85,6.06,3.24,3.73,0,0,0,92.29,7.06,0,16.97,9.36,49.55
1187.6,3.16,8.3,3.73,3.35,0,12.87,49.42,4.14,0,0,14.57,41.14
1189.35,0,5.07,0,3.35,0,12.87,30.36,1.16,0,0,5.21,14.55
1191.09,0,5.07,0,3.35,0,12.87,0,1.16,0,0,5.21,14.55
1192.84,2.37,0,2.92,0,0,0,0,0,0,0,0,6.89
1194.58,2.37,0,10.11,0,0,0,0,0,0,0,0,0
1196.33,11.07,0,10.11,0,0,0,0,0,0,0,0,0
1198.07,8.7,0,16.38,0,0,0,0,0,0,0,0,0
1199.82,8.7,0,9.19,0,0,0,0,0,0,0,0,0
1201.56,0,0,9.19,0,0,5.89,0,0,0,0,0,0
1203.3,1.96,0,0,1.25,0,5.89,0,0,0,0,0,0
1205.04,4.11,0,0,13.41,0.98,5.89,0,0,0,0,0,0
1206.78,4.11,0,6.18,15.13,0.98,0,0,0,0,0,0,0
1208.51,2.15,0,6.18,13.88,0.98,0,0,0,0,0,0,0
1210.25,0,0,6.95,11.51,30.58,0,0,0,0,0,0,0
1211.98,0,0,0.78,9.78,30.58,0,0,0,0,0,0,0
1213.72,7.23,3.12,7.17,34.98,33.55,11.85,0,0,5.08,0,0,0
1215.45,7.23,3.12,6.39,25.2,2.98,17.18,0,0,5.08,0,0,0
1217.18,16.99,3.12,6.39,25.2,2.98,25.99,0,10.42,5.08,0,0,0
1218.92,9.76,0,0,0,0,14.14,0,10.42,0,0,0,0
1220.65,9.76,0,0,2.44,0,8.82,0,10.42,8.77,0,0,0
1222.38,0,0,0,10.74,1.03,0,0,0,8.77,0,0,0
1224.1,0,0,0,10.74,1.03,0,0,0,8.77,0,0,0
1225.83,5.86,0,0,13.66,1.03,10.56,0,0,17.45,0,0,0
1227.56,5.86,2.11,4.09,7.6,0,10.56,0,0,17.45,0,0,0
1229.28,6.18,2.11,4.09,7.6,0,24.07,0,0,17.45,0,0,0
1231.01,10.77,6.01,4.09,17.13,5.24,14.89,0,0,12.15,0,0,0
1232.73,15.8,22.35,8.12,19.8,9.13,22.25,23.22,0,40.49,6.4,3.64,0
1234.45,15.47,22.35,11.69,25.93,33.25,8.74,50.15,22.78,77.59,6.4,19.17,0
1236.17,6.87,21.39,11.69,15.97,31.92,16.39,105.01,66.25,111.87,34.86,24.49,7.8
1237.9,6.95,2.93,13.09,11.07,33.28,26.72,122.83,101.97,105.86,28.46,33.21,7.8
1239.61,20.86,6.56,21.49,4.93,17.32,49.99,128.35,100.4,123.23,28.46,39.96,7.8
1241.33,19.95,6.63,24.16,8.03,20.38,44.03,119.92,107.21,137.64,13.3,34.63,35.59
1243.05,19.51,6.63,14.65,25.21,22.57,26.33,102.97,103.18,165.2,13.3,34.91,38.02
1244.77,6.29,2.99,14.09,33.89,21,5.74,153.29,116.74,164.7,22.35,12.63,38.02
1246.48,15.31,1.98,14.42,41.94,25,7.38,161.21,114.91,150.14,9.04,25.2,2.43
1248.2,23.11,7.77,17.25,26.11,35.47,21.36,185.61,123.23,172.39,9.04,32.81,5.04
1249.91,22.42,9.28,8.38,35.3,37.95,28.82,160.39,132.26,165.36,0,37.27,12.31
1251.62,22.58,15.74,17.18,31.51,63.46,40.3,159.21,142.67,179.37,12.9,47.29,21.04
1253.33,19.52,30.32,14.36,46.19,49.09,26.33,138.52,151.57,133.53,15.3,37.8,17.87
1255.04,19.52,48.36,13.41,36.32,58.19,23.07,127.65,147.29,142.86,25.42,40.45,10.6
1256.75,15.16,39.92,9.02,25.7,33.53,18.71,112.04,119.27,130.11,13.39,24.36,1.87
1258.46,5.75,28.75,11.62,19.99,29.98,32.52,117.7,102.19,161.3,11,17.87,5.71
1260.17,10.1,24.49,10.03,17.18,27.14,35.65,110.96,89.71,128.42,14.16,28.63,5.71
1261.87,4.34,24.49,8.9,24.17,22.75,34.9,99.03,116.05,109.02,13.29,26.55,18.92
1263.58,4.34,32.24,17.67,16.74,40.72,35.07,93.04,114.32,98.23,13.29,22.3,26.42
1265.28,0,20.79,18.56,11.53,29.37,45.36,75.86,112.41,106.59,0,18.63,26.42
1266.99,7.56,26.9,12.79,19.58,28.71,34.26,81.73,55.24,95,9.27,16.32,28.11
1268.69,16.87,31.47,25.03,46.98,19.73,41.59,71.64,36.42,82.45,11.6,41.8,14.9
1270.39,16.87,27.65,25.17,46.98,17.66,22.82,48.88,16.87,64.16,11.6,40.46,14.9
1272.09,23.04,24.46,24.64,37.97,23.6,39.14,17.38,64,56.92,5.02,52.83,13.26
1273.79,13.73,2.92,1.03,17.64,16.89,17.85,7.3,52.73,22.76,2.7,27.34,13.26
1275.49,13.73,2.92,15.76,31.76,22.76,37.69,7.3,68.52,9.31,2.7,28.34,13.26
1277.18,0,1.32,21.84,24.07,10.06,21.37,7.3,21.39,4.75,0,13.86,0
1278.88,0,1.32,21.84,17.25,7.77,21.37,0,21.39,4.75,0,13.86,0
1280.57,0,1.5,6.08,3.13,4.8,0,0,0,5.91,0,0,0
1282.27,4.71,0.71,2.62,12.85,8.11,2.87,1.42,7.39,1.16,0,0,0
1283.96,5.32,9.78,13.8,20.85,8.81,2.87,1.42,7.39,1.16,0,0.69,0
1285.65,5.32,14.89,28.88,28.74,24.11,17.85,5.08,31.21,2.15,0,0.69,0
1287.34,0.61,14.37,26.26,19.02,20.81,14.98,3.65,24.42,2.15,0,0.69,0
1289.03,0,11.5,19.73,11.41,24.82,14.98,3.65,24.42,2.15,0,0,0
1290.72,5.57,6.2,11.76,6.37,4.71,0,3.11,0.61,0,0,0,0
1292.41,7.61,23.99,11.76,13.89,10.71,6.84,3.11,7.06,26.97,0,0,0
1294.1,21.12,18.04,8.15,24.89,6,9.33,18.37,18.62,28.44,0,0,0
1295.78,15.65,21.2,2.66,25.02,6,9.33,29.06,18.62,28.44,0,0,0
1297.47,25.86,22.71,15.42,25.49,7.76,25.06,29.06,18.64,18.39,0,9.85,0
1299.15,12.35,23.79,14.38,20.54,10.75,22.57,13.8,23.6,31.95,0,9.85,0
1300.84,15.02,20.63,12.76,17.57,10.75,22.57,16.39,23.6,37.18,0,9.85,0
1302.52,2.77,1.33,8.98,9.57,13.89,0,16.39,16.52,20.25,0,0,0
1304.2,2.77,0,8.98,0.23,10.9,0,27.65,0,5.23,0,0,0
1305.88,2.47,6.81,16.93,0.23,19.18,11.37,26.03,0,7.84,0,0,0
1307.56,8.77,15.12,7.95,4.22,13.26,22.1,26.03,0,7.84,0,0,0
1309.24,13.69,16.69,13,17.15,18.39,26.97,14.77,7.13,7.84,0,0,0
1310.91,11.22,10.06,12.38,24.48,22.05,23.28,0,7.13,0,0,0,0
1312.59,4.92,1.76,16.87,24.22,17.07,12.55,0,7.13,0,0,0,0
1314.26,0,0.18,11.82,11.06,11.95,7.68,0,0,0,0,0,0
1315.94,0,0,5.67,3.73,0,0,0,0,0,0,0,0
1317.61,0,2.65,3.3,0,0,5.64,0,0,0,0,0,0
1319.28,0,2.65,16.72,0,6.46,5.64,0,0,0,0,0,0
1320.95,0,2.65,15.55,0,6.46,5.64,0,0,0,0,0,0
1322.62,0,0,13.42,0,6.46,0,0,0,0,0,0,0
1324.29,1.13,0,0,8.13,0,0,0,0,0,0,0,0
1325.96,1.13,0,0,8.13,0,0,0,0,0,0,0,0
1327.63,1.13,0,0,8.13,0,0,0,0,0,0,0,0
1329.29,0,0,0,0,0,9.16,0,0,0,0,0,0
1330.96,0,0,0,0,0,9.16,0,0,0,0,0,0
1332.62,0,7.6,0,0,2.64,9.16,0,0,0,0,0,0
1334.28,0,7.6,0,0,2.64,1.23,0,0,0,0,0,0
1335.95,10.05,10.5,0,1.12,2.64,5.9,0,0,0,0,0,0
1337.61,15.65,10.03,0,1.12,1.23,5.9,0,0,0,0,0,0
1339.27,15.65,10.03,0,1.12,1.23,4.67,0,0,0,0,0,0
1340.92,15.66,15.01,8.71,12.9,17.05,0,0,0,0,0,0,0
1342.58,17.12,7.89,8.71,12.9,15.82,0,0,0,0,0,0,0
1344.24,17.64,13.9,13.21,12.9,15.82,20.62,0,0,0,0,0,0
1345.89,7.58,6.24,10.89,9.4,0,22.39,0,0,0,0,0,0
1347.55,0.52,6.6,10.89,9.54,0,22.39,0,0,0,0,0,0
1349.2,0.02,0.59,6.39,9.54,0,1.76,0,0,0,0,0,0
1350.86,0.02,3.3,0,0.13,0,0,0,0,0,0,0,0
1352.51,0.02,2.94,0,0,0,0,0,0,0,0,0,0
1354.16,0,3.37,0,0,0,0,0,0,0,0,0,0
1355.81,0.79,0.43,0.72,0,0,0,0,0,0,0,0,0
1357.46,12.85,2.58,3.69,13.29,1.99,0,0,0,0,0,0,0
1359.1,17.49,2.15,3.69,13.29,1.99,0,0,0,0,0,0,0
1360.75,16.7,2.15,2.97,13.29,1.99,0,0,0,0,0,0,0
1362.4,4.65,0,0,10.04,0,0,0,0,0,0,0,0
1364.04,0,1.18,3.33,10.04,0,0,0,0,0,0,0,0
1365.68,0,1.18,3.33,10.04,0,0,0,0,0,0,0,0
1367.33,0,1.18,3.33,0,0,5.09,0,0,0,0,0,0
1368.97,7.71,0,1.24,0,0,5.09,0,0,0,0,0,0
1370.61,7.71,0,1.24,0,0,5.09,0,0,0,0,0,0
1372.25,7.71,0,5.48,0,7.39,8.05,0,0,0,0,0,0
1373.89,3.67,0,15.41,0,7.39,10.98,0,0,0,0,0,0
1375.53,5.3,0,15.41,0,7.39,10.98,0,0,0,0,0,0
1377.16,16.55,7.6,14.59,15,8.75,14.3,0,0,0,0,0,0
1378.8,12.88,7.6,3.41,15,8.75,11.37,0,0,0,0,0,0
1380.43,11.25,7.6,3.41,15,8.75,11.37,0,0,0,0,0,0
1382.07,4.25,0,4.05,0,0,2.52,0,0,0,0,0,0
1383.7,4.25,0,4.05,0,0,2.52,0,0,0,0,0,0
1385.33,4.25,0,8.48,0,0,2.52,0,0,0,0,0,0
1386.96,1.61,1.6,4.42,0,0,0,0,0,0,0,0,0
1388.59,1.61,1.6,4.42,0,0,0,0,0,0,0,0,0
1390.22,1.61,1.6,0,0,0,0,0,0,0,0,0,0
1391.85,0,0,0,0,0,0,0,0,0,0,0,0
1393.47,8.54,0,0,0,0,0,0,0,0,0,0,0
1395.1,8.54,0,0,0,0,0,0,0,0,0,0,0
1396.72,8.54,0,0,0,0,0,0,0,0,0,0,0
1398.35,0,0,0,0,0,0,0,0,0,0,0,0
1399.97,0,0,0,0,0,0,0,0,0,0,0,0
1401.59,0,0,0,0,0,0,0,0,0,0,0,0
1403.21,0,0,0,0,0,0,0,0,0,0,0,0
1404.83,0.62,0,0,0,0,0,0,0,0,0,0,0
1406.45,0.62,0,0,0,0,0,0,0,0,0,0,0
1408.07,0.62,0,0,0,0,0,0,0,0,0,0,0
1409.68,0,0,1.86,0,0,0,0,0,0,0,0,0
1411.3,0,0,1.86,0,0,0,0,0,0,0,0,0
1412.91,0,0,1.86,0,0,0,0,0,0,0,0,0
1414.53,0,0,0,0,0,0,0,0,0,0,0,0
1416.14,0,0,0,0,0,0,0,0,0,0,0,0
1417.75,0,0,0,0,0,0,0,0,0,0,0,0
1419.36,0,0,0,0,0,0,0,0,0,0,0,0
1420.97,0,0,0,0,0,0,0,0,0,0,0,0
1422.58,0,0,0,0,0,0,0,0,0,0,0,0
1424.19,0,0,0,0,0,0,0,0,0,0,0,0
1425.79,0,0,0,0,0,0,0,0,0,0,0,0
1427.4,6.7,0,0,1.49,7.13,0,0,0,0,0,9.79,0
1429,6.7,0,0,1.49,7.13,0,0,0,0,0,9.79,0
1430.6,6.7,1.76,0,1.49,14.42,0,0,0,0,1.64,11.22,15.92
1432.21,2.72,4.66,2.6,13.87,11.39,7.66,0,0,0,31.84,15.07,33.71
1433.81,2.72,7.62,7.57,16.8,23.52,13.34,0,0,0,65.51,39.5,89.93
1435.41,2.72,6.64,15.37,21.91,21.84,18.82,0,0,0,113.79,76.4,118.78
1437.01,0,3.73,12.77,23.1,17.74,12.56,36.69,3.57,9.28,145.88,110.77,152.1
1438.61,5.03,6.98,7.79,43.75,28.31,20.42,71.32,7.82,34.56,180.76,154.61,170.88
1440.2,5.03,6.21,0,45.62,34.77,27.19,91.44,27.99,74.41,206.9,187.03,210.91
1441.8,16.51,10.19,8.65,46.95,51.23,57.4,104.38,72.5,105.22,236.83,230.58,261.75
1443.4,24.46,23.47,18.79,55.96,51.15,71.29,144.02,138.7,159.72,291.79,269.16,303.94
1444.99,33.06,43.57,34.54,79.2,66.64,98.08,209.24,205.16,207.14,330.66,324.32,361.71
1446.58,30.36,53.52,35.48,81.22,71.25,96.32,251.93,235.42,260.03,368.33,357.29,399.61
1448.18,29.56,45.04,28.32,74.81,62.09,82.46,263.55,238.27,269.51,378.92,393.16,420.1
1449.77,31.87,46.01,31.94,84.19,65.06,72.72,260.63,259.58,275.79,415.31,409.51,416.05
1451.36,29.96,40.43,30.34,87.02,81.47,85.43,269.86,288.37,262.54,416.16,420.32,429.47
1452.95,41.84,42.31,39.86,99.97,109.67,113.26,290.55,324.62,291.1,435.82,429.6,464.36
1454.53,32.29,34.07,22.61,88.48,106.1,109.33,290.83,313.8,305.57,417.72,425.13,481.49
1456.12,40.96,46.41,42.26,108.89,105.43,95.62,280.37,304.55,324.29,435.19,421.23,482.54
1457.71,35.75,34.52,41.69,99.09,85.55,77.04,267.03,306.77,293.48,433.81,416.14,444.38
1459.29,47.43,34.86,56.02,97.85,92.9,68.01,291.29,325.24,300.25,447,401.62,439.81
1460.88,47.01,24.44,42.9,88.18,94.47,80.89,298.46,333.96,316.61,445.76,407.69,424.14
1462.46,43.15,29.57,30.97,68.73,100.28,82.66,309.87,332.93,333.21,423.44,386.33,405.05
1464.04,34.3,28.04,25.76,73.3,90.76,104.77,295.98,314.92,305.17,388.14,382.32,385.99
1465.62,40.78,38.19,36.22,75.87,105.58,98.23,321.45,332.93,282.82,375.86,355.01,376.28
1467.2,37.61,32.06,36.22,80.12,93.08,96.02,315.95,326.3,255.83,363.94,324.38,365.92
1468.78,42.77,28.56,33.7,79.71,92.92,94.49,316.14,333.37,271.53,365.7,304.78,348.59
1470.36,28.61,23.39,13.17,67.64,66.77,89.97,286.69,282.79,284.26,317.82,279.53,319.61
1471.94,18.45,32.5,13.17,69.24,78.62,93.12,251.26,256.23,271.67,287.63,269.3,292.98
1473.52,18.08,38.46,15.44,67.29,57.59,86.06,219.3,235.81,243.89,268.56,257.87,253.82
1475.09,21.04,23.22,17.05,48.02,35.9,63,185.71,232.74,193.46,237.19,243.13,218.68
1476.67,27.9,31.41,28.88,51.98,32.11,53.84,210.35,238.58,208.28,235.72,233.97,208.11
1478.24,24.21,27.71,17.9,32.73,43.11,38.13,204.47,201.23,212.57,214.72,198.93,171.68
1479.81,25.53,38.23,25.53,43.81,50.44,42.77,190.61,217.9,258.87,235.41,186.59,161.93
1481.38,25.63,26.99,24.27,41.35,51.56,33.85,150.56,199.7,258.32,218.22,158.04,169.98
1482.95,32.07,25.76,38.95,50.89,57.02,40.61,136.52,199.86,231.78,203.39,159.51,180.39
1484.52,31.51,18.87,29.37,36.59,48.15,39.37,134.85,173.03,190.93,198.24,145.34,145.81
1486.09,31.29,22.65,22.79,35.81,30.96,38.48,130.86,188.23,178.44,203.45,154.51,140.92
1487.66,20.08,13.77,19.22,29.38,24.44,21.92,132.57,229.45,194.31,219.34,128.71,155.05
1489.22,8.91,10.14,15.11,29.38,31.37,17.48,130.41,231.14,190.63,200.69,122.71,183.31
1490.79,16.26,11.16,14.77,24.84,43.08,29.5,130.71,230.29,204.76,193.18,103.83,174.7
1492.35,15.75,18.19,3.66,19.98,41.8,25.15,130.37,203.45,198.24,158.68,110.97,150.43
1493.92,15.75,18.96,6.22,38.55,45.09,25.73,146.94,203.87,233.97,154.09,121.36,157.08
1495.48,7.34,11.55,7.78,26.63,28.71,16.65,142.54,196.97,217.04,139.85,127.1,143.75
1497.04,18.37,19.04,15.69,27.24,16.89,27.83,164.37,231.64,215.03,160.52,151.74,155.65
1498.6,18.37,29.97,13.13,26.62,3.52,20.68,159.34,237.11,201.48,160.65,158.51,135.35
1500.16,11.09,30.35,10.82,26.62,1.12,11.18,175.11,267.04,218.73,172.9,165.75,123.51
1501.72,2.7,24.63,7.41,21.68,8.76,1.12,167.46,259.22,233.88,159.07,154.22,132.25
1503.27,2.7,12.92,7.41,6.2,8.08,1.12,169.27,296.52,222.17,128.36,143.49,121.78
1504.83,8.32,18.54,19.67,13.06,11.56,8.96,199.32,277.4,210.69,104.22,160,131.55
1506.38,25.39,26.61,35.39,33.25,28,17.7,218.84,296.07,224.35,142.88,167.3,148.78
1507.94,25.39,32.68,38.16,39.67,35.78,28.81,237.6,309.98,248.25,184.44,168.18,178.58
1509.49,26.69,35.32,36.77,46.76,40.45,28.45,231.71,339.91,291.83,215.35,163.74,198.06
1511.04,14.11,23.07,18.17,22.83,23.57,24.54,237.62,342.3,307.87,192.39,163.43,218.01
1512.59,23.49,26.5,15.39,33.04,18.7,15.63,261.55,366.38,334.26,187.11,172.47,233.3
1514.14,18.81,28.15,6.68,36.82,10.55,30.62,276.38,361.03,351.89,190.74,169.41,269.84
1515.69,24.91,26.25,15.09,59.84,32.68,34.72,302.01,385.47,376.32,207.49,172.14,269.83
1517.24,42.9,22.57,26.56,44.62,50.38,32.51,313.22,367.48,406.65,237.81,216.12,296.06
1518.79,64.01,18.35,42.98,27.52,62.7,30.62,335.22,409.95,399.44,240.92,249.55,292.75
1520.34,50.78,15.34,32.98,5.42,44.19,31.07,335.57,405.11,402.25,233.72,275.33,281.78
1521.88,45.12,32.69,48.96,22.21,34.23,32.28,343.16,421.83,413.96,245.42,259.02,306.06
1523.42,28.35,23.16,29.5,32.9,28.17,13.52,334.66,411.79,440.91,249.35,252.94,300.9
1524.97,32.03,35.63,53.91,48.71,24.89,15.21,361.29,402.21,436.32,258.41,260.65,307.54
1526.51,17.5,13.09,34.01,42.29,24.72,39.01,368.71,390.76,423.19,246.6,302.49,294.63
1528.05,18.74,24.77,48.9,37.99,34.34,67.26,386.59,395.1,435.18,253.57,325.79,319.19
1529.59,31.32,24.68,28.45,36.03,40.96,71.51,372.15,402.12,471.19,254.23,331.44,334.75
1531.13,29.02,35.38,20.9,36.19,49.69,48.54,368.17,415.93,464.99,255.34,310.88,333.11
1532.67,23.05,32.09,23.9,45.01,50.77,24.58,393.55,424.75,457.47,251.47,301.99,336.81
1534.2,23.86,40.57,46.03,32.95,59.95,22.4,416.38,471.7,489.41,238.05,311.23,334.31
1535.74,31.02,46.4,76.05,38.22,65.48,46.56,463.22,500.99,506.02,226.98,321.49,330.81
1537.28,30.62,48.34,70.63,34.95,49.45,51.83,452.2,524.4,520.1,202.03,333.2,290.78
1538.81,29.89,38.61,61.21,60.01,44.42,51.77,450.85,528.17,516.18,205.76,331.93,292.09
1540.34,29.72,32.11,55.01,50.96,34.96,38.61,449.07,541.83,532.17,199.06,322.89,276.3
1541.88,35.88,25.95,49.82,45.25,34.04,35.44,464.98,542.5,563.5,226.37,304.86,278.19
1543.41,44.61,26.02,59.86,40.1,45.14,48.84,513.78,577.74,569.4,234.58,295.4,282.64
1544.94,46.01,27.42,58.56,55.95,48.57,53.57,529.93,577.32,589.32,246.8,297.28,298.44
1546.47,55.29,36.38,75.49,81.35,64.02,58.53,564.99,620.47,576.46,255.59,318.73,313.48
1547.99,45.14,55.23,62.65,71.99,59.57,60.38,568.27,600.86,588.84,277.94,346.08,313.08
1549.52,68.44,72.2,77.25,77.4,78.56,85.67,574.68,648.03,638.67,297.08,364.22,314.8
1551.05,62.29,68.73,71.08,58.37,79.45,103.2,598.66,626.43,670.4,304.79,375.26,326.09
1552.57,69.48,66.92,80.92,80.02,88.67,111.05,595.32,644.84,678.48,310.18,365.65,327.73
1554.1,63.34,74.79,69.42,88.33,95.9,104.24,604.99,640.59,646.23,318.9,348.71,334.7
1555.62,72.32,90.11,68.37,108.08,103.24,92.55,598.45,649.13,658.43,309.42,347.22,350.47
1557.14,86.96,102.42,81.65,102.18,112.25,91.53,618.91,655.68,673.98,331.61,354.08,365.91
1558.66,74.83,91.3,84.5,94.83,108.15,81.39,633.95,638.13,655.09,355.7,360.51,384.91
1560.18,81.7,95.51,92.35,94.81,120.72,92.59,634.99,662.25,661.54,369.79,355.61,374.93
1561.7,77.02,84.51,85.31,103.91,100.4,92.58,619.82,667.49,655.44,340.68,349.16,342.06
1563.22,98.9,86.39,88.16,116.57,80.3,89.78,622.55,697.95,711.24,334.13,360.61,320.43
1564.74,106.34,91.51,86.91,109.78,67.1,89.21,609.51,691.32,690.61,331.14,357.63,303.36
1566.25,90.67,91.18,78.88,93.55,73.79,73.2,612.7,696.91,684.54,327.71,351.88,310.18
1567.77,81.44,81.96,78.63,76.1,63.92,81.3,614.35,654.29,654.91,299.41,310.91,305.8
1569.28,74.55,72.41,67.72,77.65,74.05,68.73,634.67,646.67,657.63,285.77,290.95,306.09
1570.79,71.55,65.43,58.03,69.09,76.74,68.72,625.89,620.28,657.91,281.04,273.56,295.94
1572.31,67.78,80.66,60.57,79.09,88.99,63.27,606.67,634.12,660.08,293.53,291.06,289.35
1573.82,55.9,72.79,62.66,78.31,89.46,67.37,584.68,646.18,662.15,313.26,294.12,283.66
1575.33,63.36,76.59,77.76,91.86,76.27,68.15,585.69,639.59,650.56,301.65,289.86,295.98
1576.84,67.26,76.5,82.97,95.2,85.85,80.03,582.83,650.44,676.75,296.17,272.72,301.75
1578.34,72.6,81.86,88.29,77.31,65.22,69.7,562.41,613.74,673.06,251.8,243.69,297.63
1579.85,79.29,73.22,83.62,74.42,81.58,59.36,529.34,613.71,645.37,239.1,247.67,288.86
1581.36,73.2,69.8,78.84,61.76,71.5,52.91,518.16,586.25,620.24,214.96,251.88,270.98
1582.86,78.33,76.28,86.61,81.65,96.31,82.69,501.54,567,585.66,231.06,270.66,269.33
1584.37,66.46,72.42,77.39,78.54,78.79,84.13,504.92,523.43,566.1,238.16,251.1,244.35
1585.87,64.15,77.79,73.73,86.99,84.49,78.8,486.87,489.08,512.75,244.48,229.44,259.6
1587.37,75.96,86.61,86.51,98.21,86.96,75.91,510.6,496.84,527.86,255.92,226.89,269.63
1588.87,82.66,94.32,96.85,100.33,100.66,90.91,498.88,522.17,541.52,279.59,238.24,280.89
1590.37,85.24,90.58,90.41,92.33,104.25,95.47,492.4,515.38,545.07,269.15,251.82,266.71
1591.87,78.05,93.74,81.86,80.89,83.73,85.25,463.47,490.15,530.18,247.61,250.62,254.09
1593.37,77.42,95.78,87.54,82.67,76.43,86.58,453.77,442.47,514.19,225.62,238.32,249.7
1594.86,80.57,92.27,95.66,73.9,55.91,84.02,434.85,432.58,511.97,190.42,225.8,230.75
1596.36,69.83,79.21,78.9,57.9,56.16,77.91,410.04,421.8,487.19,187.33,197.39,200.92
1597.86,73.42,92.82,78.47,60.9,72.75,77.13,389.23,449.01,491.75,205.57,196.99,215.1
1599.35,55.13,89.87,69.16,65.01,84.45,72.13,373.21,428,459.42,217.6,206.7,210.39
1600.84,58.62,87.04,76.29,95.57,84.92,76.24,368.96,391.78,435.87,210.74,208.53,218.79
1602.33,54.88,78.32,72.53,87.57,75.84,73.13,364.83,349.66,383.76,167.33,193.13,167.97
1603.83,52.37,70.82,65,65.79,68.98,56.24,306.58,316.76,385.88,155.81,135.97,131.05
1605.32,48.64,59.44,61.24,40.12,58.24,48.12,294.78,296.3,332.43,126.4,116.58,108.9
1606.8,45.58,52.72,59.82,43.12,39.49,35.68,235.98,269.18,303.99,111.99,95.53,94.43
1608.29,43.18,34.87,47.07,42.45,25.07,29.49,226.85,233.39,232.88,83.92,97.81,92.95
1609.78,66.9,40.93,50.43,51.89,42.1,34.81,170.49,221.37,210.87,73.3,77.21,98.59
1611.27,59.73,32.44,38.24,29.14,31.9,23.25,169.24,187.13,179.31,45.45,54.72,75.68
1612.75,55.45,38.64,61.93,27.07,34.92,23.98,148.22,166.11,154.63,42.16,40.12,51.48
1614.23,30.5,35.38,48.63,5.51,11.94,3.64,115.53,130.75,141.96,18.42,19.73,17.46
1615.72,40,30.89,41.44,5.51,8.64,3.09,95.61,121.16,129.38,9.03,8.36,13.91
1617.2,46.83,32.4,20.25,5.51,12.1,2.36,93.02,105.91,120.48,1.52,0,13.91
1618.68,32.44,40.36,15.83,17.16,21.01,0,109.55,115.09,99.34,1.52,0,0
1620.16,19.94,39.21,25.98,26.86,21.24,7.74,74.06,84.49,59.37,1.52,0,0
1621.64,23.66,31.95,35.01,44,12.94,11.55,45.68,88.11,37.67,0,0,0
1623.12,19.83,7.8,33.71,26.85,0.95,11.55,5.85,37.43,12.01,0,0,0
1624.59,28.45,22.77,39.64,33.49,15.19,11.75,18.59,51.59,39.58,0,0,1.6
1626.07,20.28,30.95,26.45,16.35,15.19,7.94,12.74,27.24,27.57,0,0,1.6
1627.54,20.28,30.95,21.35,16.35,14.46,7.94,12.74,27.24,27.57,0,0,1.6
1629.02,5.78,21.47,8.5,0,4.58,0,0,0,0,0,0,0
1630.49,7.73,20.77,20.42,17.3,9.9,0.09,0,0,0,0,0,0
1631.96,11.52,20.77,20.42,17.3,9.9,0.09,0,0,0,0,0,0
1633.43,9.03,11.73,18.68,17.3,5.32,0.09,0,0,0,0,0,0
1634.9,9.87,3.8,9.5,0,0,0,0,0,0,0,0,0
1636.37,9.26,3.8,9.5,0,3.49,0,0,0,0,0,0,0
1637.84,16.42,0,3.57,8.89,3.49,0,0,0,0,0,0,0
1639.31,19.49,9.53,1.61,9.1,3.49,0,0,0,0,0,0,0
1640.77,16.31,9.53,3.08,9.1,0,0,0,0,0,0,0,0
1642.24,9.48,15.26,12.2,0.21,0,0,0,0,0,0,0,0
1643.7,0.33,5.73,10.59,0,0,0,0,0,0,0,0,0
1645.17,0.33,7.1,9.12,0,0,0,0,0,0,0,0,0
1646.63,0,1.37,0,0,0,0,0,0,0,0,0,0
1648.09,7.6,1.37,0,0,0,0,0,0,0,0,0,0
1649.55,7.73,0,0,0,0,0,0,0,0,0,0,0
1651.01,7.73,0,0,0,0,0,0,0,0,0,0,0
1652.46,0.34,0,0,0,0,0,0,0,0,0,0,0
1653.92,0.21,0,0,0,0,0,0,0,0,0,0,0
1655.38,0.21,0,0,0,0,0,0,0,0,0,0,0
1656.83,0,0,0,0,0,0,0,0,0,0,0,0
1658.29,0,0,0,0,0,0,0,0,0,0,0,0
1659.74,0,0,0,0,0,0,0,0,0,0,0,0
1661.19,0,0,0,0,0,0,0,0,0,0,0,0
1662.64,0,0,0,0,0,0,0,0,0,0,0,0
1664.09,0,0,0,0,0,0,0,0,0,0,0,0
1665.54,0,0,0,0,0,0,0,0,0,0,0,0
1666.99,0,0,0,0,0,0,0,0,0,0,0,0
1668.44,0,0,0,0,0,0,0,0,0,0,0,0
1669.88,0,0,0,0,0,0,0,0,0,0,0,0
1671.33,0,0,0,0,0,0,0,0,0,0,0,0
1672.77,0,0,0,0,0,0,0,0,0,0,0,0
1674.21,0,0,0,0,0,0,0,0,0,0,0,0
1675.66,0,0,0,0,0,0,0,0,0,0,0,0
1677.1,0,0,0,0,0,0,0,0,0,0,0,0
1678.54,0,0,0,0,0,0,0,0,0,0,0,0
1679.97,0,0,0,0,0,0,0,0,0,0,0,0
1681.41,0,0,0,0,0,0,0,0,0,0,0,0
1682.85,0,0,0,0,0,0,0,0,0,0,0,0
1684.29,0,0,0,0,0,0,0,0,0,0,0,0
1685.72,0,0,0,4.07,0,0,0,0,0,0,0,0
1687.15,0,0,0,4.07,0,0,0,0,0,0,0,0
1688.59,1.08,0,6.97,4.07,0,0,0,0,0,0,0,0
1690.02,1.08,0,6.97,0,0,0,0,0,0,0,0,0
1691.45,1.08,0,6.97,0,0,2.88,0,0,0,0,0,0
1692.88,0,0,0,0,0,2.88,0,0,0,0,0,0
1694.31,6.28,0.58,4.48,2.72,3.37,10.53,0,0,0,0,0,0
1695.74,6.28,0.58,4.48,2.72,3.37,7.65,0,0,0,0,0,0
1697.16,6.28,0.58,4.48,2.72,3.37,7.65,0,0,0,0,0,0
1698.59,0,0,0,0,0,0,0,0,0,0,0,0
1700.01,0,0,0,0,0,0,0,0,0,0,0,0
1701.44,0,0,0,0,0,0,0,0,0,0,0,0
1702.86,0,0,0,0,0,0,0,0,0,0,0,0
1704.28,0,0,0,0,0,0,0,0,0,0,0,0
1705.7,0,0,0,0,0,0,0,0,0,0,0,0
1707.12,0,0,5.54,0,0,0,0,0,0,0,0,0
1708.54,0,0,5.54,0,0,0,0,0,0,0,0,0
1709.96,0,0,5.54,0,0,0,0,0,0,0,0,0
1711.38,0,0,0,0,0,0,0,0,0,0,0,0
1712.79,0,0,0,0,0,0,0,0,0,0,0,0
1714.21,0,0,0,0,0,0,0,0,0,0,0,0
1715.62,0,0,0,0,0,0,0,0,0,0,0,0
1717.04,0,0,0,0,1.94,0,0,0,0,0,0,0
1718.45,0,0,0,0,1.94,0,0,0,0,0,0,0
1719.86,3.33,0,0,4.24,1.94,0,0,0,0,0,0,0
1721.27,3.33,0,0,4.24,0,0,0,0,0,0,0,0
1722.68,3.33,0,0,4.24,0,0,0,0,0,0,0,0
1724.08,0,1.39,0,0,5.19,2.88,0,0,0,0,0,0
1725.49,8.78,1.39,0,0,6.1,2.88,0,0,0,0,0,0
1726.9,8.78,1.39,0,0,6.1,2.88,0,0,0,8.66,0,0
1728.3,13.34,1.69,2.94,0,0.92,0,0,0,0,21.18,0,0
1729.71,4.56,3.66,2.94,0,0,0,0,0,0,21.18,1.65,0
1731.11,4.56,3.66,2.94,0,0,0,0,0,0,12.52,1.65,0
1732.51,0,1.97,3.64,3.73,0,5.81,0,0,0,0,1.65,9.02
1733.91,0,0,3.64,3.73,0,5.81,0,0,0,0,0,9.02
1735.31,0,0,3.64,4.92,0,5.81,0,0,0,0,0,9.02
1736.71,0,0,3.21,7.54,0,0,0,0,0,0,8.86,0
1738.11,0,0,3.21,7.54,0,0,0,0,0,0,8.86,0
1739.51,5.4,0,3.21,6.36,0,0.62,0,0,0,0,8.86,0
1740.9,5.4,0,0,0,0,0.62,0,0,0,0,0,0
1742.3,5.4,0,0,0,0,0.62,0,0,0,0,0,0
1743.69,0,0.95,2.06,1.71,0,0,0,0,0,0,0,0
1745.08,0,0.95,2.06,1.71,0,0,0,0,0,0,0,0
1746.48,0,0.95,2.06,1.71,0,0,0,0,0,0,0,0
1747.87,0,0,0,0,0,0,0,0,0,0,0,0
1749.26,0,0,0,0,0,0,0,0,0,0,0,0
1750.65,0.03,0,0,0,3.33,0,0,0,0,0,0,0
1752.03,0.03,0,0,0,3.33,0,0,0,0,0,0,0
1753.42,0.03,0,0,0,3.33,0,0,0,0,0,0,0
1754.81,0,0,0,0,0,0,0,0,0,0,0,0
1756.19,0,0,0,0,0,0,0,0,0,0,0,0
1757.58,0,0,0,0,0,0,0,0,0,0,0,0
1758.96,0,0,0,0,0,0,0,0,0,0,0,0
1760.34,0,0,0,0,0,0,0,0,0,0,0,0
1761.72,0,0,0,0,0,0,0,0,0,0,0,0
1763.1,0,0,0,0,0,0,0,0,0,0,0,0
1764.48,0,0,0,0,0,0,0,0,0,0,0,0
1765.86,0,0,0,0,0,0,0,0,0,0,0,0
1767.24,0,0,0,0,0,0,0,0,0,0,0,0
1768.61,0,0,0,0,0,0,0,0,0,0,0,0
1769.99,0,0,0,0,2.32,0,0,0,0,0,0,0
1771.36,0,0,0,0,2.32,0,0,0,0,0,0,0
1772.73,0,0,0,0,2.32,0,0,0,0,0,0,0
1774.1,0,0,0,0,0,0,0,0,0,0,0,0
1775.48,10.55,0,7.42,0,0.46,0,0,0,0,0,0,0
1776.85,10.55,0,7.42,0,0.46,0,0,0,0,0,0,0
1778.21,16.99,0,17.04,12.72,0.47,0,0,0,0,0,0,0
1779.58,6.44,0,9.63,12.72,0.01,0,0,0,0,0,0,0
1780.95,6.44,0,9.63,12.72,0.01,0,0,0,0,0,0,0
1782.32,0,0,0,0,0,0,0,0,0,0,0,0
1783.68,0,0,0,0,0,0,0,0,0,0,0,0
1785.04,0,0,0,0,0,0,0,0,0,0,0,0
1786.41,0,0,0,0,0,0,0,0,0,0,0,0
1787.77,0,0,0,0,0,0,0,0,0,0,0,0
1789.13,0,0,0,0,1.49,0,0,0,0,0,0,0
1790.49,0,0,0,0,1.49,0,0,0,0,0,0,0
1791.85,0,2.1,0,0,1.49,9.11,0,0,0,0,0,0
1793.21,0,2.1,0,0,0,9.11,0,0,0,0,0,0
1794.57,9.48,2.1,0,0,0,9.11,0,0,0,0,0,0
1795.92,9.48,0,0,0,0,0,0,0,0,0,0,0
1797.28,9.48,0,0,1.73,0.19,0,0,0,0,0,0,0
1798.63,0,0,0,5.12,0.19,0,0,0,0,0,0,0
1799.98,0,0,0,5.12,0.19,0,0,0,0,0,0,0
1801.34,0,0,0,3.39,0,0,0,0,0,0,0,0
1802.69,0,0,1.49,0,2.9,0,0,0,0,0,0,0
1804.04,0,0,1.49,0,3,0,0,0,0,0,0,0
1805.39,0,0,1.49,0,3,0,0,0,0,0,0,0
1806.73,3.37,0,0,4.53,0.1,6.11,0,0,0,0,0,0
1808.08,3.37,0,0,4.53,1.22,6.5,0,0,0,0,0,0
1809.43,3.37,0.36,0,4.53,1.22,6.5,0,0,0,0,0,0
1810.77,0.1,0.36,5.51,0,1.22,0.39,0,0,0,0,0,0
1812.12,0.1,0.36,6.3,0,0,0,0,0,0,0,0,0
1813.46,0.1,0,6.3,0,0,0,0,0,0,0,0,0
1814.8,0,0,0.79,0,0,0,0,0,0,0,0,0
1816.14,0,0,4.37,2.01,1.33,0,0,0,0,0,0,0
1817.48,0,0,4.37,2.01,1.33,0,0,0,0,0,0,0
1818.82,5.95,2.2,8.38,4.55,3.53,0,0,0,0,4.31,0,0
1820.16,5.95,2.2,4.01,2.55,2.19,0,0,0,0,4.31,0,0
1821.5,5.95,2.2,4.01,2.55,2.19,0,0,0,0,4.31,0,0
1822.83,1.96,0,0,0.87,8.16,0.82,0,0,0,0,3.79,0
1824.17,3.95,0,0,0.87,8.16,0.82,0,0,0,0,3.79,0
1825.5,10.41,0,3.17,2.13,14.03,8.64,0,0,0,0,3.79,0
1826.83,8.46,0,3.17,1.26,5.86,7.82,0,0,0,0.87,0,0
1828.17,6.47,0,3.17,11.76,9.3,8.17,0,0,0,0.87,0,0
1829.5,0,0,0.01,10.51,3.43,6.24,0,0,0,3.92,5.19,5.57
1830.83,0,0,0.01,10.51,3.43,6.24,0,0,0,3.05,5.19,5.57
1832.16,0,0,0.01,0,0,5.89,0,0,0,3.05,5.19,5.57
1833.49,0,4.24,0,2.95,1.19,0,0,0,0,0,0,7.61
1834.81,0,4.24,0,2.95,1.19,0,0,0,0,0,0,7.61
1836.14,8.73,5.3,0,8.54,2.33,11.62,1.72,0,0,0,3.4,7.61
1837.46,10.47,1.06,0,5.59,1.15,14.31,1.72,0,0,0,3.4,0
1838.79,10.47,1.06,0,5.59,1.15,14.31,1.72,0,0,0,3.4,0
1840.11,3.81,4.75,2.41,6.84,11.38,11.82,0,0,0,6.26,9.7,9.74
1841.43,3.26,4.75,2.41,6.84,11.38,12.43,0,0,0,6.26,13.48,9.74
1842.75,3.26,4.75,2.41,6.84,11.38,12.43,0,0,0,6.26,13.48,10.17
1844.07,1.19,0,0,0,0,11.9,0,0,0,0,3.78,0.44
1845.39,16.72,10.42,9.37,15.44,12.29,29.91,21.99,16.67,0.85,9.73,12.82,2.3
1846.71,16.72,10.42,9.37,15.44,12.29,29.91,25.44,16.67,0.85,9.73,12.82,1.86
1848.03,16.72,10.42,9.37,15.44,12.29,24.55,25.45,16.67,7.81,9.73,12.82,4.43
1849.34,19.79,9.5,14.76,4.36,1.21,14.74,24.21,22.21,13.36,7.24,5.3,5.58
1850.66,19.79,9.5,14.76,5.31,4,15.13,20.76,22.21,15.22,14.91,5.3,5.58
1851.97,25.76,10.52,14.76,5.31,6.16,11.88,29.72,26.37,8.27,15.46,5.3,8.33
1853.29,8.69,7.79,8.02,6.08,11.92,19.91,27.84,4.17,1.85,26.07,9.55,22.92
1854.6,8.69,7.79,8.02,5.13,9.12,21.15,27.84,5.21,0,20.87,22.72,22.92
1855.91,10.71,21.16,21.3,13.62,19.62,32.66,39.61,23.11,7.63,43.84,45.59,30.55
1857.22,7.99,14.39,13.28,8.5,12.66,13.14,20.73,23.11,7.63,25.99,36.04,12.94
1858.53,8.91,14.39,19.48,19.35,21.67,13,35.9,34.99,18.8,43,35.35,30.83
1859.84,0.92,0,6.2,12.7,12.68,3.95,18.68,12.92,22.07,29.75,20.73,23.89
1861.15,0.92,0,6.2,16.55,12.68,3.95,30.53,12.92,25.03,29.75,20.75,23.89
1862.45,0,0,0,11.21,3.68,2.46,15.36,4.72,13.86,10.27,12.38,6.01
1863.76,13.07,19.49,2.01,30.18,13.64,8.7,43.6,24.45,34.94,18.57,26.97,36.95
1865.06,13.07,19.49,2.01,26.33,14.93,8.7,49.44,27.82,31.99,28.2,26.95,40.96
1866.36,13.07,19.49,2.01,20.83,24.52,8.7,54.02,27.09,36.58,43.56,33.79,40.96
1867.67,0,2.67,0.16,8.75,20.44,14.22,36.39,11.96,12.46,41.07,20.25,18.45
1868.97,0,4.61,0.16,19.8,19.16,19.39,47.35,15.43,28.91,44.53,36.57,19.57
1870.27,0,4.61,0.16,19.8,22.82,19.39,53.68,11.44,50.77,39.74,36.73,27.15
1871.57,3.03,11.42,8.29,26.67,19.36,17.19,58.17,36.44,54.46,42.12,50.06,28.18
1872.87,5.55,12.11,11.06,19.42,23.63,22.54,63.8,40.94,56.29,59.68,41.91,41.73
1874.16,5.55,12.11,11.06,19.42,10.37,22.54,61.14,62.98,29.84,66.64,30.81,47.34
1875.46,2.52,2.63,2.77,3.79,4.27,11.63,60.41,43.45,18.29,58.9,16.68,31.91
1876.75,12.73,14.19,7.97,0,19.53,12.82,55.38,59.97,26.14,45.56,28.61,36.22
1878.05,12.73,14.19,7.97,3.75,24.09,12.82,65.83,52.97,30.48,29.73,34.74,35.7
1879.34,12.73,15.43,7.97,3.75,25.01,17.41,70.43,46.45,51.34,46.41,38.7,48.7
1880.63,0,1.24,0,4.34,17.89,14.22,62.18,37.09,48.31,32.27,33.51,30.88
1881.93,3.26,6.97,0,9.86,24.74,30.05,72.85,40,61.56,47.42,43.26,29.35
1883.22,7.86,10.47,2.17,16.14,23.81,30.82,75.79,53.5,68.4,23.2,49.31,42.77
1884.51,7.86,10.47,2.17,15.56,11.42,24.57,70.64,42.26,59.5,27.6,36.98,47.15
1885.79,6.78,13.4,10.91,16.8,15,18.08,77.53,46.07,89.64,30.4,52.38,68.93
1887.08,2.18,8.66,8.74,10.52,15,12.91,74.68,48.47,84.71,40.82,49.07,53
1888.37,13.8,20.43,16.59,19.8,18.44,22.72,89.09,68.14,107.04,49.53,75.71,64.36
1889.65,15.46,26.11,18.25,27.77,31.42,20.63,78.86,98.51,102.08,58.98,71.09,56.12
1890.94,15.46,26.11,18.25,35.8,33.94,22.41,94.11,102.36,99.6,62.27,71.64,69.73
1892.22,8.11,31.43,27.56,46.07,53.22,42.62,111.06,110.92,112.16,73.96,75.58,78.73
1893.5,4.27,17.1,17.16,30.11,25.92,35.37,107.05,81.85,93.43,58.05,67.26,71.8
1894.78,5.95,25.28,34.06,32.01,37.5,48.54,109.17,93.27,99.84,71.31,80.45,72.38
1896.06,2.12,8.18,21.23,18.79,24.29,23.91,91.44,83.5,81.07,67.09,54.81,65.8
1897.34,2.12,8.18,25.19,16.26,23.6,23.91,85.64,92.99,77.89,73.48,62.46,77.18
1898.62,14.05,12.45,15.78,24.11,22.8,14.03,81.19,96.52,80.08,62.61,65.51,82.62
1899.9,25.3,14.31,23.36,28.95,24.97,19.8,105,121.98,81.53,48.36,76.51,81.02
1901.18,27.63,25.81,33.59,41.05,40.26,37.13,116.06,136.03,92.91,63.07,79.79,73.03
1902.45,20.3,13.36,26.1,25.96,26.96,41.97,113.82,120.11,94.66,64.17,64.47,53.78
1903.72,12.86,11.5,19.98,18.07,31.76,31.69,92.39,100.01,83.55,78.11,55.32,49.7
1905,15.84,6.82,7.3,21.94,21.64,14.36,105.99,93.95,73.48,65.46,52.57,45.69
1906.27,13.93,6.82,10.88,22.25,30.17,4.6,121.28,98.26,66.44,69.53,46.21,44.74
1907.54,9.68,6.82,5.09,22.75,16.69,8.71,115.05,92.71,61.88,53.11,56.37,29.64
1908.81,9.19,12.67,9.93,20.46,11.52,8.71,105.29,81.97,67.47,48.2,52.69,41.37
1910.08,28.92,21.95,16.98,34.37,20.79,25.22,110.33,98.72,85.54,44.46,84.52,67.95
1911.35,41.84,22.38,22.43,30.59,28.36,21.39,113.63,96.05,94.19,55.68,78.97,90.47
1912.62,37.02,9.72,16.08,17.69,28.71,21.39,108.06,89.2,100.33,52.74,69.59,70.84
1913.88,17.82,4.18,9.21,10.66,18.03,11.96,86.64,87.15,90.61,63.3,55.71,64.72
1915.15,4.9,3.75,3.76,10.66,7.46,9.73,98.01,83.59,86.03,54.38,55.68,53.43
1916.41,10.53,8.23,8.25,13.37,16.52,14.2,97.53,88.84,84.59,60.29,62.81,69.66
1917.68,17.63,14,15.35,14.95,24.12,20.38,102.18,88.89,86.97,53.71,71.45,67.05
1918.94,18.1,14.65,17.34,20.49,32.92,24.33,101.86,95.32,95.71,48.53,68.82,68.18
1920.2,18.17,10.17,18.74,21.7,23.51,29.14,95.67,94.55,97.59,32.85,63.03,65.14
1921.46,6.18,5.9,9.14,16.89,20.06,22.94,73.4,74.04,110.06,16.12,46.18,57.39
1922.72,14.34,9.07,14.64,14.51,27.7,33.16,74.82,87.23,116.9,33.46,52.06,74.7
1923.98,14.61,9.07,9.9,10.56,30.41,23.88,86.26,87.78,108.77,47.86,56.33,71.41
1925.24,23.6,18.32,19.15,15.59,36.46,35.18,124.28,126.25,108.22,67.54,68.22,77.06
1926.49,17.06,15.46,15.28,18.48,20.02,19.83,116.1,119.87,105.48,59.72,61.61,65.56
1927.75,19.07,18.63,14.12,31.25,17.31,26.46,120.06,128.29,99.88,61.75,71.17,66.22
1929,13.07,4.12,15.45,28.33,4.42,15.81,100.93,109.3,87.2,59.39,63.68,62.5
1930.26,10.97,3.17,15.88,22.29,4.42,15.81,81.83,100.67,79.88,46.09,77.92,47.85
1931.51,20.17,21.37,28.25,34.55,29.88,37.02,96.74,99.41,101.59,61.86,86.88,67.25
1932.76,17.19,21.37,17.65,25.79,26.38,27.83,94.12,77.28,102.1,53.79,68.34,61.82
1934.01,21.45,21.81,13.61,27.8,26.38,34.18,111.41,83.74,105.87,80.67,53.41,79.68
1935.26,4.26,0.44,1.24,6.9,0.92,10.55,91.28,74.12,101.22,58.84,34.1,47.48
1936.51,18.92,16.61,11.17,20.1,8.92,21.71,101.28,90.97,102.71,67.18,58.96,58.12
1937.76,19.84,16.17,16.52,34.38,8.92,24.59,97.19,86.41,95.78,51.46,62.1,54.05
1939,26.54,20.71,18.4,37.54,17.69,25.02,90.9,84.65,89.99,53.58,63.07,62.8
1940.25,13.54,7.71,10.4,33.89,24.07,18.64,104.4,88.7,76.34,44.21,50.87,58.4
1941.49,8.36,10.49,5.05,23.01,25.23,18.03,104.26,90.1,83.05,55.23,51.4,54.06
1942.74,4.9,9.36,3.17,14.97,22.47,14.17,103.13,92.21,81.12,62.97,52.32,47.77
1943.98,11.76,10.88,11.03,27.16,27.36,21.63,84.25,94.22,98.1,73,62.19,44.1
1945.22,11.76,11.27,11.03,23.21,29.78,13.01,85.83,95.04,92.22,57.86,63.55,49.26
1946.46,10.26,19.77,12.94,28.61,30.3,12.25,99.09,108.56,92.03,54.45,62.64,57.15
1947.7,1.74,20.47,7.31,21.3,19.02,5.87,96.82,91.54,81.65,49.54,61.57,50.87
1948.94,1.74,17.29,7.31,21.63,15.43,6.74,101.12,87.78,79.17,50.24,46.77,48.88
1950.18,4.65,5.39,5.4,16.5,8.91,10.07,103.55,75.81,81.17,57.78,36.46,57.71
1951.41,16.88,4.72,3.41,13.79,6.57,4.2,100.99,68.87,84.19,46.38,22.22,49.94
1952.65,28.26,9.92,13.63,24.4,9.83,18.41,90.01,91.18,102.46,57.92,44.92,50.12
1953.88,28.02,15.8,18.21,28.76,15.33,16.05,80.04,90.85,93.08,39.52,51.34,43.02
1955.12,19.55,11.08,22.4,17.04,8.76,16.05,54.09,97.21,90.4,37.85,62.15,47.64
1956.35,17.18,18.69,26.36,19.25,16.01,8.2,69.48,93.25,85.4,44.9,73.01,44.65
1957.58,12.77,12.81,26.75,14.62,11.69,9.11,59.89,80.33,85.09,48,77.26,33.72
1958.81,10.92,14.86,28.57,14.62,12.86,13.26,68.32,85.42,73.81,44.16,56.57,24.02
1960.04,9.4,9.66,23.38,8.67,6.95,6.03,33.98,72.09,66.77,21.6,45.15,25.42
1961.27,9.4,9.66,18.41,8.67,5.77,4.16,28.1,64.57,65.53,23.88,42.23,26.32
1962.5,17.85,13.1,14.53,11.59,4.82,0,30.24,54.73,66.97,26.21,48.36,38.45
1963.72,30.85,20.75,23.53,15.8,9.4,6.7,51.83,60.36,73.55,38.04,43.33,44.91
1964.95,30.85,20.75,23.53,15.8,9.4,6.7,48.21,56.13,58.93,22.71,26.61,36.87
1966.17,20.48,23.15,23.61,18.74,13.72,9.01,45.39,56.36,45.44,15.98,17.9,27.99
1967.4,6.65,20.98,20.12,20.78,20.8,9.65,35.91,59.28,40.64,20.2,7.91,24.51
1968.62,9.29,20.98,20.12,20.78,23.23,10.77,38.44,77.55,57.86,22.82,10.49,23.47
1969.84,9.29,20.9,14.72,14.91,18.69,8.46,44.87,69.74,57.65,33.26,17.5,30.98
1971.06,2.63,7.81,1.08,3.44,2.42,6.93,29.65,40.94,46.8,13.06,10.25,14.88
1972.28,9.54,9.76,4.46,10.57,4.54,7.6,26.54,44.94,53.41,31.17,24.14,28.22
1973.5,9.54,5.74,4.24,10.57,4.54,10.38,16.79,54.97,72.04,21,23.75,17.46
1974.72,17.1,21.04,16.12,8.93,12.45,17.67,27.48,62.79,76.13,30.47,28.83,22.75
1975.94,13.74,28,14.1,3.71,8.29,15.88,25.86,49.29,59.91,11.86,17.65,14.09
1977.15,13.74,24.21,15.29,3.71,10,13.1,35.46,48.37,36.26,11.58,10.37,30.25
1978.37,6.58,10.37,3.13,4.34,2.08,8.66,30.52,50.59,29.41,7.74,15.29,20.85
1979.58,13.74,2.18,2.63,2.44,13.41,10.06,33.48,44.37,31.8,6.84,10,26.24
1980.79,15.79,11.93,6.33,5.81,11.7,10.06,19.56,24.62,31.5,6.84,10,20.79
1982,15.39,10.48,5.75,3.38,11.7,1.68,13.8,12.67,20.81,1.21,4.19,20.79
1983.22,7.84,22.91,8.21,11.79,10.97,9.83,13.45,21.84,12.59,29.8,11.37,12.67
1984.43,8.73,20.11,10.43,14.43,13.24,10.3,8.7,21.24,17.19,29.8,11.37,7.94
1985.63,12.47,21.2,14.35,27.39,13.24,17.75,13.11,26.23,23.1,34.02,7.18,8.27
1986.84,6.68,15.71,12.54,18.98,2.27,8.2,6.89,22.24,24.04,8.89,0,6.32
1988.05,8.74,15.09,11.95,17.45,5.79,9.27,18.2,31.5,31.1,11.11,4.58,7.63
1989.25,10.57,14,8.02,4.49,5.79,1.54,13.79,25.65,28.17,8.53,4.58,7.3
1990.46,23.38,21.79,19.51,19.7,16.35,11.43,17.93,15.71,34.49,13.22,13.47,26.71
1991.66,18.37,15.46,16.21,15.21,10.55,9.89,6.62,6.44,25.93,11,8.89,19.41
1992.87,22.83,25.46,29.09,18.9,17.29,11.87,6.62,1.98,44.05,9.37,8.89,20.97
1994.07,10.03,10,16.1,3.69,6.73,1.98,0,1.78,28.84,0,0,1.55
1995.27,15.6,17.86,12.89,3.69,6.73,1.98,0,1.78,25.74,0,0,1.55
1996.47,6.68,8.92,3.64,0,5.56,0,0,5.03,2.24,0,0,0
1997.67,13.78,8.92,3.64,0,5.56,0,0,5.03,2.24,0,0,1.6
1998.86,8.28,1.06,3.64,0,5.56,0,0,5.03,2.24,0,0,1.6
2000.06,7.17,0,0,0,0,0,0,0,0,0,0,1.6
2001.26,8.08,0.59,9.54,0,7.98,3.26,0,0,0,0,0,0
2002.45,8.01,0.59,9.54,0,7.98,3.26,0,0,0,0,0,0
2003.65,8.83,7.64,9.54,0.8,7.98,3.26,0,0.65,0,0,0,0
2004.84,0.82,7.05,0,0.8,0,0,0,0.65,0,0,0,0
2006.03,1.1,7.21,3.15,0.8,0,0,0,0.65,0,0,0,0
2007.22,0.28,0.16,8.25,0,0,0,0,0,0,0,0,0
2008.41,0,0,15.3,0,0,0,0,0,0,0,0,0
