wavenumber,UD0,UD1,UD2,UD3,UD4,UD5,UD6,UD7,UD8,UD9,UD10,UD11,UD12,UD13,UD14,UD15,UD16,UD17,UD18,UD19,UD20,UD21,UD22,UD23,UD24,UD25,UD26,UD27,UD28,UD29,UD30,UD31,UD32,UD33,UD34,UD35,UD36,UD37,UD38,UD39
498.72,0,0,0,0,0,0,0,0,0,0,0,0,0,0,0,0,0,0,0,0,0,0,0,0,0,0,0,0,0,0,0,0,0,0,0,0,0,0,0,0
500.83,0,0,0,0,0,0,0,0,0,0,0,0,0,0,0,0,0,0,0,0,0,0,0,0,0,0,0,0,0,0,0,0,0,0,0,0,0,0,0,0
502.93,0,0,0,0,0,0,0,0,0,0,0,0,0,0,0,0,0,0,0,0,0,0,0,0,0,0,0,0,0,0,0,0,0,0,0,0,0,0,0,0
505.04,0,0,0,0,0,0,0,0,0,0,0,0,0,0,0,0,0,0,0,0,0,0,0,0,0,0,0,0,0,0,0,0,0,0,0,0,0,0,0,0
507.15,0,0,0,0,0,0,0,0,0,0,0,0,0,0,0,0,0,0,0,0,0,0,0,0,0,0,0,0,0,0,0,0,0,0,0,0,0,0,0,0
509.25,0,0,0,0,0,0,0,0,0,0,0,0,0,0,0,0,0,0,0,0,0,0,0,0,0,0,0,0,0,0,0,0,0,0,0,0,0,0,0,0
511.36,0,0,0,0,0,0,0,0,0,0,0,0,0,0,0,0,0,0,0,0,0,0,0,0,0,0,0,0,0,0,0,0,0,0,0,0,0,0,0,0
513.46,0,0,0,0,0,0,0,0,0,0,0,0,0,0,0,0,0,0,0,0,0,0,0,0,0,0,0,0,0,0,0,0,0,0,0,0,0,0,0,0
515.56,0,0,0,0,0,0,0,0,0,0,0,0,0,0,0,0,0,0,0,0,0,0,0,0,0,0,0,0,0,0,0,0,0,0,0,0,0,0,0,0
517.66,0,0,0,0,0,0,0,0,0,0,0,0,0,0,0,0,0,0,0,0,0,0,0,0,0,0,0,0,0,0,0,0,0,0,0,0,0,0,0,0
519.77,0,0,0,0,0,0,0,0,0,0,0,0,0,0,0,0,0,0,0,0,0,0,0,0,0,0,0,0,0,0,0,0,0,0,0,0,0,0,0,0
521.86,0,0,0,0,0,0,0,0,0,0,0,0,0,0,0,0,0,0,0,0,0,0,0,0,0,0,0,0,0,0,0,0,0,0,0,0,0,0,0,0
523.96,0,0,0,0,0,0,0,0,0,0,0,0,0,0,0,0,0,0,0,0,0,0,0,0,0,0,0,0,0,0,0,0,0,0,0,0,0,0,0,0
526.06,0,0,0,0,0,0,0,0,0,0,0,0,0,0,0,0,0,0,0,0,0,0,0,0,0,0,0,0,0,0,0,0,0,0,0,0,0,0,0,0
528.16,0,0,0,0,0,0,0,0,0,0,0,0,0,0,0,0,0,0,0,0,0,0,0,0,0,0,0,0,0,0,0,0,0,0,0,0,0,0,0,0
530.25,0,0,0,0,0,0,0,0,0,0,0,0,0,0,0,0,0,0,0,0,0,0,0,0,0,0,0,0,0,0,0,0,0,0,0,0,0,0,0,0
532.35,0,0,0,0,0,0,0,0,0,0,0,0,0,0,0,0,0,0,0,0,0,0,0,0,0,0,0,0,0,0,0,0,0,0,0,0,0,0,0,0
534.44,0,0,0,0,0,0,0,0,0,0,0,0,0,0,0,0,0,0,0,0,0,0,0,0,0,0,0,0,0,0,0,0,0,0,0,0,0,0,0,0
536.53,0,0,0,0,0,0,0,0,0,0,0,0,0,0,0,0,0,0,0,0,0,0,0,0,0,0,0,0,0,0,0,0,0,0,0,0,0,0,0,0
538.62,0,0,0,0,0,0,0,0,0,0,0,0,0,0,0,0,0,0,0,0,0,0,0,0,0,0,0,0,0,0,0,0,0,0,0,0,0,0,0,0
540.71,0,0,0,0,0,0,0,0,0,0,0,0,0,0,0,0,0,0,0,0,0,0,0,0,0,0,0,0,0,0,0,0,0,0,0,0,0,0,0,0
542.8,0,0,0,0,0,0,0,0,0,0,0,0,0,0,0,0,0,0,0,0,0,0,0,0,0,0,0,0,0,0,0,0,0,0,0,0,0,0,0,0
544.89,0,0,0,0,0,0,0,0,0,0,0,0,0,0,0,0,0,0,0,0,0,0,0,0,0,0,0,0,0,0,0,0,0,0,0,0,0,0,0,0
546.98,0,0,0,0,0,0,0,0,0,0,0,0,0,0,0,0,0,0,0,0,0,0,0,0,0,0,0,0,0,0,0,0,0,0,0,0,0,0,0,0
549.06,0,0,0,0,0,0,0,0,0,0,0,0,0,0,0,0,0,0,0,0,0,0,0,0,0,0,0,0,0,0,0,0,0,0,0,0,0,0,0,0
551.15,0,0,0,0,0,0,0,0,0,0,0,0,0,0,0,0,0,0,0,0,0,0,0,0,0,0,0,0,0,0,0,0,0,0,0,0,0,0,0,0
553.23,0,0,0,0,0,0,0,0,0,0,0,0,0,0,0,0,0,0,0,0,0,0,0,0,0,0,0,0,0,0,0,0,0,0,0,0,0,0,0,0
555.32,0,0,0,0,0,0,0,0,0,0,0,0,0,0,0,0,0,0,0,0,0,0,0,0,0,0,0,0,0,0,0,0,0,0,0,0,0,0,0,0
557.4,0,0,0,0,0,0,0,0,0,0,0,0,0,0,0,0,0,0,0,0,0,0,0,0,0,0,0,0,0,0,0,0,0,0,0,0,0,0,0,0
559.48,0,0,0,0,0,0,0,0,0,0,0,0,0,0,0,0,0,0,0,0,0,0,0,0,0,0,0,0,0,0,0,0,0,0,0,0,0,0,0,0
561.56,0,0,0,0,0,0,0,0,0,0,0,0,0,0,0,0,0,0,0,0,0,0,0,0,0,0,0,0,0,0,0,0,0,0,0,0,0,0,0,0
563.64,0,0,0,0,0,0,0,0,0,0,0,0,0,0,0,0,0,0,0,0,0,0,0,0,0,0,0,0,0,0,0,0,0,0,0,0,0,0,0,0
565.72,0,0,0,0,0,0,0,0,0,0,0,0,0,0,0,0,0,0,0,0,0,0,0,0,0,0,0,0,0,0,0,0,0,0,0,0,0,0,0,0
567.8,0,0,0,0,0,0,0,0,0,0,0,0,0,0,0,0,0,0,0,0,0,0,0,0,0,0,0,0,0,0,0,0,0,0,0,0,0,0,0,0
569.87,0,0,0,0,0,0,0,0,0,0,0,0,0,0,0,0,0,0,0,0,0,0,0,0,0,0,0,0,0,0,0,0,0,0,0,0,0,0,0,0
571.95,0,0,0,0,0,0,0,0,0,0,28.25983691,0,0,0,0,0,0,0,0,0,0,0,0,0,0,0,0,0,0,0,0,0,0,0,0,0,0,0,0,0
574.02,0,0,0,0,0,0,0,0,0,0,58.25995671,0,0,0,0,0,0,0,0,0,0,0,0,0,0,0,0,0,0,0,0,0,0,0,0,0,0,0,0,0
576.09,0,0,0,0,0,0,0,0,0,0,79.86771125,0,0,0,0,0,0,0,0,0,0,0,0,0,0,0,0,0,0,0,0,0,0,0,0,0,0,0,0,0
578.17,0,0,0,0,0,0,0,0,0,0,93.12657367,0,0,0,0,0,0,0,0,0,0,0,0,0,0,0,0,0,0,0,0,0,0,0,0,0,0,0,0,0
580.24,0,0,0,0,0,0,0,0,0,0,97.90905488,0,0,0,0,0,0,0,0,0,0,0,0,0,0,0,0,0,0,0,0,0,0,0,0,0,0,0,0,0
582.31,0,0,0,0,0,0,0,0,0,0,94.29917084,0,0,0,0,0,0,0,0,0,0,0,0,0,0,0,0,0,0,0,0,0,0,0,0,0,0,0,0,0
584.38,0,0,0,0,0,0,0,0,0,0,82.29692155,0,0,0,0,0,0,0,0,0,0,0,0,0,0,0,0,0,0,0,0,0,0,0,0,0,0,0,0,0
586.45,0,0,0,0,0,0,0,0,0,0,61.902307,0,0,0,0,0,0,0,0,0,0,0,0,0,0,0,0,0,0,0,0,0,0,0,0,0,0,0,0,0
588.51,0,0,0,0,0,0,0,0,0,0,33.27456822,0,0,0,0,0,0,0,0,0,0,0,0,0,0,0,0,0,0,0,0,0,0,0,0,0,0,0,0,0
590.58,0,0,0,0,0,0,0,0,0,0,0,0,0,0,0,0,0,0,0,0,0,0,0,0,0,0,0,0,0,0,0,0,0,0,0,0,0,0,0,0
592.64,0,0,0,0,0,0,0,0,0,0,0,0,0,0,0,0,0,0,0,0,0,0,0,0,0,0,0,0,0,0,0,0,0,0,0,0,0,0,0,0
594.71,0,0,0,0,0,0,0,0,0,0,0,0,0,0,0,0,0,0,0,0,0,0,0,0,0,0,0,0,0,0,0,0,0,0,0,0,0,0,0,0
596.77,0,0,0,0,0,0,0,0,0,0,0,0,0,0,0,0,0,0,0,0,0,0,0,0,0,0,0,0,0,0,0,0,0,0,0,0,0,0,0,0
598.83,0,0,0,0,0,0,0,0,0,0,0,0,0,0,0,0,0,0,0,0,0,0,0,0,0,0,0,0,0,0,0,0,0,0,0,0,0,0,0,0
600.89,0,0,0,0,0,0,0,0,0,0,0,0,0,0,0,0,0,0,0,0,0,0,0,0,0,0,0,0,0,0,0,0,0,0,0,0,0,0,0,0
602.95,0,0,0,0,0,0,0,0,0,0,0,0,0,0,0,0,0,0,0,0,0,0,0,0,0,0,0,0,0,0,0,0,0,0,0,0,0,0,0,0
605.01,0,0,0,0,0,0,0,0,0,0,0,0,0,0,0,0,0,0,0,0,0,0,0,0,0,0,0,0,0,0,0,0,0,0,0,0,0,0,0,0
607.07,0,0,0,0,0,0,0,0,0,0,0,0,0,0,0,0,0,0,0,0,0,0,0,0,0,0,0,0,0,0,0,0,0,0,0,0,0,0,0,0
609.13,0,0,0,0,0,0,0,0,0,0,0,0,0,0,0,0,0,0,0,0,0,0,0,0,0,0,0,0,0,0,0,0,0,0,0,0,0,0,0,0
611.18,0,0,0,0,0,0,19.77740804,0,0,0,0,0,0,0,1.489258678,0,0,0,0,0,0,0,0,0,0,0,0,0,0,0,0,0,0,0,0,0,0,0,0,0
613.24,0,0,0,0,0,0,36.63268689,0,0,0,0,0,0,0,27.58375562,0,0,0,0,0,0,0,0,0,0,0,0,0,0,0,0,0,0,0,0,0,0,0,0,0
615.29,0,0,0,0,0,0,48.53761908,0,0,0,0,0,0,0,47.53211859,0,0,0,0,0,0,0,0,0,0,0,0,0,0,0,0,0,0,0,0,0,0,0,0,0
617.35,0,0,0,0,0,0,55.60835029,0,0,0,0,0,0,0,61.52896575,0,0,0,0,0,0,0,0,0,0,0,0,0,0,0,0,0,0,0,0,0,0,0,0,0
619.4,0,0,0,0,0,0,57.77623265,0,0,0,0,0,0,0,69.43840539,0,0,0,0,0,0,0,0,0,0,0,0,0,0,0,0,0,0,0,0,0,0,0,0,0
621.45,0,0,0,0,0,0,55.08743565,0,0,0,0,0,0,0,71.34302927,0,0,0,0,0,0,0,0,0,0,0,0,0,0,0,0,0,0,0,0,0,0,0,0,0
623.5,0,0,0,0,0,0,47.54195928,0,0,0,0,0,0,0,67.24283737,0,0,0,0,0,0,0,0,0,0,0,0,0,0,0,0,0,0,0,0,0,0,0,0,0
625.55,0,0,0,0,0,0,35.13980356,0,0,0,0,0,0,0,57.1378297,0,0,0,0,0,0,0,0,0,0,0,0,0,0,0,0,0,0,0,0,0,0,0,0,0
627.6,0,0,0,0,0,0,17.88096848,0,0,0,0,0,0,0,41.02800626,0,0,0,0,0,0,0,0,0,0,0,0,0,0,0,0,0,0,0,0,0,0,0,0,0
629.64,0,0,0,0,4.384536137,0,0,0,0,0,0,0,0,0,19.03581779,0,0,0,0,0,0,0,0,0,0,0,0,0,0,0,0,0,0,0,0,0,0,0,0,0
631.69,0,0,0,0,12.75905172,0,0,0,0,0,0,0,0,0,0,0,0,0,0,0,0,0,0,0,0,0,0,0,0,0,0,0,0,0,0,0,0,0,0,0
633.73,0,0,0,0,18.98036139,0,0,0,0,0,0,0,0,0,0,0,0,0.467688244,0,0,0,0,0,0,0,0,0,0,0,0,0,0,0,0,0,0,0,0,0,0
635.78,0,0,0,0,23.10945839,0,0,0,0,0,0,0,0,0,0,0,0,1.246151269,0,0,0,0,0,0,0,0,0,0,0,0,0,0,0,0,0,0,0,0,0,0
637.82,0,0,0,0,25.10605882,0,0,0,0,0,0,0,0,0,0,0,0,1.821383851,0,0,0,0,0,0,0,0,0,0,0,0,0,0,0,0,0,0,0,0,0,0
639.86,0,0,0,0,24.99546932,0,0,0,0,0,0,0,0,0,0,0,0,2.197670983,0,0,0,0,0,0,0,0,0,0,0,0,0,0,0,0,0,0,0,0,0,0
641.9,0,0,0,0,22.77768988,0,0,0,0,0,0,0,0,0,0,0,0,2.375012664,0,0,0,0,0,0,0,0,0,0,0,0,0,0,0,0,0,0,0,0,0,0
643.94,0,0,0,0,18.45272051,0,0,0,0,0,0,0,0,0,0,0,0,2.353408895,0,0,0,0,0,0,0,0,0,0,0,0,0,0,0,0,0,0,0,0,0,0
645.98,0,0,0,0,12.0205612,0,0,0,0,0,0,0,0,0,0,0,0,2.132859675,0,0,0,0,0,0,0,0,0,0,0,0,0,0,0,0,0,0,0,0,0,0
648.02,0,0,0,0,3.481211952,0,0,0,0,0,0,0,0,0,0,0,0,1.713365004,0,0.256698749,0,0,0,0,0,0,0,0,0,0,0,0,0,0,0,0,0,0,0,0
650.06,0,0,0,0,0,0,0,0,0,0,0,0,0,0,0,0,0,1.094924883,0,2.015956791,0,0,0,0,0,0,0,0,0,0,0,0,0,0,0,0,0,0,0,0
652.09,0,0,0,0,0,0,0,0,0,0,0,0,0,0,0,0,0,0.282031325,0,3.357905399,0,0,0,0,0,0,0,0,0,0,0,0,0,0,0,0,0,0,0,0
654.13,0,0,0,0,0,0,0,0,0,0,0,0,0,0,0,0,0,0,0,4.295765741,0,0,0,0,0,0,0,0,0,0,0,0,0,0,0,0,0,0,0,0
656.16,0,0,0,0,0,0,0,0,0,0,0,0,0,0,0,0,0,0,0,4.820343108,0,0,0,0,0,0,0,0,0,0,0,0,0,0,0,0,0,0,0,0
658.2,0,0,0,0,0,0,0,0,0,0,12.52260931,0,0,0,0,0,0,0,0,4.93680575,0,0,0,0,0,0,0,0,0,0,0,0,0,0,0,0,0,0,0,0
660.23,0,0,0,0,0,0,0,0,0,0,35.1122555,0,0,0,0,0,0,0,0,4.644011876,0,0,0,0,0,0,0,0,0,0,0,0,0,0,0,0,0,0,0,0
662.26,0,0,0,0,0,0,0,0,0,0,51.99521481,0,0,0,0,0,0,0,0,3.943536524,0,0,0,0,0,0,0,0,0,0,0,0,0,0,0,0,0,0,0,0
664.29,0,0,0,0,0,0,0,0,0,0,63.17148722,0,0,0,0,0,0,0,0,2.835379693,0,0,0,0,0,0,0,0,0,0,0,0,0,0,0,0,0,0,0,0
666.32,0,0,0,0,0,0,0,0,0,0,68.64107274,0,0,0,0,0,0,0,0,1.319541383,0,0,0,0,0,0,0,0,0,0,0,0,0,0,0,0,0,0,0,0
668.34,0,0,0,0,0,0,0,0,0,0,68.419126,0,0,0,0,0,0,0,0,0,0,0,0,0,0,0,0,0,0,0,0,0,0,0,0,0,0,0,0,0
670.37,0,0,0,0,0,0,0,0,0,0,62.50344949,0,0,0,0,0,0,0,0,0,0,0,0,0,0,0,0,0,0,0,0,0,0,0,0,0,0,0,0,0
672.4,0,0,0,0,0,0,0,0,0,0,50.8810861,0,0,0,0,0,0,0,0,0,0,0,0,0,0,0,0,0,0,0,0,0,0,0,0,0,0,0,0,0
674.42,0,0,0,0,0,0,0,0,0,0,33.65138723,0,0,0,0,0,0,0,0,0,0,0,0,0,0,0,0,0,0,0,0,0,0,0,0,0,0,0,0,0
676.45,0,0,0,0,0,0,0,0,0,0,10.64376181,0,0,0,0,0,0,0,0,0,0,0,0,0,0,0,0,0,0,0,0,0,0,0,0,0,0,0,0,0
678.47,0,0,0,0,0,0,0,0,0,0,0,0,0,0,0,0,0,0,0,0,0,0,0,0,0,0,0,0,0,0,0,0,0,0,0,0,0,0,0,0
680.49,0,0,0,0,0,0,0,0,0,0,0,0,0,0,0,0,0,0,0,0,0,0,0,0,0,0,0,0,0,0,0,0,0,0,0,0,0,0,0,0
682.51,0,0,0,0,0,0,0,0,0,0,0,0,0,0,0,0,0,0,0,0,0,0,0,0,0,0,0,0,0,0,0,0,0,0,0,0,0,0,0,0
684.53,0,0,0,0,0,0,0,0,0,0,0,0,0,0,0,0,18.3003392,0,0,0,0,0,0,0,0,0,0,0,0,0,0,0,0,0,0,0,0,0,0,0
686.55,0,0,0,0,0,0,0,0,0,0,0,0,0,0,0,0,46.6807963,0,0,0,0,0,0,0,0,0,0,0,0,0,0,0,0,0,0,0,0,0,0,0
688.57,0,0,0,0,0,0,0,0,0,0,0,0,0,0,0,0,67.80590649,0,0,0,0,0,0,0,0,0,0,0,0,0,0,0,0,0,0,0,0,0,0,0
690.58,0,0,0,0,0,0,0,0,0,0,0,0,0,0,0,0,81.62487746,0,0,0,0,0,0,0,0,0,0,0,0,0,0,0,0,0,0,0,0,0,0,0
692.6,0,0,0,0,0,0,0,0,0.908663155,0,0,0,0,0,0,0,88.2752114,0,0,0,0,0,0,0,0,0,0,0,0,0,0,0,0,0,0,0,0,0,0,0
694.61,0,0,0,0,0,0,0,0,6.974369666,0,0,0,0,0,0,0,87.69106342,0,0,0,0,0,0,0,0,0,0,0,0,0,0,0,0,0,0,0,0,0,0,0
696.63,0,0,0,0,0,0,0,0,11.66302179,0,0,0,0,0,0,0,79.86662111,0,0,0,0,0,0,0,0,0,0,0,0,0,0,0,0,0,0,0,0,0,0,0
698.64,0,0,0,0,0,0,0,0,14.92819722,0,0,0,0,0,0,0,64.87935419,0,0,0,0,0,0,0,0,0,0,0,0,0,0,0,0,0,0,0,0,0,0,0
700.65,0,0,0,0,0,0,0,0,16.79658173,0,0,0,0,0,0,0,42.70839767,0,0,0,0,0,0,0,0,0,0,0,0,0,0,0,0,0,0,0,0,0,0,0
702.66,0,0,0,0,0,19.25042092,0,0,17.2681753,0,0,0,0,0,0,0,13.35375155,0,0,0,0,0,0,0,0,0,0,0,0,0,0,0,0,0,0,0,0,0,0,0
704.67,0,0,0,0,0,34.21079146,0,0,16.34297793,0,0,0,0,0,0,0,0,0,0,0,0,0,0,0,0,0,0,0,0,0,0,0,0,0,0,0,0,0,0,0
706.68,0,8.063445433,0,0,0,44.8669902,0,0,14.02098964,0,0,0,0,0,0,0,0,18.77056766,0,0,0,0,0,0,0,0,0,0,0,0,0,0,0,0,0,0,0,0,0,0
708.69,0,18.27124096,0,0,0,51.21901715,0,0,10.30221041,0,0,0,0,0,0,0,0,50.25863174,0,0,0,0,0,0,0,0,0,0,0,0,0,0,0,0,0,0,0,0,0,0
710.69,0,25.77965087,0,0,0,53.26733761,0,0,5.215548164,0,0,0,0,0,0,0,0,73.7250157,0,0,0,0,0,0,0,0,0,0,0,0,0,0,0,0,0,0,13.84837613,0,0,0
712.7,0,30.66375926,0,0,0,51.03243476,0,0,0,0,0,0,0,0,0,0,0,89.40438337,0,0,0,0,0,0,0,0,0,0,0,0,0,0,0,0,0,0,215.6281572,0,0,0
714.7,0,32.87496803,0,0,0,44.53654647,0,11.88866299,0,0,0,0,0,0,0,0,0,97.14072113,0,0,0,0,0,0,0,0,0,0,0,0,0,0,0,0,0,0,371.0295968,0,0,0
716.71,0,32.43538928,0,0,0,33.71471383,0,26.23461036,0,0,0,0,0,0,0,0,0,97.01139238,0,0,0,0,0,0,0,0,0,0,0,0,0,0,0,0,0,0,481.6067092,0,0,0
718.71,0,29.34939692,0,0,0,18.67461679,0,36.75856332,0,0,0,0,0,0,0,0,0,89.01768396,0,0,0,0,0,0,0,0,0,0,0,0,0,0,0,0,0,0,546.2592248,0,0,0
720.71,0,23.62140897,0,0,0,0,0,43.54124789,0,0,0,0,0,0,0,0,0,73.17856597,0,0,0,0,0,0,0,0,0,0,0,0,0,0,0,0,0,0,565.6504318,0,0,0
722.71,0,15.25142545,0,0,0,0,0,46.58266409,0,0,0,0,0,0,0,0,0,49.49403841,0,0,0,0,0,0,0,0,0,0,0,0,0,0,0,0,0,0,539.78033,0,0,0
724.71,0,4.23944635,0,0,0,0,0,45.88281191,0,0,0,0,0,0,0,0,0,17.96410129,0,0,0,0,0,0,0,0,0,0,0,0,0,0,0,0,0,0,468.6489195,0,0,0
726.71,0,0,0,0,8.629049295,0,10.62115913,41.44169136,0,0,0,0,0,0,0,0,0,0,0,0,0,0,0,0,0,0,0,0,0,0,0,0,0,0,0,0,352.2562003,0,0,0
728.71,0,0,0,0,19.2707037,0,25.16414038,33.25930243,0,0,0,0,0,0,0,0,0,0,0,0,0,0,0,0,0,0,0,0,0,0,0,0,0,0,0,0,190.6021724,0,0,0
730.7,0,0,0,0,27.10423725,0,35.928116,21.40456981,0,0,0,0,0,0,0,0,0,0,0,0,0,0,0,0,0,0,0,0,0,0,0,0,0,0,0,0,0,0,0,0
732.7,0,0,0,0,32.20837893,0,43.02126666,5.758350472,0,0,0,0,0,0,0,0,0,0,0,0,0,0,0,0,0,0,0,0,0,0,0,0,0,0,0,0,0,0,0,0
734.69,0,0,0,0,34.53208732,0,46.37266084,0,0,0,0,0,0,0,0,0,0,0,0,0,0,0,0,0,0,0,0,0,0,0,0,0,0,0,0,0,0,0,0,0
736.69,0,0,0,0,34.09871628,0,46.01598091,0,0,0,0,0,0,0,0,0,0,0,0,0,0,0,0,0,0,0,0,0,0,0,0,0,0,0,0,0,0,0,0,0
738.68,0,0,0,0,30.91259952,0,41.95479366,0,0,0,0,0,0,0,0,0,0,0,0,0,0,0,0,0,0,0,0,0,0,0,0,0,0,0,0,0,0,0,0,0
740.67,0,0,0,0,24.97847472,0,34.19660464,0,0,0,0,0,0,0,0,0,0,0,0,0,0,0,0,0,0,0,0,0,0,0,0,0,0,0,0,0,0,0,0,0
742.66,0,0,0,0,16.29634188,0,22.74141385,0,0,0,0,0,0,0,0,0,0,0,0,0,0,0,0,0,0,0,0,0,0,0,0,0,0,0,0,0,0,0,0,0
744.65,0,0,0,0,4.866201011,0,7.589221296,0,0,0,0,0,0,0,0,0,0,0,0,0,0,0,0,0,0,0,0,0,0,0,0,0,163.8930223,0,0,0,0,0,0,0
746.64,0,0,0,0,0,0,0,0,0,0,0,0,0,0,0,0,0,0,2.797873187,0,0,0,0,0,0,0,0,0,0,0,0,0,569.2700524,0,0,0,0,0,0,0
748.63,0,0,0,0,0,0,0,0,0,0,0,0,0,0,0,0,0,0,7.234249155,0,0,0,0,0,0,0,0,0,0,0,0,0,877.5974049,0,0,0,0,0,0,0
750.61,0,0,0,0,0,0,0,0,0,0,0,0,0,0,0,0,0,0,10.54641701,0,0,0,0,0,0,0,0,0,0,0,0,0,1088.056001,0,0,0,0,0,0,0
752.6,0,0,0,0,0,0,0,0,0,0,0,0,0,0,0,0,0,0,12.76783299,0,0,0,0,0,0,0,0,0,0,0,0,0,1202.771685,0,0,0,0,0,0,0
754.58,0,0,0,0,0,0,0,0,0,0,0,0,0,0,0,0,0,0,13.87617131,0,0,0,0,0,0,0,0,0,0,0,0,0,1220.591536,0,0,0,0,0,0,0
756.57,0,0,0,0,0,0,0,0,0,0,0,0,0,0,0,0,0,0,13.8826273,0,0,0,0,0,0,0,0,0,0,0,0,0,1141.695551,0,0,0,0,0,0,0
758.55,0,0,0,0,0,0,0,0,0,0,0,0,0,0,0,0,0,0,12.78713608,0,0,0,0,0,0,0,0,0,0,0,0,0,966.8766564,0,0,0,0,0,0,0
760.53,0,0,0,0,0,0,0,0,0,0,0,0,0,0,0,0,0,0,10.59250569,0,0,0,0,0,0,0,0,0,0,0,0,0,695.9810069,0,0,0,0,0,0,0
762.51,0,0,0,0,0,0,0,0,0,0,0,0,0,0,0,0,0,0,7.298736141,0,0,0,0,0,0,0,0,0,0,0,0,0,329.0086027,0,0,0,0,0,0,0
764.49,0,0,0,0,0,0,0,0,0,0,0,0,0,0,0,0,0,0,2.905827426,0,0,0,0,0,0,0,0,0,0,0,0,0,0,0,0,0,0,0,0,0
766.47,0,0,0,0,0,0,0,0,0,0,0,0,0,0,0,0,0,0,0,0,0,0,0,0,0,0,0,0,0,0,0,0,0,0,0,0,0,0,0,0
768.45,0,0,0,0,0,0,0,0,0,0,0,0,0,0,0,0,0,0,0,0,0,0,0,0,0,0,0,0,0,0,0,0,0,0,0,0,0,0,0,0
770.42,0,0,0,0,0,0,0,0,0,0,0,0,0,0,0,0,0,0,0,0,0,0,0,0,0,0,0,0,0,0,0,0,0,0,0,0,0,0,0,0
772.4,0,0,0,0,0,0,0,0.852010316,0,0,0,0,0,0,0,0,0,0,0,0,0,0,0,0,0,0,0,0,0,0,0,0,0,0,0,0,0,0,0,0
774.37,0,0,0,0,0,0,0,10.17015272,0,0,0,0,0,0,0,0,0,0,0,0,0,0,0,0,0,0,0,0,0,0,0,0,0,0,0,0,0,0,0,0
776.34,0,0,0,0,0,0,0,17.41507527,0,0,0,0,0,0,0,0,0,0,0,0,0,0,0,0,0,0,0,0,0,0,0,0,0,0,0,0,0,0,0,0
778.32,0,0,0,0,0,0,0,22.60774158,0,0,0,0,0,0,0,0,0,0,0,0,0,0,0,0,0,0,0,0,0,0,0,0,0,0,0,0,0,0,0,0
780.29,0,0,0,0,0,0,0,25.69570048,0,0,0,0,0,0,0,0,0,0,0,0,0,0,0,0,0,0,0,0,0,0,0,0,0,0,0,0,0,0,0,0
782.26,0,0,0,0,0,0,0,26.71043953,0,0,0,0,0,0,0,0,0,0,0,0,0,0,0,0,0,0,0,0,0,0,0,0,0,0,0,0,0,0,0,0
784.23,0,0,0,0,0,0,0,25.65195872,0,0,0,0,0,0,0,0,0,0,0,0,0,0,0,0,0,0,0,0,0,0,0,0,0,0,0,0,0,0,0,0
786.2,0,0,0,0,0,0,0,22.52025807,0,0,0,0,0,0,0,0,0,0,0,0,0,0,0,0,0,0,0,0,0,0,0,0,0,0,0,0,0,157.6301477,0,0
788.16,0,0,0,0,0,0,0,17.34699376,0,0,0,0,0,0,0,0,0,0,0,0,0,0,0,0,0,0,0,0,0,0,0,0,0,0,0,0,0,601.2704989,0,0
790.13,0,0,0,0,0,0,8.188574777,10.07937737,0,0,0,0,0,0,0,0,0,0,0,0,0,0,0,0,0,0,0,0,0,0,0,0,0,0,0,0,0,943.0588347,0,0
792.09,0,0,0,0,0,0,19.95655049,0.791191806,0,0,0,0,0,0,0,0,0,0,0,0,0,0,0,0,0,0,0,0,0,0,0,0,0,0,0,0,0,1179.525223,0,0
794.06,0,0,0,0,0,0,28.83518359,0,0,0,0,0,0,0,0,0,0,0,0,0,0,0,0,0,0,0,0,0,0,0,0,0,0,0,0,0,0,1313.082585,0,0
796.02,0,0,0,0,0,0,34.73433565,0,0,0,0,0,0,0,0,0,0,0,0,0,0,0,0,0,0,0,0,0,0,0,0,0,0,0,0,0,0,1342.37501,0,0
797.98,0,0,0,0,0,0,37.70654259,0,0,0,0,0,0,0,0,0,0,0,0,0,0,0,0,0,0,0,0,0,0,0,0,0,0,0,0,0,0,1268.344034,0,0
799.94,0,0,0,0,0,0,37.7518044,0,0,0,0,0,0,0,0,0,0,0,0,0,0,0,0,0,0,0,0,0,0,0,0,0,0,0,0,0,0,1090.989656,0,0
801.9,0,0,0,0,0,0,34.87012109,0,0,0,0,0,0,0,0,0,0,0,0,0,0,0,0,0,0,0,0,0,0,0,0,0,0,0,0,0,0,810.3118759,0,0
803.86,0,0,0,0,0,0,29.06149265,0,0,0,0,0,0,0,0,0,0,0,0,0,0,0,0,0,0,0,0,0,0,0,0,0,0,0,0,0,0,426.3106948,0,0
805.82,0,0,0,0,0,0,20.32591908,0,0,0,7.469453797,0,0,0,0,0,0,0,0,0,0,0,0,0,0,0,0,0,0,0,0,0,0,0,0,0,0,0,0,0
807.78,0,0,0,0,0,0,8.663400378,0,0,0,23.20587563,0,0,0,0,0,0,0,0,0,0,0,0,0,0,0,0,0,0,0,0,0,0,0,0,0,0,0,0,0
809.73,0,0,0,0,0,0,0,0,0,0,35.13989937,0,0,0,0,0,0,0,0,0,0,0,0,0,0,0,0,0,0,0,0,0,0,0,0,0,0,0,0,0
811.69,0,0,0,0,0,0,0,0,0,0,43.39392526,0,0,0,0,0,0,0,0,0,0,0,0,0,0,0,0,0,0,0,0,0,0,0,0,0,0,0,0,0
813.64,0,0,0,0,0,0,0,0,0,0,47.88372856,0,0,0,0,0,0,0,0,0,0,0,0,0,0,0,0,0,0,0,0,0,0,0,0,0,0,0,0,0
815.6,0,0,0,0,0,0,0,0,0,0,48.65535851,0,0,0,0,0,0,0,0,0,0,0,0,0,0,0,0,0,0,0,0,0,0,0,0,0,0,0,0,0
817.55,0,0,0,0,0,0,0,0,0,0,45.70094136,0,0,0,0,0,0,0,0,0,0,0,0,0,0,0,0,0,0,0,0,0,0,0,0,0,0,0,0,0
819.5,0,0,0,0,0,0,0,0,0,0,39.03393345,0,0,0,0,0,0,0,0,0,0,0,0,0,0,0,0,0,0,0,0,0,0,0,0,0,0,0,0,0
821.45,0,0,0,0,0,0,0,0,0,0,28.65433478,0,0,0,0,0,0,0,0,0,0,0,0,0,0,0,0,0,0,0,0,0,0,0,0,0,0,0,0,0
823.4,0,0,0,0,0,0,0,0,0,0,14.56214534,0,0,0,0,0,0,0,0,0,0,0,0,0,0,0,0,0,0,0,0,0,0,0,0,0,0,0,0,0
825.35,0,0,0,0,0,0,0,0,0,0,0,0,0,0,0,0,0,0,0,0,0,0,0,0,0,0,0,0,0,0,0,0,0,0,0,0,0,0,0,0
827.29,0,0,0,0,0,0,0,0,0,0,0,0,0,0,0,0,0,0,0,0,0,0,0,0,0,0,0,0,0,0,0,0,0,0,0,0,0,0,0,0
829.24,0,0,0,0,0,0,0,0,0,0,0,0,0,0,0,0,0,0,0,0,0,0,0,0,0,0,0,0,0,0,0,0,0,0,0,0,0,0,0,0
831.18,0,0,0,0,0,0,0,0,0,0,0,0,0,0,0,0,0,0,0,0,0,0,0,0,0,0,0,0,0,0,0,0,0,0,0,0,0,0,0,0
833.13,0,0,0,0,0,0,0,0,0,0,0,0,0,0,0,0,0,0,0,0,0,0,0,0,0,0,0,0,0,0,0,0,0,0,0,0,0,0,0,0
835.07,0,0,0,0,0,0,0,0,0,0,0,0,0,0,0,0,0,0,0,0,0,0,0,0,0,0,0,0,0,0,0,0,0,0,0,0,0,0,0,0
837.01,0,0,0,0,0,0,0,0,0,0,0,0,0,0,0,0,0,0,0,0,0,0,0,0,0,0,0,0,0,0,0,0,0,0,0,0,0,0,0,0
838.95,0,0,0,0,0,0,0,0,0,0,0,0,0,0,0,5.635931706,0,0,0,0,0,0,0,0,0,0,0,0,0,0,0,0,0,0,0,0,0,0,0,0
840.89,0,0,0,0,0,0,0,0,0,0,0,0,0,0,0,11.59900184,0,0,0,0,0,0,0,0,0,0,0,0,0,0,0,0,0,0,0,0,0,0,0,0
842.83,0,0,0,0,0,0,0,0,0,0,0,0,0,0,0,16.02711495,0,0,0,0,0,0,0,0,0,0,0,0,0,0,0,0,0,0,0,0,0,0,0,0
844.77,0,0,0,0,0,0,0,0,0,0,0,0,0,0,0,18.92027105,0,0,0,0,0,0,0,0,0,0,0,0,0,0,0,0,0,0,0,0,0,0,0,0
846.71,0,0,0,0,0,0,0,0,0,0,0,0,0,0,0,20.27847013,0,0,0,0,0,0,0,0,0,0,0,0,0,0,0,0,0,0,0,0,0,0,0,0
848.64,0,0,0,0,0,0,0,0,0,0,0,0,0,0,0,20.10655901,0,0,0,0,0,0,0,0,0,0,0,0,0,0,0,0,0,0,0,0,0,0,0,0
850.58,0,0,0,0,0,0,0,0,0,0,0,0,0,0,0,18.4027562,0,0,0,0,0,0,0,0,0,0,0,0,0,0,0,0,0,0,0,0,0,0,0,0
852.51,0,0,0,0,0,0,0,0,0,0,0,0,0,0,0,15.1846267,0,0,0,0,0,0,0,0,0,0,0,0,0,0,0,0,0,0,0,0,0,0,0,0
854.44,0,0,0,0,0,0,0,0,0,0,0,0,0,0,0,10.4473237,0,0,0,0,0,0,0,0,0,0,0,0,0,0,0,0,0,0,0,0,0,0,0,0
856.37,0,0,0,0,0,0,0,0,0,0,0,0,0,0,0,4.190847201,0,0,0,0,0,0,0,0,0,0,0,0,0,0,0,0,0,0,0,0,0,0,0,0
858.31,0,0,0,0,0,0,0,0,0,0,0,0,0,0,0,0,0,0,0,0,0,0,0,0,0,0,0,0,0,0,0,0,0,0,0,0,0,0,0,0
860.24,0,0,0,0,0,0,0,0,0,1.221281037,0,0,0,0,0,0,0,0,0,0,0,0,0,0,0,0,0,0,0,0,0,0,0,0,0,0,0,0,0,0
862.16,0,0,0,0,0,0,0,0,0,16.70643773,0,0,0,0,0,0,0,0,0,0,0,0,0,0,0,0,0,0,0,0,0,0,0,0,0,0,0,0,0,0
864.09,0,0,0,0,0,0,0,0,0,28.90708933,0,0,0,0,0,0,0,0,0,0,0,0,0,0,0,0,0,0,0,0,0,0,0,0,0,0,0,0,0,0
866.02,0,0,0,0,0,0,0,0,0,37.73384332,3.301485161,0,0,0,0,0,0,0,0,0,0,0,0,0,0,0,0,0,0,0,0,0,0,0,0,0,0,0,0,0
867.94,0,0,0,0,0,0,0,0,0,43.16714194,19.26153578,0,0,0,0,0,0,0,0,0,0,0,0,0,0,0,0,0,0,0,0,0,0,0,0,0,0,0,0,0
869.87,17.45955891,0,0,0,0,0,0,0,0,45.26358203,31.75032831,0,0,0,0,0,0,0,0,0,0,0,0,0,0,0,0,0,0,0,0,0,0,0,0,0,0,0,0,0
871.79,48.5515809,0,0,0,0,0,0,0,0,44.00143884,40.63844522,0,0,0,0,0,0,0,0,0,0,0,0,0,0,0,0,0,0,0,0,0,0,0,0,0,0,0,0,0
873.71,72.29376324,0,0,0,0,0,0,0,0,39.40027013,45.99977962,0,0,0,0,0,0,0,0,0,0,0,0,0,0,0,0,0,0,0,0,0,0,0,0,0,0,0,0,0
875.64,88.75224283,0,0,0,0,0,0,0,0,31.40998006,47.83465428,0,0,0,0,0,0,0,0,0,0,0,0,0,0,0,0,0,0,0,0,0,0,0,0,0,0,0,0,0
877.56,97.75646546,0,0,0,0,0,0,0,0,20.11336955,46.12405497,0,0,0,0,0,0,0,0,0,0,0,0,0,0,0,0,0,0,0,0,0,0,0,0,0,0,0,0,0
879.48,99.41084844,0,0,0,0,0,0,0,0,5.477733519,40.88667313,0,0,0,0,0,0,0,0,0,0,0,0,0,0,0,0,0,0,0,0,0,0,0,0,0,0,0,0,0
881.4,93.71539178,0,0,0,0,0,0,0,0,0,32.12250878,0,0,0,0,0,0,0,0,0,0,0,0,0,0,0,0,0,0,0,0,0,0,0,0,0,0,0,0,0
883.31,80.75708024,0,0,0,0,0,0,0,15.67124199,0,19.90471374,0,0,0,0,0,0,0,0,0,0,0,0,0,0,0,0,0,0,0,0,0,0,0,0,0,0,0,0,0
885.23,60.4002247,0,0,0,0,0,0,0,32.01263874,0,4.105353005,0,0,0,0,0,0,0,0,0,0,0,0,0,0,0,0,0,0,0,0,0,0,0,0,0,0,0,0,0
887.14,32.85687573,0,0,0,0,0,0,0,44.13974296,0,0,0,0,0,0,0,0,0,0,0,0,0,0,0,0,0,0,0,0,0,0,0,0,0,0,0,0,0,0,0
889.06,0,0,0,0,0,0,0,0,52.17954003,0,0,0,0,0,0,0,0,0,0,0,0,0,0,0,0,0,0,0,0,0,0,0,0,0,0,0,0,0,0,0
890.97,0,0,0,0,0,0,0,0,56.04828207,0,0,0,0,2.808258568,0,0,0,0,0,0,0,0,0,0,0,0,0,0,0,0,0,0,0,0,0,0,0,0,0,0
892.89,0,0,0,0,0,0,0,0,55.78647946,0,0,0,0,12.05374644,0,0,0,0,0,0,0,0,0,0,0,0,0,0,0,0,0,0,0,0,0,0,0,0,0,0
894.8,0,0,0,0,0,0,0,0,51.39685932,0,0,0,0,19.18615143,0,0,0,0,0,0,0,0,0,0,0,0,0,0,0,0,0,0,0,0,0,0,0,0,0,0
896.71,0,0,0,0,0,0,0,0,42.88883924,0,0,0,0,24.25901859,0,0,0,0,0,0,0,0,0,0,0,0,0,0,0,0,0,0,0,0,0,0,0,0,0,0
898.62,0,0,0,0,0,0,0,0,30.26241923,0,0,0,0,27.27234792,0,0,0,0,0,0,0,0,0,0,0,0,0,0,0,0,0,0,0,0,0,0,0,0,0,0
900.52,0,0,0,0,0,0,0,0,13.6159932,0,0,0,0,28.22650897,0,0,0,0,0,0,0,0,0,0,0,0,0,0,0,0,0,0,0,0,0,0,0,0,0,0
902.43,0,0,0,0,0,0,0,0,0,0,0,0,0,27.13154555,0,0,0,0,0,0,0,0,0,0,0,0,0,0,0,0,0,0,0,0,0,0,0,0,0,0
904.34,0,0,0,0,0,0,0,0,0,0,0,0,0,23.97704429,0,0,0,0,0,0,0,0,0,0,0,0,0,0,0,0,0,0,0,0,0,0,0,0,0,0
906.24,0,0,0,0,0,0,0,0,0,0,0,0,0,18.79566707,0,0,0,0,0,0,0,0,0,0,0,0,0,0,0,0,0,0,0,0,0,0,0,0,0,0
908.15,0,0,0,0,0,0,0,0,0,0,0,0,0,11.53287306,0,0,0,0,0,0,0,0,0,0,0,0,0,0,0,0,0,0,0,0,0,0,0,0,0,0
910.05,0,0,0,0,0,0,0,0,0,0,0,0,0,2.264712476,0,0,0,0,0,0,0,0,0,0,0,0,0,0,0,0,0,0,0,0,0,0,0,0,0,0
911.95,0,0,0,0,0,0,0,0,0,17.23145243,0,0,0,0,0,0,0,0,0,0,0,0,0,0,0,0,0,0,0,0,0,0,0,0,0,0,0,0,0,0
913.86,0,0,0,0,0,0,0,0,0,32.82492015,0,0,0,0,0,0,0,0,0,0,0,0,0,0,0,0,0,0,0,0,0,0,0,0,0,0,0,0,0,0
915.76,0,0,0,0,0,0,0,0,0,44.31635241,0,0,0,0,0,0,0,0,0,0,0,0,0,0,0,0,0,0,0,0,0,0,0,0,0,0,0,0,0,0
917.66,0,0,0,0,0,0,0,0,0,51.79794264,0,0,0,0,0,0,0,0,0,0,0,0,0,0,0,0,0,0,0,0,0,0,0,0,0,0,0,0,0,0
919.55,0,0,0,0,0,0,0,0,0,55.26191514,0,0,0,0,0,0,0,0,0,0,0,0,0,0,0,0,0,0,0,0,0,0,0,0,0,0,0,0,0,0
921.45,0,0,0,0,0,0,0,0,0,54.74492571,0,0,0,0,0,0,0,0,0,0,0,0,0,0,0,0,0,0,0,0,0,0,0,0,0,0,0,0,0,0
923.35,0,0,0,0,0,0,0,0,0,50.21809424,0,0,0,0,0,0,0,0,0,0,0,0,0,0,0,0,0,0,0,0,0,0,0,0,0,0,0,0,0,0
925.24,0,0,0,0,0,0,0,0,0,41.73684726,0,0,0,0,0,0,0,0,0,0,0,0,0,0,0,0,0,0,0,0,0,0,0,0,0,0,0,0,0,0
927.14,0,0,0,0,0,0,0,0,0,29.21143614,0,0,0,0,0,0,0,0,0,0,0,0,0,0,0,0,0,0,0,0,0,0,0,0,0,0,0,0,0,0
929.03,0,0,0,0,0,0,0,0,0,12.77370729,0,0,0,0,0,0,0,0,0,0,0,0,0,0,0,0,0,0,0,0,0,0,0,0,0,0,0,0,0,0
930.92,0,0,0,0,0,0,0,0,28.49106194,0,0,0,0,0,0,0,0,0,0,0,0,0,0,0,0,0,0,0,0,0,0,0,0,0,0,0,0,0,0,0
932.81,0,0,0,0,0,0,0,0,52.24905951,0,0,0,0,0,0,0,0,0,0,0,0,0,0,0,0,0,0,0,0,0,0,0,0,0,0,0,0,0,0,0
934.7,0,0,0,0,0,0,0,0,69.81266814,0,0,0,0,0,0,0,0,0,0,0,0,0,0,0,0,0,0,0,0,0,0,0,0,0,0,0,0,0,0,0
936.59,0,0,0,0,0,0,0,0,81.18188783,0,0,0,0,0,0,0,0,0,0,0,0,0,0,0,0,0,0,0,0,0,0,0,0,0,0,0,0,0,0,0
938.48,0,0,0,0,0,0,0,0,86.35671858,0,0,0,0,0,0,0,0,0,0,0,0,0,0,0,0,0,0,0,0,0,0,0,0,0,0,0,0,0,0,0
940.37,0,0,0,0,0,0,0,0,85.33716039,0,0,0,0,0,0,0,0,0,0,0,0,0,0,0,0,0,0,0,0,0,0,0,0,0,0,0,0,0,0,0
942.25,0,0,0,0,0,0,0,0,78.17768286,0,0,0,0,0,0,0,0,0,0,0,0,0,0,0,0,0,0,0,0,0,0,0,0,0,0,0,0,0,0,0
944.14,0,0,0,0,0,0,0,0,64.80212133,0,0,0,0,0,0,0,0,0,0,0,0,0,0,0,0,0,0,0,0,0,0,0,0,0,0,0,0,0,0,0
946.02,0,0,0,0,0,0,0,0,45.35201614,0,0,0,0,0,0,0,0,0,0,0,0,0,0,0,0,0,0,0,0,0,0,0,0,0,0,0,0,0,0,0
947.91,0,0,0,0,0,0,0,0,19.62045128,0,0,0,0,0,0,0,0,0,0,0,0,0,0,0,0,0,0,0,0,0,0,0,0,0,0,0,0,0,0,0
949.79,0,0,2.024839067,0,0,0,0,0,0,0,0,0,0,0,0,0,0,0,0,0,0,0,0,0,0,0,0,0,0,0,0,0,0,0,0,0,0,0,0,0
951.67,0,0,4.052557837,14.85205949,0,0,0,0,0,0,0,0,0,0,0,0,0,0,0,0,0,0,0,0,0,0,0,0,0,0,0,0,0,0,0,0,0,0,0,0
953.55,0,0,5.573976293,28.85424939,0,0,0,0,0,0,0,0,0,0,0,0,0,0,0,0,0,0,0,0,0,0,0,0,0,0,0,0,0,0,0,0,0,0,0,0
955.43,0,0,6.589094436,39.32061662,0,0,0,0,0,0,0,0,0,0,0,0,0,0,0,0,0,0,0,0,0,0,0,0,0,0,0,0,0,0,0,0,0,0,0,0
957.31,0,0,7.097912265,46.25116119,0,0,0,0,0,0,0,0,0,0,0,0,0,0,0,0,0,0,0,0,0,0,0,0,0,0,0,0,0,0,0,0,0,0,0,0
959.18,0,0,7.101755772,49.63717983,0,0,0,0,0,0,0,0,0,0,0,0,0,0,0,0,0,0,0,0,0,0,0,0,0,0,0,0,0,0,0,0,0,0,0,0
961.06,0,0,6.600666061,49.51488665,0,0,0,0,0,0,0,0,0,0,0,0,0,0,0,0,0,0,0,0,0,0,0,0,0,0,0,0,0,0,0,0,0,0,0,0
962.94,0,0,5.593276038,45.8567708,0,0,0,0,0,0,0,0,0,0,0,0,0,0,0,0,0,0,0,0,0,0,0,0,0,0,0,0,0,0,0,0,0,0,0,0
964.81,0,0,4.088976626,38.71045168,0,0,0,0,0,0,0,0,0,0,8.934450538,0,0,0,0,0,0,0,0,0,0,0,0,0,0,0,0,0,0,0,0,0,0,0,0,0
966.68,0,0,2.08374875,28.06582499,0,0,0,0,0,0,0,0,0,0,23.1597036,0,0,0,0,0,0,0,0,0,0,0,0,0,0,0,0,0,0,0,0,0,0,0,0,0
968.55,0,0,0,13.92289074,0,0,0,0,0,0,0,0,0,0,34.08771721,0,0,0,0,0,385.2699801,0,0,0,0,0,0,0,0,0,0,0,0,0,0,0,0,0,0,0
970.43,0,0,0,0,0,0,0,0,0,0,0,0,0,0,41.75043433,0,0,0,0,0,863.0610152,0,0,0,0,0,0,0,0,0,0,0,0,0,0,0,0,0,0,0
972.3,0,0,0,0,0,4.616455797,0,0,0,0,0,0,0,0,46.0663367,0,0,0,0,0,1224.041898,0,0,0,0,0,0,0,0,0,0,0,0,0,0,0,0,0,0,0
974.16,0,0,22.13055559,0,0,30.16324597,0,0,0,0,0,0,0,0,47.08832122,0,0,0,0.900273401,0,1470.040929,0,0,0,0,0,0,0,0,0,0,0,0,0,0,0,0,0,0,0
976.03,0,0,50.96126046,0,0,50.38593045,0,0,0,0,0,0,0,0,44.82737697,0,0,0,18.0861759,0,1603.703258,0,0,0,0,0,0,0,0,0,0,0,0,0,0,0,0,0,0,0
977.9,0,0,72.93629742,0,0,65.13251893,0,0,0,0,0,0,0,0,39.26919325,0,0,0,31.69195145,0,1623.401593,0,0,0,0,0,0,0,0,0,0,0,0,0,0,0,0,0,0,0
979.77,0,0,88.05566645,0,0,74.40301142,0,0,0,0,0,0,0,0,30.41377006,0,0,0,41.71760006,0,1529.135935,0,0,0,0,0,0,0,0,0,0,0,0,0,0,0,0,0,0,0
981.63,0,0,96.29340929,0,0,78.19168068,0,0,0,0,0,0,0,0,18.33486392,0,0,0,48.13817504,0,1322.322898,0,0,0,0,0,0,0,0,0,0,0,0,0,0,0,0,0,0,0
983.49,0,0,97.74861081,0,0,76.56266522,0,0,0,0,0,0,0,0,2.993888611,0,0,0,51.01681082,0,1002.761474,0,0,0,0,0,0,0,0,0,0,0,0,0,0,0,0,0,0,0
985.36,0,0,92.37429873,0,0,69.46343758,0,0,0,0,0,0,0,0,0,0,0,0,50.34036872,0,567.8227006,0,0,0,0,0,0,0,0,0,0,0,0,0,0,0,0,0,0,0
987.22,0,0,80.22795234,0,0,56.96992533,0,0,0,0,0,0,0,0,0,0,0,0,46.11608343,0,22.15832986,0,0,0,0,0,0,0,0,0,0,0,0,0,0,0,0,0,0,0
989.08,0,0,61.29906462,0,0,39.05872835,0,0,0,0,0,0,0,0,0,0,0,0,38.34985894,0,0,0,0,0,0,0,0,0,0,0,0,0,0,0,0,0,0,0,0,0
990.94,0,0,35.58763559,0,0,15.72984665,0,0,0,0,0,0,0,0,0,0,0,0,27.04169526,0,0,0,0,0,0,0,0,0,0,0,0,0,0,0,0,0,0,0,0,0
992.8,0,0,3.093665236,0,0,0,0,0,0,0,0,0,0,0,0,0,0,0,12.19159238,0,0,0,0,0,0,0,0,0,0,0,0,0,0,0,0,0,0,0,0,0
994.66,0,0,0,0,0,0,0,0,0,0,0,0,13.57430154,0,0,0,0,0,0,0,0,0,0,0,0,0,0,0,0,0,0,0,0,0,0,0,0,0,0,0
996.51,0,0,0,0,0,0,0,0,0,0,0,0,27.05478724,0,0,0,0,0,0,0,0,0,0,0,0,0,0,0,0,0,0,0,0,0,0,0,0,0,0,0
998.37,0,0,0,0,0,0,0,0,0,0,0,0,37.27910319,0,0,0,0,0,0,0,0,0,0,0,0,0,0,0,0,0,0,0,0,0,0,0,0,0,0,0
1000.22,0,0,0,0,0,0,0,0,0,0,0,0,44.13731053,0,0,0,0,0,0,0,0,0,0,0,0,0,0,0,0,0,0,0,0,0,0,0,0,0,0,0
1002.08,0,0,0,0,0,0,0,0,0,0,0,0,47.70355203,0,0,0,0,0,0,0,0,0,0,0,0,0,0,0,0,0,0,0,0,0,0,0,0,0,0,0
1003.93,0,0,0,0,0,0,0,0,0,0,0,0,47.939481,0,0,0,0,0,0,0,0,0,0,0,0,0,0,0,0,0,0,0,0,0,0,0,0,0,0,0
1005.78,0,0,0,0,0,0,0,0,0,0,0,0,44.8731957,0,0,0,0,0,0,0,0,0,0,0,0,0,0,0,0,0,0,0,0,0,0,0,0,0,0,0
1007.63,0,0,0,0,0,0,0,0,0,0,0,0,38.50469612,0,0,0,0,0,0,0,0,0,0,0,0,0,0,0,0,0,0,0,0,0,0,0,0,0,0,0
1009.48,0,0,0,0,0,0,0,0,0,0,0,0,28.83398227,0,0,0,0,0,0,18.98705382,0,0,0,0,0,0,0,0,0,0,0,0,0,0,0,0,0,0,0,0
1011.33,0,0,0,0,0,0,0,0,0,0,0,0,15.86105414,0,0,0,0,0,0,46.47859665,0,0,0,0,0,0,0,0,0,0,0,0,0,0,0,0,0,0,0,0
1013.18,0,0,0,0,0,0,0,0,0,0,0,0,0,0,0,0,0,0,0,67.60886587,0,0,0,0,0,0,0,0,0,0,0,0,0,0,0,0,0,0,0,0
1015.03,0,0,0,0,0,0,0,0,0,0,0,0,0,0,0,0,0,0,0,82.37786149,0,0,0,0,0,0,0,0,0,0,0,0,0,0,0,0,0,0,0,0
1016.87,0,0,0,0,0,0,0,0,0,0,0,0,0,0,0,0,0,0,0,90.75723607,0,0,0,0,0,0,0,0,0,0,0,0,0,0,0,0,0,0,0,0
1018.72,0,0,0,0,0,0,0,0,0,0,0,0,0,0,0,0,0,0,0,92.83806975,0,0,0,0,0,0,0,0,0,0,0,0,0,0,0,0,0,0,0,0
1020.56,0,0,0,0,0,0,0,0,0,0,0,0,0,0,0,0,0,0,0,88.59786704,0,0,0,0,0,0,0,0,0,0,0,0,0,0,0,0,0,0,0,0
1022.4,0,0,0,0,0,0,0,0,0,0,0,0,0,0,0,0,0,0,0,78.0649754,0,0,0,0,0,0,0,0,0,0,0,0,0,0,0,0,0,0,0,0
1024.24,0,0,0,0,0,0,0,0,0,0,0,0,0,0,0,0,0,0,0,61.23939481,0,0,0,0,0,0,0,0,0,0,0,0,0,0,0,0,0,0,0,0
1026.08,0,0,0,0,0,0,0,0,0,0,0,0,0,0,0,0,0,0,0,38.12112528,0,0,0,0,0,0,0,0,0,0,0,0,0,0,0,0,0,0,0,0
1027.92,0,0,0,0,0,0,0,0,0,0,0,0,0,0,0,0,0,0,0,8.710166809,0,0,0,0,0,0,0,0,0,0,0,0,0,0,0,0,0,0,0,0
1029.76,0,0,0,0,0,0,0,0,0,0,0,0,0,0,0,0,0,0,0,0,0,0,0,0,0,0,0,0,0,0,0,0,0,0,0,0,0,0,0,0
1031.6,0,0,0,0,0,0,8.024450538,0,0,0,0,0,0,0,0,0,0,0,0,0,0,0,0,0,0,0,0,0,0,0,0,0,0,0,0,0,0,0,0,0
1033.44,0,0,0,0,0,0,31.75740483,0,0,0,0,0,0,0,0,0,0,0,0,0,0,0,0,0,0,0,0,0,0,0,0,0,0,0,0,0,0,0,0,0
1035.27,0,0,0,0,0,0,50.28609572,0,0,0,0,0,0,0,0,0,0,0,0,0,0,0,0,0,0,0,0,0,0,0,0,0,0,0,0,0,0,0,0,0
1037.11,0,0,0,0,0,0,63.81302256,0,0,0,0,0,0,0,0,0,0,0,0,0,0,0,0,0,0,0,0,0,0,0,0,0,0,0,0,0,0,0,0,0
1038.94,0,0,0,0,0,0,72.19115355,0,0,6.042902304,0,0,0,0,0,0,0,0,0,0,0,0,0,0,0,0,0,0,0,0,0,0,0,0,0,0,0,0,0,0
1040.77,0,0,0,0,0,0,75.50783369,0,0,14.24430472,0,0,0,0,0,0,0,0,0,0,0,0,0,0,0,0,0,0,0,0,0,0,0,0,0,0,0,0,0,0
1042.6,0,0,0,0,0,0,73.76306298,0,0,20.55751992,0,0,0,0,0,0,0,0,0,0,0,0,0,0,0,0,0,0,0,0,0,0,0,0,0,0,0,0,0,0
1044.43,0,0,0,0,0,0,66.95684141,0,0,24.9825479,0,0,0,0,0,0,0,0,0,0,0,0,0,0,0,0,0,0,0,0,0,0,0,0,0,0,0,0,0,0
1046.26,0,0,0,0,0,0,55.089169,0,0,27.51938866,0,0,0,0,0,0,0,0,0,0,0,0,0,0,0,0,0,0,0,0,0,0,0,0,0,0,0,0,0,0
1048.09,0,0,0,0,0,0,38.16004574,0,0,28.1680422,0,0,0,0,0,0,0,0,0,0,0,0,0,0,0,0,0,0,0,0,0,0,0,0,0,0,0,0,0,0
1049.92,0,0,0,0,0,0,16.16947163,0,0,26.92850853,0,0,0,0,0,0,0,0,0,0,0,0,0,0,0,0,0,0,0,0,0,0,0,0,0,0,0,0,0,0
1051.75,0,0,0,0,0,0,0,0,11.39139797,23.80078763,0,0,0,0,0,0,0,0,0,0,0,0,0,0,0,0,0,0,0,0,0,0,0,0,0,0,0,0,0,0
1053.57,0,0,0,0,0,0,0,0,24.70273692,18.81741963,0,0,0,0,0,0,0,0,0,0,0,0,0,0,0,0,0,0,0,0,0,0,0,0,0,0,0,0,0,0
1055.4,0,0,0,0,0,0,0,0,34.95243777,11.92364226,0,0,0,0,0,0,0,0,0,0,0,0,0,0,0,0,0,0,0,0,0,0,0,0,0,0,0,0,0,0
1057.22,0,0,0,0,0,0,0,0,42.02848196,3.194797329,0,0,0,0,0,0,0,0,0,0,0,0,0,0,0,0,0,0,0,0,0,0,0,0,0,0,0,0,0,0
1059.04,0,0,0,0,0,0,0,0,45.99542027,0,0,0,0,0,0,0,0,0.61224971,0,0,0,0,0,0,0,0,0,0,0,0,0,0,0,0,0,0,0,0,0,0
1060.86,0,0,0,0,0,0,0,0,46.85325269,0,0,0,0,0,0,0,0,3.703896828,0,0,0,0,0,0,0,0,0,0,0,0,0,0,0,0,0,0,0,0,0,0
1062.68,0,0,0,0,0,0,0,0,44.60197924,0,0,0,0,0,0,0,0,6.153859728,0,0,0,0,0,0,0,0,0,0,0,0,0,0,0,0,0,0,0,0,0,0
1064.5,0,0,0,0,0,0,0,0,39.24159991,0,0,0,0,0,0,0,0,7.962138408,0,0,0,0,0,0,0,0,0,0,0,0,0,0,0,0,0,0,0,0,0,0
1066.32,0,0,0,0,0,0,0,0,30.7721147,0,0,0,0,0,0,0,0,9.128732869,0,0,0,0,0,0,0,0,0,0,0,0,0,0,0,0,0,0,0,0,0,0
1068.14,0,0,0,0,0,0,0,0,19.19352362,0,0,0,0,0,0,0,0,9.653643112,0,0,0,0,0,0,0,0,0,0,0,0,0,0,0,0,0,0,0,0,0,0
1069.96,0,0,0,0,0,0,0,0,4.505826651,0,0,0,0,0,0,0,0,9.536869135,0,0,0,336.0311073,0,0,0,0,0,0,0,0,0,0,0,0,0,0,0,0,0,0
1071.77,0,0,0,0,0,0,0,0,0,0,0,0,0,0,0,0,0,8.784331475,0,0,0,872.4632484,0,0,0,0,0,0,0,0,0,0,0,0,0,0,0,0,0,0
1073.59,0,0,0,0,0,0,0,0,0,0,0,0,0,0,0,0,0,7.387714799,0,0,0,1291.391574,0,0,0,0,0,0,0,0,0,0,0,0,0,0,0,0,0,0
1075.4,0,0,0,0,0,0,0,0,0,0,0,0,0,0,0,0,0,5.362366541,0,0,0,1588.212475,0,0,0,0,0,0,0,0,0,0,0,0,0,0,0,0,0,0
1077.21,0,0,0,0,0,0,0,0,0,0,0,0,0,0,0,0,0,2.702366168,0,0,0,1765.5578,0,0,0,0,0,0,0,0,0,0,0,0,0,0,0,0,0,0
1079.02,0,0,0,0,0,0,0,0,0,0,0,0,0,0,0,0,0.102802642,0.574771835,0,0,0,1823.427548,0,0,0,0,0,0,0,0,0,0,0,0,0,0,0,0,0,0
1080.83,0,0,0,0,0,0,0,0,0,0,0,0,0,0,0,0,0.185336839,5.904656156,0,0,0,1761.82172,0,0,0,0,0,0,0,0,0,0,0,0,0,0,0,0,0,0
1082.64,0,0,0,0,0,0,0,0,0,0,0,0,0,0,0,0,0.247375166,10.1529506,0,0,0,1580.740315,0,0,0,0,0,0,0,0,0,0,0,0,0,0,0,0,0,18.8999844
1084.45,0,0,0,0,0,0,0,0,0,0,0,18.71847799,0,0,0,0,0.288917625,13.31965517,0,0,0,1280.183333,0,0,0,0,0,0,0,0,0,0,0,0,0,0,0,0,0,270.1613302
1086.26,0,0,0,0,0,0,0,0,0,0,0,40.06693167,0,0,0,0,0.309964215,15.40476986,0,0,0,860.1507744,0,0,0,0,0,0,0,0,0,0,0,0,0,0,0,0,0,470.7340398
1088.06,0,0,0,0,0,0,0,0,0,0,0,56.3680485,0,0,0,0,0.3105682,16.40572165,0,0,0,323.9515667,0,0,0,0,0,0,0,0,0,0,0,0,0,0,0,0,0,619.9292745
1089.87,0,0,0,0,0,0,0,0,0,0,0,67.802952,0,0,0,0,0.29073629,16.33363223,0,0,0,0,0,0,0,0,0,0,0,0,0,0,0,0,0,0,0,0,0,719.4047593
1091.67,0,0,0,0,0,0,0,0,0,0,0,74.24528964,0,0,0,0,0.250687623,15.18929816,0,0,0,0,0,0,0,0,0,0,0,0,0,0,0,0,0,0,0,0,0,768.0613174
1093.48,0,0,0,0,0,0,0,0,0,0,0,75.76664296,0,0,0,0,0.189977212,12.96000462,0,0,0,0,0,0,0,0,0,0,0,0,0,0,0,0,0,0,0,0,0,766.4395774
1095.28,0,0,0,0,0,0,0,0,0,0,0,72.35020143,0,0,0,0,0.109275892,9.670384683,0,0,0,0,0,0,0,0,0,0,0,0,0,0,0,0,0,0,0,0,0,714.5574589
1097.08,0,0,0,0,0,0,0,0,0,0,0,64.01802512,0,0,0,0,0.008304552,5.311093128,0,0,0,0,0,0,0,0,0,0,0,0,0,0,0,0,0,0,0,0,0,612.5452524
1098.88,0,0,0,0,0,0,0,0,0,0,0,50.77011403,0,0,0,0,0,0,0,0,0,0,0,0,0,0,0,0,0,0,0,0,0,0,0,0,0,0,0,460.4029578
1100.68,0,0,0,0,0,0,0,0,0,0,0,32.60646818,0,0,0,0,0,0,0,0,0,0,0,0,0,0,0,0,0,0,0,0,0,0,0,0,0,0,0,258.1305752
1102.48,0,0,0,0,0,0,0,0,0,0,0,9.527087551,0,0,0,0,0,0,0,0,0,0,0,0,0,0,0,0,0,0,0,0,0,0,0,0,0,0,0,5.728104454
1104.27,0,0,0,0,0,0,0,0,0,0,0,0,0,0,0,0,0,0,0,0,0,0,0,0,0,0,0,0,0,0,0,0,0,0,0,0,0,0,0,0
1106.07,0,0,0,0,0,0,0,0,0,0,0,0,0,0,0,0,0,0,0,0,0,0,0,0,0,0,0,0,0,0,0,0,0,0,0,0,0,0,0,0
1107.86,0,0,0,0,0,0,0,0,0,0,0,0,0,0,0,0,0,0,0,0,0,0,0,0,0,0,0,0,0,0,0,0,0,0,0,0,0,0,0,0
1109.66,0,0,0,0,0,0,0,0,0,0,0,0,0,0,0,0,0,0,0,0,0,0,0,0,0,0,0,0,0,0,0,0,0,0,0,0,0,0,0,0
1111.45,0,0,0,0,0,0,0,0,0,0,0,0,0,0,0,0,0,0,0,0,0,0,0,0,0,0,0,0,0,0,0,0,0,0,0,0,0,0,0,0
1113.24,0,0,0,0,0,0,0,0,0,0,0,0,0,0,0,0,0,0,0,0,0,0,0,0,0,0,0,0,0,0,0,0,0,0,0,0,0,0,0,0
1115.03,0,0,0,0,0,0,0,0,0,0,0,0,0,0,0,0,0,0,0,0,0,0,0,0,0,0,0,0,0,0,0,0,0,0,0,0,0,0,0,0
1116.82,0,0,0,0,0,0,0,0,0,0,0,0,0,0,0,0,0,0,0,0,0,0,0,0,0,0,0,0,0,0,0,0,0,0,0,0,0,0,0,0
1118.61,0,0,0,0,0,0,0,0,0,0,0,0,0,0,0,0,0,0,0,0,0,0,0,0,0,0,0,0,0,0,0,0,0,0,0,0,0,0,0,0
1120.4,0,0,0,0,0,0,0,0,0,0,0,0,0,0,0,0,0,0,0,0,0,0,0,0,0,0,0,0,0,0,0,0,0,0,0,0,0,0,0,0
1122.19,0,0,0,0,0,0,0,0,0,0,0,0,15.91021355,0,0,0,0,0,0,0,0,0,0,0,0,0,0,0,0,0,0,0,0,0,0,0,0,0,0,0
1123.97,0,0,0,0,0,0,0,0,0,0,0,0,32.81195125,0,0,0,0,0,0,0,0,0,0,0,0,0,0,0,0,0,0,0,0,0,0,0,0,0,0,0
1125.76,0,0,0,0,0,0,0,0,0,0,0,0,45.87863324,0,0,0,0,0,0,0,0,0,0,0,0,0,0,0,0,0,0,0,0,0,0,0,0,0,0,0
1127.54,0,0,0,0,0,0,0,0,0,0,0,0,54.96426307,0,0,0,0,0,0,0,0,0,0,0,0,0,0,0,0,0,0,0,0,0,0,0,0,0,0,0
1129.33,0,0,0,0,0,0,0,0,0,0,0,0,60.17092646,0,0,0,0,0,0,0,0,0,0,0,0,0,0,0,0,0,0,0,0,0,0,0,0,0,0,0
1131.11,0,0,0,0,0,0,0,0,0,0,0,0,61.44044841,0,0,0,0,0,0,0,0,0,0,0,0,0,0,0,0,0,0,0,0,0,0,0,0,0,0,0
1132.89,0,0,0,0,0,0,0,0,0,0,0,0,58.81286335,0,0,0,0,0,0,0,0,0,0,0,0,0,0,0,0,0,0,0,0,0,0,0,0,0,0,0
1134.67,0,0,0,0,0,0,0,0,0,0,0,0,52.28817129,0,0,0,0,0,0,0,0,0,0,0,0,0,0,0,0,0,0,0,0,0,0,0,0,0,0,0
1136.45,0,0,0,0,0,0,0,0,0,0,0,0,41.86637222,0,0,0,0,0,0,0,0,0,0,10.54663898,0,0,0,0,0,0,0,0,0,0,0,0,0,0,0,0
1138.23,0,0,0,0,0,0,0,0,0,0,0,0,27.54746614,0,0,0,0,0,0,0,0,0,0,166.0003385,0,0,0,0,0,0,0,0,0,0,0,0,0,0,0,0
1140,0,0,0,0,0,0,0,0,0,0,0,0,9.44467563,0,0,0,0,0,0,0,0,0,0,290.0964169,0,0,0,0,0,0,0,0,0,0,0,0,0,0,0,0
1141.78,0,0,0,0,0,0,0,0,0,0,0,0,0,0,0,0,0,0,0,0,0,0,0,384.2370897,0,0,0,0,0,0,0,0,0,0,0,0,0,0,0,0
1143.55,0,0,0,0,0,0,0,0,0,0,0,0,0,0,0,0,0,0,0,0,0,0,0,447.3645966,0,0,0,0,0,0,0,0,0,0,0,0,0,0,0,0
1145.33,0,0,0,0,0,0,0,0,0,0,0,0,0,0,0,0,0,0,0,0,0,0,0,480.1922428,0,0,0,0,0,0,0,0,0,0,0,0,0,0,0,0
1147.1,0,0,0,0.149250938,0,0,0,0,0,0,0,0,0,0,0,0,0,0,0,0,0,0,0,482.3511782,0,0,0,0,0,0,0,0,0,0,0,0,0,0,0,0
1148.87,0,0,0,1.407307158,0,0,0,0,0,0,0,0,0,0,0,0,0,0,0,0,0,0,0,454.1116992,0,0,0,0,0,0,0,0,0,0,0,0,0,0,0,0
1150.64,0,0,0,2.415888342,0,0,0,0,0,0,0,0,0,0,0,0,0,0,0,0,0,0,0,395.4738056,0,0,0,0,0,0,0,0,0,0,0,0,0,0,0,0
1152.41,0,0,0,3.174994491,0,0,0,0,0,0,0,0,0,0,0,0,0,0,0,0,0,0,0,306.4374975,0,0,0,0,0,0,0,0,0,0,0,0,0,0,0,0
1154.18,0,0,0,3.684625606,0,0,0,0,0,0,0,0,0,0,0,0,0,0,0,0,0,0,0,187.0027749,0,0,0,0,0,0,0,0,0,0,0,0,0,0,0,0
1155.95,0,0,0,3.944781686,0,0,0,0,0,0,0,0,0,0,0,0,0,0,0,0,0,0,0,37.16963782,0,0,0,0,0,0,0,0,0,0,0,0,0,0,0,0
1157.72,0,0,0,3.955462731,0,0,0,0,0,0,0,0,0,0,0,0,0,0,0,0,0,0,0,0,0,0,0,0,0,0,0,0,0,0,0,0,0,0,0,0
1159.48,0,0,0,3.718718609,0,0,0,0,0,0,0,0,0,0,0,0,0,0,0,0,0,0,0,0,0,0,0,0,0,0,0,0,0,0,0,0,0,0,0,0
1161.25,0,0,0,3.231859048,0,0,0,0,0,0,0,0,0,0,0,0,0,0,0,0,0,0,0,0,0,0,0,0,0,0,0,0,0,0,0,0,0,0,0,0
1163.01,0,0,0,2.500385284,0,0,0,0,0,0,0,0,0,0,0,0,0,0,0,0,0,0,0,0,0,0,0,0,0,0,0,0,0,0,0,0,0,0,0,0
1164.77,0,0,0,1.522247449,0,0,0,0,0,0,0,0,0,0,0,0,0,0,0,0,0,0,0,0,0,0,0,0,0,0,0,0,0,0,0,0,0,0,0,0
1166.54,0,0,0,0.28978171,0,0,0,0,0,0,0,0,0,0,0,0,0,0,0,0,0,0,0,0,0,0,0,0,0,0,0,0,0,0,0,0,0,0,0,0
1168.3,0,0,0,0,0,0,0,0,0,0,0,0,0,0,0,0,0,0,0,0,0,0,0,0,0,0,0,0,0,0,0,0,0,0,0,0,0,0,0,0
1170.06,0,0,0,0,0,0,0,0,0,0,0,0,0,0,0,0,0,0,0,0,0,0,0,0,0,0,0,0,0,0,0,0,0,0,0,0,0,0,0,0
1171.81,0,0,0,0,0,0,0,0,0,0,0,0,0,0,0,0,0,0,0,0,0,0,0,0,0,0,0,0,0,0,0,0,0,0,0,0,0,0,0,0
1173.57,0,0,0,0,0,0,0,0,0,0,0,0,0,0,0,0,0,0,0,0,0,0,0,0,0,0,0,0,0,0,0,0,0,0,0,0,0,0,0,0
1175.33,0,0,0,0,0,0,0,0,0,0,0,0,0,0,0,0,0,0,0,0,0,0,0,0,0,0,0,0,0,0,0,0,0,10.29390759,0,0,0,0,0,0
1177.08,0,0,0,0,0,0,0,0,0,0,0,0,0,0,0,0,0,0,0,0,0,0,0,0,0,0,0,0,0,0,0,0,0,48.26720037,0,0,0,0,0,0
1178.84,0,0,0,0,0,0,0,0,0,0,0,0,0,0,0,0,0,0,0,0,0,0,0,0,0,0,0,0,0,0,0,0,0,78.75643944,0,0,0,0,0,0
1180.59,0,0,0,0,0,0,0,0,0,0,0,0,0,0,0,0,0,0,0,0,0,0,0,0,0,0,0,0,0,0,0,0,0,101.4151561,0,0,0,0,0,0
1182.34,0,0,0,0,0,0,0,0,0,0,0,0,0,0,0,0,0,0,0,0,0,0,0,0,0,0,0,0,0,0,0,0,0,116.4384005,0,0,0,0,0,0
1184.1,0,0,0,0,0,0,0,0,0,0,0,0,0,0,4.801657766,0,0,0,0,0,0,0,0,0,0,0,0,0,0,0,0,0,0,123.8464479,0,0,0,0,0,0
1185.85,0,0,0,0,0,0,0,0,0,0,0,0,0,0,14.55349078,0,0,0,0,0,0,0,0,0,0,0,0,0,0,0,0,0,0,123.5551161,0,0,0,0,0,0
1187.6,0,0,0,0,0,0,0,0,0,0,0,0,0,0,22.267681,0,0,0,0,0,0,0,0,0,0,0,0,4.719733487,0,0,0,0,0,115.6283119,0,0,0,0,0,0
1189.35,0,0,0,0,0,0,0,0,0,0,0,0,0,0,27.94422843,0,0,0,0,0,0,0,0,0,0,0,0,577.4010134,0,0,0,0,0,100.0660354,0,0,0,0,0,0
1191.09,0,0,0,0,0,0,0,0,0,0,0,0,0,0,31.5681279,0,0,0,0,0,0,0,0,0,0,0,0,1037.762993,0,0,0,0,0,77.02253591,0,0,0,0,0,0
1192.84,0,0,0,0,0,0,11.83474235,0,0,0,0,0,0,0,33.18103342,0,0,0,0,0,0,0,0,0,0,0,0,1391.097189,0,0,0,0,0,46.23294579,0,0,0,0,0,0
1194.59,0,0,0,0,0,0,38.93554458,0,0,0,0,0,0,0,32.75629616,0,0,0,0,0,0,0,0,0,0,0,0,1634.443592,0,0,0,0,0,7.807883269,0,0,0,0,0,0
1196.33,0,0,0,0,0,0,60.32112008,0,0,0,0,0,0,0,30.31377541,0,0,0,0,0,0,0,0,0,0,0,0,1767.352608,0,0,0,0,0,0,0,0,0,0,0,0
1198.07,0,21.50686725,0,0,0,0,76.16226286,0,0,0,0,0,0,0,25.85683268,0,0,0,0,0,0,0,0,0,0,0,0,1791.527244,0,0,0,0,0,0,0,0,0,0,0,0
1199.82,0,40.35772511,0,0,0,0,86.50212555,0,0,0,0,0,0,0,19.34245439,0,0,0,0,0,0,0,0,0,0,0,0,1706.167272,0,0,0,0,0,0,0,0,0,0,0,0
1201.56,0,54.73745944,0,0,0,0,91.22253832,0,0,0,0,0,0,0,10.84509056,0,0,0,0,0,0,0,0,0,0,0,0,1512.248235,0,0,0,187.3958071,0,0,0,0,0,0,0,0
1203.3,0,64.76629202,0,0,0,0,90.39851835,0,0,0,0,0,0,0,0.333304755,0,0,0,0,0,0,0,0,0,0,0,0,1209.594818,0,0,0,436.7362071,0,0,0,0,0,0,0,0
1205.04,0,70.44422285,0,0,0,0,84.03006566,0,0,0,0,0,0,0,0,0,0,0,0,0,0,0,0,0,0,0,0,798.2070197,0,0,0,631.9776612,0,0,0,0,0,0,0,0
1206.78,0,71.77125192,0,0,0,0,72.11718024,0,0,0,0,0,0,0,0,0,0,0,0,0,0,0,0,0,0,0,0,278.0848405,0,0,0,773.1201696,0,0,0,0,0,0,0,0
1208.51,0,68.77718856,0,0,0,0,54.77603222,0,0,0,0,0,0,0,0,0,0,0,0,0,0,0,0,0,0,0,0,0,0,0,0,859.8180451,0,0,0,0,0,0,0,0
1210.25,0,61.42741931,0,0,0,0,31.8061459,0,0,0,0,0,0,0,0,0,0,0,0,0,0,0,0,0,0,0,0,0,0,0,0,893.0735753,0,0,0,0,0,0,0,0
1211.98,0,49.80642429,0,0,0,0,3.47154296,0,0,0,0,0,0,0,0,0,0,0,0,0,0,0,0,0,0,0,0,0,0,0,0,872.5045128,0,0,0,0,0,0,0,0
1213.72,0,33.77985672,0,0,0,0,0,0,0,0,0,0,0,0,0,0,0,0,0,0,0,0,0,0,0,0,0,0,0,0,0,797.873065,0,0,0,0,0,0,0,0
1215.45,0,13.53193003,0,0,0,0,0,0,0,0,0,0,0,0,0,0,0,0,0,0,0,0,0,0,0,0,0,0,0,0,0,670.0370645,0,0,0,0,0,0,0,0
1217.19,0,0,0,0,0,0,0,0,0,0,0,0,0,0,0,0,0,0,0,0,0,0,0,0,0,0,0,0,0,0,0,487.5186385,0,0,0,0,0,0,0,0
1218.92,0,0,0,0,0,0,0,0,0,0,0,0,0,0,0,0,0,0,0,0,0,0,0,0,0,0,0,0,0,0,0,252.4156999,0,0,0,0,0,0,0,0
1220.65,0,0,0,0,0,0,0,0,0,0,0,0,0,0,0,0,0,0,0,0,0,0,0,0,0,0,0,0,0,0,0,0,0,0,0,0,0,0,0,0
1222.38,0,0,0,0,0,0,0,0,0,0,0,0,0,0,0,0,0,0,0,0,0,0,0,0,0,0,0,0,0,0,0,0,0,0,0,0,0,0,0,0
1224.1,0,0,0,0,0,0,0,0,0,0,0,0,0,0,0,0,0,0,0,0,0,0,0,0,0,0,0,0,0,0,0,0,0,0,0,0,0,0,0,0
1225.83,0,0,0,0,0,0,0,0,0,0,0,0,0,0,0,0,0,0,0,0,0,0,0,0,0,0,0,0,0,0,0,0,0,0,0,0,0,0,0,0
1227.56,0,0,0,0,0,0,0,0,0,0,0,0,0,0,0,0,0,0,0,0,0,0,0,0,0,0,0,0,0,0,0,0,0,0,0,0,0,0,0,0
1229.28,0,0,0,0,0,0,0,0,0,0,0,0,0,0,0,0,0,0,0,0,0,0,0,0,0,0,0,0,0,53.02232511,0,0,0,0,0,0,0,0,0,0
1231.01,0,0,0,0,0,0,0,0,0,0,0,0,0,0,0,0,0,0,0,0,0,0,0,0,0,0,0,0,0,262.7983382,0,0,0,0,0,0,0,0,0,0
1232.73,0,0,0,0,0,0,0,0,0,0,0,0,0,0,0,0,0,0,0,0,0,0,0,0,0,0,0,0,0,430.2214868,0,0,0,0,0,0,0,0,0,0
1234.45,0,0,0,0,0,0,0,0,0,0,0,0,0,0,0,0,0,0,0,0,0,0,0,0,0,0,0,0,0,556.6235962,0,0,0,0,0,0,0,0,0,0
1236.18,0,0,0,0,0,0,0,0,0,0,0,0,0,0,0,0,0,0,0,0,0,0,0,0,0,0,0,0,0,642.3811274,0,0,0,0,0,0,0,0,0,0
1237.9,0,0,0,0,0,0,0,0,0,0,0,0,0,0,0,0,0,0,0,0,0,0,0,0,0,0,0,0,0,686.5026639,0,0,0,0,0,0,0,0,0,0
1239.61,0,0,0,0,0,0,0,0,0,0,0,0,0,0,0,0,0,0,0,0,0,0,0,0,0,0,0,0,0,689.703689,0,0,0,0,0,0,0,0,0,0
1241.33,0,0,0,0,0,0,0,0,0,0,0,0,0,0,0,0,0,0,0,0,0,0,0,0,0,0,0,0,0,652.0216416,0,0,0,0,0,0,0,0,0,0
1243.05,0,0,0,0,0,0,0,0,0,0,0,0,0,0,0,0,0,0,0,0,0,0,0,0,0,0,0,0,0,573.3185549,0,0,0,0,0,0,0,0,0,0
1244.77,0,0,0,0,0,0,0,0,0,0,0,0,0,0,0,0,0,0,0,0,0,0,0,0,0,0,0,0,0,453.594429,0,0,0,0,0,0,0,0,0,0
1246.48,0,0,0,0,0,0,0,0,0,0,0,0,0,0,0,0,0,0,0,0,0,0,0,0,0,0,0,0,0,293.9023828,0,0,0,0,0,0,0,0,0,0
1248.2,0,0,0,0,0,0,0,0,0,0,0,0,0,0,0,0,0,0,0,0,0,0,0,0,0,0,0,0,0,92.37467291,0,0,0,0,0,0,0,0,0,0
1249.91,0,0,0,0,0,0,0,0,0,0,0,0,0,0,0,0,0,0,0,0,0,0,0,0,0,0,0,0,0,0,0,0,0,0,0,0,0,0,0,0
1251.62,0,0,0,0,0,0,0,0,0,0,0,0,1.717359197,0,0,0,0,0,0,0,0,0,0,0,0,0,0,0,0,0,0,0,0,0,0,0,0,0,0,0
1253.33,0,0,0,0,0,0,0,0,0,0,0,0,5.536820623,0,0,0,0,0,0,0,0,0,0,0,0,0,0,0,0,0,0,0,0,0,0,0,0,0,0,0
1255.04,0,0,0,0,0,0,0,0,0,0,0,0,8.585263329,0,0,0,0,0,0,0,0,0,0,0,0,0,0,0,0,0,0,0,0,0,0,0,0,0,0,0
1256.75,0,0,0,0,0,0,0,0,0,0,0,0.372574178,10.86268732,0,0,0,0,0,0,0,0,0,0,0,0,0,0,0,0,0,0,0,0,0,0,0,0,0,0,0
1258.46,0,0,0,0,0,0,0,0,0,0,0,7.923318829,12.36909258,0,0,0,0,0,0,0,0,0,0,0,0,0,0,0,0,0,0,0,0,0,0,0,0,0,0,0
1260.17,0,0,0,0,0,0,0,0,0,0,0,14.05021025,13.10447913,0,0,0,0,0,0,0,0,0,0,0,0,0,0,0,0,0,0,0,0,0,0,0,0,0,0,0
1261.87,0,0,0,0,0,0,0,0,0,0,0,18.72988427,13.07129659,0,0,0,0,0,0,0,0,0,0,0,0,0,0,0,0,0,0,0,0,0,0,0,0,0,0,0
1263.58,0,0,0,0,0,0,0,0,0,0,0,22.01739586,12.26915458,15.72500151,0,0,0,0,0,0,0,0,0,0,0,0,0,0,0,0,0,0,0,0,0,0,0,0,0,0
1265.28,0,0,0,0,0,0,0,0,0,0,0,23.8742946,10.70743488,33.70824682,0,0,0,0,0,8.17489219,0,0,0,0,0,0,0,0,0,0,0,0,0,0,0,0,0,0,0,0
1266.99,0,0,0,0,0,0,0,0,0,0,0,24.32242636,8.367764313,47.89205452,0,0,0,0,0,30.15811906,0,0,0,0,0,0,0,0,0,0,0,0,0,0,0,0,0,0,0,0
1268.69,0,0,0,0,0,0,0,0,0,0,0,23.35654984,5.277507448,58.11053214,0,0,0,0,0,47.67160144,0,0,0,0,0,0,0,0,0,0,0,0,0,0,0,0,0,0,0,0
1270.39,0,0,0,0,0,0,0,0,0,0,0,20.98342464,1.425223258,64.45801119,0,0,0,0,0,60.85662697,0,0,0,0,0,0,0,0,0,0,0,0,0,0,0,0,0,0,0,0
1272.09,0,0,0,0,0,0,0,0,0,0,0,17.20305078,0,66.93449169,0,0,0,0,0,69.71319565,0,0,0,0,0,0,0,0,0,0,0,0,0,0,0,0,0,0,0,0
1273.79,0,0,0,0,0,0,0,0,0,0,0,12.01542825,0,65.53997362,0,0,0,0,0,74.24130748,0,0,0,0,0,0,0,0,0,0,0,0,0,0,0,0,0,0,0,0
1275.49,0,0,0,0,0,0,0,0,0,0,0,5.420557047,0,60.274457,0,0,0,0,0,74.44096245,0,0,0,0,0,0,0,0,0,0,0,0,0,0,0,0,0,0,0,0
1277.18,0,0,0,0,0,0,0,0,0,0,0,0,0,51.20300435,0,0,0,0,0,70.34910352,0,0,0,0,0,0,0,0,0,0,0,0,0,0,0,0,0,0,0,0
1278.88,0,0,0,0,0,0,0,0,0,0,0,0,0,38.2182612,0,0,0,0,0,61.9173063,0,0,0,0,0,0,0,0,0,0,0,0,0,0,0,0,0,0,0,0
1280.57,0,0,0,0,0,0,0,0,0,0,0,0,0,21.47298922,0,0,0,0,0,49.24476843,0,0,0,0,0,0,0,0,0,0,0,0,0,0,0,0,0,0,0,0
1282.27,0,0,0,0,0,0,0,0,0,0,0,0,0,0.76901953,0,0,0,0,0,32.18151902,0,0,0,0,0,0,0,0,0,0,0,0,0,0,0,0,0,0,0,0
1283.96,0,0,0,0,0,0,0,0,0,0,0,0,0,0,0,0,0,0,0,10.9283022,0,0,0,0,0,0,0,0,0,0,0,0,0,0,0,0,0,0,0,0
1285.65,0,0,0,0,0,0,0,0,0,0,0,0,0,0,0,0,0,0,0,0,0,0,0,0,0,0,0,0,0,0,0,0,0,0,0,0,0,0,0,0
1287.34,0,0,0,0,0,0,0,0,0,0,0,0,0,0,0,0,0,0,0,0,0,0,0,0,0,0,0,0,0,0,0,0,0,0,0,0,0,0,0,0
1289.03,0,0,0,0,0,0,0,0,0,0,0,0,0,0,0,0,0,0,0,0,0,0,0,0,0,0,0,0,0,0,0,0,0,0,0,0,0,0,0,0
1290.72,0,0,0,0,0,0,0,0,0,0,0,0,0,0,0,0,0,0,0,0,0,0,0,0,0,0,0,0,0,0,0,0,0,0,0,0,0,0,0,0
1292.41,0,0,0,0,0,0,0,0,0,0,0,0,0,0,0,0,0,0,0,0,0,0,0,0,0,0,0,0,0,0,0,0,0,0,0,0,0,0,0,0
1294.1,0,0,0,0,0,0,0,0,0,0,0,0,0,0,0,0,0,0,0,0,0,0,0,0,0,0,0,0,0,0,0,0,0,0,0,0,0,0,0,0
1295.78,0,0,0,0,0,0,0,0,0,0,0,0,0,0,0,0,0,0,0,0,0,0,0,0,0,0,0,0,0,0,0,0,0,0,0,0,0,0,0,0
1297.47,0,0,0,0,0,0,0,0,0,0,0,0,0,0,0,0,0,0,0,0,0,0,0,0,0,0,0,0,0,0,0,0,0,0,0,0,0,0,0,0
1299.15,0,0,0,0,0,0,0,0,0,0,0,0,0,0,0,0,0,0,0,0,0,0,0,0,0,0,0,0,0,0,0,0,0,0,0,0,0,0,0,0
1300.84,0,0,0,0,0,0,0,0,0,0,0,0,0,0,0,0,0,0,0,0,0,0,0,0,0,0,0,0,0,0,0,0,0,0,0,0,0,0,0,0
1302.52,0,0,0,0,0,0,0,0,0,0,0,0,0,0,0,0,0,0,0,0,0,0,0,0,0,0,0,0,0,0,0,0,0,0,0,0,0,0,0,0
1304.2,0,0,0,0,0,0,0,0,0,0,0,0,0,0,0,0,0,0,0,0,0,0,0,0,0,0,0,0,0,0,0,0,0,0,0,0,0,0,0,0
1305.88,0,0,0,0,0,0,0,0,0,0,0,0,0,0,0,0,0,0,0,0,0,0,0,0,0,0,0,0,0,0,0,0,0,0,0,0,0,0,0,0
1307.56,0,0,0,0,0,0,0,0,0,0,0,0,0,0,0,0,0,0,0,0,0,0,0,0,0,0,0,0,0,0,0,0,0,0,0,0,0,0,0,0
1309.24,0,0,0,0,0,0,0,0,0,0,0,0,0,0,0,0,0,0,0,0,0,0,0,0,0,45.01699566,0,0,0,0,0,0,0,0,0,0,0,0,0,0
1310.91,0,0,0,0,0,1.804992374,0,0,0,0,0,0,0,0,0,0,0,0,0,0,0,0,0,0,0,99.47202196,0,0,0,0,0,0,0,0,0,0,0,0,0,0
1312.59,0,0,0,0,0,3.441225493,0,0,0,0,0,0,0,0,0,0,0,0,0,0,0,0,0,0,0,142.7730624,0,0,0,0,0,0,0,0,0,0,0,0,0,0
1314.26,0,0,0,0,0,4.710608409,0,0,0,0,0,0,0,0,0,0,0,0,0,0,0,0,0,0,0,174.4046285,0,0,0,0,0,0,0,0,0,0,0,0,0,0
1315.94,0,0,0,0,0,5.62834331,0,0,0,0,0,0,0,0,0,0,0,0,0,0,0,0,0,0,0,194.7455414,0,0,0,0,0,0,0,0,0,0,0,0,0,0
1317.61,0,0,0,0,0,6.183504783,0,0,0,0,0,0,0,0,0,0,0,0,0,0,0,0,0,0,0,203.5536473,0,0,0,0,0,0,0,0,0,0,0,0,0,0
1319.28,0,0,0,0,0,6.382621537,0,0,0,0,0,0,0,0,0,0,0,0,0,0,0,0,0,0,0,200.9840879,0,0,0,0,0,0,0,0,0,0,0,0,0,0
1320.95,0,0,0,0,0,6.225693573,0,0,0,0,0,0,0,0,0,0,0,0,0,0,0,0,0,0,0,187.0368633,0,0,0,0,0,0,0,0,0,0,0,0,0,0
1322.62,0,0,0,0,0,5.712720889,0,0,0,0,0,0,0,0,0,0,0,0,0,0,0,0,0,0,0,161.7119734,0,0,0,0,0,0,0,0,0,0,0,0,0,0
1324.29,0,0,0,0,0,4.843703486,0,0,0,0,0,0,0,0,0,0,0,0,0,0,0,0,0,0,0,125.0094184,0,0,0,0,0,0,0,0,0,0,0,0,0,0
1325.96,0,0,0,0,0,3.618641365,0,0,0,0,0,0,0,0,0,0,0,0,0,0,0,0,0,0,0,76.92919803,0,0,0,0,0,0,0,0,0,0,0,0,0,0
1327.63,0,0,0,0,0,2.037534524,0,0,0,0,0,0,0,0,0,0,0,0,0,0,0,0,0,0,0,17.47131246,0,0,0,0,0,0,0,0,0,0,0,0,0,0
1329.29,0,0,0,0,0,0.113042294,0,0,0,0,0,0,0,0,0,0,0,0,0,0,0,0,0,0,0,0,0,0,0,0,0,0,0,0,0,0,0,0,0,0
1330.96,0,0,0,0,0,0,0,0,0,0,0,0,0,0,0,0,0,0,0,0,0,0,0,0,0,0,0,0,0,0,0,0,0,0,0,0,0,0,0,0
1332.62,0,0,0,0,0,0,0,0,0,0,0,0,0,0,0,0,0,0,0,0,0,0,0,0,0,0,0,0,0,0,0,0,0,0,0,0,0,0,0,0
1334.28,0,0,0,0,0,0,0,0,0,0,0,0,0,0,0,0,0,0,0,0,0,0,0,0,0,0,0,0,0,0,0,0,0,0,0,0,0,0,0,0
1335.95,0,0,0,0,0,0,0,0,0,0,0,0,0,0,0,0,0,0,0,0,0,0,0,0,0,0,0,0,0,0,0,0,0,0,0,0,0,0,0,0
1337.61,0,0,0,0,0,0,0,0,0,0,0,0,0,0,0,0,0,0,0,0,0,0,0,0,0,0,0,0,0,0,0,0,0,0,0,0,0,0,0,0
1339.27,0,0,0,0,0,0,0,0,0,0,0,0,0,0,0,0,0,0,0,0,0,0,0,0,0,0,0,0,0,0,0,0,0,0,0,0,0,0,0,0
1340.92,0,0,0,0,0,0,0,0,0,0,0,0,0,0,0,0,0,0,0,0,0,0,0,0,0,0,0,0,0,0,0,0,0,0,0,0,0,0,0,0
1342.58,0,0,0,0,0,0,0,0,0,0,0,0,0,0,0,0,0,0,0,0,0,0,0,0,0,0,0,0,0,0,0,0,0,0,0,0,0,0,0,0
1344.24,0,0,0,0,0,0,0,0,0,0,0,0,0,0,0,0,0,0,0,0,0,0,0,0,0,0,0,0,0,0,0,0,0,0,0,0,0,0,0,0
1345.9,0,0,0,0,0,0,0,0,0,0,0,0,0,0,0,0,0,0,0,0,0,0,0,0,0,0,0,0,0,0,0,0,0,0,0,0,0,0,0,0
1347.55,0,0,0,0,0,0,0,0,0,0,0,0,0,0,0,0,0,0,0,0,0,0,0,0,0,0,0,0,0,0,0,0,0,0,0,0,0,0,0,0
1349.2,0,0,0,0,0,0,0,0,0,0,0,0,0,0,0,0,0,0,0,0,0,0,0,0,0,0,0,0,0,0,0,0,0,0,0,0,0,0,0,0
1350.86,0,0,0,0,0,0,0,0,0,0,0,0,0,0,0,0,0,0,0,0,0,0,0,0,0,0,0,0,0,0,0,0,0,0,0,0,0,0,0,0
1352.51,0,0,0,0,0,0,0,0,0,0,0,0,0,0,0,0,0,0,0,0,0,0,0,0,0,0,0,0,0,0,0,0,0,0,0,0,0,0,0,0
1354.16,0,0,0,0,0,0,0,0,0,0,0,0,0,0,0,0,0,0,0,0,0,0,0,0,0,0,0,0,0,0,0,0,0,0,0,0,0,0,0,0
1355.81,0,0,0,0,0,0,0,0,0,0,0,0,0,0,0,0,0,0,0,0,0,0,0,0,0,0,0,0,0,0,0,0,0,0,0,0,0,0,0,0
1357.46,0,0,0,0,0,0,0,0,0,0,0,0,0,0,0,0,0,0,0,0,0,0,0,0,0,0,0,0,0,0,0,0,0,0,0,0,0,0,0,0
1359.1,0,0,0,2.081439167,0,0,0,0,0,0,0,0,0,0,0,0,0,0,0,0,0,0,0,0,0,0,0,0,0,0,0,0,0,0,0,0,0,0,0,0
1360.75,0,0,0,31.37446337,0,0,0,0,0,0,0,0,0,0,0,0,0,0,0,0,0,0,0,0,0,0,0,0,0,0,0,0,0,0,0,0,0,0,0,0
1362.4,0,0,0,55.33743781,0,0,0,0,0,0,0,0,3.951342143,0,0,0,0,0,0,0,0,0,0,0,0,0,0,0,0,0,0,0,0,0,0,0,0,0,0,0
1364.04,0,0,0,73.87348945,0,0,0,0,0,0,0,0,24.84349669,0,0,0,0,0,0,0,0,0,0,0,0,0,0,0,0,0,0,0,0,0,0,0,0,0,0,0
1365.69,0,0,0,87.20866771,0,0,0,0,0,0,0,0,41.97798007,0,0,0,0,0,0,0,0,0,0,0,0,0,0,0,0,0,0,0,0,0,0,0,0,0,0,0
1367.33,0,0,0,95.18133406,0,0,0,0,0,0,0,0,55.14710156,0,0,0,0,0,0,0,0,0,0,0,0,0,0,0,0,0,0,0,0,0,0,0,0,0,0,0
1368.97,0,0,0,97.88836154,0,0,0,0,0,0,0,0,64.46644365,0,0,0,0,0,0,0,0,0,0,0,0,0,0,0,0,0,0,0,0,0,0,0,0,0,0,0
1370.61,0,0,0,95.32975014,0,0,0,0,0,0,0,0,69.93600634,0,0,0,0,0,0,0,0,0,0,0,0,0,0,0,0,0,0,0,0,0,0,0,0,0,0,0
1372.25,0,0,0,87.50549987,0,0,0,0,0,0,0,0,71.55578964,0,0,0,0,0,0,0,0,0,0,0,0,0,0,0,0,0,0,0,0,0,0,0,0,0,0,0
1373.89,0,0,0,74.41561073,0,0,0,0,0,0,0,0,69.32579354,0,0,0,0,0,0,0,0,0,0,0,0,0,0,0,0,0,0,0,0,0,0,0,0,0,0,0
1375.53,0,0,0,56.06008272,0,0,0,0,0,0,0,0,63.24601804,0,0,0,0,0,0,0,0,0,0,0,0,0,0,0,0,0,0,0,0,0,0,0,0,0,0,0
1377.16,0,0,0,32.59890323,0,0,0,0,0,0,0,0,53.38867478,0,0,0,0,0,0,0,0,0,0,0,0,0,0,0,0,0,0,0,0,0,0,0,0,0,0,0
1378.8,0,0,0,3.744205033,0,0,0,0,0,0,0,0,39.63281475,0,0,0,0,0,0,0,0,0,0,0,0,0,0,0,0,0,0,0,0,0,0,0,0,0,0,0
1380.43,0,0,0,0,0,0,0,0,0,0,0,0,22.14619235,0,0,0,0,0,0,0,0,0,0,0,0,0,0,0,0,0,0,0,0,0,0,0,0,0,0,0
1382.07,0,0,0,0,0,0,0,0,0,0,0,0,0.714247797,0,0,0,0,0,0,0,0,0,0,0,0,0,0,0,0,0,0,0,0,0,0,0,0,0,0,0
1383.7,0,0,0,0,0,0,0,0,0,0,0,0,0,0,0,0,0,0,0,0,0,0,0,0,0,0,0,0,0,0,0,0,0,0,0,0,0,0,0,0
1385.33,0,0,0,0,0,0,0,0,0,0,0,0,0,0,0,0,0,0,0,0,0,0,0,0,0,0,0,0,0,0,0,0,0,0,0,0,0,0,0,0
1386.96,0,0,0,0,0,0,0,0,0,0,0,0,0,0,0,0,0,0,0,0,0,0,0,0,0,0,0,0,0,0,0,0,0,0,0,0,0,0,0,0
1388.59,0,0,0,0,0,0,0,0,0,0,0,0,0,0,0,0,0,0,0,0,0,0,0,0,0,0,0,0,0,0,0,0,0,0,0,0,0,0,0,0
1390.22,0,0,0,0,0,0,0,0,0,0,0,0,0,0,0,0,0,0,0,0,0,0,0,0,0,0,0,0,0,0,0,0,0,0,0,0,0,0,0,0
1391.85,0,0,0,0,0,0,0,0,0,0,0,0,0,0,0,0,0,0,0,0,0,0,0,0,0,0,0,0,0,0,0,0,0,0,0,0,0,0,0,0
1393.47,0,0,0,0,0,0,0,0,0,0,0,0,0,0,0,0,0,0,0,0,0,0,0,0,0,0,0,0,0,0,0,0,0,0,0,0,0,0,0,0
1395.1,0,0,0,0,0,0,0,0,0,0,0,0,0,0,0,0,0,0,0,0,0,0,0,0,0,0,0,0,0,0,0,0,0,0,0,0,0,0,0,0
1396.72,0,0,0,0,0,0,0,0,0,0,0,0,0,0,0,0,0,0,0,0,0,0,0,0,0,0,0,0,0,0,0,0,0,0,0,0,0,0,0,0
1398.35,0,0,0,0,0,0,0,0,0,0,0,0,0,0,0,0.02824962,0,0,0,0,0,0,0,0,0,0,0,0,0,0,0,0,0,0,0,0,0,0,0,0
1399.97,0,0,0,0,0,0,0,0,0,0,0,0,0,0,0,0.494545623,0,0,0,0,0,0,0,0,0,0,0,0,0,0,0,0,0,0,0,0,0,0,0,0
1401.59,0,0,0,0,0,0,0,0,0,0,0,0,0,0,0,0.877833273,0,0,0,0,0,0,0,0,0,0,0,0,0,0,0,0,0,0,0,0,0,0,0,0
1403.21,0,0,0,0,0,0,0,0,0,0,0,0,0,0,0,1.178112571,0,0,0,0,0,0,0,0,0,0,0,0,0,0,0,0,0,0,0,0,0,0,0,0
1404.83,0,0,0,0,0,0,0,0,0,0,0,0,0,0,0,1.395383515,0,0,0,0,0,0,0,0,0,0,0,0,0,0,0,0,0,0,0,0,0,0,0,0
1406.45,0,0,0,0,0,0,0,0,0,0,0,0,0,0,0,1.529646107,0,0,0,0,0,0,0,0,0,0,0,0,0,0,0,0,0,0,0,0,0,0,0,0
1408.07,0,0,0,0,0,0,0,0,0,0,0,0,0,0,0,1.580900346,0,0,0,0,0,0,0,0,0,0,0,0,0,0,0,0,0,0,0,0,0,0,0,0
1409.68,0,0,0,0,0,0,0,0,0,0,0,0,0,0,0,1.549596862,0,0,0,0,0,0,0,0,0,0,0,0,0,0,0,0,0,0,0,0,0,0,0,0
1411.3,0,0,0,0,0,0,0,0,0,0,0,0,0,0,0,1.435346793,0,0,0,1.625374054,0,0,0,0,0,0,0,0,0,0,0,0,0,0,0,0,0,0,0,0
1412.91,0,0,0,0,0,0,0,0,0,0,0,0,0,0,0,1.239560633,0,0,0,15.82950781,0,0,0,0,0,0,0,0,0,0,0,0,0,0,0,0,0,0,0,0
1414.53,0,0,0,0,0,0,0,0,0,0,0,0,0,0,0,0.959806255,0,0,0,27.56493274,0,0,0,0,0,0,0,0,0,0,0,0,0,0,0,0,0,0,0,0
1416.14,0,0,0,0,0,0,0,0,0,0,0,0,0,0,0,0.599537418,0,0,0,36.68676705,0,0,0,0,0,0,0,0,0,0,0,0,0,0,0,0,0,0,0,0
1417.75,0,0,0,0,0,0,0,0,0,0,0,0,0,0,0,0.157281859,0,0,0,43.27531898,0,0,0,0,0,0,0,0,0,0,0,0,0,0,0,0,0,0,0,0
1419.36,0,0,0,0,0,0,0,0,0,0,0,0,0,0,0,0,0,0,0,47.33058853,0,0,0,0,0,0,0,0,0,0,0,0,0,0,0,0,0,0,0,0
1420.97,0,0,0,0,0,0,0,0,0,0,0,0,0,0,0,0,0,0,0,48.8525757,0,0,0,0,0,0,0,0,0,0,0,0,0,0,0,0,0,0,0,0
1422.58,0,0,0,0,0,0,0,0,0,0,0,0,0,0,0,0,0,0,0,47.84128048,0,0,0,0,0,0,0,0,0,0,0,0,0,0,434.816595,0,0,0,0,0
1424.19,0,0,0,0,0,0,0,0,0,0,0,0,0,0,0,0,0,0,0,44.29670287,0,0,0,0,0,0,0,0,0,0,0,0,0,0,854.6171354,0,0,0,0,0
1425.79,0,0,0,0,0,0,0,0,0,0,0,0,0,0,0,0,0,0,0,38.26441204,0,0,0,0,0,0,0,0,0,0,0,0,0,0,1185.93234,0,0,0,0,0
1427.4,0,0,0,0,0,0,0,0,0,0,0,0,0,0,0,0,0,0,0,29.66900435,0,0,0,0,0,0,0,0,0,0,0,0,0,0,1432.90365,0,0,0,0,0
1429,0,0,0,0,0,0,0,0,0,0,0,0,0,0,0,0,0,0,0,18.61725504,0,0,0,0,0,0,0,0,0,0,0,0,0,0,1592.463098,0,0,0,0,0
1430.61,0,0,0,0,0,0,0,0,0,0,0,0,0,0,0,0,0,0,0,4.971017249,0,0,0,0,0,0,0,0,0,0,0,0,0,0,1666.605177,0,0,0,0,0
1432.21,0,0,0,0,0,0,0,0,0,0,0,0,0,0,0,0,0,0,0,0,0,0,0,0,0,0,0,0,0,0,0,0,0,0,1654.408867,0,0,0,0,0
1433.81,0,0,0,0,0,0,0,0,0,0,0,0,0,0,0,0,0,0,0,0,0,0,0,0,0,0,0,0,0,0,0,0,0,0,1556.602211,0,0,0,0,0
1435.41,0,0,0,0,0,0,0,0,0,0,0,0,0,0,0,0,0,0,0,0,0,0,0,0,0,0,0,0,0,0,0,0,0,0,1373.185209,0,0,0,0,0
1437.01,0,0,0,0,0,0,0,0,0,0,0,0,0,0,0,0,0,0,0,0,0,0,0,0,0,0,0,0,0,0,0,0,0,0,1104.15786,0,0,0,0,0
1438.61,0,0,0,0,0,0,0,0,0,0,0,0,0,0,0,0,0,0,0,0,0,0,0,0,0,0,0,0,0,0,0,0,0,0,749.5201652,0,0,0,0,0
1440.2,0,0,0,0,0,0,0,0,0,0,0,0,0,0,0,0,0,0,0,0,0,0,0,0,0,0,0,0,0,0,0,0,0,0,312.2895344,0,0,0,0,0
1441.8,0,0,0,0,0,0,0,0,0,0,0,0,0,0,0,0,0,0,0,0,0,0,0,0,0,0,0,0,0,0,0,0,0,0,0,0,0,0,0,0
1443.4,0,0,0,0,0,0,0,0,0,0,0,0,0,0,0,0,0,0,0,0,0,0,0,0,0,0,0,0,0,0,0,0,0,0,0,0,0,0,0,0
1444.99,0,0,0,0,0,0,0,0,0,0,0,0,0,0,0,0,0,0,0,0,0,0,0,0,0,0,0,0,0,0,0,0,0,0,0,0,0,0,0,0
1446.58,0,0,0,0,0,0,0,0,0,0,0,0,0,0,0,0,0,0,0,0,0,0,0,0,0,0,0,0,0,0,0,0,0,0,0,0,0,0,0,0
1448.18,0,0,0,0,0,0,0,0,0,0,0,0,0,0,0,0,0,0,2.03765555,0,0,0,0,0,0,0,0,0,0,0,0,0,0,0,0,0,0,0,0,0
1449.77,0,0,0,0,0,0,0,0,0,0,0,0,0,0,0,13.02409344,0,0,6.368989481,0,0,0,0,0,0,0,0,0,0,0,0,0,0,0,0,0,0,0,0,0
1451.36,0,0,0,0,0,0,0,0,0,0,0,0,0,0,0,32.61135802,0,0,9.894286866,0,0,0,0,0,0,0,0,0,0,0,0,0,0,0,0,0,0,0,0,0
1452.95,0,0,0,0,0,0,0,0,0,0,0,0,0,0,0,48.4403585,0,0,12.6135477,0,0,0,0,0,0,0,0,0,0,0,0,0,0,0,0,0,0,0,0,0
1454.53,0,0,0,0,0,0,0,0,0,0,0,0,0,0,0,60.4469224,0,0,14.5172579,0,0,0,0,0,0,0,0,0,0,0,0,0,0,0,0,0,0,0,0,0
1456.12,0,0,0,0,0,0,0,0,0,0,0,0,0,0,0,68.78303156,0,0,15.62951506,0,0,0,0,0,0,0,0,0,0,0,0,0,0,0,0,0,0,0,0,0
1457.71,0,0,0,0,0,0,0,0,0,0,0,0,0,0,0,73.36087661,0,0,15.93573567,0,0,0,0,0,0,0,0,0,0,0,0,0,0,0,0,0,0,0,0,0
1459.29,0,0,0,0,0,0,0,0,0,0,0,0,0,0,0,74.18704708,0,0,15.441582,0,0,0,0,0,0,0,0,0,0,0,0,0,0,0,0,0,0,0,0,0
1460.88,0,0,0,0,0,0,0,0,0,0,0,0,0,0,0,71.27200082,0,0,14.14079893,0,0,0,0,0,0,0,0,0,0,0,0,0,0,0,0,0,0,0,0,0
1462.46,0,0,0,0,0,0,0,0,0,0,0,0,0,0,0,64.65240507,0,0,12.04974851,0,0,0,0,0,0,0,0,0,0,0,0,0,0,0,0,0,0,0,0,0
1464.04,0,0,0,0,0,0,0,0,0,0,0,0,0,0,0,54.32167033,0,0,9.162768495,0,0,0,0,0,0,0,0,0,0,0,0,0,0,0,0,0,0,0,0,0
1465.62,0,0,0,0,0,0,0,0,0,0,0,0,0,0,0,40.27979658,0,0,5.479858871,0,0,0,0,0,0,0,0,0,0,0,0,0,0,0,0,0,0,0,0,0
1467.21,0,0,0,0,0,0,0,0,0,0,0,0,0,0,0,22.40260456,0,0,0.970137852,0,0,0,0,0,0,0,0,0,0,0,0,0,0,0,0,0,0,0,0,0
1468.78,0,0,0,0,0,0,0,0,0,0,0,0,0,0,0,1.062632099,0,0,0,0,0,0,0,0,0,0,0,0,0,0,0,0,0,0,0,0,0,0,0,0
1470.36,0,0,0,0,0,0,0,0,0,0,0,0,0,0,0,0,0,0,0,0,0,0,0,0,0,0,0,0,0,0,0,0,0,0,0,0,0,0,0,0
1471.94,0,0,0,0,0,0,0,0,0,0,0,0,0,0,0,0,0,0,0,0,0,0,0,0,0,0,0,0,0,0,0,0,0,0,0,0,0,0,0,0
1473.52,0,0,0,0,0,0,0,0,0,0,0,0,0,0,0,0,0,0,0,0,0,0,0,0,0,0,0,0,0,0,0,0,0,0,0,0,0,0,0,0
1475.09,0,0,0,0,0,0,0,0,0,0,0,0,0,0,0,0,0,0,0,0,0,0,0,0,0,0,0,0,0,0,0,0,0,0,0,0,0,0,0,0
1476.67,0,0,0,0,0,0,0,0,0,0,0,0,0,0,0,0,0,0,0,0,0,0,0,0,0,0,0,0,0,0,0,0,0,0,0,0,0,0,0,0
1478.24,0,0,0,0,0,0,0,0,0,0,0,0,0,0,0,0,0,0,0,0,0,0,0,0,0,0,0,0,0,0,0,0,0,0,0,0,0,0,0,0
1479.81,0,0,0,0,0,0,0,0,0,0,0,0,0,0,0,0,0,0,0,0,0,0,0,0,0,0,0,0,0,0,0,0,0,0,0,0,0,0,0,0
1481.38,0,0,0,0,0,0,0,0,0,0,0,0,0,0,0,0,0,0,0,0,0,0,0,0,0,0,0,0,0,0,0,0,0,0,0,0,0,0,0,0
1482.95,0,0,0,0,0,0,0,0,0,0,0,0,0,0,0,0,0,0,0,0,0,0,0,0,0,0,0,0,0,0,0,0,0,0,0,0,0,0,0,0
1484.52,0,0,0,0,0,0,0,0,0,0,0,0,0,0,0,0,0,0,0,0,0,0,0,0,0,0,0,0,0,0,0,0,0,0,0,0,0,0,0,0
1486.09,0,0,0,0,0,0,0,0,0,0,0,0,0,0,0,0,0,0,0,0,0,0,0,0,0,0,0,0,0,0,0,0,0,0,0,0,0,0,0,0
1487.66,0,0,0,0,0,0,0,0,0,0,0,0,0,0,0,0,0,0,0,0,0,0,0,0,0,0,0,0,0,0,0,0,0,0,0,0,0,0,0,0
1489.22,0,0,0,0,0,0,0,0,0,0,0,0,0,0,0,0,0,0,0,0,0,0,0,0,0,0,0,0,0,0,0,0,0,0,0,0,0,0,0,0
1490.79,0,0,0,0,0,0,0,0,0,0,0,0,0,0,0,0,0,0,0,0,0,0,0,0,0,0,0,0,0,0,0,0,0,0,0,0,0,0,0,0
1492.35,0,0,0,0,0,0,0,0,0,0,0,0,0,0,0,0,0,0,0,0,0,0,0,0,0,0,0,0,0,0,0,0,0,0,0,0,0,0,0,0
1493.92,0,0,0,0,0,0,0,0,0,0,0,0,0,0,0,0,0,0,0,0,0,0,0,0,0,0,0,0,0,0,0,0,0,0,0,0,0,0,0,0
1495.48,0,0,0,0,0,0,0,0,0,0,0,0,0,0,0,0,0,0,0,0,0,0,0,0,0,0,0,0,0,0,0,0,0,0,0,0,0,0,0,0
1497.04,0,0,0,0,0,0,0,0,0,0,0,0,0,0,0,0,0,0,0,0,0,0,0,0,0,0,0,0,0,0,0,0,0,0,0,0,0,0,0,0
1498.6,0,0,0,0,0,0,0,0,0,0,0,0,0,0,0,0,0,0,0,0,0,0,0,0,0,0,0,0,0,0,0,0,0,0,0,0,0,0,0,0
1500.16,0,0,0,0,0,0,0,0,0,0,0,0,0,0,0,0,0,0,0,0,0,0,0,0,0,0,0,0,0,0,0,0,0,0,0,0,0,0,0,0
1501.72,0,0,0,0,0,0,0,0,0,0,0,0,0,0,0,0,0,0,0,0,0,0,0,0,0,0,0,0,0,0,0,0,0,0,0,0,0,0,0,0
1503.27,0,0,0,0,0,0,0,0,0,0,0,0,0,0,0,0,0,0,0,0,0,0,0,0,0,0,0,0,0,0,0,0,0,0,0,0,0,0,0,0
1504.83,0,0,0,0,0,0,0,0,0,0,0,0,0,0,0,0,0,0,0,0,0,0,0,0,0,0,0,0,0,0,0,0,0,0,0,0,0,0,0,0
1506.38,0,0,0,0,0,0,0,0,0,0,0,0,0,0,0,0,0,0,0,0,0,0,0,0,0,0,0,0,0,0,0,0,0,0,0,0,0,0,0,0
1507.94,0,0,0,0,0,0,0,0,0,0,0,0,0,0,0,0,0,0,0,0,0,0,0,0,0,0,0,0,0,0,0,0,0,0,0,0,0,0,0,0
1509.49,0,0,0,0,0,0,0,0,0,0,0,0,0,0,0,5.312588329,0,0,0,0,0,0,0,0,0,0,0,0,0,0,0,0,0,0,0,0,0,0,0,0
1511.04,0,0,0,0,0,0,0,0,0,0,0,0,0,0,0,13.36896519,0,0,0,0,0,0,0,0,0,0,0,0,0,0,0,0,0,0,0,0,0,0,0,0
1512.6,0,0,0,0,0,0,0,0,0,0,0,0,0,0,0,19.96432752,0,0,0,0,0,0,0,0,0,0,0,0,0,0,0,0,0,0,0,0,0,0,0,0
1514.15,0,0,0,0,0,0,0,0,0,0,0,0,0,0,0,25.01411937,0,0,0,0,0,0,0,0,0,0,0,0,0,0,0,0,0,0,0,0,0,0,0,0
1515.69,0,0,0,0,0,0,0,0,0,0,0,0,0,0,0,28.54734319,0,0,0,0,0,0,0,0,0,0,0,0,0,0,0,0,0,0,0,0,0,0,0,0
1517.24,0,0,0,0,0,0,0,0,0,0,0,0,0,0,0,30.60988499,0,0,0,0,0,0,0,0,0,0,0,0,0,0,0,0,0,0,0,0,0,0,0,0
1518.79,0,0,0,0,0,0,0,0,0,0,0,0,0,0,0,31.17396802,0,0,0,0,0,0,0,0,0,0,0,0,0,0,0,0,0,0,0,0,0,0,0,0
1520.34,0,0,0,0,0,0,0,0,0,0,0,0,0,0,0,30.23959229,0,0,0,0,0,0,0,0,0,0,0,0,0,0,0,0,0,0,0,0,0,0,0,0
1521.88,0,0,0,0,0,0,0,0,0,0,0,0,0,0,0,27.82725605,0,0,0,0,0,0,0,0,0,0,0,0,0,0,0,0,0,0,0,0,0,0,0,0
1523.42,0,0,0,0,0,0,0,0,0,0,0,0,0,0,0,23.93573362,0,0,0,0,0,0,0,0,0,0,0,0,0,0,0,0,0,0,0,0,0,0,0,0
1524.97,0,0,0,0,0,0,0,0,0,0,0,0,0,0,0,18.52531654,0,0,0,0,0,0,0,0,0,0,0,0,0,0,0,0,0,0,0,0,0,0,0,0
1526.51,0,0,0,0,0,0,0,0,0,0,0,0,0,0,0,11.66581664,0,0,0,0,0,0,0,0,0,0,0,0,0,0,0,0,0,0,0,0,0,0,0,0
1528.05,0,12.01328362,0,0,0,0,0,0,0,0,0,0,0,0,0,3.327130557,0,0,0,0,0,0,0,0,0,0,0,0,0,0,0,0,0,0,0,0,0,0,0,0
1529.59,0,29.13546056,0,0,0,0,0,0,0,0,0,0,0,0,0,0,0,0,0,0,0,0,0,0,0,0,0,0,0,0,0,0,0,0,0,0,0,0,0,0
1531.13,0,49.12887192,0,0,0,0,0,0,0,0,0,0,0,0,0,0,0,0,0,0,0,0,0,0,0,0,0,0,0,0,0,0,0,0,0,0,0,0,0,0
1532.67,0,64.93085285,0,0,0,0,0,0,0,0,0,0,0,0,0,0,0,0,0,0,0,0,0,0,0,0,0,0,0,0,0,0,0,0,0,0,0,0,0,0
1534.21,0,76.54140336,0,0,0,0,0,0,0,0,0,0,0,0,0,0,0,0,0,0,0,0,0,0,0,0,0,0,0,0,0,0,0,0,0,0,0,0,0,0
1535.74,0,83.92586752,0,0,0,0,0,0,0,0,0,0,0,0,0,0,0,0,0,0,0,0,0,0,0,0,0,0,0,0,0,0,0,0,0,0,0,0,0,0
1537.28,0,87.18077427,0,0,0,0,0,0,0,0,0,0,0,0,0,0,0,0,0,0,0,0,0,0,0,0,0,0,0,0,0,0,0,0,0,0,0,0,0,0
1538.81,0,86.26385209,0,0,0,0,0,0,0,0,0,0,0,0,0,0,0,0,0,0,0,0,0,0,0,0,0,0,0,0,0,0,0,0,0,0,0,0,0,0
1540.34,0,81.20975692,0,0,0,0,0,0,0,0,0,0,0,0,0,0,0,0,0,0,0,0,0,0,0,0,0,0,0,0,0,0,0,0,0,0,0,0,0,0
1541.88,0,71.94480657,0,0,0,0,0,0,0,0,0,0,0,0,0,0,0,0,0,0,0,0,0,0,0,0,0,0,0,0,0,0,0,0,0,0,0,0,0,0
1543.41,0,58.58932507,0,0,0,0,0,0,0,0,0,0,0,0,0,0,0,0,0,0,0,0,0,0,0,0,0,0,0,0,0,0,0,0,0,0,0,0,0,0
1544.94,0,41.09667057,0,0,0,0,0,0,0,0,0,0,0,0,0,0,0,0,0,0,0,0,0,0,0,0,0,0,0,0,0,0,0,0,0,0,0,0,0,0
1546.47,13.10640695,19.46684308,0,0,0,0,0,0,0,0,0,0,0,0,0,0,0,0,0,0,0,0,0,0,0,0,0,0,0,0,0,0,0,0,0,0,0,0,0,0
1547.99,26.64006688,6.903018923,0,0,0,0,0,0,0,0,0,1.666124284,0,0,0,0,0,0,0,0,0,0,0,0,0,0,0,0,0,0,0,0,0,0,0,0,0,0,0,0
1549.52,37.66132878,0,0,0,0,0,0,0,0,0,0,5.095003517,0,0,0,0,0,0,0,0,0,0,0,0,0,0,0,0,0,0,0,0,0,0,0,0,0,0,0,0
1551.05,46.07262614,0,0,0,0,0,0,0,0,0,0,7.912133601,0,0,0,0,0,0,0,0,0,0,0,0,0,0,0,0,0,0,0,0,0,0,0,0,0,0,0,0
1552.57,51.84451527,0,0,0,0,0,0,0,0,0,0,10.1050864,0,0,0,0,0,0,0,0,0,0,0,0,0,0,0,0,0,0,0,0,0,0,0,0,0,0,0,0
1554.1,55.05294211,0,0,0,0,0,0,0,0,0,0,11.70271655,0,0,0,0,0,0,0,0,0,0,0,0,0,0,0,0,0,0,0,0,0,0,0,0,0,0,0,0
1555.62,55.65596642,0,0,0,0,0,0,0,0,0,0,12.68414,0,0,0,0,0,0,0,0,0,0,0,0,0,0,0,0,0,0,0,0,0,0,0,0,0,0,0,0
1557.14,53.68303187,0,0,3.045076157,4.498943477,0,0,0,0,0,0,13.06178489,0,0,0,0,0,0,0,0,0,0,0,0,0,0,0,0,0,0,0,0,0,0,0,0,0,0,0,0
1558.66,49.13413845,0,0,6.554863778,17.96465276,0,0,0,0,0,0,12.83565122,0,0,0,0,0,0,0,0,0,0,0,0,0,0,0,0,0,0,0,0,0,0,0,0,0,0,0,0
1560.18,42.00928616,0,0,9.40657007,29.10010315,0,0,0,0,0,0,12.00573899,0,0,0,0,0,0,0,0,0,0,0,0,0,0,0,0,0,0,0,0,0,0,0,0,0,0,0,0
1561.7,32.30847502,0,0,11.60019503,37.90529465,0,0,0,0,0,0,10.5720482,0,0,0,0,0,0,0,0,0,0,0,0,0,0,0,0,0,0,0,0,0,0,0,0,0,0,0,0
1563.22,20.031705,0,0,13.13573866,44.38022725,0,0,0,0,0,0,8.534578855,0,0,0,0,0,0,0,0,0,0,0,0,0,0,0,0,0,0,0,0,0,0,0,0,0,0,0,0
1564.74,5.178976123,0,0,14.01320096,48.52490097,0,0,0,0,0,0,5.893330948,0,0,0,0,0,0,0,0,0,0,0,0,0,0,0,0,0,0,0,0,0,0,0,0,0,0,0,0
1566.25,0,0,0,14.23328914,50.33499374,0,0,0,0,0,0,2.671626387,0,0,0,0,0,0,0,0,0,0,0,0,0,0,0,0,0,0,0,0,0,0,0,0,0,0,0,0
1567.77,0,0,0,13.79891826,49.83448032,0,0,0,0,0,0,0,0,0,0,0,0,0,0,0,0,0,0,0,0,0,0,0,0,0,0,0,0,0,0,0,0,0,0,0
1569.28,0,0,0,12.71580374,47.02994641,0,0,0,0,0,0,0,0,0,0,0,0,0,0,0,0,0,0,0,0,0,0,0,0,0,0,0,0,0,0,0,0,0,0,0
1570.79,0,0,0,10.98323837,41.92571405,0,0,0,0,0,0,0,0,0,0,0,0,0,0,0,0,0,0,0,0,0,0,0,0,0,0,0,0,0,0,0,0,0,0,0
1572.31,0,0,0,26.09925019,34.46508525,0,0,0,0,0,0,0,0,0,0,0,0,0,0,0,0,0,0,0,0,0,0,0,0,0,0,0,0,0,0,0,0,0,0,0
1573.82,0,0,0,41.24423582,28.53882592,0,0,0,0,0,0,0,0,0,0,0,2.481459345,0,0,0,0,0,0,0,0,0,0,0,0,0,0,0,0,0,0,0,0,0,0,0
1575.33,0,0,0,52.30969416,33.31890438,0,0,0,0,0,0,0,0,0,0,0,12.7783504,0,0,0,0,0,0,0,0,0,0,0,0,0,0,0,0,0,0,0,0,0,0,0
1576.84,0,0,0,61.76799948,34.5511178,0,0,0,0,0,0,0,0,0,0,0,21.33120779,0,0,0,0,0,0,0,0,0,0,0,0,0,0,0,0,0,0,0,0,0,0,0
1578.34,0,0,0,69.61755139,45.60793381,0,0,0,0,0,0,0,0,0,0,0,28.10067667,0,0,0,0,0,0,0,0,0,0,0,0,0,0,0,0,0,0,0,0,0,0,0
1579.85,0,0,0,74.10071508,53.90910793,0,0,0,0,0,0,0,0,0,0,0,33.17701664,0,0,0,0,0,0,0,0,0,0,0,0,0,0,0,0,0,0,0,0,0,0,0
1581.36,0,0,0,75.15380234,59.3715282,0,0,0,0,0,0,0,0,0,0,0,36.50932293,0,0,0,0,0,0,0,0,0,0,0,0,0,0,0,0,0,0,0,0,0,0,0
1582.86,0,0,0,72.80383746,61.98715694,0,0,0,0,0,0,0,0,0,0,0,38.09281391,0,0,0,0,0,0,0,0,0,0,0,0,0,0,0,0,0,0,0,0,0,0,0
1584.37,0,0,0,67.01948759,61.79086921,0,0,0,0,0,0,0,0,0,0,0,37.94860278,0,0,0,0,0,0,0,0,0,0,0,0,0,0,0,0,0,0,0,0,0,0,0
1585.87,0,0,0,57.87736662,58.78526485,0,0,0,0,0,0,0,0,0,0,0,36.07859961,0,0,0,0,0,0,0,0,0,0,0,0,0,0,0,0,0,0,0,0,0,0,0
1587.37,0,0,0,45.35045026,52.97838152,0,0,0,0,2.63721677,0,0,0,0,0,0,32.48758609,0,0,0,0,0,0,0,0,0,0,0,0,0,0,0,0,0,0,0,0,0,0,0
1588.87,0,0,0,29.4387385,44.37021924,0,0,0,0,14.01964215,0,0,0,0,0,0,27.17556219,0,0,0,0,0,0,0,0,0,0,0,0,0,0,0,0,0,0,0,0,0,0,0
1590.37,0,0,0,10.14223135,32.960778,0,0,0,0,23.49109219,0,0,0,0,0,0,20.14252792,0,0,0,0,0,0,0,0,0,0,0,0,0,0,0,0,0,0,0,0,0,0,0
1591.87,0,0,0,0,18.75005779,0,0,0,0,31.05156689,0,0,0,0,0,0,11.38848329,0,0,0,0,0,0,0,0,0,0,0,0,0,0,0,0,0,0,0,0,0,0,0
1593.37,0,0,0,0,1.738058633,0,0,0,0,36.70106625,0,0,0,0,0,0,0.913428293,0,0,0,0,0,0,0,0,0,0,0,0,0,0,0,0,0,0,0,0,0,0,0
1594.87,0,0,0,0,0,0,0,0,0,40.43959028,0,0,0,0,0,0,0,0,0,0,0,0,0,0,0,0,0,0,0,0,0,0,0,0,0,0,0,0,0,0
1596.36,0,0,0,0,0,0,0,0,0,42.26128276,0,0,0,0,0,0,0,0,0,0,0,0,0,0,0,0,0,0,0,0,0,0,0,0,0,0,0,0,0,0
1597.86,0,0,0,0,0,0,0,0,0,42.19059595,0,0,0,0,0,0,0,0,0,0,0,0,0,0,0,0,0,0,0,0,0,0,0,0,0,0,0,0,0,0
1599.35,0,0,0,0,0,0,0,0,0,40.22847233,0,0,0,0,0,0,0,0,0,0,0,0,0,0,0,0,0,0,0,0,0,0,0,0,0,0,0,0,0,0
1600.84,0,0,0,0,0,0,0,0,0,36.38076811,0,0,0,0,0,0,0,0,0,0,0,0,0,0,0,0,0,0,0,0,0,0,0,0,0,0,0,0,0,0
1602.33,0,0,0,0,0,0,0,0,0,30.64748329,0,0,0,0,0,0,0,0,0,0,0,0,0,0,0,0,0,0,0,0,0,0,0,0,0,0,0,0,0,0
1603.83,0,0,0,0,0,0,0,0,0,22.97111463,0,0,0,0,0,0,0,0,0,0,0,0,0,0,0,0,0,0,0,0,0,0,0,0,0,0,0,0,0,0
1605.32,0,0,0,0,0,0,0,0,0,13.45401371,0,0,0,0,0,0,0,0,0,0,0,0,0,0,0,0,0,0,0,0,0,0,0,0,0,0,0,0,0,0
1606.8,0,0,0,0,0,0,0,0,0,2.134145245,0,0,0,0,0,0,0,0,0,0,0,0,0,0,0,0,0,0,0,0,0,0,0,0,0,0,0,0,0,0
1608.29,0,0,0,0,0,0,0,0,0,0,0,0,0,0,0,0,0,0,0,0,0,0,0,0,0,0,0,0,0,0,0,0,0,0,0,0,0,0,0,0
1609.78,0,0,0,0,1.783083076,0,0,0,0,0,0,0,0,0,0,0,0,0,0,0,0,0,0,0,0,0,0,0,0,0,0,0,0,0,0,0,0,0,0,0
1611.27,0,0,0,0,5.660250561,0,0,0,0,0,0,0,0,0,0,0,0,0,0,0,0,0,0,0,0,0,0,0,0,0,0,0,0,0,0,0,0,0,0,0
1612.75,0,0,0,0,8.849788219,0,0,0,0,0,0,0,0,0,0,0,0,0,0,0,0,0,0,0,0,0,0,0,0,0,0,0,0,0,0,0,0,0,0,0
1614.23,0,0,0,0,11.37994495,0,0,0,0,0,0,0,0,5.250230736,0,0,0,0,0,0,0,0,0,0,0,0,0,0,24.4781045,0,0,0,0,0,0,0,0,0,0,0
1615.72,0,0,0,0,13.26111844,0,0,0,0,0,0,0,0,30.67922583,0,0,0,0,0,0,0,0,0,0,0,0,0,0,124.8569457,0,0,0,0,0,0,0,0,0,0,0
1617.2,0,0,0,0,14.46805803,0,0,0,0,0,0,0,0,51.75831266,0,0,0,0,0,0,0,0,0,0,0,0,0,0,207.9730015,0,0,0,0,0,0,0,0,0,0,0
1618.68,0,0,0,0,15.01561669,0,0,0,0,0,0,0,0,68.67222715,0,0,0,0,0,0,0,0,0,0,0,0,0,0,274.5558108,0,0,0,0,0,0,0,0,0,0,0
1620.16,0,0,0,0,14.90379443,0,0,0,0,0,0,0,0,81.42096929,0,0,0,0,0,0,0,0,0,0,0,0,0,0,324.6053738,0,0,0,0,0,0,0,0,0,0,0
1621.64,0,0,0,0,14.13259124,0,0,0,0,0,0,0,0,90.00453909,0,0,0,0,0,0,0,0,0,0,0,0,0,0,358.1216903,0,0,0,0,0,0,0,0,0,0,0
1623.12,0,0,0,0,12.70200711,0,0,0,0,0,0,0,0,94.42293655,0,0,0,0,0,0,0,0,0,0,0,0,0,0,375.1047604,0,0,0,0,0,0,0,0,0,0,0
1624.59,0,0,0,0,10.62837603,0,0,0,0,0,0,0,0,94.68842713,0,0,0,0,0,0,0,0,0,0,0,0,0,0,375.6070229,0,0,0,0,0,0,0,0,0,0,0
1626.07,0,0,0,0,7.883485326,0,0,0,0,0,0,0,0,90.80462295,0,0,0,0,0,0,0,0,0,0,0,0,0,0,359.6353113,0,167.1807827,0,0,0,0,0,0,0,0,0
1627.54,0,0,0,0,4.504428113,0,0,0,0,0,0,0,0,82.82400786,0,0,0,0,0,0,0,0,0,0,0,0,0,0,327.4054596,0,349.3513876,0,0,0,0,0,0,0,0,0
1629.02,0,0,0,0,0.445230825,0,0,0,0,0,0,0,0,70.63800205,0,0,0,0,0,0,0,0,0,0,0,0,0,0,278.4789663,0,499.3804009,0,0,0,0,0,0,0,0,0
1630.49,0,0,0,0,0,0,0,0,0,0,0,0,0,54.41128129,0,0,0,0,0,0,0,0,0,0,0,0,0,0,213.5170003,0,615.2404035,0,0,0,0,0,0,0,0,0
1631.96,0,0,0,0,0,0,0,0,0,0,0,0,0,34.07548414,0,0,0,0,0,0,0,0,0,0,0,0,0,0,132.2444554,0,698.0574957,0,0,0,0,0,0,0,0,0
1633.43,0,0,0,0,0,0,0,0,0,0,0,0,0,9.630610596,0,0,0,0,0,0,0,0,0,0,0,0,0,0,34.66133144,0,747.8316776,0,0,0,0,0,0,0,0,0
1634.9,0,0,0,0,0,0,0,0,0,0,0,0,0,0,0,0,0,0,0,0,0,0,0,0,0,0,0,0,0,0,764.5629492,0,0,0,0,0,0,0,0,0
1636.37,0,0,0,0,0,0,0,2.420803799,0,0,0,0,0,0,0,0,0,0,0,0,0,0,0,0,0,0,0,0,0,0,748.2513105,0,0,0,0,0,0,0,0,0
1637.84,0,0,0,0,0,0,0,9.251814682,0,0,0,0,0,0,0,0,0,0,0,0,0,0,0,0,0,0,0,0,0,0,698.8967614,0,0,0,0,0,0,0,0,0
1639.31,0,0,0,0,0,0,0,14.94118875,0,0,0,0,0,0,0,0,0,0,0,0,0,0,0,0,0,0,0,0,0,0,616.499302,0,0,0,0,0,0,0,0,0
1640.77,0,0,0,0,0,0,0,19.46184573,0,0,0,0,0,0,0,0,0,0,0,0,0,0,0,0,0,0,0,0,0,0,501.9558672,0,0,0,0,0,0,0,0,0
1642.24,0,0,0,0,0,0,0,22.87571241,0,0,0,0,0,0,0,0,0,0,0,0,0,0,0,0,0,0,0,0,0,0,353.6973688,0,0,0,0,0,0,0,0,0
1643.7,0,0,0,0,0,0,0,25.13634164,0,0,0,0,0,0,0,0,0,0,0,0,0,0,0,0,0,0,0,0,0,0,173.7409293,0,0,0,0,0,0,0,0,0
1645.17,0,0,0,0,0,0,0,26.27470093,0,0,0,0,0,0,0,0,0,0,0,0,0,0,0,0,0,0,0,0,0,0,0,0,0,0,0,0,0,0,0,0
1646.63,0,0,0,0,0,0,0,26.27530242,0,0,0,0,0,0,0,0,0,0,0,0,0,0,0,0,0,0,0,0,0,0,0,0,0,0,0,0,0,0,0,0
1648.09,0,0,0,0,0,0,0,25.14974673,0,0,0,0,0,0,0,0,0,0,0,0,0,0,0,0,0,0,0,0,0,0,0,0,0,0,0,0,0,0,0,0
1649.55,0,0,0,0,0,0,0,22.89803387,0,0,0,0,0,0,0,0,0,0,0,0,0,0,0,0,0,0,0,0,0,0,0,0,0,0,0,0,0,0,0,0
1651.01,0,0,0,0,0,0,0,19.52016385,0,0,0,0,0,0,0,0,0,0,0,0,0,0,0,0,0,0,0,0,0,0,0,0,0,0,0,0,0,0,0,0
1652.46,0,0,0,0,0,0,0,15.05081644,0,0,0,0,0,0,0,0,0,0,0,0,0,0,0,0,0,0,0,0,0,0,0,0,0,0,0,0,0,0,0,0
1653.92,0,0,0,0,0,0,0,9.428345479,0,0,0,0,0,0,0,0,0,0,0,0,0,0,0,0,0,0,0,0,0,0,0,0,0,0,0,0,0,0,0,0
1655.38,0,0,0,0,0,0,0,2.679717349,0,0,0,0,0,0,0,0,0,0,0,0,0,0,0,0,0,0,0,0,0,0,0,0,0,0,0,0,0,0,0,0
1656.83,0,0,0,0,0,0,0,0,0,0,0,0,0,0,0,0,0,0,0,0,0,0,0,0,0,0,0,0,0,0,0,0,0,0,0,0,0,0,0,0
1658.29,0,0,0,0,0,0,0,0,0,0,0,0,0,0,0,0,0,0,0,0,0,0,0,0,0,0,0,0,0,0,0,0,0,0,0,0,0,0,0,0
1659.74,0,0,0,0,0,0,0,0,0,0,0,0,0,0,0,0,0,0,0,0,0,0,0,0,0,0,0,0,0,0,0,0,0,0,0,0,0,0,0,0
1661.19,0,0,0,0,0,0,0,0,7.995585573,0,0,0,0,0,0,0,0,0,0,0,0,0,0,0,0,0,0,0,0,0,0,0,0,0,0,0,0,0,0,0
1662.64,0,0,0,0,0,0,0,0,20.038025,0,0,0,0,0,0,0,0,0,0,0,0,0,0,0,0,0,0,0,0,0,0,0,0,0,0,0,0,0,0,0
1664.09,0,0,0,0,0,0,0,0,30.00855347,0,0,0,0,0,0,0,0,0,0,0,0,0,0,0,0,0,0,0,0,0,0,0,0,0,0,0,0,0,0,0
1665.54,0,0,0,0,0,0,0,0,37.90717097,0,0,0,0,0,0,0,0,0,0,0,0,0,0,0,0,0,0,0,0,0,0,0,0,0,0,0,0,0,0,0
1666.99,0,0,0,0,0,0,0,0,43.73387751,0,0,0,0,0,0,0,0,0,0,0,0,0,0,0,0,0,0,0,0,0,0,0,0,0,0,0,0,0,0,0
1668.44,6.60328805,0,0,0,0,0,0,0,47.48867309,0,0,0,0,0,0,0,0,0,0,0,0,0,0,0,0,0,0,0,0,0,0,0,0,0,0,0,0,0,0,0
1669.88,22.66696012,0,0,0,0,0,0,0,49.16704685,0,0,0,0,0,0,0,0,0,0,0,0,0,0,0,0,0,0,0,0,0,0,0,0,0,0,0,0,0,0,0
1671.33,36.17035774,0,0,0,0,0,0,0,48.79230954,0,0,0,0,0,0,0,0,0,0,0,0,0,0,0,0,0,0,0,0,0,0,0,0,0,0,0,0,0,0,0
1672.77,46.92722714,0,0,0,0,0,0,0,46.36962996,0,0,0,0,0,0,0,0,0,0,0,0,0,0,0,0,0,0,0,0,0,0,0,0,0,0,0,0,0,0,0
1674.21,55.03987652,0,0,0,0,0,0,0,41.90351895,0,0,0,0,0,0,0,0,0,0,0,0,0,0,0,0,0,0,0,0,0,0,0,0,0,0,0,0,0,0,0
1675.66,60.53703601,0,0,0,0,0,0,0,35.34162683,0,0,0,0,0,0,0,0,0,0,0,0,0,0,0,0,0,0,0,0,0,0,0,0,0,0,0,0,0,0,0
1677.1,63.34288272,1.286507428,0,0,0,0,0,0,26.77446247,0,0,0,0,0,0,0,0,0,0,0,0,0,0,0,0,0,0,0,0,0,0,0,0,0,0,0,0,0,0,0
1678.54,63.50450941,3.219250971,0,0,0,0,0,0,16.16386668,0,0,0,0,0,0,0,0,0,0,0,0,0,0,0,0,0,0,0,0,0,0,0,0,0,0,0,0,0,0,0
1679.97,61.04827387,4.812079241,0,0,0,0,0,0,3.604760636,0,0,0,0,0,0,0,0,0,0,0,0,0,0,0,0,0,0,0,0,0,0,0,0,0,0,0,0,0,0,0
1681.41,55.93982316,6.087269558,0,0,0,0,0,0,0,0,0,0,0,0,0,0,0,0,0,0,0,0,0,0,0,0,0,0,0,0,0,0,0,0,0,0,0,0,0,0
1682.85,48.18715244,7.032537697,0,0,0,0,0,0,0,0,0,0,0,0,0,0,0,0,0,0,0,0,0,0,0,0,0,0,0,0,0,0,0,0,0,0,0,0,0,0
1684.29,37.79026169,7.64788366,0,0,0,0,0,0,0,0,0,0,0,0,0,0,0,0,0,0,0,0,0,0,0,0,0,0,0,0,0,0,0,0,0,0,0,0,0,0
1685.72,24.84883176,7.932462945,0,0,0,0,0,0,0,0,0,0,0,0,0,0,0,0,0,0,0,0,0,0,0,0,0,0,0,0,0,0,0,0,0,0,0,0,0,0
1687.15,9.299779568,7.891686396,0,0,0,0,0,0,0,0,0,0,0,0,0,0,0,0,0,0,0,0,0,0,0,0,261.5854803,0,0,0,0,0,0,0,0,0,0,0,0,0
1688.59,0,7.521848082,0,0,0,0,0,0,0,0,0,0,0,0,0,0,0,0,0,0,0,0,0,0,0,0,659.6921678,0,0,0,0,0,0,0,0,0,0,0,0,0
1690.02,0,6.828084647,0,0,0,0,0,0,0,0,0,0,0,0,0,0,0,0,0,0,0,0,0,0,0,0,987.8650345,0,0,0,0,0,0,0,0,0,0,0,0,0
1691.45,0,5.808965378,0,0,0,0,0,0,0,0,0,0,0,0,0,0,0,0,0,0,0,0,0,0,0,0,1249.102749,0,0,0,0,0,0,0,0,0,0,0,0,0
1692.88,0,4.464490275,0,0,0,0,0,0,0,0,0,0,0,0,0,0,0,0,0,0,0,0,0,0,0,0,1443.405312,0,0,0,0,0,0,0,0,0,0,0,0,0
1694.31,0,2.794659336,0,0,0,0,0,0,0,0,0,0,0,0,0,0,0,0,0,0,0,0,0,0,0,0,1570.772723,0,0,0,0,0,0,0,0,0,0,0,0,0
1695.74,0,0.799472563,0,0,0,0,0,0,0,0,0,0,0,0,0,0,0,0,0,0,0,0,0,0,0,0,1631.204982,0,0,0,0,0,0,0,0,0,0,0,0,0
1697.16,0,0,0,0,0,0,0,0,0,0,0,0,0,0,0,0,0,0,0,0,0,0,0,0,0,0,1624.979966,0,0,0,0,0,0,0,0,0,0,0,0,0
1698.59,0,0,0,0,0,0,0,0,0,0,0,0,1.898869464,0,0,0,0,0,0,0,0,0,0,0,0,0,1552.009999,0,0,0,0,0,0,0,0,0,0,0,0,0
1700.01,0,0,0,0,0,0,0,0,0,0,0,0,4.198332326,0,0,0,0,0,0,0,0,0,0,0,0,0,1413.315639,0,0,0,0,0,0,0,0,0,0,0,0,0
1701.44,0,0,0,0,0,0,0,0,0,0,0,0,6.114894458,0,0,0,0,0,0,0,0,0,0,0,0,0,1206.943446,0,0,0,0,0,0,0,0,0,0,0,0,0
1702.86,0,0,0,0,0,0,0,0,0,0,0,0,7.621750797,0,0,0,0,0,0,0,0,0,0,0,0,0,935.7797437,0,0,0,0,0,0,0,0,0,0,0,0,0
1704.28,0,0,0,0,0,0,0,0,0,0,0,0,8.733694413,0,0,0,0,0,0,0,0,0,0,0,0,0,598.6137719,0,0,0,0,0,0,0,0,0,0,0,0,0
1705.7,0,0,0,0,0,0,0,0.29343234,0,0,0,0,9.450725305,0,0,0,0,0,0,0,0,0,0,0,0,0,195.4455308,0,0,0,0,0,0,0,0,0,0,0,0,0
1707.12,0,0,0,0,0,0,0,1.900617097,0,0,0,0,9.772843474,0,0,0,0,0,0,0,0,0,0,0,0,0,0,0,0,0,0,0,0,0,0,0,0,0,0,0
1708.54,0,0,0,0,0,0,0,3.255694087,0,0,0,0,9.70004892,0,0,0,0,0,0,0,0,0,0,0,0,0,0,0,0,0,0,0,0,0,0,0,0,0,0,0
1709.96,0,0,0,0,0,0,0,4.358663311,0,0,0,0,9.232341642,0,0,0,0,0,0,0,0,0,0,0,0,0,0,0,0,0,0,0,0,0,0,0,0,0,0,0
1711.38,0,0,0,0,0,0,0,5.209524769,0,0,0,0,8.369721641,0,0,0,0,0,0,0,0,0,0,0,0,0,0,0,0,0,0,0,0,0,0,0,0,0,0,0
1712.79,0,0,0,0,0,0,0,5.804943337,0,0,0,0,7.122425526,0,0,0,7.334975943,0,0,0,0,0,0,0,0,0,0,0,0,0,0,0,0,0,0,0,0,0,0,0
1714.21,0,0,0,0,0,0,0,6.153364668,0,0,0,0,5.472761154,0,0,0,28.97280304,0,0,0,0,0,0,0,0,0,0,0,0,0,0,0,0,0,0,0,0,0,0,0
1715.62,0,0,0,0,0,0,0,6.24988142,0,0,0,0,3.443963234,0,0,0,47.02467323,0,0,0,0,0,0,0,0,0,0,0,0,0,0,0,0,0,0,0,0,0,0,0
1717.04,0,0,0,0,0,0,0,6.095862626,0,0,0,0,1.00725449,0,0,0,61.74664143,0,0,0,0,0,0,0,0,0,0,0,0,0,0,0,0,0,0,0,0,0,0,0
1718.45,0,0,0,0,0,0,0,5.693477563,0,0,0,0,0,0,0,0,72.93135595,0,0,0,0,0,0,0,0,0,0,0,0,0,0,0,0,0,0,0,0,0,0,0
1719.86,0,0,0,0,0,0,0,5.042523044,0,0,0,0,0,0,0,0,80.69462541,0,0,0,0,0,0,0,0,0,0,0,0,0,0,0,0,0,0,0,0,0,0,0
1721.27,0,0,0,0,0,0,0,4.142999069,0,0,0,0,0,0,0,0,85.03644983,0,0,0,0,0,0,0,0,0,0,0,0,0,0,0,0,0,0,0,0,0,0,0
1722.68,0,0,0,0,0,0,0,2.994905639,0,0,0,0,0,0,0,0,85.95682919,0,0,0,0,0,0,0,0,0,0,0,0,0,0,0,0,0,0,0,0,0,0,0
1724.09,0,0,0,0,0,0,0,1.598242753,0,0,0,0,0,0,0,0,83.4557635,0,0,0,0,0,0,0,0,0,0,0,0,0,0,0,0,0,0,0,0,0,0,0
1725.49,0,0,0,0,0,0,0,0,0,0,0,0,0,0,0,0,77.58730311,0,0,0,0,0,0,0,0,0,0,0,0,0,0,0,0,0,0,0,0,0,0,0
1726.9,0,0,0,0,0,0,0,0,0,0,0,0,0,0,0,0,68.26761288,0,0,0,0,0,0,0,0,0,0,0,0,0,0,0,0,0,0,0,0,0,0,0
1728.3,0,0,0,0,0,0,0,2.209644007,0,0,0,0,0,0,0,0,55.628887,0,0,0,0,0,0,0,0,0,0,0,0,0,0,0,0,0,0,0,0,0,0,0
1729.71,0,0,0,0,0,0,0,21.88496424,0,0,0,0,0,0,0,0,39.49057223,0,0,0,0,0,0,0,0,0,0,0,0,0,0,0,0,0,0,0,0,0,0,0
1731.11,0,0,0,0,0,0,0,38.42067851,0,0,0,0,0,0,0,0,20.08158085,0,0,0,0,0,0,0,0,0,0,0,0,0,0,0,0,0,0,0,0,0,0,0
1732.51,0,0,0,0,0,0,0,51.96700447,0,0,0,0,0,0,0,0,0,0,0,0,0,0,0,0,0,0,0,0,0,0,0,0,0,0,0,0,0,0,0,0
1733.91,0,0,0,0,0,0,0,62.52394213,0,0,0,0,0,0,0,0,0,0,0,0,0,0,0,0,0,0,0,0,0,0,0,0,0,0,0,0,0,0,0,0
1735.31,0,0,0,0,0,0,0,70.09149149,0,0,0,0,0,0,0,0,0,11.0915597,0,0,0,0,0,0,0,0,0,0,0,0,0,0,0,0,0,0,0,0,0,0
1736.71,0,0,0,0,0,0,0,74.66965255,0,0,0,0,0,0,0,0,0,24.53331786,0,0,0,0,0,0,0,0,0,0,0,0,0,0,0,0,0,0,0,0,0,0
1738.11,0,0,0,0,0,0,0,76.2584253,0,0,0,0,0,0,0,0,0,35.70541218,0,0,0,0,0,0,0,0,0,0,0,0,0,0,0,0,0,0,0,0,0,0
1739.51,0,0,0,0,0,0,0,74.85780975,0,0,0,0,0,0,0,0,0,44.60784265,0,0,0,0,0,0,0,0,0,0,0,0,0,0,0,0,0,0,0,0,0,0
1740.9,0,0,0,0,0,0,0,70.5097632,0,0,0,0,0,0,0,0,0,51.20128041,0,0,0,0,0,0,0,0,0,0,0,0,0,0,0,0,0,0,0,0,0,0
1742.3,0,0,0,0,0,0,0,63.15172382,0,0,0,0,0,0,0,0,0,55.58059508,0,0,0,0,0,0,0,0,0,0,0,0,0,0,0,0,0,0,0,0,0,0
1743.69,0,0,0,0,0,0,0,52.88880647,0,0,0,0,0,0,0,0,0,57.683225,0,0,0,0,0,0,0,0,0,0,0,0,0,0,0,0,0,0,0,0,0,0
1745.08,0,0,0,0,0,0,0,39.67905384,0,0,0,0,0,0,0,0,0,57.54849906,0,0,0,0,0,0,0,0,0,0,0,0,0,0,0,0,0,0,0,0,0,0
1746.48,0,0,0,0,0,0,0,23.3955551,0,0,0,0,0,0,0,0,0,55.15124596,0,0,0,0,0,0,0,0,0,0,0,0,0,0,0,0,0,0,0,0,0,0
1747.87,0,0,0,0,0,0,0,4.270931664,0,0,0,0,0,0,0,0,0,50.52571217,0,0,0,0,0,0,0,0,0,0,0,0,0,0,0,0,0,0,0,0,0,0
1749.26,0,0,0,0,0,0,0,0,0,0,0,0,0,0,0,0,0,43.66282251,0,0,0,0,0,0,0,0,0,0,0,0,0,0,0,0,0,0,0,0,0,0
1750.65,0,0,0,0,0,0,0,0,0,0,0,0,0,0.327767538,0,0,0.427543392,34.56257698,0,0,0,0,0,0,0,0,0,0,0,0,0,0,0,0,0,0,0,0,0,0
1752.03,0,0,0,0,0,0,0,0,0,0,0,0,0,19.1192705,0,0,1.923635177,23.3145312,0,0,0,0,0,0,0,0,0,0,0,0,0,0,0,0,0,0,0,0,0,0
1753.42,0,0,0,0,0,0,0,0,0,0,0,0,0,35.22438756,0,0,3.197386994,9.755669998,0,0,0,0,0,0,0,0,0,0,0,0,0,0,0,0,0,0,0,0,0,0
1754.81,0,0,0,0,0,0,0,0,0,0,0,0,0,48.49675868,0,0,4.23711579,0,0,0,0,0,0,0,0,0,0,0,0,0,0,0,0,0,0,0,0,0,0,0
1756.19,0,0,0,0,0,0,0,0,0,0,0,0,0,58.87139505,0,0,5.037860873,0,0,2.03663146,0,0,0,0,0,0,0,0,0,0,0,0,0,0,0,0,0,0,0,0
1757.58,0,0,0,0,0,0,0,0,0,0,0,0,0,66.49865374,0,0,5.611227244,0,0,3.939437199,0,0,0,0,0,0,0,0,0,0,0,0,0,0,0,0,0,0,0,0
1758.96,0,0,0,0,0,0,0,0,0,0,0,0,0,71.26879001,0,0,5.948965028,0,0,5.50268442,0,0,0,0,0,0,0,0,0,0,0,0,0,0,0,0,0,0,0,0
1760.34,0,0,0,0,0,0,0,0,0,0,0,0,0,73.24679266,0,0,6.056034916,0,0,6.741238799,0,0,0,0,0,0,0,0,0,0,0,0,0,0,0,0,0,0,0,0
1761.72,0,0,0,0,0,0,0,0,0,0,0,0,0,72.43266167,0,0,5.932436907,0,0,7.655100334,0,0,0,0,0,0,0,0,0,0,0,0,0,0,0,0,0,0,0,0
1763.1,0,0,0,0,0,0,0,0,0,0,0,0,0,68.82639706,0,0,5.578171002,0,0,8.244269025,0,0,0,0,0,0,0,0,0,0,0,0,0,0,0,0,0,0,0,0
1764.48,0,0,0,0,0,0,0,0,0,0,0,0,0,62.42799883,0,0,4.9932372,0,0,8.508744874,0,0,0,0,0,0,0,0,0,0,0,0,0,0,0,0,0,0,0,0
1765.86,0,0,0,0,0,0,0,0,0,0,0,0,0,53.23746696,0,0,4.177635503,0,0,8.448527878,0,0,0,0,0,0,0,0,0,0,0,0,0,0,0,0,0,0,0,0
1767.24,0.818116147,0,0,0,0,0,0,0,0,0,0,0,0,41.25480147,0,0,3.131365909,0,0,8.06361804,0,0,0,0,0,0,0,0,0,0,0,0,0,0,0,0,0,0,0,0
1768.61,24.78803323,0,0,0,0,9.600740002,0,0,0,0,0,0,0,26.59710923,0,0,1.864511286,0,0,7.360325304,0,0,0,0,0,0,0,0,0,0,0,0,0,0,0,0,0,0,0,0
1769.99,45.35215256,0,0,0,0,26.07195483,0,0,0,0,0,0,0,9.050409342,11.65432607,0,0.358577406,0,0,6.328382625,0,0,0,0,0,0,0,0,0,0,0,0,0,0,0,0,0,0,0,0
1771.36,62.21244343,0,0,0,0,39.80731657,0,0,0,0,0,0,0,0,29.25669931,0,0,0,0,4.982745694,0,0,0,0,0,0,0,0,0,0,0,0,0,0,0,0,0,0,0,0
1772.73,75.53084777,0,0,0,0,50.93569639,0,0,0,0,0,0,0,0,44.02554534,0,0,0,0,3.317104563,0,0,0,0,0,0,0,0,0,0,0,0,0,0,0,0,0,0,0,0
1774.11,85.36570609,0,0,0,0,59.50971028,0,0,0,0,0,0,0,0,56.03756645,0,0,0,0,1.315789047,0,0,0,0,0,0,0,0,0,0,0,0,0,0,0,0,0,0,0,0
1775.48,91.5744842,0,0,0,0,65.40509718,0,0,0,0,0,0,0,0,65.11867539,0,0,0,0,0,0,0,0,0,0,0,0,0,0,0,0,0,0,0,0,0,0,0,0,0
1776.85,94.2413758,0,0,0,0,68.69350215,0,0,0,0,0,0,0,0,71.36625712,0,0,0,0,0,0,0,0,0,0,0,0,0,0,0,0,0,0,0,0,0,0,0,0,0
1778.22,93.36638088,0,0,0,0,69.37492519,0,0,0,0,0,0,0,0,74.78031164,0,0,0,0,0,0,0,0,0,0,0,0,0,0,0,0,0,0,0,0,0,0,0,0,0
1779.58,88.99457169,0,0,0,0,67.47286657,0,0,0,0,0,0,0,0,75.36686738,0,0,0,0,0,0,0,0,0,0,0,0,0,0,0,0,0,0,0,0,0,0,0,0,0
1780.95,81.06165691,0,0,0,0,62.95935482,0,0,0,0,0,0,0,0,73.13455017,0,0,0,0,0,0,0,0,0,0,0,0,0,0,0,0,0,0,0,0,0,0,0,0,0
1782.32,69.58685562,0,0,0,0,58.61616606,0,0,0,0,0,0,0,0,68.06870575,0,0,0,0,0,0,0,0,0,0,0,0,0,0,0,0,0,0,0,0,0,0,0,0,0
1783.68,54.6926109,0,0,0,0,60.8486844,0,0,0,0,0,0,0,0,60.23725963,0,0,0,0,0,0,0,0,0,0,0,0,0,0,0,0,0,0,0,0,0,0,0,0,0
1785.05,36.15988976,0,0,0,0,58.69093866,0,0,0,0,0,0,0,0,49.52504347,0,0,0,0,0,0,0,0,0,0,0,0,0,0,0,0,0,0,0,0,0,0,0,0,0
1786.41,14.25924285,0,0,0,0,52.17442877,0,0,0,0,0,0,0,0,36.08844001,0,0,0,0,0,0,0,0,0,0,0,0,0,0,0,0,0,0,0,0,0,0,0,0,0
1787.77,0,0,0,0,0,41.29942862,0,0,0,0,0,0,0,0,19.85952373,0,0,0,0,0,0,0,0,0,0,0,0,0,0,0,0,0,0,0,0,0,0,0,0,0
1789.13,0,0,0,0,0,44.30884845,0,0,0,0,0,0,0,0,0.838294638,0,0,0,0,0,0,0,0,0,0,0,0,0,0,0,0,0,0,0,0,0,0,0,0,0
1790.49,0,0,0,0,0,47.22809847,0,0,0,0,0,0,0,0,0,0,0,0,0,0,0,0,0,0,0,0,0,0,0,0,0,0,0,0,0,0,0,0,0,0
1791.85,0,0,0,0,0,48.35792094,0,0,0,0,0,0,0,0,0,0,0,0,0,0,0,0,0,0,0,0,0,0,0,0,0,0,0,0,0,0,0,0,0,0
1793.21,0,0,0,0,0,47.69831585,0,0,0,0,0,0,0,0,0,0,0,0,0,0,0,0,0,0,0,0,0,0,0,0,0,0,0,0,0,0,0,0,0,0
1794.57,0,0,0,0,0,45.24928319,0,0,0,0,0,0,0,0,0,0,0,0,0,0,0,0,0,0,0,0,0,0,0,0,0,0,0,0,0,0,0,0,0,0
1795.92,0,0,0,0,0,41.04851853,0,0,0,0,0,0,0,0,0,0,0,0,0,0,0,0,0,0,0,0,0,0,0,0,0,0,0,0,0,0,0,0,0,0
1797.28,0,0,0,0,0,35.03378832,0,0,0,0,0,0,0,0,0,0,0,0,0,0,0,0,0,0,0,0,0,0,0,0,0,0,0,0,0,0,0,0,0,0
1798.63,0,0,0,0,0,27.29354446,0,0,0,0,0,0,0,0,0,0,0,0,0,0,0,0,0,0,0,0,0,0,0,0,0,0,0,0,0,0,0,0,0,0
1799.98,0,0,0,0,0,17.7900914,0,0,0,0,0,0,0,0,0,0,0,0,0,0,0,0,0,0,0,0,0,0,0,0,0,0,0,0,0,0,0,0,0,0
1801.34,0,0,0,0,0,6.433393619,0,0,0,0,0,0,0,0,0,0,0,0,0,0,0,0,0,0,0,0,0,0,0,0,0,0,0,0,0,0,0,0,0,0
1802.69,0,0,0,0,0,0,0,0,0,0,0,0,0,0,0,0,0,0,0,0,0,0,0,0,0,0,0,0,0,0,0,0,0,0,0,0,0,0,0,0
1804.04,0,0,0,0,0,0,0,0,0,0,0,0,0,0,0,0,0,0,0,0,0,0,0,0,0,0,0,0,0,0,0,0,0,0,0,0,0,0,0,0
1805.39,0,0,0,0,0,0,0,0,0,0,0,0,0,0,1.21264972,0,0,0,0,0,0,0,0,0,0,0,0,0,0,0,0,0,0,0,0,0,0,0,0,0
1806.73,0,0,0,0,0,0,0,0,0,0,0,0,0,0,6.419701366,0,0,0,0,0,0,0,0,0,0,0,0,0,0,0,0,0,0,0,0,0,0,0,0,0
1808.08,0,0,0,0,0,0,0,0,0,0,0,0,0,0,10.88542574,0,0,0,0,0,0,0,0,0,0,0,0,0,0,0,0,0,0,0,0,0,0,0,0,0
1809.43,0,0,0,0,0,0,0,0,0,0,0,0,0,0,14.56806392,0,0,0,0,0,0,0,0,0,0,0,0,0,0,0,0,0,0,0,0,0,0,0,0,0
1810.77,0,0,0,0,0,0,0,0,0,0,0,0,0,0,17.44901659,0,0,0,0,0,0,0,0,0,0,0,0,0,0,0,0,0,0,0,0,0,0,0,0,0
1812.12,0,0,0,0,0,0,0,0,0,0,0,0,0,0,19.57128303,0,0,0,0,0,0,0,0,0,0,0,0,0,0,0,0,0,0,0,0,0,0,0,0,0
1813.46,0,0,0,0,0,0,0,0,0,0,0,0,0,0,20.90342228,0,0,0,0,0,0,0,0,0,0,0,0,0,0,0,0,0,0,0,0,0,0,0,0,0
1814.8,0,0,0,0,0,0,0,0,0,0,0,0,0,0,21.46403364,0,0,0,0,0,0,0,0,0,0,0,0,0,0,0,0,0,0,0,0,0,0,0,0,0
1816.14,0,0,0,0,0,0,0,0,0,0,0,0,0,0,21.25311712,0,0,0,0,0,0,0,0,0,0,0,0,0,0,0,0,0,0,0,0,0,0,0,0,0
1817.48,0,0,0,0,0,0,0,0,0,0,0,0,0,0,20.27067273,0,0,0,0,0,0,0,0,0,0,0,0,0,0,0,0,0,0,0,0,0,0,0,0,0
1818.82,0,0,0,0,0,0,0,0,0,0,0,0,0,0,18.51670045,0,0,0,0,0,0,0,0,0,0,0,0,0,0,0,0,0,0,0,0,0,0,0,0,0
1820.16,0,0,0,0,0,0,0,0,0,0,0,0,0,0,15.9912003,0,0,0,0,0,0,0,0,0,0,0,0,0,0,0,0,0,0,0,0,0,0,0,0,0
1821.5,0,0,0,0,0,0,0,0,0,0,0,0,0,0,12.69417227,0,0,0,0,0,0,0,0,0,0,0,0,0,0,0,0,0,0,0,0,0,0,0,53.63771735,0
1822.83,0,0,0,0,0,0,0,0,0,0,0,0,0,0,8.65883607,0,0,0,0,0,0,0,0,0,0,0,0,0,0,0,0,0,0,0,0,0,0,0,337.4051149,0
1824.17,0,0,0,0,0,0,0,0,0,0,0,0,0,0,3.824509953,0,0,0,0,0,0,0,0,0,0,0,0,0,0,0,0,0,0,0,0,0,0,0,581.3794332,0
1825.5,0,0,0,0,0,0,0,0,0,0,0,0,0,0,0,0,0,0,0,0,0,0,0,0,0,0,0,0,0,0,0,0,0,0,0,0,0,0,781.9192643,0
1826.83,0,0,0,0,0,0,0,0,0,0,0,0,0,0,0,0,0,0,0,0,0,0,0,0,0,0,0,0,0,0,0,0,0,0,0,0,0,0,941.001169,0
1828.17,0,0,0,0,0,0,0,0,0,0,0,0,0,0,0,0,0,0,0,0,0,0,0,0,0,0,0,0,0,0,0,0,0,0,0,0,0,0,1059.352509,0
1829.5,0,0,0,0,0,0,0,0,0,0,0,0,0,0,0,0,0,0,0,0,0,0,0,0,0,0,0,0,0,0,0,0,0,0,0,0,0,0,1135.206848,0
1830.83,0,0,0,0,0,0,0,0,0,0,0,0,0,0,0,0,0,0,0,0,0,0,0,0,0,0,0,0,0,0,0,0,0,0,0,0,0,0,1169.60326,0
1832.16,0,0,0,0,0,0,0,0,0,0,0,0,0,0,0,0,0,0,0,0,0,0,0,0,0,0,0,0,0,0,0,0,0,0,0,0,0,0,1162.541745,0
1833.49,0,0,0,0,0,0,0,0,0,0,0,0,0,0,0,0,0,0,0,0,0,0,0,0,0,0,0,0,0,0,0,0,0,0,0,0,0,0,1114.022304,0
1834.81,0,0,0,0,0,0,0,0,0,0,0,0,0,0,0,0,0,0,0,0,0,0,0,0,0,0,0,0,0,0,0,0,0,0,0,0,0,0,1024.876144,0
1836.14,0,0,0,0,0,0,0,0,0,0,0,0,0,0,0,0,0,0,0,0,0,0,0,0,0,0,0,0,0,0,0,0,0,0,0,0,0,0,893.7525637,0
1837.46,0,0,5.752932546,0,0,0,0,0,0,0,0,0,0,0,0,0,0,0,0,0,0,0,0,0,0,0,0,0,0,0,0,0,0,0,0,0,0,0,722.6233478,0
1838.79,0,0,11.69761427,0,0,0,0,0,0,0,0,0,0,0,0,0,0,0,0,0,0,0,0,0,0,0,0,0,0,0,0,0,0,0,0,0,0,0,508.8956289,0
1840.11,0,0,16.6459804,0,0,0,0,0,0,0,0,0,0,0,0,0,0,0,0,0,0,0,0,0,0,0,0,0,0,0,0,0,0,0,0,0,0,0,255.7833577,0
1841.43,0,0,20.64631879,0,0,0,0,0,0,0,0,0,0,0,0,0,0,0,0,0,0,0,0,0,0,0,0,0,0,0,0,0,0,0,0,0,0,0,0,0
1842.75,0,0,23.69862944,0,0,0,0,0,0,0,0,0,0,0,0,0,0,0,0,0,0,0,0,0,0,0,0,0,0,0,0,0,0,0,0,0,0,0,0,0
1844.07,0,0,25.80291237,0,0,0,0,0,0,0,0,0,0,0,0,0,0,0,0,0,0,0,0,0,0,0,0,0,0,0,0,0,0,0,0,0,0,0,0,0
1845.39,0,0,26.95916756,0,0,0,0,0,0,0,0,0,0,0,0,0,0,0,0,0,0,0,0,0,0,0,0,0,0,0,0,0,0,0,0,0,0,0,0,0
1846.71,0,0,27.16739501,0,0,0,0,0,0,0,0,0,0,0,0,0,0,0,0,0,0,0,0,0,0,0,0,0,0,0,0,0,0,0,0,0,0,0,0,0
1848.03,0,0,26.42759474,0,0,0,0,0,0,0,0,0,0,0,0,0,0,0,0,0,0,0,0,0,0,0,0,0,0,0,0,0,0,0,0,0,0,0,0,0
1849.35,0,0,24.73976673,0,0,0,0,0,0,0,0,5.153749517,0,0,0,0,0,0,0,0,0,0,0,0,0,0,0,0,0,0,0,0,0,0,0,0,0,0,0,0
1850.66,0,0,22.1274434,0,0,0,0,0,0,0,21.13018931,28.63692005,0,0,0,0,0,0,0,0,0,0,0,0,0,0,0,0,0,0,0,0,0,0,0,0,0,0,0,0
1851.97,0,0,18.58140199,0,0,0,0,0,0,0,39.86162823,48.73226345,0,0,0,0,0,0,0,0,0,0,0,0,0,0,0,0,0,0,0,0,0,0,0,0,0,0,0,0
1853.29,0,0,14.06385483,0,0,0,0,0,0,0,55.66091854,65.55428866,0,0,0,0,0,0,0,0,0,0,0,0,0,0,0,0,0,0,0,0,0,0,0,0,0,0,0,0
1854.6,0,0,8.643249629,0,0,0,0,0,0,0,68.28867707,78.84811651,0,2.811167167,0,0,0,0,0,0,0,0,0,0,0,0,0,0,0,0,0,0,0,0,0,0,0,0,0,0
1855.91,0,0,2.288926338,0,0,0,0,0,0,0,77.87619936,88.75411722,0,8.187451331,0,0,0,0,0,0,0,0,0,0,0,0,0,0,0,0,0,0,0,0,0,0,0,0,0,0
1857.22,0,0,0,0,0,0,0,0,0,0,84.42348541,95.27229079,0,12.75681092,0,0,0,0,0,0,0,0,0,0,0,0,0,0,0,0,0,0,0,0,0,0,0,0,0,0
1858.53,0,0,0,0,0,0,0,0,0,0,87.93053522,98.40263723,0,16.51924592,0,0,0,0,0,0,0,0,0,0,0,0,0,0,0,0,0,0,0,0,0,0,0,0,0,0
1859.84,0,0,0,0,0,0,0,0,0,0,88.3973488,98.14515653,0,19.47475635,0,0,0,0,0,0,0,0,0,0,0,0,0,0,0,0,0,0,0,0,0,0,0,0,0,0
1861.15,0,0,0,0,0,0,0,0,0,0,85.82392613,94.49984869,0,21.6233422,0,0,0,0,0,0,0,0,0,0,0,0,0,0,0,0,0,0,0,0,0,0,0,0,0,0
1862.45,0,0,0,0,0,0,0,0,0,0,80.26463495,87.5332337,0,22.95781814,0,0,0,0,0,0,0,0,0,0,73.6417367,0,0,0,0,0,0,0,0,0,0,0,0,0,0,0
1863.76,0,0,0,0,0,0,0,0,0,0,71.63394771,77.13813286,0,23.49871456,0,0,0,0,0,0,0,0,0,0,199.8859219,0,0,0,0,0,0,0,0,0,0,0,0,0,0,0
1865.06,0,0,0,0,0,0,0,0,0,0,60.06363063,63.47325001,0,23.23777351,0,0,0,0,0,0,0,0,0,0,306.2870554,0,0,0,0,0,0,0,0,0,0,0,0,0,0,0
1866.36,0,0,0,0,0,0,0,0,0,0,45.49931597,46.47206516,0,22.18218032,0,0,0,0,0,0,0,0,0,0,393.8811679,0,0,0,0,0,0,0,0,0,0,0,0,0,0,0
1867.67,0,0,0,0,0,0,0,0,0,0,27.79433583,25.96520546,0,20.31462246,0,0,0,0,0,0,0,0,0,0,463.1244998,0,0,0,0,0,0,0,0,0,0,0,0,0,0,0
1868.97,0,0,0,0,0,0,0,0,0,0,7.218995263,2.265752746,0,17.66361228,0,0,0,0,0,0,0,0,0,0,512.9599009,0,0,0,0,0,0,0,0,0,0,0,0,0,0,0
1870.27,0,0,0,0,0,0,0,0,0,0,0,0,0,14.21794996,0,0,0,0,0,0,0,0,0,0,543.9882811,0,0,0,0,0,0,0,0,0,0,0,0,0,0,0
1871.57,0,0,0,0,0,0,0,0,0,0,0,0,0,9.977635501,0,0,0,0,0,0,0,0,0,0,556.2096403,0,0,0,0,0,0,0,0,0,0,0,0,0,0,0
1872.87,0,0,0,0,0,0,0,0,0,0,0,0,0,4.9426689,0,0,0,0,0,0,0,0,0,0,549.6239785,0,0,0,0,0,0,0,0,0,0,0,0,0,0,0
1874.16,0,0,0,0,0,0,0,0,0,0,0,0,0,0,0,0,0,0,0,0,0,0,0,0,524.4984024,0,0,0,0,0,0,0,0,0,0,0,0,0,0,0
1875.46,0,0,0,0,0,0,0,0,0,0,0,0,0,0,0,0,0,0,0,0,0,0,0,0,480.4433681,0,0,0,0,0,0,0,0,0,0,0,0,0,0,0
1876.75,0,0,0,0,0,0,0,0,0,0,0,0,0,0,0,0,0,0,0,0,0,0,0,0,418.1366453,0,0,0,0,0,0,0,0,0,0,0,0,0,0,0
1878.05,0,0,0,0,0,0,0,0,0,0,0,0.819254514,0,0,0,0,0,0,0,0,0,0,0,0,336.6122384,0,0,0,0,0,0,0,0,0,0,0,0,0,0,0
1879.34,0,0,0,0,0,0,0,0,0,0,0,1.828580184,0,0,0,0,0,0,0,0,0,0,0,0,237.1243691,0,0,0,0,0,0,0,0,0,0,0,0,0,0,0
1880.63,0,0,0,0,0,0,0,0,0,0,0,2.683445478,0,0,0,0,0,0,0,0,0,0,0,0,119.1177047,0,0,0,0,0,0,0,0,0,0,0,0,0,0,0
1881.93,0,0,0,0,0,0,0,0,0,0,0,3.388676566,0,0,0,0,0,0,0,0,0,0,0,0,0,0,0,0,0,0,0,0,0,0,0,0,0,0,0,0
1883.22,0,0,0,0,0,0,0,0,0,0,0,3.933423739,0,0,0,0,0,0,0,0,0,0,0,0,0,0,0,0,0,0,0,0,0,0,0,0,0,0,0,0
1884.51,0,0,0,0,0,0,0,0,0,0,0,4.323710536,0,0,0,0,0,0,17.66144063,0,0,0,0,0,0,0,0,0,0,0,0,0,0,0,0,0,0,0,0,0
1885.79,0,0,0,0,0,0,0,0,0,0,0,4.558302887,0,0,0,0,0,0,34.68750076,0,0,0,0,0,0,0,0,0,0,0,0,0,0,0,0,0,0,0,0,0
1887.08,0,0,0,0,0,0,0,0,0,0,0,4.640866298,0,0,0,0,0,0,49.15889754,0,0,0,0,0,0,0,0,0,0,0,0,0,0,0,0,0,0,0,0,0
1888.37,0,0,0,0,0,0,0,0,0,0,0,4.568969333,0,0,0,0,0,0,60.932157,0,0,0,0,0,0,0,0,0,0,0,0,0,0,0,0,0,0,0,0,0
1889.65,0,0,0,0,0,0,0,0,0,0,0,4.344960742,0,0,0,0,0,0,69.94730616,0,0,0,0,0,0,0,0,0,0,0,0,0,0,0,0,0,0,0,0,0
1890.94,0,0,0,0,0,0,0,0,0,0,0,3.965340391,0,0,0,0,0,0,76.34520673,0,0,0,0,0,0,0,0,0,0,0,0,0,0,0,0,0,0,0,0,0
1892.22,0,0,0,0,0,0,0,0,0,0,0,3.435993866,0,0,0,0,0,0,80.02666647,0,0,0,0,0,0,0,0,0,0,0,0,0,0,0,0,0,0,0,0,0
1893.5,0,0,0,0,0,0,0,0,0,0,0,2.754572418,0,0,0,0,0,0,81.05165832,0,0,0,0,0,0,0,0,0,0,0,0,0,0,0,0,0,0,0,0,0
1894.78,0,0,0,0,0,0,0,0,0,0,0,1.921076046,0,0,0,0,0,0,79.42018229,0,0,0,0,0,0,0,0,0,0,0,0,0,0,0,0,0,0,0,0,0
1896.06,0,0,0,0,0,0,0,0,0,0,0,0.93550475,0,0,0,0,0,0,75.13223837,0,0,0,0,0,0,0,0,0,0,0,0,0,0,0,0,0,0,0,0,0
1897.34,0,0,0,0,0,0,0,0,0,0,0,0,0,0,0,0,0,0,68.18782656,0,0,0,0,0,0,0,0,0,0,0,0,0,0,0,0,0,0,0,0,0
1898.62,0,0,0,0,0,0,0,0,0,0,0,0,0,0,0,0,0,0,58.58694687,0,0,0,0,0,0,0,0,0,0,0,0,0,0,0,0,0,0,0,0,0
1899.9,0,0,0,0,0,0,0,0,0,0,0,0,0,0,0,0,0,0,46.3295993,0,0,0,0,0,0,0,0,0,0,0,0,0,0,0,0,0,0,0,0,0
1901.18,0,0,0,0,0,0,0,0,0,0,0,0,0,0,0,0,0,0,31.41578384,0,0,0,0,0,0,0,0,0,0,0,0,0,0,0,0,0,0,0,0,0
1902.45,0,0,0,0,0,0,0,0,0,0,0,0,0,0,0,0,0,0,13.99306409,0,0,0,0,0,0,0,0,0,0,0,0,0,0,0,0,0,0,0,0,0
1903.73,0,0,0,0,0,0,0,0,0,0,0,0,0,0,0,0,0,0,0,0,0,0,0,0,0,0,0,0,0,0,0,0,0,0,0,0,0,0,0,0
1905,0,0,0,0,0,0,0,0,0,0,0,0,0,0,0,0,0,0,0,0,0,0,0,0,0,0,0,0,0,0,0,0,0,0,0,0,0,0,0,0
1906.27,0,0,0,0,0,0,0,0,0,0,0,0,0,0,0,0,0,0,0,0,0,0,0,0,0,0,0,0,0,0,0,0,0,0,0,0,0,0,0,0
1907.54,0,0,0,0,0,0,0,0,0,0,0,0,0,0,0,0,0,0,0,0,0,0,0,0,0,0,0,0,0,0,0,0,0,0,0,0,0,0,0,0
1908.81,0,0,0,0,0,0,0,0,0,0,0,0,0,0,0,0,0,0,0,0,0,0,0,0,0,0,0,0,0,0,0,0,0,0,0,0,0,0,0,0
1910.08,0,0,0,0,0,0,0,0,0,0,0,0,0,0,0,0,0,0,0,0,0,0,0,0,0,0,0,0,0,0,0,0,0,0,0,0,0,0,0,0
1911.35,0,0,0,0,0,0,0,0,0,0,0,0,0,0,0,0,0,0,0,0,0,0,0,0,0,0,0,0,0,0,0,0,0,0,0,0,0,0,0,0
1912.62,0,0,0,0,0,0,0,0,0,0,0,0,0,0,0,0,0,0,1.800193469,0,0,0,0,0,0,0,0,0,0,0,0,0,0,0,0,0,0,0,0,0
1913.88,0,0,0,0,0,0,0,0,0,0,0,0,0,0,0,0,0,0,5.355408687,0,0,0,0,0,0,0,0,0,0,0,0,0,0,0,0,0,0,0,0,0
1915.15,0,0,0,0,0,0,0,0,0,0,0,0,0,0,0,0,0,0,8.423274056,0,0,0,0,0,0,0,0,0,0,0,0,0,0,0,0,0,0,0,0,0
1916.41,0,0,0,0,0,0,0,0,0,0,0,0,0,0,0,0,0,0,10.95547673,0,0,0,0,0,0,0,0,0,0,0,0,0,0,0,0,0,0,0,0,0
1917.68,0,0,0,0,0,0,0,0,0,0,0,0,0,0,0,0,0,0,12.99221041,0,0,0,0,0,0,0,0,0,0,0,0,0,0,0,0,0,0,0,0,0
1918.94,0,0,0,0,0,0,0,0,0,0,0,0,0,0,0,0,0,0,14.50140055,0,0,0,0,0,0,0,0,0,0,0,0,0,0,0,0,0,0,0,0,0
1920.2,0,0,0,0,0,0,0,0,0,0,0,0,0,0,0,0,0,0,15.50110618,0,0,0,0,0,0,0,0,0,0,0,0,0,0,0,0,0,0,0,0,0
1921.46,0,0,0,0,0,0,0,0,0,0,0,0,0,0,0,0,0,0,15.99132731,0,0,0,0,0,0,0,0,0,0,0,0,0,0,0,0,0,0,0,0,0
1922.72,0,0,0,0,0,0,0,0,0,0,0,0,0,0,0,0,0,0,15.97206393,0,0,0,0,0,0,0,0,0,0,0,0,0,0,0,0,0,0,0,0,0
1923.98,0,0,0,0,0,0,0,0,0,0,0,0,0,0,0,0,0,0,15.44331604,0,0,0,0,0,0,0,0,0,0,0,0,0,0,0,0,0,0,0,0,0
1925.24,0,0,0,0,0,0,0,0,0,0,0,0,0,0,0,0,0,0,14.40508364,0,0,0,0,0,0,0,0,0,0,0,0,0,0,0,0,0,0,0,0,0
1926.49,0,0,0,0,0,0,0,0,0,0,0,0,0,0,0,0,0,0,12.87165593,0,0,0,0,0,0,0,0,0,0,0,0,0,0,0,0,0,0,0,0,0
1927.75,0,0,0,0,0,0,0,0,0,0,0,0,0,0,0,0,0,0,10.81849805,0,0,0,0,0,0,0,0,0,0,0,0,0,0,0,0,0,0,0,0,0
1929,0,0,0,0,0,0,0,0,0,0,0,0,0,0,0,0,0,0,8.278199813,0,0,0,0,0,0,0,0,0,0,0,0,0,0,0,0,0,0,0,0,0
1930.26,0,0,0,0,0,0,0,0,0,0,0,0,0,0,0,0,0,0,5.210116449,0,0,0,0,0,0,0,0,0,0,0,0,0,0,0,0,0,0,0,0,0
1931.51,1.276536077,0,0,0,0,0,0,0,0,0,0,0,0,0,0,0,0,0,1.662947693,0,0,0,0,0,0,0,0,0,0,0,0,0,0,0,0,0,0,0,0,0
1932.76,3.269270206,0,0,0,0,0,0,0,0,0,0,0,0,0,0,0,0,0,0,0,0,0,0,0,0,0,0,0,0,0,0,0,0,0,0,13.33431791,0,0,0,0
1934.01,4.974237502,0,0,0,0,0,0,0,0,0,0,0,0,0,0,0,0,0,0,0,0,0,0,0,0,0,0,0,0,0,0,0,0,0,0,226.4393769,0,0,0,0
1935.26,6.391437964,0,0,0,0,0,0,0,0,0,0,0,0,0,0,0,0,0,0,0,0,0,0,0,0,0,0,0,0,0,0,0,0,0,0,410.907375,0,0,0,0
1936.51,7.520871592,0,0,0,0,0,0,0,0,0,0,0,0,0,0,4.176206295,0,0,0,0,0,0,0,0,0,0,0,0,0,0,0,0,0,0,0,566.7383122,0,0,0,0
1937.76,8.362538388,0,0,0,0,0,0,0,0,0.160780186,0,0,0,0,0,10.78173078,0,0,0,0,0,0,0,0,0,0,0,0,0,0,0,0,0,0,0,693.9321886,0,0,0,0
1939,8.913149009,0,0,0,0,0,0,0,0,0.36705368,0,0,0,0,0,16.39291354,0,0,0,0,0,0,0,0,0,0,0,0,0,0,0,0,0,0,0,791.8141814,0,0,0,0
1940.25,9.181584272,0,0,0,0,0,0,0,0,0.544603907,0,0,0,0,0,21.10025752,0,0,0,0,0,0,0,0,0,0,0,0,0,0,0,0,0,0,0,861.9630324,0,0,0,0
1941.49,9.163549213,0,0,0,0,0,0,0,0,0.690590061,0,0,0,0,0,24.82844521,0,0,0,0,0,0,0,0,0,0,0,0,0,0,0,0,0,0,0,903.2563602,0,0,0,0
1942.74,8.858752945,0,0,0,0,0,0,0,0,0.807366759,0,0,0,0,0,27.63760868,0,0,0,0,0,0,0,0,0,0,0,0,0,0,0,0,0,0,0,916.360186,0,0,0,0
1943.98,8.272072206,0,0,0,0,0,0,0,0,0.893065573,0,0,0,0,0,29.48280131,0,0,0,0,0,0,0,0,0,0,0,0,0,0,0,0,0,0,0,901.0648486,0,0,0,0
1945.22,7.402210486,0,0.146365786,0,0,0,0,0,0,0.948741776,0,0,0,0,0,30.39027752,0,0,0,0,0,0,0,0,0,0,0,0,0,0,0,0,0,0,0,857.5888106,0,0,0,0
1946.46,6.249167785,0,0.755001614,0,0,0,0,0,0,0.974395367,0,0,0,0,0,30.36003732,0,0,0,0,0,0,0,0,0,0,0,0,0,0,0,0,0,0,0,785.9320719,0,0,0,0
1947.7,4.812944103,0,1.28074536,0,0,0,0,0,0,0.970026347,0,0,0,0,0,29.3920807,0,0,0,0,0,0,0,0,0,0,0,0,0,0,0,0,0,0,0,686.0946325,0,0,0,0
1948.94,3.09353944,0,1.723597025,0,0,0,0,0,0,0.935634716,0,0,0,0,0,27.48640765,0,0,0,0,0,0,0,0,0,0,0,0,0,0,0,0,0,0,0,558.0764925,0,0,0,0
1950.18,1.090953796,0,2.083556608,0,0,0,0,0,0,0.871220474,0,0,0,0,0,24.64301819,0,0,0,0,0,0,0,0,0,0,0,0,0,0,0,0,0,0,0,401.8776517,0,0,0,0
1951.41,0,0,2.358721241,0,0,0,0,0,0,0.777665291,0,0,0,0,0,20.89615573,0,0,0,0,0,0,0,0,0,0,0,0,0,0,0,0,0,0,0,219.0977576,0,0,0,0
1952.65,0,0,2.553565146,0,0,0,0,0,0,0.653447944,0,0,0,0,0,16.18489566,0,0,0,0,0,0,0,0,0,0,0,0,0,0,0,0,0,0,0,6.764779209,0,0,0,0
1953.88,0,0,2.664945678,0,0,0,0,0,0,0.500571939,0,0,0,0,0,10.58522606,0,0,0,0,0,0,0,0,0,0,0,0,0,0,0,0,0,0,0,0,0,0,0,0
1955.12,0,0,2.694673904,0,0,0,0,0,0,0.316551488,0,0,0,0,0,4.006095391,0,0,0,0,0,0,0,0,0,0,0,0,0,0,0,0,0,0,0,0,0,0,0,0
1956.35,0,0,2.642270336,0,0,0,0,0,0,0.104354662,0,0,0,0,0,0,0,0,0,0,0,0,0,0,0,0,0,0,0,0,0,0,0,0,0,0,0,0,0,0
1957.58,0,0,2.508306264,0,0,0,0,0,0,0,0,0,0,0,0,0,0,0,0,0,0,0,0,0,0,0,0,0,0,0,0,0,0,0,0,0,0,0,0,0
1958.81,0,0,2.292781689,0,0,0,0,0,0,0,0,0,0,0,0,0,0,0,0,0,0,0,0,0,0,0,0,0,0,0,0,0,0,0,0,0,0,0,0,0
1960.04,0,0,1.99569661,0,0,0,0,0,0,0,0,0,0,0,0,0,0,0,0,0,0,0,0,0,0,0,0,0,0,0,0,0,0,0,0,0,0,0,0,0
1961.27,0,0,1.617051028,0,0,0,0,0,0,0,0,0,0,0,0,0,0,0,0,0,0,0,0,0,0,0,0,0,0,0,0,0,0,0,0,0,0,0,0,0
1962.5,0,0,1.156844942,0,0,0,0,0,0,0,0,0,0,0,0,0,0,0,0,0,0,0,0,0,0,0,0,0,0,0,0,0,0,0,0,0,0,0,0,0
1963.72,0,0,0.61981181,0,0,0,0,0,0,0,0,0,0,0,0,0,0,0,0,0,0,0,0,0,0,0,0,0,0,0,0,0,0,0,0,0,0,0,0,0
1964.95,0,0,0,0,0,0,0,0,0,0,0,0,0,0,0,0,0,0,0,0,0,0,0,0,0,0,0,0,0,0,0,0,0,0,0,0,0,0,0,0
1966.18,0,0,0,0,0,0,0,0,0,0,0,0,0,0,0,0,0,0,0,0,0,0,0,0,0,0,0,0,0,0,0,0,0,0,0,0,0,0,0,0
1967.4,0,0,0,0,0,0,0,0,0,0,0,0,0,0,0,0,0,0,0,0,0,0,0,0,0,0,0,0,0,0,0,0,0,0,0,0,0,0,0,0
1968.62,0,0,0,0,0,0,0,0,0,0,0,0,0,0,0,0,0,0,0,0,0,0,0,0,0,0,0,0,0,0,0,0,0,0,0,0,0,0,0,0
1969.84,0,0,0,0,0,0,0,0,0,0,0,0,0,0,0,0,0,0,0,0,0,0,0,0,0,0,0,0,0,0,0,0,0,0,0,0,0,0,0,0
1971.06,0,0,0,0,0,0,0,0,0,0,0,0,0,0,0,0,0,0,0,0,0,0,0,0,0,0,0,0,0,0,0,0,0,0,0,0,0,0,0,0
1972.28,0,0,0,0,0,0,0,0,0,0,0,0,0,0,0,0,0,0,0,0,0,0,0,0,0,0,0,0,0,0,0,0,0,0,0,0,0,0,0,0
1973.5,0,0,5.937096659,0,0,0,0,0,0,0,0,0,0,0,0,0,0,0,0,0,0,0,0,0,0,0,0,0,0,0,0,0,0,0,0,0,0,0,0,0
1974.72,0,0,12.41625311,0,0,0,0,0,0,0,0,0,0,0,0,0,0,0,0,0,0,0,161.3190323,0,0,0,0,0,0,0,0,0,0,0,0,0,0,0,0,0
1975.94,0,0,17.95460284,0,0,0,0,0,0,0,0,0,0,0,0,0,0,0,0,0,0,0,426.0180121,0,0,0,0,0,0,0,0,0,0,0,0,0,0,0,0,0
1977.15,0,0,22.51828523,0,0,0,0,0,0,0,0,0,0,0,0,0,0,0,0,0,0,0,651.9645302,0,0,0,0,0,0,0,0,0,0,0,0,0,0,0,0,0
1978.37,0,0,26.18273305,0,0,0,0,0,0,0,0,0,0,0,0,0,0,0,0,0,0,0,842.8932396,0,0,0,0,0,0,0,0,0,0,0,0,0,0,0,0,0
1979.58,0,0,28.88787339,0,0,0,0,0,0,0,0,0,0,0,0,0,0,0,0,0,0,0,995.6741616,0,0,0,0,0,0,0,0,0,0,0,0,0,0,0,0,0
1980.79,0,0,30.66756686,0,0,0,0,0,0,0,0,0,0,0,0,0,0,0,0,0,0,0,1112.022832,0,0,0,0,0,0,0,0,0,0,0,0,0,0,0,0,0
1982.01,0,0,31.52501759,0,0,0,0,0,0,0,0,0,0,0,0,0,0,0,0,0,0,0,1192.447927,0,0,0,0,0,0,0,0,0,0,0,0,0,0,0,0,0
1983.22,0,0,31.446169,0,0,0,0,0,0,0,0,0,0,0,0,0,0,0,0,0,0,0,1235.631001,0,0,0,0,0,0,0,0,0,0,0,0,0,0,0,0,0
1984.43,0,0,30.44187355,0,0,0,0,0,0,0,0,0,0,0,0,0,0,0,0,0,0,0,1242.381824,0,0,0,0,0,0,0,0,0,0,0,0,0,0,0,0,0
1985.63,0,0,28.53187207,0,0,0,0,0,0,0,0,0,0,0,0,0,0,0,0,0,0,0,1213.094998,0,0,0,0,0,0,0,0,0,0,0,0,0,0,0,0,0
1986.84,0,0,25.68433121,0,0,0,0,0,0,0,0,0,0,0,0,0,0,0,0,0,0,0,1147.282411,0,0,0,0,0,0,0,0,0,0,0,0,0,0,0,0,0
1988.05,0,0,21.91134347,0,0,0,0,0,0,0,0,0,0,0,0,0,0,0,0,0,0,0,1045.037572,0,0,0,0,0,0,0,0,0,0,0,0,0,0,0,0,0
1989.25,0,0,17.25553147,0,0,0,0,0,0,0,0,0,0,0,0,0,0,0,0,0,0,0,907.6558758,0,0,0,0,0,0,0,0,0,0,0,0,0,0,0,0,0
1990.46,0,0,11.63929832,0,0,0,0,0,0,0,0,0,0,0,0,0,0,0,0,0,0,0,732.8476269,0,0,0,0,0,0,0,0,0,0,0,0,0,0,0,0,0
1991.66,0,0,5.155474334,0,0,0,0,0,0,0,0,0,0,0,0,0,0,0,0,0,0,0,523.502218,0,0,0,0,0,0,0,0,0,0,0,0,0,0,0,0,0
1992.87,0,0,0,0,0,0,0,0,0,0,0,0,0,0,0,0,0,0,0,0,0,0,276.130559,0,0,0,0,0,0,0,0,0,0,0,0,0,0,0,0,0
1994.07,0,0,0,0,0,0,0,0,0,0,0,0,0,0,0,0,0,0,0,0,0,0,0,0,0,0,0,0,0,0,0,0,0,0,0,0,0,0,0,0
1995.27,0,0,0,0,0,0,0,0,0,0,0,0,0,0,0,0,0,0,0,0,0,0,0,0,0,0,0,0,0,0,0,0,0,0,0,0,0,0,0,0
1996.47,0,0,0,0,0,0,0,0,0,0,0,0,0,0,0,0,0,0,0,0,0,0,0,0,0,0,0,0,0,0,0,0,0,0,0,0,0,0,0,0
1997.67,0,0,0,0,0,0,0,0,0,0,0,0,0,0,0,0,0,0,0,0,0,0,0,0,0,0,0,0,0,0,0,0,0,0,0,0,0,0,0,0
1998.86,0,0,0,0,0,0,0,0,0,0,0,0,0,0,0,0,0,0,0,0,0,0,0,0,0,0,0,0,0,0,0,0,0,0,0,0,0,0,0,0
2000.06,0,0,0,0,0,0,0,0,0,0,0,0,0,0,0,0,0,0,0,0,0,0,0,0,0,0,0,0,0,0,0,0,0,0,0,0,0,0,0,0
2001.26,0,0,0,0,0,0,0,0,0,0,0,0,0,0,0,0,0,0,0,0,0,0,0,0,0,0,0,0,0,0,0,0,0,0,0,0,0,0,0,0
2002.45,0,0,0,0,0,0,0,0,0,0,0,0,0,0,0,0,0,0,0,0,0,0,0,0,0,0,0,0,0,0,0,0,0,0,0,0,0,0,0,0
2003.65,0,0,0,0,0,0,0,0,0,0,0,0,0,0,0,0,0,0,0,0,0,0,0,0,0,0,0,0,0,0,0,0,0,0,0,0,0,0,0,0
2004.84,0,0,0,0,0,0,0,0,0,0,0,0,0,0,0,0,0,0,0,0,0,0,0,0,0,0,0,0,0,0,0,0,0,0,0,0,0,0,0,0
2006.03,0,0,0,0,0,0,0,0,0,0,0,0,0,0,0,0,0,0,0,0,0,0,0,0,0,0,0,0,0,0,0,0,0,0,0,0,0,0,0,0
2007.22,0,0,0,0,0,0,0,0,0,0,0,0,0,0,0,0,0,0,0,0,0,0,0,0,0,0,0,0,0,0,0,0,0,0,0,0,0,0,0,0
2008.41,0,0,0,0,0,0,0,0,0,0,0,0,0,0,0,0,0,0,0,0,0,0,0,0,0,0,0,0,0,0,0,0,0,0,0,0,0,0,0,0
