WP-00790,,PE0.05PPM,PE0.1PPM,PE0.5PPM,PE 1PPM,PE 5PPM,PE 10PPM,PE 50PPM,PE 200 PPM,PE 100ppm,PE 1ppm-2,PE 0.01PPM
Wavelength,Wavenumber,Processed,Processed,Processed,Processed,Processed,Processed,Processed,Processed,Processed,Processed,Processed
804.71,311.35,585.34,541.75,1073.09,528.17,889.30,465.87,2377.72,2689.45,5398.58,400.38,170.47
804.86,313.55,563.68,477.55,932.87,474.53,761.05,451.96,2030.27,2266.89,4658.47,371.53,160.62
805.00,315.75,512.83,412.79,780.72,405.31,634.54,395.78,1699.75,1881.48,3960.36,318.11,121.25
805.14,317.94,425.13,327.77,613.27,322.18,532.08,325.65,1398.06,1535.73,3324.69,254.81,103.04
805.28,320.14,336.81,259.73,492.09,247.35,415.23,245.11,1154.76,1267.88,2800.69,180.49,67.87
805.43,322.33,274.98,184.44,415.28,206.62,331.44,173.28,965.97,1000.71,2393.82,139.28,56.87
805.57,324.52,207.75,127.35,352.97,155.07,260.48,133.60,827.79,813.66,2045.18,90.95,41.80
805.71,326.71,170.11,113.79,311.14,125.39,211.35,104.08,703.90,646.73,1735.45,71.16,32.00
805.85,328.90,109.30,94.65,258.69,91.46,168.27,117.26,583.19,519.49,1443.53,55.81,25.69
805.99,331.09,93.85,75.48,212.17,70.17,144.13,88.38,476.22,387.83,1230.65,39.12,8.58
806.14,333.28,83.34,39.18,168.13,60.08,144.83,71.99,409.20,273.31,1047.35,27.19,8.25
806.28,335.46,71.53,18.19,116.37,30.96,115.14,31.52,337.92,187.37,873.44,3.70,8.11
806.42,337.65,52.31,9.72,107.75,25.70,87.95,22.55,287.94,130.23,711.46,3.09,8.11
806.56,339.83,22.46,3.92,100.74,19.75,67.70,35.84,237.03,84.69,596.54,13.28,10.12
806.70,342.02,23.32,3.53,106.66,16.70,61.72,44.41,206.53,63.41,524.69,17.66,10.12
806.85,344.20,20.99,0.00,68.52,20.47,41.14,43.34,134.56,26.83,433.67,19.80,10.12
806.99,346.38,17.81,0.00,43.75,19.89,21.16,20.89,93.00,20.86,327.06,9.62,0.00
807.13,348.56,19.77,24.62,26.46,25.57,13.78,16.25,69.08,11.43,202.09,7.30,0.00
807.27,350.74,13.99,24.62,57.44,17.04,15.80,12.77,94.14,7.17,152.41,4.86,13.78
807.42,352.92,16.68,24.62,44.13,9.96,6.46,8.57,65.50,0.00,80.65,4.86,13.78
807.56,355.10,14.74,0.00,30.98,4.27,10.73,4.64,50.84,0.29,48.94,2.80,13.78
807.70,357.27,13.37,0.00,0.00,0.00,4.27,0.00,32.04,0.29,0.16,0.00,0.00
807.84,359.45,10.68,0.00,0.00,0.00,4.27,0.00,37.68,0.29,0.16,0.00,0.00
807.98,361.62,0.00,0.00,0.00,0.00,0.00,0.00,34.51,0.00,0.00,0.00,0.00
808.12,363.80,0.00,0.00,0.00,0.00,0.00,0.00,18.67,0.00,0.00,0.00,0.08
808.27,365.97,0.00,0.00,0.00,0.00,0.20,0.44,12.29,0.00,0.00,0.00,0.08
808.41,368.14,0.00,0.00,0.00,0.00,0.20,0.44,3.26,17.35,0.00,0.00,0.08
808.55,370.31,0.00,0.00,8.62,0.00,0.20,0.44,0.00,61.01,0.00,0.00,3.60
808.69,372.48,0.00,0.00,8.62,3.02,0.00,0.00,0.00,111.84,0.00,0.00,3.60
808.83,374.65,6.83,0.00,8.62,3.02,4.47,0.00,0.00,146.83,0.00,0.00,3.85
808.98,376.82,6.83,0.00,0.00,3.02,4.47,1.38,0.00,142.69,0.00,0.00,7.02
809.12,378.98,6.83,0.00,0.00,0.00,4.47,1.38,0.00,127.07,0.00,0.00,7.02
809.26,381.15,1.56,0.00,0.00,4.93,0.00,6.40,0.00,126.33,0.00,3.10,12.02
809.40,383.32,1.56,0.00,0.00,4.93,0.00,5.02,0.00,122.02,0.00,3.10,5.26
809.54,385.48,7.23,0.00,0.00,4.93,0.00,13.14,0.00,115.92,0.00,3.10,5.26
809.69,387.64,5.91,0.00,0.00,0.00,0.00,8.13,0.00,92.69,12.19,0.00,0.00
809.83,389.80,5.91,0.00,5.15,0.00,0.00,8.40,0.00,95.12,12.19,0.00,0.00
809.97,391.96,0.24,0.00,5.15,0.00,0.00,0.27,0.00,104.44,12.19,0.00,0.00
810.11,394.12,9.21,0.00,5.15,0.00,0.00,0.27,2.34,88.09,0.00,0.00,0.00
810.25,396.28,9.21,0.00,0.00,0.00,0.00,7.17,2.34,66.52,0.29,0.00,0.00
810.39,398.44,9.21,0.00,0.00,0.00,0.00,7.17,2.34,71.84,0.29,0.00,0.00
810.54,400.60,0.00,0.00,0.00,0.00,0.00,7.17,0.00,59.82,0.29,0.00,0.00
810.68,402.75,0.00,0.00,0.00,0.00,0.00,0.00,0.00,43.76,0.00,0.00,0.00
810.82,404.91,2.91,0.00,0.00,0.00,0.00,0.00,0.00,0.00,0.00,0.00,0.00
810.96,407.06,2.91,0.00,0.00,0.00,0.00,4.41,0.00,0.00,0.00,0.00,0.00
811.10,409.21,2.91,0.00,0.00,0.00,0.00,4.41,0.00,0.00,0.00,0.00,0.00
811.24,411.36,0.00,0.00,0.00,0.00,0.00,4.41,0.00,0.00,0.00,0.00,0.00
811.38,413.51,0.00,0.00,0.00,0.00,0.00,0.00,0.00,0.00,0.00,0.00,0.00
811.53,415.66,0.00,0.00,0.00,0.00,0.00,0.00,0.00,0.00,0.00,0.00,0.00
811.67,417.81,0.00,0.00,0.00,0.00,0.00,0.00,0.00,0.00,0.00,0.00,0.00
811.81,419.96,0.00,0.00,0.00,0.00,0.00,0.00,0.00,0.00,0.00,0.00,0.00
811.95,422.11,0.00,0.00,0.00,0.00,0.00,0.00,0.00,0.00,0.00,0.00,0.00
812.09,424.25,0.00,0.00,0.00,0.00,0.00,0.00,0.00,0.00,0.00,0.00,0.00
812.23,426.40,0.00,0.00,0.00,0.00,0.00,0.00,0.00,0.00,0.00,0.00,0.00
812.38,428.54,0.00,0.00,0.00,0.00,0.00,0.00,0.00,0.00,0.00,0.00,0.00
812.52,430.68,0.00,0.00,0.00,0.00,0.00,0.00,0.00,0.00,0.00,0.00,0.00
812.66,432.82,0.00,0.00,0.00,0.00,0.00,0.00,0.00,0.00,0.00,0.00,0.00
812.80,434.97,0.00,0.00,0.00,0.00,0.00,0.00,0.00,0.00,0.00,7.95,0.00
812.94,437.11,0.00,0.00,0.00,0.00,0.00,0.00,0.00,0.00,0.00,8.24,2.93
813.08,439.24,0.00,0.00,0.00,0.00,0.00,0.00,0.00,0.00,0.00,9.21,3.35
813.22,441.38,0.00,0.00,0.00,7.41,0.00,0.00,0.00,0.00,0.00,7.79,3.35
813.36,443.52,0.00,1.03,0.00,7.41,0.00,0.00,0.00,0.00,0.00,8.92,0.42
813.51,445.65,0.00,1.03,0.00,7.41,0.00,0.00,0.00,0.00,0.00,11.91,0.00
813.65,447.79,2.81,12.27,0.00,10.73,3.16,7.45,0.00,0.00,0.00,17.00,19.44
813.79,449.92,2.81,11.24,0.00,10.73,3.16,7.45,0.00,0.00,0.00,15.59,19.44
813.93,452.05,2.81,22.87,0.00,10.73,7.15,8.56,0.00,0.00,0.00,25.65,28.68
814.07,454.19,0.00,21.06,0.00,0.00,3.99,1.11,0.00,0.00,0.00,25.69,14.68
814.21,456.32,0.00,26.28,0.00,7.88,6.63,1.11,0.00,0.00,0.00,42.00,25.64
814.35,458.45,0.00,39.65,0.00,19.00,10.09,0.00,0.00,0.00,0.00,43.57,26.22
814.49,460.57,0.00,36.66,0.00,19.34,10.65,0.00,0.00,0.00,0.00,41.46,20.78
814.64,462.70,6.87,37.54,0.00,20.24,8.01,0.00,0.00,0.00,0.00,51.89,30.94
814.78,464.83,6.87,31.84,0.00,14.90,0.57,0.00,0.00,0.00,0.00,53.41,32.21
814.92,466.95,20.85,36.44,0.00,19.86,7.50,0.00,0.00,0.00,0.00,63.92,45.85
815.06,469.08,24.33,54.69,0.00,19.79,7.50,0.00,0.00,0.00,0.00,74.08,39.80
815.20,471.20,24.33,37.92,0.00,18.69,7.50,0.00,0.00,0.00,0.00,63.23,36.77
815.34,473.32,10.36,27.57,0.00,13.39,0.00,0.00,0.00,0.00,0.00,58.80,33.85
815.48,475.45,0.00,9.63,0.00,4.67,0.00,0.00,0.00,0.00,0.00,26.80,25.72
815.62,477.57,18.35,16.35,0.00,21.72,3.21,0.00,0.00,0.00,1.56,31.79,39.60
815.76,479.69,40.52,42.59,0.00,38.58,14.40,22.99,0.00,0.00,1.56,47.65,55.71
815.91,481.80,50.76,60.37,0.55,43.80,15.45,22.99,0.00,0.00,1.56,77.38,53.04
816.05,483.92,46.26,66.79,0.55,42.87,12.25,22.99,0.00,0.00,0.00,98.44,58.05
816.19,486.04,56.87,76.96,16.59,50.69,9.22,0.00,0.00,0.00,0.00,113.25,79.18
816.33,488.15,80.81,90.11,31.58,78.15,32.16,0.00,0.00,0.00,0.00,117.38,130.31
816.47,490.27,91.98,96.46,42.37,78.48,52.06,0.00,0.00,0.00,0.00,123.38,140.33
816.61,492.38,78.15,71.79,35.80,69.11,43.89,4.15,0.00,0.00,0.00,93.04,120.70
816.75,494.49,58.43,54.87,20.27,44.82,26.36,4.15,0.00,0.00,0.00,73.12,93.84
816.89,496.61,49.82,49.04,9.47,23.71,12.56,4.15,0.00,0.00,0.00,43.30,63.10
817.03,498.72,34.76,62.08,1.52,12.03,20.85,14.43,0.00,2.03,0.33,28.35,34.79
817.17,500.83,25.15,65.54,5.97,21.11,26.31,40.22,0.00,11.09,4.47,26.49,14.06
817.31,502.93,8.75,49.36,5.97,21.40,20.20,40.22,0.00,11.09,4.47,18.00,7.82
817.46,505.04,4.85,27.22,4.46,17.76,11.91,25.79,0.00,9.05,4.14,32.23,7.82
817.60,507.15,0.00,3.34,0.00,0.29,0.00,0.00,0.00,0.00,0.00,18.99,0.00
817.74,509.25,1.50,28.32,21.26,19.93,5.80,0.00,0.00,0.00,0.00,44.02,25.12
817.88,511.36,15.39,48.78,39.15,45.09,16.93,1.38,0.00,0.00,0.00,56.53,47.37
818.02,513.46,17.99,67.38,61.31,72.81,22.03,19.47,0.00,0.00,0.00,74.25,69.42
818.16,515.56,16.49,44.35,47.03,52.88,16.23,19.47,0.00,0.00,0.00,62.61,44.30
818.30,517.66,4.97,40.41,42.14,31.52,5.46,25.26,3.30,0.00,0.00,40.74,24.36
818.44,519.76,2.37,21.81,31.97,3.80,0.36,7.17,3.30,0.00,0.00,19.28,2.31
818.58,521.86,2.37,19.86,24.99,22.32,0.36,7.17,3.30,0.00,0.00,8.48,2.31
818.72,523.96,8.28,9.29,41.06,27.33,13.24,0.00,0.00,0.00,0.00,10.67,7.49
818.86,526.06,8.28,9.29,39.96,36.64,13.24,0.00,0.00,0.00,0.00,12.75,7.49
819.00,528.16,8.28,34.44,50.01,27.59,20.61,2.22,19.85,7.96,8.44,28.58,12.25
819.14,530.25,5.62,48.59,38.69,35.30,19.82,10.62,29.61,20.70,8.44,33.16,13.87
819.28,532.35,7.71,63.55,34.77,29.09,29.92,20.72,45.48,37.71,8.44,46.51,17.89
819.42,534.44,7.71,57.77,44.46,37.52,50.16,18.50,39.11,36.21,0.00,43.17,23.95
819.57,536.53,11.15,51.30,49.10,47.59,45.03,18.61,64.63,38.86,0.00,45.49,38.01
819.71,538.62,22.47,48.70,66.58,56.53,58.09,8.50,59.59,21.85,1.64,49.01,38.30
819.85,540.71,22.47,45.41,75.35,50.77,36.11,15.46,71.43,15.39,1.64,47.85,29.24
819.99,542.80,13.42,37.77,74.06,37.32,34.09,28.68,76.82,10.08,1.64,49.00,6.07
820.13,544.89,0.00,41.77,66.72,45.51,17.03,41.26,114.09,60.31,28.12,53.14,1.77
820.27,546.98,0.00,25.70,59.33,35.68,17.27,49.41,136.92,128.97,56.07,39.21,0.00
820.41,549.06,0.00,16.36,38.24,22.54,11.96,39.63,144.08,177.59,70.46,23.09,0.00
820.55,551.15,0.00,0.00,24.08,2.31,18.45,46.70,119.69,207.27,57.98,0.00,0.00
820.69,553.23,0.00,0.00,2.96,0.00,12.59,44.97,81.74,186.35,55.52,0.00,0.00
820.83,555.32,0.00,0.00,2.96,0.00,12.59,48.64,64.13,155.71,43.32,0.00,0.00
820.97,557.40,0.00,0.00,8.44,0.00,0.00,28.98,67.19,117.69,30.02,0.00,0.00
821.11,559.48,0.00,0.00,15.12,0.00,0.00,23.13,62.92,101.28,9.32,0.00,0.00
821.25,561.56,0.00,0.00,25.25,0.00,0.00,7.52,45.66,118.84,7.14,4.40,0.00
821.39,563.64,0.00,0.00,16.81,0.00,0.00,19.91,38.40,122.01,29.62,4.40,0.00
821.53,565.72,0.00,0.00,10.43,0.00,0.00,18.18,54.38,160.37,51.57,4.40,0.00
821.67,567.80,0.00,0.00,2.78,0.00,0.00,18.18,56.70,142.69,51.57,0.00,0.00
821.81,569.87,0.00,0.00,21.31,6.47,18.98,5.80,59.36,124.31,26.75,0.38,0.00
821.95,571.95,0.00,0.00,28.45,9.37,29.36,0.00,48.36,60.56,0.00,0.38,0.00
822.09,574.02,0.00,5.64,51.89,15.58,45.36,5.01,66.27,39.66,12.87,0.38,1.81
822.23,576.09,4.18,22.43,63.27,41.85,29.53,9.94,72.08,12.97,12.87,4.72,9.61
822.37,578.17,29.68,51.48,117.51,80.31,57.56,29.89,127.02,7.04,12.87,49.65,46.19
822.51,580.24,69.48,86.81,162.36,131.09,91.56,47.49,141.86,0.00,0.00,106.46,90.06
822.65,582.31,91.85,135.67,209.05,158.39,134.08,45.95,166.50,0.00,0.00,166.53,153.81
822.79,584.38,119.98,176.30,226.81,183.78,155.34,30.83,159.49,0.00,0.00,194.36,200.01
822.93,586.45,131.66,207.79,245.09,183.71,162.79,33.56,178.27,0.00,0.00,221.73,224.75
823.07,588.51,142.77,189.37,228.76,179.72,168.66,42.04,176.08,0.00,0.00,208.53,219.93
823.21,590.58,122.54,154.94,201.39,138.04,147.15,47.16,154.12,0.00,18.15,177.98,177.77
823.35,592.64,71.85,107.70,143.19,101.23,117.84,46.13,130.31,10.63,18.96,120.97,124.16
823.49,594.71,34.19,68.90,103.40,47.17,77.60,48.19,109.85,19.58,18.96,78.39,59.65
823.63,596.77,0.79,50.63,58.78,34.98,39.43,42.77,96.85,73.81,0.82,36.17,29.70
823.77,598.83,0.00,31.56,27.94,14.88,16.24,29.87,97.33,100.30,11.20,9.01,12.88
823.91,600.89,1.90,23.13,7.45,12.89,4.94,15.95,95.06,113.01,11.20,0.00,10.65
824.05,602.95,1.90,6.25,15.16,0.00,4.94,19.55,82.59,68.48,13.98,3.20,0.00
824.19,605.01,1.90,0.09,15.16,0.00,0.00,8.12,41.70,31.35,2.78,3.20,0.00
824.33,607.07,0.00,0.09,15.16,0.00,0.00,8.12,25.29,14.47,4.30,3.20,0.00
824.47,609.13,0.00,0.00,0.00,0.00,0.00,5.75,20.35,37.03,1.52,0.00,0.00
824.61,611.18,0.00,0.00,0.00,0.00,0.00,5.75,33.11,70.40,1.52,0.00,0.00
824.75,613.24,0.00,0.00,0.00,0.00,0.00,5.75,21.84,76.06,0.00,0.00,0.00
824.89,615.29,0.00,0.00,0.00,0.00,0.00,0.00,15.35,62.17,0.00,0.00,0.00
825.03,617.35,0.00,0.00,0.00,0.00,0.00,0.00,0.00,44.94,0.00,0.00,0.00
825.17,619.40,0.00,0.00,0.00,0.00,0.00,0.00,5.52,54.27,0.00,0.00,0.00
825.31,621.45,0.00,0.00,0.00,0.00,0.00,3.66,5.52,36.49,0.00,0.00,0.00
825.45,623.50,0.00,0.00,0.00,0.00,0.00,3.66,11.26,24.05,0.00,0.00,0.00
825.59,625.55,0.00,0.00,0.00,0.00,0.00,3.66,8.26,4.29,0.00,0.00,0.00
825.73,627.60,2.50,0.00,0.00,0.00,0.00,0.00,10.45,3.70,0.00,0.00,0.00
825.87,629.64,2.50,0.00,0.00,0.00,0.00,0.00,11.87,27.28,8.95,0.00,3.21
826.01,631.69,2.50,0.00,0.00,0.00,0.00,0.00,26.33,27.28,19.01,0.00,3.21
826.15,633.73,0.00,0.00,0.00,0.00,0.00,0.47,30.28,29.83,33.48,0.00,3.21
826.29,635.78,0.00,0.00,0.00,0.00,0.00,0.47,23.13,35.22,49.27,0.00,0.00
826.43,637.82,1.97,0.00,0.00,0.00,2.72,7.77,18.16,80.23,76.08,0.00,8.68
826.57,639.86,1.97,0.00,0.00,0.00,2.72,7.30,38.24,102.99,112.90,0.00,8.68
826.70,641.90,1.97,0.00,0.00,0.00,2.72,19.40,68.73,121.66,126.29,0.00,8.68
826.84,643.94,0.64,0.00,0.00,0.00,0.00,24.37,66.35,124.90,163.60,0.00,0.00
826.98,645.98,11.58,0.00,0.00,0.00,0.00,27.80,54.23,143.39,170.81,0.00,6.98
827.12,648.02,19.02,5.18,0.00,0.00,0.00,15.70,23.74,95.90,185.38,0.00,20.31
827.26,650.06,38.98,12.07,0.00,0.00,0.00,3.43,23.17,58.87,176.42,19.47,45.64
827.40,652.09,44.60,12.07,0.00,0.00,0.00,0.00,9.07,15.08,170.70,23.09,61.11
827.54,654.13,56.65,7.77,0.00,1.88,0.00,0.00,11.91,11.23,176.69,27.17,75.68
827.68,656.16,55.69,15.45,17.29,3.78,5.74,0.00,11.27,0.00,142.93,11.80,84.57
827.82,658.20,44.26,15.45,17.29,5.03,8.02,0.00,11.27,0.00,114.98,15.31,79.01
827.96,660.23,34.38,14.57,17.29,3.15,8.02,0.00,8.42,0.00,56.29,11.22,54.66
828.10,662.26,31.49,0.00,0.99,1.25,2.28,0.00,0.00,0.00,36.75,7.12,44.96
828.24,664.29,28.47,0.00,0.99,0.00,0.00,0.00,0.00,22.16,37.35,0.00,31.48
828.38,666.32,32.10,0.00,0.99,0.00,0.00,1.61,0.00,45.47,38.77,0.00,29.65
828.52,668.34,33.50,0.00,0.00,0.00,0.00,5.29,0.00,75.02,27.02,3.12,23.93
828.65,670.37,46.22,0.00,0.00,1.08,0.00,5.29,0.00,52.86,1.57,3.12,39.86
828.79,672.40,49.14,12.79,0.00,1.08,5.93,3.68,0.00,29.55,27.91,21.66,62.33
828.93,674.42,75.50,15.79,0.00,18.86,7.23,14.55,15.49,11.46,43.96,22.28,73.24
829.07,676.45,85.50,16.67,0.00,17.78,7.23,14.55,21.60,11.46,55.91,22.28,67.80
829.21,678.47,81.39,13.18,0.00,26.81,3.51,14.55,40.21,11.46,56.40,16.42,65.91
829.35,680.49,36.88,10.18,0.00,9.02,2.22,0.00,24.72,0.00,40.20,12.68,48.45
829.49,682.51,12.05,9.30,0.00,9.02,2.22,0.00,18.61,0.00,28.25,12.68,38.09
829.63,684.53,9.45,2.33,0.00,0.00,0.99,0.00,0.00,22.52,12.13,0.00,21.05
829.77,686.55,20.09,3.39,0.00,0.00,0.99,0.00,15.54,47.75,21.81,8.40,8.80
829.91,688.57,20.09,3.39,0.00,0.00,0.99,0.00,15.54,47.75,21.81,8.40,5.26
830.04,690.58,26.22,6.82,1.61,0.00,6.14,24.55,33.80,51.35,20.65,8.40,0.00
830.18,692.60,15.58,5.76,1.61,0.00,7.91,24.55,21.01,26.12,10.97,0.00,0.12
830.32,694.61,15.58,5.76,1.61,0.00,11.08,24.55,37.02,26.12,10.97,0.00,0.12
830.46,696.63,6.00,0.00,10.32,0.00,10.83,0.00,29.03,0.00,0.00,0.42,1.09
830.60,698.64,20.94,0.00,36.56,0.00,20.90,14.19,53.34,13.24,13.58,0.42,3.09
830.74,700.65,20.94,6.01,48.60,0.00,35.72,31.03,67.04,51.70,56.29,0.68,10.23
830.88,702.66,14.94,6.01,44.78,0.00,32.96,31.03,67.15,97.38,58.10,0.26,9.26
831.02,704.67,0.00,6.01,18.54,0.00,21.13,16.83,51.00,87.24,51.98,0.26,8.88
831.16,706.68,0.00,0.00,6.50,0.00,3.14,0.00,21.27,58.83,9.28,0.00,1.74
831.29,708.69,0.00,0.00,0.00,0.00,0.00,4.02,10.90,18.03,35.87,0.00,1.74
831.43,710.69,0.00,0.00,0.00,0.00,0.00,4.02,0.00,14.93,33.43,0.00,10.11
831.57,712.70,17.77,0.00,0.00,0.00,9.56,8.39,0.00,4.88,51.40,0.00,10.11
831.71,714.70,17.77,0.00,0.00,0.00,9.56,4.36,0.00,0.00,22.99,5.47,10.11
831.85,716.71,32.90,12.74,0.00,0.00,9.56,4.36,2.48,0.00,17.97,12.38,6.11
831.99,718.71,15.61,12.74,0.00,0.00,2.54,0.00,5.40,0.00,0.00,12.38,6.11
832.13,720.71,22.64,18.49,1.76,0.00,2.61,0.00,6.31,0.00,0.00,6.91,6.54
832.26,722.71,9.43,5.75,1.76,0.00,2.61,0.00,16.05,15.89,3.67,0.00,0.42
832.40,724.71,9.55,5.75,6.24,0.00,0.64,5.37,14.09,53.05,22.58,5.86,8.15
832.54,726.71,2.51,0.00,4.48,0.00,3.32,5.37,13.18,68.67,22.58,5.86,7.72
832.68,728.71,0.59,0.00,4.48,0.00,3.32,5.37,0.96,52.78,18.91,5.86,7.72
832.82,730.70,0.00,2.57,9.73,0.00,7.40,0.00,6.02,15.62,1.45,0.00,0.00
832.96,732.70,0.00,2.57,9.73,0.00,6.03,0.00,6.02,0.00,1.45,0.00,0.00
833.10,734.69,6.60,18.43,9.73,17.88,14.78,10.43,24.33,0.00,23.87,3.59,8.12
833.23,736.69,18.51,15.85,0.00,30.54,13.49,10.43,37.64,0.00,29.71,11.02,8.42
833.37,738.68,25.60,21.98,0.00,34.56,26.62,10.43,49.86,0.00,41.42,11.02,14.12
833.51,740.67,19.00,9.09,4.50,16.68,28.95,10.96,31.55,0.00,27.57,19.44,9.87
833.65,742.66,7.09,9.09,4.50,4.01,25.60,10.96,12.23,0.00,35.59,12.00,9.57
833.79,744.65,0.00,2.97,4.50,0.00,11.09,10.96,0.00,0.00,40.51,12.00,3.87
833.93,746.64,4.12,0.00,0.00,0.00,0.00,2.79,0.00,0.00,31.94,0.00,0.00
834.06,748.63,7.07,2.45,0.00,0.00,0.00,2.79,0.00,0.00,16.62,0.00,0.00
834.20,750.61,7.07,2.45,0.00,0.00,0.73,2.79,0.00,0.00,0.00,0.00,0.00
834.34,752.60,6.54,2.45,0.00,0.00,0.73,0.00,0.00,7.05,2.26,0.00,0.00
834.48,754.58,3.59,0.00,0.00,0.00,0.73,0.00,0.00,7.05,2.26,0.00,0.00
834.62,756.57,3.59,0.00,0.00,0.00,0.00,0.00,0.00,7.05,2.26,0.00,0.00
834.75,758.55,0.00,0.00,0.00,0.00,0.00,0.00,0.00,0.00,0.00,0.00,0.00
834.89,760.53,0.00,0.00,0.00,0.00,10.57,13.30,0.00,0.00,22.35,0.00,0.00
835.03,762.51,0.00,0.00,0.00,0.00,10.57,13.30,0.00,0.00,27.44,0.00,0.00
835.17,764.49,0.00,0.00,0.00,0.00,10.57,13.30,4.84,9.78,40.50,0.00,0.00
835.31,766.47,0.00,2.59,0.00,0.00,0.00,0.00,15.58,19.27,18.16,0.45,0.00
835.44,768.45,0.00,2.59,0.00,0.00,0.00,0.00,15.58,19.27,42.08,0.45,0.00
835.58,770.42,0.00,2.59,0.00,0.00,0.00,0.00,10.74,9.49,51.35,0.45,0.00
835.72,772.40,0.00,0.00,0.00,0.00,0.00,0.00,7.09,8.89,78.89,0.00,0.00
835.86,774.37,0.00,1.45,0.00,0.00,0.00,2.96,7.09,8.89,68.95,0.00,0.00
836.00,776.34,0.00,1.45,0.00,0.00,0.00,2.96,7.09,8.89,49.25,0.00,0.00
836.13,778.32,0.00,1.45,0.00,0.00,0.00,2.96,9.50,13.02,56.01,0.00,0.00
836.27,780.29,0.00,11.37,13.12,12.97,19.24,11.27,20.31,56.48,101.90,3.78,2.93
836.41,782.26,2.36,12.96,13.12,17.42,32.41,20.35,40.42,92.71,152.24,5.44,2.93
836.55,784.23,2.36,12.96,25.42,17.42,49.74,40.12,87.23,114.90,149.16,5.44,3.15
836.69,786.19,16.99,12.96,40.86,8.16,45.19,50.18,136.81,128.18,132.21,6.72,5.74
836.82,788.16,22.67,31.07,82.33,32.00,74.74,64.35,180.15,166.90,146.05,17.10,6.90
836.96,790.13,31.22,41.20,107.85,60.96,87.94,64.51,180.48,182.94,196.58,24.56,6.68
837.10,792.09,42.21,53.29,129.68,82.78,115.47,83.66,201.46,208.30,226.14,35.26,21.02
837.24,794.06,62.19,47.70,143.17,83.58,101.66,89.14,207.77,204.98,188.71,48.94,24.35
837.37,796.02,90.71,65.99,166.52,91.60,112.72,109.50,243.62,254.54,193.86,67.18,36.79
837.51,797.98,81.11,50.83,165.76,85.49,96.66,91.74,219.68,236.31,174.60,59.96,18.20
837.65,799.94,92.60,67.11,178.08,101.49,122.03,123.08,228.18,270.85,251.47,62.18,34.39
837.79,801.90,80.09,51.71,170.06,89.48,110.73,99.75,200.34,271.05,266.03,48.05,36.56
837.92,803.86,109.23,66.64,183.36,115.12,133.75,135.74,227.82,313.24,367.96,65.25,55.05
838.06,805.82,97.13,43.01,176.41,93.87,134.54,128.17,238.41,323.20,430.02,54.22,47.98
838.20,807.78,117.91,52.25,208.68,106.49,165.54,160.16,279.21,330.71,534.33,57.06,50.79
838.34,809.73,110.46,80.27,265.71,115.22,182.30,154.91,323.45,335.33,616.46,69.68,63.36
838.47,811.69,133.44,104.39,313.51,149.04,177.84,168.76,361.46,348.72,678.72,90.07,81.04
838.61,813.64,164.85,139.28,366.07,192.64,201.81,194.73,428.24,371.89,761.80,118.89,109.48
838.75,815.60,184.14,119.06,385.17,192.45,218.66,205.91,455.24,430.94,767.13,125.26,120.80
838.89,817.55,180.87,121.93,389.03,201.02,256.95,209.52,479.68,492.43,827.94,121.39,119.55
839.02,819.50,136.69,109.25,383.66,179.04,240.67,191.24,471.90,556.03,820.23,114.64,97.74
839.16,821.45,144.17,108.89,355.28,181.04,229.39,177.96,448.77,621.96,840.22,110.20,83.25
839.30,823.40,145.53,91.08,313.44,164.26,177.98,151.23,402.87,630.12,798.47,106.32,59.97
839.43,825.35,155.43,51.16,254.48,123.03,150.12,113.71,321.52,617.83,753.98,86.98,42.91
839.57,827.29,138.09,49.00,207.95,102.89,125.37,102.63,305.28,577.32,735.64,67.08,40.61
839.71,829.24,115.42,36.51,177.75,73.75,116.94,78.22,277.70,534.15,694.34,37.53,35.63
839.85,831.18,119.29,37.89,162.75,77.49,107.06,103.35,282.68,520.87,688.30,38.50,38.21
839.98,833.13,105.26,19.72,163.52,74.00,92.95,95.26,247.10,475.70,637.75,45.57,21.21
840.12,835.07,109.66,16.27,170.06,81.62,106.27,108.28,241.30,457.65,612.01,56.39,45.65
840.26,837.01,114.27,42.42,194.47,113.44,149.15,121.51,232.06,445.15,594.21,96.45,66.64
840.39,838.95,113.10,48.78,174.10,110.82,158.57,131.30,251.04,416.55,558.01,85.06,75.50
840.53,840.89,131.69,60.96,202.50,107.63,155.77,136.86,278.46,401.74,534.29,85.77,68.47
840.67,842.83,105.39,34.20,178.33,98.55,120.73,115.19,300.00,366.04,469.07,60.25,60.54
840.81,844.77,118.51,47.22,227.93,117.24,133.80,117.63,315.65,373.46,474.00,74.51,80.71
840.94,846.71,119.08,59.00,245.96,143.69,148.65,122.84,316.08,386.00,454.76,84.87,92.31
841.08,848.64,154.41,99.56,288.76,154.59,157.59,145.17,335.29,408.32,482.34,77.33,101.02
841.22,850.58,159.84,79.56,289.00,140.92,164.98,154.26,342.29,411.10,467.08,64.89,83.82
841.35,852.51,164.71,96.66,289.68,154.03,171.14,169.80,385.06,439.33,475.31,74.56,88.07
841.49,854.44,156.56,75.76,294.01,139.13,188.63,172.67,419.84,444.24,442.59,84.89,90.63
841.63,856.37,156.63,102.41,306.22,150.11,199.00,192.76,445.18,469.05,448.81,93.77,92.75
841.76,858.31,146.69,92.72,338.09,133.75,228.70,195.51,436.86,472.87,426.09,98.98,80.18
841.90,860.23,136.63,107.92,344.18,160.27,237.95,201.82,399.10,461.59,420.97,92.74,67.50
842.04,862.16,119.79,106.00,347.48,165.68,223.75,180.68,374.57,446.88,381.12,92.04,68.03
842.17,864.09,103.71,102.52,319.56,154.19,188.99,166.98,361.15,417.63,396.44,79.78,63.33
842.31,866.02,64.18,64.26,278.51,116.58,159.78,119.50,335.63,392.61,377.03,60.41,53.84
842.45,867.94,40.19,41.55,231.35,84.53,132.12,104.24,277.68,344.16,366.90,34.33,40.90
842.58,869.87,15.09,27.72,171.73,62.69,100.68,102.54,234.95,302.28,334.39,21.39,30.51
842.72,871.79,23.75,33.67,126.89,57.96,85.35,113.28,213.35,272.53,296.37,20.55,18.80
842.86,873.71,36.18,27.39,107.82,64.00,74.13,97.79,179.19,251.91,273.85,27.08,20.95
842.99,875.64,33.08,13.31,86.19,49.38,50.35,68.42,108.49,218.74,232.17,15.51,13.58
843.13,877.56,29.61,14.81,90.22,48.19,43.56,61.04,83.80,203.60,240.54,29.88,44.90
843.27,879.48,9.68,9.36,73.80,32.88,40.33,45.89,84.68,179.69,205.86,36.46,46.35
843.40,881.39,20.50,21.08,90.15,48.44,47.20,44.85,111.68,172.24,185.35,58.10,67.20
843.54,883.31,29.67,41.56,96.50,35.57,54.07,42.14,109.68,166.15,130.24,39.12,58.41
843.68,885.23,56.61,57.64,112.96,57.14,72.39,72.53,112.81,181.52,138.62,60.91,78.73
843.81,887.14,63.32,61.67,123.18,56.81,81.81,81.38,102.06,189.36,130.52,67.47,81.15
843.95,889.06,46.71,34.03,138.41,82.14,83.56,83.89,91.33,181.88,129.14,71.37,72.23
844.08,890.97,19.51,43.49,154.07,87.25,68.09,76.84,115.04,166.20,105.26,46.37,48.42
844.22,892.88,1.99,35.51,166.29,76.58,77.17,79.02,154.67,142.09,87.01,29.58,25.15
844.36,894.80,4.42,46.31,181.95,74.35,80.70,99.97,201.41,130.46,83.59,41.57,20.66
844.49,896.71,2.44,36.55,178.38,59.23,81.67,96.37,186.95,86.62,77.68,42.00,15.59
844.63,898.62,2.44,28.78,177.81,92.77,72.64,92.11,175.49,58.13,70.84,45.09,15.59
844.77,900.52,1.43,27.78,152.69,70.08,65.71,69.62,154.50,15.78,81.17,31.29,10.63
844.90,902.43,4.07,12.01,126.00,77.83,63.57,65.91,146.30,19.90,76.34,20.96,9.44
845.04,904.34,22.04,12.01,111.76,58.36,59.86,78.31,147.89,8.68,116.69,13.04,18.61
845.17,906.24,20.61,0.00,101.18,64.22,46.16,76.71,135.83,8.68,88.78,14.11,14.45
845.31,908.15,21.24,6.56,77.71,54.19,42.23,70.90,99.24,0.00,78.04,14.11,9.17
845.45,910.05,3.27,6.56,37.43,35.56,33.97,36.66,55.65,0.00,26.69,7.53,0.00
845.58,911.95,3.27,18.68,13.18,18.72,26.93,16.80,13.31,0.00,58.98,0.00,3.28
845.72,913.86,0.00,12.11,7.54,0.00,12.61,4.55,16.97,0.00,72.66,0.00,3.28
845.85,915.76,0.00,12.11,7.54,0.00,7.93,4.55,7.06,0.00,83.52,5.59,3.28
845.99,917.66,0.00,0.00,2.51,1.09,0.00,10.44,3.66,0.00,56.56,5.59,0.00
846.13,919.55,0.00,0.00,2.51,1.09,0.00,5.90,0.00,0.00,57.01,5.59,0.00
846.26,921.45,0.00,0.00,2.51,1.09,0.00,5.90,0.00,0.00,60.86,0.00,0.00
846.40,923.35,0.00,0.00,0.00,0.00,0.00,0.00,0.00,0.00,53.66,0.00,0.00
846.53,925.24,0.00,0.00,0.00,0.00,0.00,0.00,0.00,0.00,31.32,0.00,0.00
846.67,927.14,0.00,0.00,0.00,0.00,0.00,0.00,0.00,0.00,15.03,0.00,0.00
846.81,929.03,0.00,0.00,0.00,0.00,0.00,0.00,0.00,0.00,17.71,0.00,1.59
846.94,930.92,0.00,0.00,0.00,0.00,0.00,0.00,0.00,0.00,17.47,0.00,1.59
847.08,932.81,0.00,0.00,0.00,0.00,0.00,0.00,0.00,4.05,17.64,0.00,1.59
847.21,934.70,0.00,0.00,0.00,0.00,0.00,0.00,0.00,30.05,14.43,0.00,1.73
847.35,936.59,0.00,0.00,0.00,0.00,0.00,0.00,0.00,47.89,16.73,0.00,2.54
847.48,938.48,0.00,0.00,0.00,0.00,0.00,0.00,0.00,43.84,16.56,0.00,2.54
847.62,940.37,0.00,0.00,0.00,0.00,0.00,0.00,0.00,41.62,35.24,0.00,0.81
847.75,942.25,0.00,0.00,0.00,0.00,0.00,0.00,0.00,23.78,81.98,0.00,0.00
847.89,944.14,0.00,0.00,0.00,0.00,0.00,0.00,0.00,23.78,111.36,0.00,0.00
848.03,946.02,0.00,0.00,0.00,0.00,0.00,0.00,0.00,0.00,116.59,0.00,0.00
848.16,947.91,0.00,0.00,0.00,0.00,0.00,0.00,0.00,0.00,76.67,0.00,0.00
848.30,949.79,0.00,0.00,0.00,0.00,0.00,0.00,0.00,0.00,86.82,0.00,0.00
848.43,951.67,0.00,0.00,0.00,0.00,0.00,0.00,0.00,0.00,109.50,0.00,0.00
848.57,953.55,0.00,0.00,0.00,0.00,0.00,0.00,0.00,0.00,155.14,0.00,0.00
848.70,955.43,0.00,0.00,0.00,0.00,0.00,0.00,0.00,0.00,139.97,0.00,0.00
848.84,957.31,0.00,0.00,0.00,0.00,0.00,0.00,0.00,0.00,124.76,0.00,0.00
848.97,959.18,0.00,0.00,0.00,0.00,0.00,0.00,0.00,0.00,105.97,0.00,0.00
849.11,961.06,0.00,0.00,0.00,0.00,0.00,0.00,0.00,0.00,147.14,0.00,0.00
849.24,962.94,0.00,0.00,0.00,0.00,0.00,0.00,0.00,0.00,107.38,0.00,2.55
849.38,964.81,0.00,0.00,0.00,0.00,0.00,0.00,0.00,0.00,66.03,0.00,6.82
849.51,966.68,0.00,0.00,0.00,0.00,0.00,0.00,0.00,0.00,0.51,0.00,23.59
849.65,968.55,0.00,1.89,0.00,0.00,0.00,0.00,0.00,0.00,0.51,15.82,47.98
849.78,970.43,0.00,1.89,0.00,0.00,0.00,0.00,0.00,0.00,0.00,22.23,66.47
849.92,972.30,10.79,8.21,0.00,0.00,0.42,0.00,0.00,0.00,0.00,34.67,89.74
850.05,974.16,10.79,14.86,0.00,0.00,0.42,0.00,0.00,0.00,0.00,27.09,84.57
850.19,976.03,10.79,14.86,0.00,0.00,0.42,0.00,0.00,0.00,0.00,20.69,71.94
850.32,977.90,2.71,8.54,0.00,0.00,0.00,0.00,0.00,0.00,0.00,8.25,44.54
850.46,979.76,2.71,0.00,0.00,0.00,0.00,0.00,0.00,0.00,0.00,0.00,22.78
850.59,981.63,2.71,0.00,0.00,0.00,0.00,0.00,0.00,0.00,0.00,0.00,12.64
850.73,983.49,0.00,0.00,0.00,0.00,0.00,0.00,0.00,0.00,0.00,0.00,0.00
850.86,985.36,0.00,0.00,0.00,0.00,0.00,0.00,0.00,0.00,0.00,0.00,0.00
851.00,987.22,0.00,0.00,0.00,0.00,0.00,0.00,0.00,0.00,0.00,0.00,0.00
851.13,989.08,0.00,0.00,0.00,0.00,0.00,0.00,0.00,0.00,0.00,0.00,1.13
851.27,990.94,0.00,0.00,0.00,0.00,0.00,0.00,0.00,0.00,0.00,0.00,1.13
851.40,992.80,0.00,0.00,0.00,0.00,0.00,0.00,0.00,0.00,0.00,0.00,1.79
851.54,994.66,0.00,0.00,0.00,0.00,0.00,0.00,0.00,0.00,0.00,0.00,0.66
851.67,996.51,0.00,0.00,0.00,0.00,0.00,0.00,0.00,0.00,0.00,0.00,0.66
851.81,998.37,0.00,0.00,0.00,0.00,0.00,0.00,0.00,0.00,0.00,0.00,2.56
851.94,1000.22,0.00,0.00,0.00,0.00,0.00,0.00,0.00,0.00,0.00,0.00,2.56
852.08,1002.08,0.00,0.00,0.00,0.00,0.00,0.00,0.00,0.00,0.00,0.00,9.30
852.21,1003.93,0.00,0.00,0.00,0.00,0.00,0.00,0.00,0.00,0.00,0.00,6.74
852.34,1005.78,0.00,0.00,0.00,0.00,0.00,0.00,0.00,0.00,0.00,0.00,6.74
852.48,1007.63,0.00,0.00,0.00,0.00,0.00,0.00,0.00,0.00,0.00,0.00,0.00
852.61,1009.48,0.00,0.00,0.00,0.00,0.00,0.00,0.00,0.00,0.00,0.00,0.00
852.75,1011.33,0.00,0.00,0.00,0.00,0.00,0.00,0.00,0.00,0.00,0.00,8.03
852.88,1013.18,0.00,9.61,0.00,0.00,3.96,0.00,0.00,0.00,0.00,0.94,8.03
853.02,1015.03,0.00,9.61,0.00,0.00,3.96,0.00,0.00,0.00,0.00,20.91,8.03
853.15,1016.87,0.00,9.61,0.00,0.00,6.56,0.00,0.00,0.00,0.00,24.47,3.47
853.29,1018.72,0.00,0.00,0.00,0.00,2.60,0.00,0.00,0.00,0.00,23.53,3.47
853.42,1020.56,0.00,1.42,0.00,0.00,2.60,0.00,0.00,0.00,0.00,5.28,3.47
853.55,1022.40,11.15,20.29,9.06,16.18,19.68,0.00,0.40,0.00,0.00,20.48,24.68
853.69,1024.24,11.15,30.74,9.06,32.48,23.36,0.00,0.40,0.00,0.00,39.71,38.39
853.82,1026.08,40.15,68.55,51.67,86.45,54.26,13.74,13.63,0.00,0.00,101.24,85.68
853.96,1027.92,53.28,66.58,68.84,98.13,50.59,13.74,13.24,0.00,0.00,127.00,115.11
854.09,1029.76,96.15,94.40,111.02,124.26,81.38,18.93,13.24,0.00,0.00,167.20,176.32
854.22,1031.60,120.28,98.77,88.55,108.95,87.39,11.77,0.00,0.00,0.00,153.29,195.08
854.36,1033.44,141.86,109.59,95.53,125.42,102.19,11.77,8.16,0.00,0.00,166.17,195.95
854.49,1035.27,126.21,123.53,87.64,128.67,100.11,18.18,30.24,0.00,0.00,161.82,172.60
854.63,1037.11,106.34,102.58,84.86,126.70,78.48,19.04,30.24,0.00,0.00,155.91,128.36
854.76,1038.94,81.92,90.75,52.88,82.37,54.98,23.78,22.08,0.00,0.00,106.12,93.57
854.89,1040.77,67.62,46.03,22.35,36.69,34.92,17.21,0.00,0.00,0.00,59.78,48.22
855.03,1042.60,39.42,23.37,4.98,0.00,22.99,18.43,0.00,0.00,0.00,27.55,33.65
855.16,1044.43,18.00,11.66,3.76,0.00,15.68,16.88,0.00,0.00,0.00,34.21,17.30
855.30,1046.26,13.69,13.95,0.00,10.56,12.32,18.00,0.00,0.00,0.00,31.54,12.61
855.43,1048.09,8.62,13.95,0.00,10.56,8.97,9.34,0.00,0.00,0.00,20.64,5.37
855.56,1049.92,8.62,9.77,0.00,23.72,8.97,6.16,0.00,0.00,0.00,7.75,1.53
855.70,1051.75,0.00,0.00,0.00,13.16,0.00,0.00,0.00,0.00,0.00,1.69,0.00
855.83,1053.57,0.00,0.00,0.00,19.05,1.57,0.00,0.00,0.00,0.00,1.36,0.44
855.96,1055.40,0.00,0.00,0.00,5.88,1.57,0.00,0.00,0.00,0.00,0.00,0.44
856.10,1057.22,0.00,1.61,0.00,5.88,1.57,1.04,0.00,0.00,0.00,0.00,0.44
856.23,1059.04,0.00,1.61,0.00,0.00,0.00,1.04,0.00,0.00,0.00,0.00,0.00
856.37,1060.86,0.00,6.51,0.00,0.00,0.00,1.04,0.00,0.00,0.00,10.38,0.00
856.50,1062.68,0.00,4.90,0.00,0.00,0.00,0.00,0.00,0.00,0.00,10.38,0.00
856.63,1064.50,0.00,7.76,0.00,0.00,0.00,0.00,0.00,0.00,0.00,19.84,0.00
856.77,1066.32,0.00,2.86,0.00,0.00,0.00,5.81,0.00,0.00,0.00,9.46,0.00
856.90,1068.14,0.00,2.86,0.00,3.62,0.00,5.81,0.00,0.00,0.00,9.46,0.00
857.03,1069.96,0.00,0.00,0.00,3.62,0.00,10.19,0.00,0.00,0.00,0.00,0.00
857.17,1071.77,0.00,0.00,0.00,3.62,0.00,4.38,0.00,0.00,0.00,0.00,0.00
857.30,1073.58,0.00,7.30,0.00,0.00,0.00,4.38,0.00,0.00,0.00,2.03,2.04
857.43,1075.40,0.00,7.30,0.00,0.00,0.00,0.00,0.00,0.00,0.00,2.03,2.04
857.57,1077.21,0.00,7.30,0.00,0.00,0.00,0.00,0.00,0.00,0.00,2.03,2.04
857.70,1079.02,0.00,0.00,0.00,0.00,0.00,0.00,0.00,0.00,0.00,0.00,0.00
857.83,1080.83,0.00,0.00,0.00,0.00,0.00,0.00,0.00,0.00,0.00,0.00,0.00
857.97,1082.64,0.00,0.00,0.00,0.00,0.00,0.00,0.00,0.00,0.00,0.00,0.00
858.10,1084.45,0.00,0.00,0.00,0.00,0.00,0.00,0.00,0.00,0.00,0.00,0.00
858.23,1086.26,0.00,0.00,0.00,0.00,0.00,0.00,0.00,0.00,0.00,0.00,0.00
858.36,1088.06,0.00,0.00,0.00,0.00,0.00,0.00,0.00,0.00,0.00,0.00,0.00
858.50,1089.87,0.00,0.00,0.00,0.00,0.00,0.00,0.00,0.00,0.00,0.00,0.00
858.63,1091.67,0.00,0.00,0.00,0.00,0.00,0.00,0.00,0.00,0.00,0.00,0.00
858.76,1093.48,0.00,0.00,0.00,0.00,0.00,0.00,0.00,0.00,0.00,0.00,0.00
858.90,1095.28,0.00,0.00,0.00,0.00,0.00,0.00,0.00,0.00,0.00,0.00,0.00
859.03,1097.08,0.00,0.00,0.00,0.00,0.00,0.00,0.00,0.00,0.00,0.00,0.00
859.16,1098.88,0.00,0.00,0.00,0.00,0.00,0.00,0.00,0.00,0.00,0.00,0.00
859.30,1100.68,0.00,0.00,0.00,0.00,0.00,0.00,0.00,0.00,0.00,0.77,0.00
859.43,1102.48,0.00,0.00,0.00,0.00,0.00,0.00,0.00,0.00,0.00,0.77,0.00
859.56,1104.27,0.00,0.00,0.00,0.00,0.00,0.00,0.00,0.00,0.00,0.77,0.00
859.69,1106.07,0.00,0.00,4.21,0.00,0.00,0.00,0.00,0.00,0.00,0.00,0.00
859.83,1107.86,0.00,16.49,4.21,0.00,0.00,0.00,0.00,0.00,0.00,10.04,0.00
859.96,1109.66,0.00,16.49,4.21,0.00,0.00,0.00,0.00,0.00,0.00,10.04,0.00
860.09,1111.45,0.00,16.49,0.00,0.00,0.00,0.00,0.00,0.00,0.00,10.04,0.00
860.22,1113.24,0.00,3.85,8.85,0.00,1.45,3.50,0.00,9.47,0.00,0.00,0.00
860.36,1115.03,0.00,5.46,8.85,0.00,1.45,3.50,0.00,9.47,0.00,0.01,0.00
860.49,1116.82,0.00,8.61,14.16,0.00,1.45,3.50,0.00,9.47,0.00,0.01,0.00
860.62,1118.61,0.00,7.87,5.31,9.75,0.00,2.13,0.00,14.90,0.00,2.61,0.00
860.75,1120.40,0.00,14.04,5.31,10.07,2.15,2.13,0.00,48.41,0.00,2.61,0.00
860.89,1122.19,0.78,12.98,11.22,10.94,13.83,6.81,0.00,87.89,0.00,19.93,0.00
861.02,1123.97,0.78,11.93,11.22,1.18,14.02,4.68,0.00,96.80,6.13,23.51,0.00
861.15,1125.76,6.80,7.67,21.07,9.31,16.04,4.68,0.00,126.87,6.13,31.01,0.00
861.28,1127.54,15.94,11.75,20.81,8.44,4.37,0.00,0.00,163.98,26.56,21.04,0.00
861.42,1129.33,17.20,9.67,20.81,8.47,4.17,0.00,13.93,219.92,36.61,14.85,0.00
861.55,1131.11,11.18,16.20,27.69,0.03,2.67,0.00,19.95,210.91,92.56,15.67,0.00
861.68,1132.89,1.27,10.04,26.81,18.20,2.67,1.96,48.51,206.84,129.66,16.39,0.26
861.81,1134.67,9.66,13.63,39.35,45.60,18.99,7.06,34.58,226.71,178.39,24.67,0.26
861.94,1136.45,18.67,6.63,42.06,48.04,16.32,7.06,46.59,282.96,197.54,17.61,0.26
862.08,1138.23,39.16,31.56,75.46,33.79,39.76,15.15,29.97,340.92,266.77,30.90,0.00
862.21,1140.00,48.90,50.90,99.21,24.55,42.11,28.24,58.95,395.60,330.08,38.19,0.91
862.34,1141.78,63.77,58.69,118.76,35.75,46.23,58.47,82.18,459.11,406.24,63.26,0.91
862.47,1143.55,57.53,46.38,112.21,39.86,38.60,61.92,76.67,485.22,434.71,47.23,0.91
862.60,1145.33,50.86,46.30,99.90,31.86,22.87,57.27,54.08,510.61,430.81,36.42,0.00
862.74,1147.10,26.98,35.47,71.17,18.21,18.75,31.85,15.42,498.93,385.88,13.84,0.00
862.87,1148.87,12.73,22.85,34.24,10.18,2.94,21.78,8.99,502.63,326.03,8.52,0.00
863.00,1150.64,0.00,0.46,10.26,0.00,0.00,8.24,2.60,466.83,274.70,3.76,0.00
863.13,1152.41,0.00,0.46,0.00,0.00,0.00,3.42,0.00,445.19,247.56,0.00,0.00
863.26,1154.18,0.00,0.46,0.00,0.00,0.00,0.00,0.00,408.04,222.95,0.00,0.00
863.40,1155.95,0.00,0.00,0.00,0.00,0.00,0.00,0.00,342.94,202.08,0.00,0.00
863.53,1157.72,0.00,0.00,0.00,0.00,0.00,0.00,0.00,232.00,148.40,0.00,0.00
863.66,1159.48,0.00,0.00,0.00,0.00,0.00,0.00,0.00,128.00,120.68,0.00,0.00
863.79,1161.25,0.00,0.00,0.00,0.00,0.00,0.00,0.00,60.60,68.56,0.00,0.00
863.92,1163.01,0.00,0.00,0.00,0.00,0.00,0.00,0.00,37.58,43.04,0.00,0.00
864.05,1164.77,0.00,0.00,0.00,0.00,0.00,0.00,0.00,18.43,17.90,0.00,0.00
864.19,1166.53,0.00,0.00,0.00,0.00,0.00,0.00,0.00,7.05,17.90,0.00,0.00
864.32,1168.30,0.00,0.00,0.00,0.00,0.00,0.00,0.00,0.00,17.90,0.00,0.00
864.45,1170.06,0.00,0.00,0.00,0.00,0.00,0.00,0.00,0.00,0.00,0.00,0.00
864.58,1171.81,0.00,0.00,0.00,0.00,0.00,0.00,0.00,0.00,0.00,0.00,0.00
864.71,1173.57,0.00,0.00,0.00,0.00,0.00,0.00,0.00,0.00,0.00,0.00,0.00
864.84,1175.33,0.00,0.00,0.00,0.00,0.00,0.00,0.00,0.00,0.00,0.00,0.00
864.97,1177.08,0.00,0.00,0.00,0.00,0.00,0.00,0.00,0.00,0.00,0.00,0.00
865.11,1178.84,0.00,0.00,0.00,0.00,0.00,0.00,0.00,0.00,0.00,0.00,0.00
865.24,1180.59,0.00,0.00,0.00,0.00,0.00,0.00,0.00,0.00,0.00,0.00,0.00
865.37,1182.34,0.00,0.00,0.00,0.00,0.00,0.00,0.00,0.00,0.00,0.00,0.00
865.50,1184.10,0.00,0.00,0.00,0.00,0.00,0.00,0.00,0.00,0.00,0.00,0.00
865.63,1185.85,0.00,0.00,0.00,0.00,0.00,0.00,0.00,0.00,0.00,0.00,0.00
865.76,1187.60,0.00,0.00,0.00,0.00,0.00,0.00,0.00,0.00,0.00,3.92,2.18
865.89,1189.35,0.00,0.00,0.00,0.00,0.00,0.00,0.00,0.00,0.00,6.10,7.50
866.02,1191.09,0.00,0.00,0.00,0.00,0.00,0.00,0.00,0.00,0.00,13.00,22.74
866.15,1192.84,0.00,0.00,0.00,0.00,0.00,0.00,0.00,0.00,0.00,19.13,45.16
866.29,1194.58,0.00,3.15,0.00,0.00,0.00,0.00,0.00,0.00,0.00,32.49,55.82
866.42,1196.33,0.00,3.15,0.00,0.00,0.00,0.00,0.00,0.00,0.00,34.74,47.37
866.55,1198.07,0.00,3.15,0.00,0.00,0.00,0.00,0.00,0.00,0.00,24.69,22.76
866.68,1199.82,0.00,0.00,0.00,0.00,0.00,0.00,0.00,0.00,0.00,9.15,6.79
866.81,1201.56,0.00,0.00,0.00,0.00,0.00,0.00,0.00,0.00,20.54,0.00,0.00
866.94,1203.30,0.00,0.00,0.00,0.00,0.00,0.00,0.00,0.00,27.00,0.00,0.00
867.07,1205.04,0.00,0.00,0.00,0.00,0.00,0.00,0.00,0.00,27.00,0.00,0.00
867.20,1206.78,0.00,0.00,0.00,0.00,0.00,0.00,0.00,0.00,8.64,0.00,0.00
867.33,1208.51,0.00,0.00,0.00,0.00,0.00,0.00,0.00,0.00,13.57,0.00,0.00
867.46,1210.25,0.00,0.00,0.00,0.00,0.00,0.00,0.00,0.00,29.89,0.00,0.00
867.59,1211.98,0.00,0.00,0.00,0.00,0.00,0.00,0.00,0.00,27.71,0.00,0.00
867.72,1213.72,0.00,0.00,0.00,0.00,0.00,0.00,0.00,0.00,49.86,4.21,4.32
867.85,1215.45,0.00,0.00,0.00,0.00,0.00,0.00,0.00,0.00,53.86,4.21,4.32
867.98,1217.18,0.00,0.00,0.00,0.00,0.00,0.00,0.00,0.00,53.86,4.21,4.32
868.12,1218.92,0.00,0.00,0.00,0.00,0.00,0.00,0.00,0.00,20.31,0.00,0.00
868.25,1220.65,0.00,0.00,0.00,0.00,0.00,0.00,0.00,0.00,26.85,0.00,0.00
868.38,1222.38,0.00,0.00,0.00,0.00,0.00,0.00,0.00,0.00,53.33,0.00,0.00
868.51,1224.10,0.00,0.00,0.00,0.00,0.00,0.00,0.00,0.00,90.91,1.47,0.00
868.64,1225.83,0.00,8.82,0.00,0.00,6.08,0.00,0.90,0.00,89.44,1.47,5.85
868.77,1227.56,0.00,8.82,0.00,0.00,6.08,0.00,0.90,0.00,83.14,1.47,14.00
868.90,1229.28,0.00,8.82,0.00,0.00,6.08,0.00,0.90,0.00,70.47,0.00,14.00
869.03,1231.01,5.81,11.55,0.00,7.52,8.85,4.85,17.88,0.00,107.97,0.84,20.94
869.16,1232.73,5.81,21.79,20.49,13.70,24.08,22.61,54.00,0.00,144.99,14.22,23.99
869.29,1234.45,20.82,36.29,43.93,25.09,36.91,22.61,82.26,0.00,165.86,20.03,26.19
869.42,1236.17,15.01,45.38,86.21,44.07,58.72,41.36,110.68,0.00,193.57,31.00,34.15
869.55,1237.90,25.45,59.14,107.42,52.72,70.88,29.12,134.81,0.00,202.01,41.64,46.79
869.68,1239.61,35.22,62.70,142.75,80.49,91.17,47.90,178.08,4.53,193.97,57.40,53.55
869.81,1241.33,35.22,59.59,160.11,74.94,103.14,49.13,205.72,23.78,152.66,55.16,54.65
869.94,1243.05,45.24,56.71,196.71,97.30,122.01,73.59,230.28,42.87,115.63,45.49,53.65
870.07,1244.77,47.26,68.84,207.67,96.66,147.90,97.74,265.55,72.73,127.67,41.83,69.99
870.20,1246.48,63.86,71.32,208.98,117.70,155.47,98.22,282.52,92.98,85.78,52.51,61.68
870.33,1248.20,78.92,68.80,221.97,121.42,172.06,101.39,268.86,116.93,100.95,60.86,66.04
870.46,1249.91,60.76,39.40,209.11,103.26,155.44,85.34,227.34,144.71,75.30,56.67,52.18
870.59,1251.62,65.17,57.90,235.48,103.00,175.39,113.53,250.42,191.08,101.94,73.70,58.56
870.72,1253.33,57.04,68.85,219.99,87.19,159.80,113.85,267.31,208.62,71.42,76.52,45.73
870.85,1255.04,66.36,95.92,238.63,104.18,160.68,125.28,285.01,190.30,66.07,87.79,52.01
870.98,1256.75,72.03,91.67,226.95,94.51,140.23,118.07,243.41,155.70,72.12,76.74,58.31
871.11,1258.46,76.94,87.98,231.19,97.07,143.02,144.08,250.40,148.37,73.46,75.25,65.17
871.24,1260.17,102.74,104.85,261.01,108.87,158.72,155.33,288.32,156.63,109.75,86.65,74.93
871.36,1261.87,109.56,106.40,281.85,118.01,161.76,158.93,326.27,156.27,105.43,96.73,74.36
871.49,1263.58,113.51,110.40,294.82,145.94,187.60,158.65,369.04,169.40,117.63,100.26,80.25
871.62,1265.28,102.02,99.30,322.03,151.10,195.68,163.27,390.39,173.79,86.77,100.02,74.37
871.75,1266.99,92.10,92.10,351.82,167.84,224.99,164.12,447.00,204.78,86.20,99.68,63.73
871.88,1268.69,118.30,116.68,399.74,190.02,253.76,185.77,491.76,255.26,115.46,117.46,63.53
872.01,1270.39,129.30,133.72,412.13,188.00,266.00,207.54,549.33,308.23,111.90,116.35,69.80
872.14,1272.09,168.64,159.09,480.88,210.99,291.92,243.98,591.26,349.57,128.40,155.26,93.40
872.27,1273.79,160.10,149.59,523.42,222.76,304.96,252.89,611.68,374.74,103.08,169.28,97.13
872.40,1275.49,184.91,165.76,586.65,271.88,350.35,295.13,652.79,389.94,146.47,202.64,94.86
872.53,1277.18,200.07,172.28,579.57,296.02,367.09,308.73,672.94,375.19,165.27,189.68,95.61
872.66,1278.88,211.35,189.91,590.29,298.61,379.96,314.45,702.90,351.59,158.90,191.50,97.14
872.79,1280.57,205.09,187.33,571.81,279.65,376.62,302.62,709.01,339.81,152.37,192.44,109.13
872.92,1282.27,197.85,184.76,568.68,278.37,362.96,307.14,713.81,362.07,140.56,211.06,114.80
873.05,1283.96,205.50,178.42,553.80,270.66,346.88,302.89,674.54,366.60,159.37,229.57,120.36
873.17,1285.65,210.84,182.76,563.61,280.96,348.47,284.99,649.64,376.50,145.90,235.76,128.93
873.30,1287.34,184.52,170.77,555.44,255.94,341.75,253.10,593.10,362.78,127.50,200.29,114.52
873.43,1289.03,182.77,168.01,555.51,252.82,344.27,248.11,609.15,375.98,110.70,189.38,132.34
873.56,1290.72,185.03,148.59,517.60,229.71,327.80,242.13,580.57,400.56,108.97,174.49,138.50
873.69,1292.41,206.42,162.29,525.83,243.73,329.13,263.28,589.13,451.96,139.40,201.70,160.45
873.82,1294.10,193.49,160.34,507.07,243.42,309.80,260.10,559.73,460.07,185.89,181.93,150.40
873.95,1295.78,173.01,154.84,497.12,246.90,299.60,260.38,545.47,452.99,175.88,164.61,122.82
874.08,1297.47,188.89,145.34,452.52,239.73,308.09,256.68,542.57,402.62,147.59,155.63,118.91
874.20,1299.15,188.00,139.75,443.50,232.45,309.14,250.20,555.60,361.18,95.25,158.22,119.90
874.33,1300.84,185.45,141.16,437.83,223.52,304.55,247.41,542.00,352.11,75.30,155.15,129.23
874.46,1302.52,150.03,140.03,451.30,214.72,283.41,233.07,535.87,332.86,52.84,144.86,115.69
874.59,1304.20,125.51,148.12,451.01,200.15,257.51,223.30,488.66,320.54,32.31,134.80,98.05
874.72,1305.88,128.34,149.56,447.74,222.92,265.63,234.20,452.15,278.93,19.96,139.75,107.75
874.85,1307.56,113.96,127.12,409.60,200.81,251.21,225.23,421.12,222.47,6.00,115.82,92.57
874.98,1309.24,113.82,108.24,370.05,200.94,244.02,203.16,402.34,159.26,6.00,106.45,87.95
875.10,1310.91,116.69,98.37,340.84,163.42,209.18,172.77,387.93,92.76,6.00,100.09,68.69
875.23,1312.59,110.02,85.62,308.44,159.35,180.47,150.50,363.99,50.42,0.00,97.85,73.87
875.36,1314.26,105.14,67.99,269.83,144.40,170.89,154.02,355.53,23.13,0.00,91.07,61.85
875.49,1315.94,73.94,59.37,250.58,146.13,174.32,141.22,354.77,0.00,1.36,84.29,70.17
875.62,1317.61,74.65,81.32,270.90,135.43,190.33,151.66,331.60,0.00,1.36,85.74,66.39
875.75,1319.28,91.70,96.60,295.92,145.74,191.01,176.77,324.79,0.00,1.36,103.20,82.62
875.87,1320.95,92.76,88.90,284.95,136.73,178.38,177.56,312.35,0.00,0.00,93.67,52.52
876.00,1322.62,75.28,68.98,246.45,122.84,159.87,158.14,304.04,0.00,0.00,76.92,37.89
876.13,1324.29,43.49,47.40,226.98,108.62,137.38,109.39,291.44,0.00,0.00,57.18,13.93
876.26,1325.96,30.82,30.61,202.30,91.87,115.01,106.11,262.65,0.00,0.00,43.89,14.42
876.39,1327.63,37.05,14.77,195.53,90.68,91.22,93.05,223.77,0.00,0.00,48.17,12.48
876.51,1329.29,49.18,14.11,189.34,81.39,89.66,98.23,183.15,0.00,0.00,34.35,20.11
876.64,1330.96,46.11,10.58,183.28,64.23,74.23,76.87,162.67,0.00,0.00,33.31,16.88
876.77,1332.62,37.71,11.32,180.57,49.07,67.49,70.51,138.22,0.00,0.00,22.94,12.64
876.90,1334.28,29.00,0.74,141.89,28.60,34.78,54.84,124.80,0.00,0.00,13.66,0.50
877.03,1335.95,22.76,0.74,113.67,21.24,18.51,58.29,90.19,0.00,0.00,5.45,0.50
877.15,1337.61,22.97,0.00,102.92,18.68,1.67,46.19,89.39,0.00,0.00,0.00,0.00
877.28,1339.27,6.57,0.00,101.41,8.01,3.73,32.06,76.51,0.00,0.00,0.00,0.00
877.41,1340.92,27.12,16.98,147.69,41.13,29.61,44.32,137.76,0.00,0.00,18.53,20.59
877.54,1342.58,20.55,16.98,182.78,42.71,44.98,59.37,171.50,0.00,0.00,31.89,25.93
877.66,1344.24,24.86,21.61,222.00,63.09,64.79,89.47,202.70,0.00,0.00,42.73,27.38
877.79,1345.89,18.14,27.36,231.35,62.58,73.71,84.76,199.38,0.00,0.00,51.99,6.79
877.92,1347.55,30.57,42.32,223.95,76.98,97.21,103.62,231.98,0.00,0.00,62.14,14.10
878.05,1349.20,37.65,47.54,239.12,83.60,105.62,116.38,240.83,0.00,0.00,63.19,25.31
878.17,1350.86,49.75,40.43,240.64,95.57,121.70,126.48,276.05,0.00,0.00,61.58,53.52
878.30,1352.51,60.74,43.89,238.74,118.11,129.36,131.82,276.51,0.00,0.00,65.54,59.97
878.43,1354.16,70.31,41.91,220.09,123.55,137.92,124.39,275.23,0.00,0.00,74.39,68.65
878.56,1355.81,44.40,31.71,209.56,113.44,105.60,105.08,223.08,0.00,0.00,56.36,51.46
878.68,1357.46,29.99,16.75,187.95,95.90,98.86,85.00,187.52,0.00,0.00,57.57,54.83
878.81,1359.10,13.38,16.58,174.80,74.49,84.24,75.38,136.10,0.00,0.00,36.82,34.99
878.94,1360.75,33.82,29.52,150.78,81.19,85.08,74.22,85.15,0.00,0.00,42.92,26.95
879.06,1362.40,27.68,26.07,139.45,67.58,57.93,58.73,65.90,0.00,0.00,16.04,4.47
879.19,1364.04,30.33,33.47,122.58,64.75,36.58,46.70,76.79,0.00,0.00,21.35,14.89
879.32,1365.68,9.88,15.11,89.96,42.49,27.47,30.23,78.26,0.00,0.00,14.81,11.92
879.45,1367.33,10.56,17.60,81.13,34.02,22.14,28.89,44.20,0.00,0.00,13.03,12.13
879.57,1368.97,3.57,2.50,70.10,36.00,33.28,25.33,13.42,0.00,0.00,19.40,0.22
879.70,1370.61,3.57,2.49,68.54,20.44,28.54,24.56,8.97,0.00,0.00,11.68,0.22
879.83,1372.25,10.17,10.16,54.33,21.89,43.15,41.81,15.22,0.00,0.00,11.68,4.58
879.95,1373.89,10.17,10.16,52.25,20.13,29.55,45.84,18.81,0.00,0.00,0.00,4.58
880.08,1375.53,10.17,10.16,50.42,15.87,22.32,38.61,18.45,0.00,0.00,0.00,4.58
880.21,1377.16,3.38,17.07,71.16,21.58,20.86,36.44,37.67,0.00,0.00,11.27,8.20
880.33,1378.80,3.38,21.09,68.92,14.63,20.46,22.18,59.58,0.00,0.00,11.27,8.20
880.46,1380.43,10.63,22.82,76.47,23.87,31.02,22.18,74.63,0.00,0.00,11.87,8.20
880.59,1382.07,23.54,12.76,78.94,28.94,26.60,18.04,65.93,0.00,0.00,19.98,9.19
880.71,1383.70,24.68,8.75,82.87,33.13,31.26,22.12,54.70,0.00,0.00,19.98,9.19
880.84,1385.33,17.43,10.04,93.04,39.89,33.54,33.12,42.06,0.00,0.00,28.43,9.19
880.97,1386.96,26.50,11.11,73.67,44.78,31.62,45.13,70.55,0.00,0.00,31.66,0.00
881.09,1388.59,34.36,13.05,82.77,61.45,42.48,55.25,93.51,0.00,0.00,41.62,0.00
881.22,1390.22,42.65,10.02,89.45,56.69,45.91,66.60,121.72,0.00,0.00,32.57,0.00
881.35,1391.85,17.28,4.90,90.92,40.38,47.81,52.41,99.07,0.00,0.00,9.96,0.00
881.47,1393.47,9.18,14.12,83.74,33.42,61.71,58.90,108.44,0.00,0.00,7.34,0.00
881.60,1395.10,0.89,14.12,67.81,35.69,49.19,46.62,113.06,0.00,0.00,7.59,0.00
881.73,1396.72,0.89,18.14,63.12,31.19,39.90,38.90,105.93,0.00,0.00,9.08,0.00
881.85,1398.35,0.00,9.94,57.56,21.82,17.07,19.98,76.26,0.00,0.00,9.04,0.00
881.98,1399.97,0.00,11.64,55.35,15.79,21.92,23.73,63.96,0.00,0.00,22.67,0.00
882.10,1401.59,0.00,4.66,48.27,13.48,15.19,15.59,44.28,0.00,0.00,21.43,0.00
882.23,1403.21,0.00,1.71,25.30,7.48,8.59,13.83,31.14,0.00,0.00,14.19,0.00
882.36,1404.83,0.00,0.00,8.14,0.00,0.00,8.05,3.80,0.00,0.00,1.96,0.00
882.48,1406.45,0.00,0.00,0.00,0.00,0.00,8.05,3.80,0.00,0.00,1.71,0.00
882.61,1408.07,0.00,0.00,0.00,0.00,0.00,8.05,0.00,0.00,0.00,1.65,0.00
882.73,1409.68,0.00,0.00,0.00,0.00,0.00,0.00,0.00,0.00,0.00,0.00,0.00
882.86,1411.30,0.00,0.00,0.00,0.00,0.00,0.00,0.00,0.00,0.00,0.00,0.00
882.99,1412.91,0.00,0.00,0.00,0.00,0.00,0.00,0.00,0.00,0.00,0.00,0.00
883.11,1414.53,0.00,0.00,0.00,0.00,0.00,0.00,0.00,0.00,0.00,0.00,0.00
883.24,1416.14,0.00,0.00,0.00,0.00,0.00,0.00,0.00,0.00,0.00,0.00,0.00
883.36,1417.75,0.00,0.00,0.00,0.00,0.00,0.00,0.00,0.00,0.00,0.00,0.00
883.49,1419.36,0.00,0.00,0.00,0.00,0.00,0.00,0.00,0.00,0.00,0.00,0.00
883.61,1420.97,0.00,0.00,0.00,0.00,0.00,0.00,0.00,0.00,0.00,0.00,0.00
883.74,1422.58,0.00,0.00,0.00,0.00,0.00,0.00,0.00,0.00,0.00,0.00,0.00
883.87,1424.19,0.00,0.00,0.00,0.00,0.00,0.00,0.00,0.00,0.00,0.00,0.00
883.99,1425.79,0.00,0.00,0.00,0.00,0.00,0.00,0.00,0.00,0.00,0.00,0.00
884.12,1427.40,0.00,0.00,0.00,0.00,0.00,0.00,0.00,0.00,0.00,0.00,0.00
884.24,1429.00,0.00,0.00,0.00,0.00,0.00,0.00,0.00,0.00,0.00,0.00,0.00
884.37,1430.60,0.00,0.00,0.00,0.00,0.00,0.00,0.00,0.00,0.00,0.00,2.48
884.49,1432.21,0.00,0.00,0.00,0.00,0.00,0.00,0.00,0.00,0.00,0.00,2.48
884.62,1433.81,0.00,0.00,0.00,0.00,0.00,0.00,0.00,0.00,0.00,0.00,2.48
884.74,1435.41,0.00,0.00,0.00,0.00,0.00,0.00,0.00,0.00,0.00,0.00,0.00
884.87,1437.01,0.00,0.00,0.00,0.00,0.00,0.00,0.00,13.25,0.00,0.00,0.00
884.99,1438.61,0.00,7.79,0.00,0.00,6.61,13.27,2.58,42.16,0.00,0.00,0.00
885.12,1440.20,0.00,7.79,0.00,0.00,6.61,13.27,14.08,74.16,0.00,0.00,6.79
885.24,1441.80,9.40,15.32,0.00,0.00,10.88,16.94,15.61,102.80,0.00,0.00,7.01
885.37,1443.40,20.46,7.53,0.00,0.00,11.64,11.82,13.02,115.91,0.00,0.00,17.23
885.49,1444.99,29.09,7.53,0.00,0.00,20.35,30.02,12.14,149.59,0.00,2.19,16.54
885.62,1446.58,39.10,0.00,18.82,19.41,27.02,40.47,43.61,162.29,0.00,2.19,33.20
885.74,1448.18,38.35,0.00,31.23,29.61,32.93,34.83,66.11,176.57,0.00,10.36,36.42
885.87,1449.77,47.17,10.67,53.80,40.51,36.07,30.41,89.06,167.77,10.62,15.46,48.21
885.99,1451.36,38.89,13.84,55.60,29.58,28.11,28.89,89.59,167.20,22.05,15.46,37.57
886.12,1452.95,52.18,14.95,85.31,28.55,45.39,55.27,139.70,180.54,54.41,20.01,47.49
886.24,1454.53,59.26,17.80,95.82,30.30,66.45,51.10,151.60,195.02,82.87,17.02,47.20
886.37,1456.12,83.91,20.20,123.90,40.62,94.09,58.49,177.75,198.07,116.58,24.87,65.82
886.49,1457.71,76.24,24.95,129.99,55.62,78.06,60.22,161.25,208.48,134.65,26.44,59.77
886.62,1459.29,70.69,15.14,129.54,60.07,69.17,73.08,166.21,217.34,168.84,25.14,58.51
886.74,1460.88,54.15,22.01,130.45,68.53,79.28,80.94,163.52,250.23,218.40,26.50,57.27
886.87,1462.46,65.74,17.67,125.14,65.44,92.18,74.92,169.96,270.58,261.75,18.99,44.81
886.99,1464.04,62.01,30.66,141.52,72.37,97.43,84.24,193.76,296.96,297.46,25.48,51.03
887.11,1465.62,92.06,38.78,169.03,81.74,117.80,108.35,244.02,324.79,340.64,41.76,59.71
887.24,1467.20,97.47,42.56,182.21,89.79,127.84,123.46,276.30,337.98,379.50,46.38,64.39
887.36,1468.78,126.33,35.47,200.86,87.97,138.35,136.03,292.70,343.29,380.83,45.11,55.53
887.49,1470.36,118.53,22.05,179.19,53.48,120.86,114.93,275.13,355.96,356.85,26.19,24.02
887.61,1471.94,109.97,27.85,185.76,39.56,116.28,119.40,262.79,365.53,361.11,25.16,14.47
887.74,1473.52,103.87,40.11,184.45,47.09,131.81,107.66,259.59,370.90,385.84,31.92,2.31
887.86,1475.09,83.56,36.82,181.60,65.41,124.47,105.36,243.18,363.40,377.36,28.13,1.55
887.98,1476.67,72.92,44.54,180.77,61.74,126.81,96.08,231.45,379.25,343.24,30.34,2.12
888.11,1478.24,46.41,31.37,154.07,38.52,85.27,85.91,193.52,348.89,275.25,17.68,0.57
888.23,1479.81,25.24,32.21,124.04,35.97,80.74,85.08,183.61,347.89,227.94,19.35,0.57
888.36,1481.38,19.42,14.06,91.36,38.43,62.22,71.93,153.71,302.89,189.31,7.03,0.00
888.48,1482.95,11.84,10.80,68.59,39.46,75.26,58.33,142.38,291.81,199.93,6.94,0.00
888.60,1484.52,11.81,6.11,46.03,21.54,43.53,30.58,84.96,241.96,184.46,2.49,0.00
888.73,1486.09,3.90,5.44,31.06,7.54,30.04,22.12,48.45,189.02,164.89,3.85,0.00
888.85,1487.66,0.00,0.00,14.19,0.00,3.23,13.32,26.62,158.43,110.34,1.64,0.00
888.98,1489.22,0.00,0.00,14.19,0.00,3.23,13.32,20.69,127.74,95.03,1.64,0.00
889.10,1490.79,0.00,0.87,0.00,0.00,0.00,5.99,16.34,150.95,87.95,0.00,0.00
889.22,1492.35,0.00,0.87,0.00,0.00,0.00,5.94,0.00,150.07,100.45,0.00,0.00
889.35,1493.92,0.00,0.87,0.00,0.00,0.00,5.94,0.00,157.43,123.19,0.00,0.00
889.47,1495.48,0.00,0.00,0.00,0.00,0.00,0.00,1.58,136.91,110.39,0.00,0.00
889.59,1497.04,0.00,0.00,0.00,0.00,0.00,0.00,3.95,166.62,123.82,0.00,0.00
889.72,1498.60,0.00,0.00,0.00,0.00,0.00,0.00,3.95,173.13,119.38,0.00,0.00
889.84,1500.16,0.00,0.00,0.00,0.00,0.00,0.00,2.37,185.54,132.18,0.00,0.00
889.96,1501.72,0.00,0.00,0.00,0.00,0.00,0.00,0.00,164.41,116.44,0.00,0.00
890.09,1503.27,0.00,0.00,0.00,0.00,0.00,0.00,0.00,141.63,120.38,0.00,0.00
890.21,1504.83,0.00,0.00,0.00,0.00,0.00,0.00,0.00,141.08,127.55,0.00,0.00
890.33,1506.38,0.00,0.00,0.00,0.00,0.00,0.00,0.00,164.98,147.85,0.00,0.00
890.46,1507.94,0.00,0.00,0.00,0.00,0.00,0.00,0.00,202.01,117.94,0.00,0.00
890.58,1509.49,0.00,0.00,0.00,0.00,0.00,5.23,0.00,236.06,157.38,0.00,0.00
890.70,1511.04,0.00,0.00,0.00,0.00,0.00,5.23,0.00,237.45,163.83,0.00,0.00
890.83,1512.59,0.00,0.00,0.00,0.00,0.00,5.23,0.59,274.07,210.84,0.00,0.00
890.95,1514.14,0.00,0.00,0.00,0.00,0.00,0.00,0.59,295.04,210.87,0.00,0.00
891.07,1515.69,0.00,0.00,0.00,0.00,0.00,0.02,2.55,345.01,232.25,0.00,0.00
891.20,1517.24,0.00,0.00,0.00,0.44,0.00,0.02,14.66,362.34,262.63,0.00,0.00
891.32,1518.79,0.00,0.00,0.00,0.44,0.00,0.02,16.00,391.00,296.36,0.00,0.00
891.44,1520.34,0.00,0.00,0.00,0.44,0.00,0.00,31.47,404.35,304.77,0.00,0.00
891.56,1521.88,0.00,14.07,18.85,1.11,7.32,21.17,41.61,451.37,334.19,5.72,0.00
891.69,1523.42,0.00,14.07,19.85,3.14,7.32,21.17,55.55,494.51,330.73,5.72,0.00
891.81,1524.97,1.16,14.07,19.85,14.00,11.21,21.17,65.06,531.55,370.50,5.72,0.00
891.93,1526.51,1.16,0.00,8.11,18.24,17.86,3.41,67.79,545.49,380.84,0.00,0.00
892.05,1528.05,3.18,0.00,7.10,16.21,22.78,4.10,79.32,548.22,417.96,0.00,0.00
892.18,1529.59,2.02,7.07,8.32,5.35,18.89,10.94,59.97,541.40,428.20,0.00,0.00
892.30,1531.13,6.03,7.07,2.72,0.00,4.93,7.53,49.52,544.81,403.01,0.00,0.00
892.42,1532.67,4.01,7.07,2.72,0.00,0.00,6.84,28.08,552.56,398.16,0.00,0.00
892.54,1534.20,4.01,0.00,1.50,0.00,1.02,10.67,20.76,554.10,423.76,0.00,0.00
892.67,1535.74,10.68,8.83,3.04,0.56,1.35,27.94,42.79,558.32,465.04,0.00,8.00
892.79,1537.28,10.68,8.83,3.04,0.56,1.35,27.94,38.27,523.32,459.77,0.00,8.00
892.91,1538.81,15.16,14.55,3.04,8.58,5.95,22.11,57.65,546.88,441.72,3.26,17.72
893.03,1540.34,4.86,18.39,0.00,8.02,13.23,4.84,20.49,536.78,416.36,3.26,9.72
893.16,1541.88,4.86,19.13,5.37,8.02,13.23,4.84,31.22,571.69,418.66,3.26,9.72
893.28,1543.41,11.13,13.40,28.16,12.44,7.61,8.91,33.86,579.17,402.53,0.00,4.87
893.40,1544.94,13.86,1.26,46.05,12.44,0.00,9.88,56.17,567.09,405.84,0.00,6.72
893.52,1546.47,19.66,16.11,50.32,12.44,2.01,26.25,73.59,555.36,424.50,0.00,8.23
893.64,1547.99,20.41,25.77,45.94,0.00,23.78,37.11,82.37,546.29,448.50,4.90,12.85
893.77,1549.52,41.05,40.53,60.13,15.74,56.56,60.54,114.70,558.12,491.05,9.93,27.03
893.89,1551.05,43.60,28.18,63.88,17.23,64.33,44.17,129.94,520.18,497.83,9.93,37.45
894.01,1552.57,47.04,30.72,67.20,17.23,60.33,36.04,136.07,466.81,512.84,5.03,40.76
894.13,1554.10,46.04,31.49,70.08,12.02,53.56,40.14,116.43,449.65,536.41,7.99,40.31
894.25,1555.62,70.94,31.48,100.19,23.72,71.35,53.82,120.03,455.73,578.21,10.66,52.75
894.38,1557.14,88.30,45.26,112.42,44.43,83.92,72.59,128.74,462.92,621.45,23.26,69.30
894.50,1558.66,84.55,29.21,93.55,34.80,74.06,53.93,129.01,440.34,627.25,18.12,66.76
894.62,1560.18,64.37,33.44,69.24,21.62,64.09,41.49,99.19,421.65,606.28,24.54,60.44
894.74,1561.70,56.41,12.23,57.50,9.45,42.35,26.27,82.59,397.52,564.54,15.19,47.36
894.86,1563.22,62.69,21.30,52.32,14.17,28.51,32.61,73.89,359.62,557.35,12.34,58.84
894.98,1564.74,71.86,19.55,35.03,15.22,21.56,31.38,70.75,325.95,535.38,3.24,56.88
895.11,1566.25,65.94,24.02,22.65,12.40,27.50,19.17,51.17,281.16,520.98,0.90,58.82
895.23,1567.77,61.57,14.95,11.75,6.77,33.34,4.53,24.59,247.94,478.79,0.90,58.32
895.35,1569.28,50.77,9.24,9.83,5.71,22.70,4.53,12.47,241.27,451.83,0.90,60.38
895.47,1570.79,43.20,0.00,0.00,0.00,8.14,1.53,7.58,231.16,423.43,0.00,54.34
895.59,1572.31,47.08,4.03,6.50,0.00,12.22,9.44,26.38,240.17,396.14,8.07,55.75
895.71,1573.82,51.85,4.03,6.50,0.00,12.22,9.44,23.63,220.73,362.07,8.07,49.06
895.83,1575.33,55.08,4.03,8.06,0.00,12.22,9.44,18.80,215.07,346.45,8.07,45.82
895.95,1576.84,53.32,10.30,6.17,10.32,2.98,4.04,7.37,205.75,333.50,12.54,45.58
896.08,1578.34,42.56,12.70,6.17,10.53,12.44,4.04,7.37,185.09,328.21,12.54,46.36
896.20,1579.85,34.59,16.74,4.61,10.53,18.94,10.14,7.37,167.22,287.69,22.50,61.58
896.32,1581.36,33.07,22.92,4.29,5.75,26.28,6.10,15.86,163.12,278.96,26.87,62.59
896.44,1582.86,58.23,40.76,15.41,17.64,33.95,8.72,48.47,163.03,276.56,46.39,91.60
896.56,1584.37,70.28,36.71,18.46,17.64,27.45,2.62,64.96,143.49,294.04,36.42,90.85
896.68,1585.87,69.33,26.12,21.38,22.77,24.36,10.19,67.01,132.61,292.19,28.03,86.43
896.80,1587.37,60.18,11.97,29.76,29.34,22.71,17.36,59.18,142.52,305.78,21.08,62.13
896.92,1588.87,62.13,25.38,42.92,29.34,37.25,17.36,44.80,164.87,328.15,24.15,51.62
897.04,1590.37,61.43,34.02,48.42,26.69,33.06,11.64,44.42,152.89,306.19,28.32,57.44
897.16,1591.87,66.63,47.55,55.14,27.61,37.76,3.14,37.60,130.46,290.44,20.72,71.83
897.28,1593.37,84.05,55.30,66.43,52.87,45.36,21.30,69.34,117.58,270.24,31.68,84.44
897.40,1594.86,90.81,55.72,83.05,63.68,75.96,38.03,98.75,128.04,299.71,40.64,75.73
897.52,1596.36,86.36,56.26,80.79,62.28,84.01,58.54,142.28,142.28,307.96,47.38,67.47
897.64,1597.86,74.91,51.13,99.21,71.54,88.73,73.72,176.47,168.51,311.86,53.46,67.21
897.76,1599.35,85.25,52.79,119.74,71.25,81.56,82.68,192.11,178.85,285.87,43.32,62.74
897.89,1600.84,99.48,49.67,149.16,88.85,89.62,89.53,196.65,206.08,242.44,52.40,63.17
898.01,1602.33,102.16,62.99,157.03,94.90,118.13,85.82,217.29,210.42,217.44,56.27,65.04
898.13,1603.83,86.74,51.54,142.79,92.85,118.20,79.34,222.17,211.64,197.33,54.70,67.47
898.25,1605.32,87.99,61.76,137.56,78.13,115.60,87.86,227.04,216.20,198.55,59.12,58.58
898.37,1606.80,91.69,56.76,143.44,65.85,95.12,92.49,211.69,211.86,161.87,57.33,60.80
898.49,1608.29,94.50,63.54,146.11,69.36,93.09,83.90,178.13,170.30,101.30,63.66,68.81
898.61,1609.78,106.88,67.22,164.67,82.09,100.61,74.53,146.45,111.96,54.28,70.87,106.71
898.73,1611.27,117.70,58.00,128.67,76.94,88.92,48.61,82.89,49.23,19.55,66.20,115.06
898.85,1612.75,129.20,64.79,109.68,75.12,77.90,38.68,58.99,25.17,16.16,68.54,133.08
898.97,1614.23,109.48,49.35,66.14,58.75,59.65,10.89,38.21,0.00,0.00,59.98,119.89
899.09,1615.72,99.88,54.03,58.04,49.82,62.86,3.86,35.20,0.00,0.00,66.54,120.81
899.21,1617.20,86.50,49.94,42.17,38.46,64.95,3.05,29.75,0.00,0.00,60.66,101.29
899.33,1618.68,80.68,49.07,33.52,36.98,59.28,9.12,16.19,0.00,2.06,44.34,90.33
899.45,1620.16,55.65,30.64,17.95,26.62,34.71,7.81,11.41,0.00,2.06,27.13,65.49
899.56,1621.64,52.06,23.33,14.52,23.37,32.26,17.78,6.87,0.00,2.06,14.42,65.76
899.68,1623.12,28.15,8.71,0.00,7.43,14.95,11.71,1.99,0.00,0.00,6.86,41.04
899.80,1624.59,52.57,20.40,9.63,8.51,36.83,22.52,2.65,0.00,0.00,14.44,61.66
899.92,1626.07,35.11,13.10,9.63,4.95,23.71,10.81,2.65,0.00,0.00,14.44,51.72
900.04,1627.54,55.76,13.66,9.63,4.95,24.02,10.81,2.65,0.00,0.00,15.71,66.23
900.16,1629.02,46.64,8.80,5.66,14.16,5.02,0.00,0.00,0.00,0.00,10.07,68.98
900.28,1630.49,64.52,31.05,12.08,39.80,26.48,3.21,6.75,0.00,0.00,26.40,99.72
900.40,1631.96,43.27,42.20,12.08,45.02,35.16,3.21,6.75,0.00,0.00,34.43,104.14
900.52,1633.43,40.50,48.01,6.42,46.23,47.16,3.21,12.61,0.00,0.00,34.80,100.89
900.64,1634.90,36.84,26.60,0.00,20.59,25.71,0.00,11.16,0.00,0.00,24.28,89.76
900.76,1636.37,46.43,16.97,0.00,15.37,22.27,0.00,11.16,0.00,0.00,21.88,109.41
900.88,1637.84,44.88,2.92,0.00,3.14,11.17,0.00,5.30,0.00,0.00,16.80,99.39
901.00,1639.31,45.23,9.85,1.39,10.09,19.21,0.00,0.00,0.00,0.00,23.29,108.60
901.12,1640.77,40.47,7.77,1.39,10.09,13.66,0.00,0.00,0.00,0.00,16.39,91.38
901.24,1642.24,34.27,10.90,2.29,8.20,11.24,0.00,0.00,0.00,0.00,20.99,91.71
901.35,1643.70,18.26,3.13,0.90,1.25,3.20,0.00,0.00,0.00,0.00,14.82,74.60
901.47,1645.17,22.73,3.74,0.90,5.56,3.20,0.00,0.00,0.00,0.00,24.70,81.27
901.59,1646.63,16.87,0.61,0.00,9.00,2.44,0.00,0.00,0.00,0.00,27.30,85.61
901.71,1648.09,30.60,7.57,0.00,9.00,4.73,0.64,0.00,0.00,0.00,24.47,95.84
901.83,1649.55,21.30,6.97,0.00,4.69,9.33,0.64,0.00,0.00,0.00,28.30,83.74
901.95,1651.01,14.00,6.97,0.00,0.00,6.90,0.64,0.00,0.00,0.00,16.99,71.65
902.07,1652.46,14.60,0.00,0.00,0.00,4.60,0.00,0.00,0.00,0.00,16.05,55.78
902.18,1653.92,14.60,0.14,0.00,0.00,0.00,0.00,0.00,0.00,0.00,10.55,59.69
902.30,1655.38,18.42,0.14,0.00,0.00,0.00,0.00,0.00,0.00,0.00,10.55,63.38
902.42,1656.83,4.09,0.14,0.00,0.00,0.00,0.00,0.00,0.00,0.00,8.21,56.52
902.54,1658.29,4.51,0.00,0.00,0.00,0.00,0.00,0.00,0.00,0.00,0.00,42.77
902.66,1659.74,3.89,4.10,0.00,0.00,0.00,0.00,0.00,0.00,0.00,0.26,36.03
902.78,1661.19,3.89,4.10,0.00,0.00,0.00,0.00,0.00,0.00,0.00,0.26,23.10
902.90,1662.64,3.47,4.10,0.00,0.00,0.00,0.00,0.00,0.00,0.00,0.26,13.39
903.01,1664.09,0.00,0.00,0.00,0.00,0.00,0.00,0.00,0.00,0.00,0.00,0.00
903.13,1665.54,0.00,0.00,0.00,0.00,0.00,0.00,0.00,0.00,0.00,0.00,0.00
903.25,1666.99,0.00,0.00,0.00,0.00,0.00,0.00,0.00,0.00,0.00,0.00,0.00
903.37,1668.44,0.00,0.00,0.00,0.00,0.00,0.00,0.00,0.00,0.00,0.00,0.00
903.49,1669.88,0.00,0.00,0.00,0.00,0.00,0.00,0.00,0.00,0.00,0.00,0.00
903.60,1671.33,0.00,0.00,0.00,0.00,0.00,0.00,0.00,0.00,0.00,0.00,0.00
903.72,1672.77,0.00,0.00,0.00,0.00,0.00,0.00,0.00,0.00,0.00,0.00,0.00
903.84,1674.21,0.00,0.00,0.00,0.00,0.00,0.00,0.00,0.00,0.00,0.00,0.00
903.96,1675.66,0.00,0.00,0.00,0.00,0.00,0.00,0.00,0.00,0.00,0.00,0.00
904.08,1677.10,0.00,0.00,0.00,0.00,0.00,0.00,0.00,0.00,0.00,0.00,0.00
904.19,1678.54,0.00,0.00,0.00,0.00,0.00,0.00,0.00,0.00,0.00,0.00,0.00
904.31,1679.97,0.00,0.00,0.00,0.00,0.00,0.00,0.00,0.00,0.00,0.00,0.00
904.43,1681.41,0.00,0.00,0.00,0.00,0.00,0.00,0.00,0.00,0.00,0.00,0.00
904.55,1682.85,0.00,0.00,0.00,0.00,0.00,0.00,0.00,0.00,0.00,0.00,0.00
904.66,1684.29,0.00,0.00,0.00,0.00,0.00,0.00,0.00,0.00,0.00,0.00,0.00
904.78,1685.72,0.00,0.00,0.00,0.00,0.00,0.00,0.00,0.00,0.00,0.00,0.00
904.90,1687.15,0.00,0.00,0.00,0.00,0.00,0.00,0.00,0.00,0.00,0.00,0.00
905.02,1688.59,0.00,0.00,0.00,0.00,0.00,0.00,0.00,0.00,0.00,0.00,0.00
905.13,1690.02,0.00,0.00,0.00,0.00,0.00,0.00,0.00,0.00,0.00,0.00,0.00
905.25,1691.45,0.00,0.00,0.00,0.00,0.00,0.00,0.00,0.00,0.00,0.00,0.00
905.37,1692.88,0.00,0.00,0.00,0.00,0.00,0.00,0.00,0.00,0.00,0.00,0.00
905.48,1694.31,0.00,0.00,0.00,0.00,0.00,2.30,0.00,0.00,0.00,0.02,0.00
905.60,1695.74,0.00,0.00,0.00,0.00,0.00,2.30,0.00,0.00,0.00,0.02,0.00
905.72,1697.16,0.00,0.00,0.00,0.00,0.00,2.30,0.00,0.00,0.00,0.02,0.00
905.84,1698.59,0.00,0.00,0.00,0.00,0.00,0.00,0.00,0.00,0.00,0.00,0.00
905.95,1700.01,0.00,2.95,0.00,0.00,0.00,0.00,0.00,0.00,0.00,0.00,0.00
906.07,1701.44,0.00,2.95,0.00,0.00,0.00,0.00,0.00,0.00,0.00,0.00,0.00
906.19,1702.86,0.00,2.95,0.00,0.00,0.00,0.00,0.00,0.00,0.00,0.00,0.00
906.30,1704.28,0.00,0.00,0.00,0.00,0.00,0.00,0.00,0.00,0.00,0.00,0.00
906.42,1705.70,0.00,0.00,0.00,0.00,0.00,0.00,0.00,0.00,0.00,0.00,0.00
906.54,1707.12,0.00,0.00,0.00,0.00,0.00,0.00,0.00,0.00,0.00,0.00,0.00
906.65,1708.54,0.00,0.00,0.00,0.00,0.00,0.00,0.00,0.00,0.00,0.00,0.00
906.77,1709.96,0.00,0.00,0.00,0.00,0.00,0.00,0.00,0.00,0.00,0.00,0.00
906.89,1711.38,0.00,0.00,0.00,0.00,0.00,0.00,0.00,0.00,0.00,0.00,0.00
907.00,1712.79,0.00,0.00,0.00,0.00,0.00,0.00,0.00,0.00,0.00,0.24,0.00
907.12,1714.21,0.00,0.00,0.00,0.00,0.00,0.00,0.00,0.00,0.00,0.24,0.00
907.24,1715.62,0.00,0.00,0.00,0.00,0.00,0.00,0.00,0.00,0.00,0.24,0.00
907.35,1717.04,0.00,0.00,0.00,0.00,0.00,0.00,0.00,0.00,0.00,0.00,0.00
907.47,1718.45,0.00,0.00,0.00,0.00,0.00,0.00,0.00,0.00,0.00,0.00,0.00
907.58,1719.86,0.00,0.00,0.00,3.22,0.00,0.00,0.00,0.00,0.00,0.00,0.00
907.70,1721.27,0.00,0.00,0.00,3.22,0.00,0.00,0.00,0.00,0.00,0.56,0.00
907.82,1722.68,0.00,0.00,0.00,3.22,0.00,0.00,0.00,0.00,0.00,0.56,0.00
907.93,1724.08,0.00,2.34,0.00,0.00,0.00,0.00,0.00,0.00,0.00,1.84,0.00
908.05,1725.49,0.00,2.34,0.00,0.00,0.00,0.00,0.00,0.00,0.00,4.66,0.57
908.16,1726.90,0.00,2.34,0.00,0.00,0.00,0.00,0.00,0.00,0.00,4.66,0.57
908.28,1728.30,0.00,0.00,0.00,0.00,0.00,0.00,0.00,0.00,0.00,4.58,0.57
908.40,1729.71,0.00,0.00,0.00,0.00,0.00,0.00,0.00,0.00,0.00,1.21,0.00
908.51,1731.11,0.00,0.00,0.00,0.00,0.00,0.00,0.00,0.00,0.00,1.21,0.00
908.63,1732.51,0.00,4.30,0.00,0.32,0.00,0.00,0.00,0.00,0.00,7.46,11.73
908.74,1733.91,0.00,4.30,0.00,0.32,0.00,0.00,0.00,0.00,0.00,7.46,11.73
908.86,1735.31,0.00,9.48,0.00,6.74,0.00,0.00,0.00,0.00,0.00,9.19,11.73
908.97,1736.71,0.00,6.44,0.00,9.04,0.00,0.00,0.00,0.00,0.00,12.43,0.00
909.09,1738.11,0.00,6.44,0.00,9.04,0.00,0.00,0.00,0.00,0.00,12.43,0.00
909.21,1739.51,0.00,1.27,0.00,2.63,0.00,0.00,0.00,0.00,0.00,15.67,0.98
909.32,1740.90,0.00,0.00,0.00,0.00,0.00,0.00,0.00,0.00,0.00,4.97,0.98
909.44,1742.30,0.00,0.00,0.00,0.00,0.00,0.00,0.00,0.00,0.00,4.97,0.98
909.55,1743.69,0.00,4.08,0.00,3.65,2.43,0.00,0.00,0.00,0.00,11.53,0.00
909.67,1745.08,0.00,4.08,0.00,3.65,2.43,0.00,0.00,0.00,0.00,13.69,0.00
909.78,1746.48,0.00,4.08,0.00,4.59,2.43,0.00,0.00,0.00,0.00,15.69,0.00
909.90,1747.87,0.00,0.91,0.00,0.94,0.00,0.00,0.00,0.00,0.00,4.17,0.00
910.01,1749.26,0.00,0.91,0.00,0.94,0.00,0.00,0.00,0.00,0.00,2.01,0.00
910.13,1750.65,0.00,0.91,0.00,0.07,0.00,0.00,0.00,0.00,0.00,5.44,0.00
910.24,1752.03,0.00,0.00,0.00,0.07,0.00,0.00,0.00,0.00,0.00,5.44,0.00
910.36,1753.42,0.00,0.00,0.00,0.07,0.00,0.00,0.00,0.00,0.00,5.44,0.00
910.47,1754.81,0.00,0.00,0.00,0.00,0.00,0.00,0.00,0.00,0.00,1.42,0.00
910.59,1756.19,0.00,0.00,0.00,2.70,0.00,0.00,0.00,0.00,0.00,1.42,0.00
910.70,1757.58,0.00,0.00,0.00,2.70,0.00,0.00,0.00,0.00,0.00,1.42,0.00
910.82,1758.96,0.00,0.13,0.00,2.70,0.00,1.17,0.00,0.00,0.00,0.00,0.24
910.93,1760.34,0.00,0.13,0.00,0.00,0.00,1.17,0.00,0.00,0.00,0.00,0.24
911.05,1761.72,0.00,0.13,0.00,0.00,0.00,1.17,0.00,0.00,0.00,0.00,0.24
911.16,1763.10,0.00,0.00,0.00,0.00,0.00,0.00,0.00,0.00,0.00,7.35,0.00
911.27,1764.48,0.00,0.00,0.00,0.00,0.00,0.00,0.00,0.00,0.00,7.35,0.00
911.39,1765.86,0.00,0.00,0.00,0.00,0.00,0.00,0.00,0.00,0.00,7.35,0.00
911.50,1767.24,0.00,0.00,0.00,0.00,0.00,0.00,0.00,0.00,0.00,0.00,0.00
911.62,1768.61,0.00,0.00,0.00,0.00,0.00,0.00,0.00,0.00,0.00,0.01,0.00
911.73,1769.99,0.00,15.36,1.19,10.51,6.27,4.60,0.00,0.00,0.00,16.41,1.95
911.85,1771.36,0.00,15.36,1.19,10.51,6.27,4.60,0.00,0.00,0.00,16.41,1.95
911.96,1772.73,0.00,20.30,1.76,18.11,9.11,4.60,0.00,0.00,0.00,18.45,7.17
912.07,1774.10,0.00,4.93,0.57,7.60,2.84,0.00,0.00,0.00,0.00,2.05,5.22
912.19,1775.48,0.00,6.76,0.57,14.95,19.57,9.64,0.00,0.00,0.00,10.75,5.22
912.30,1776.85,0.00,1.83,0.00,7.35,16.73,9.64,0.00,0.00,0.00,8.70,0.00
912.42,1778.21,4.14,6.11,9.84,12.31,16.73,13.17,0.00,0.00,0.00,12.26,0.00
912.53,1779.58,4.14,4.27,10.62,7.74,5.53,5.33,0.00,0.00,0.00,11.05,0.00
912.64,1780.95,4.14,4.27,10.62,7.74,5.53,5.33,0.00,0.00,0.00,11.05,0.00
912.76,1782.32,0.00,8.21,2.20,23.27,5.53,3.59,0.00,0.00,0.00,16.95,7.27
912.87,1783.68,0.00,12.79,1.42,23.78,0.00,1.79,0.00,0.00,0.00,19.17,7.27
912.99,1785.04,3.80,20.43,7.36,26.20,10.78,3.43,0.00,0.00,0.00,25.14,16.66
913.10,1786.41,8.19,29.12,12.67,11.14,17.14,11.44,8.33,0.00,0.00,30.80,19.06
913.21,1787.77,8.19,29.47,19.32,12.75,17.14,11.44,11.01,0.00,0.00,31.79,28.45
913.33,1789.13,14.06,30.37,23.16,18.89,10.32,15.66,11.01,0.00,0.00,37.66,28.39
913.44,1790.49,9.67,20.05,16.42,18.81,3.96,5.86,2.69,0.00,0.00,30.96,30.77
913.55,1791.85,24.05,31.71,31.00,27.05,24.27,11.22,1.95,0.00,7.71,34.60,36.14
913.67,1793.21,14.38,27.93,21.22,23.51,20.31,5.36,1.95,0.00,7.71,22.79,28.39
913.78,1794.57,14.45,28.03,33.55,27.84,32.64,12.53,6.55,0.00,7.71,22.52,22.53
913.89,1795.92,0.07,11.79,18.85,14.71,12.32,7.17,4.61,0.00,0.00,8.19,7.77
914.01,1797.28,0.07,10.10,18.85,11.91,12.32,8.48,14.51,0.00,0.00,8.16,6.18
914.12,1798.63,0.00,3.85,6.53,2.23,0.00,10.52,9.90,0.00,0.00,0.21,0.00
914.23,1799.98,0.00,3.48,0.00,2.23,0.00,10.52,9.90,0.00,0.00,0.21,0.00
914.35,1801.34,0.00,0.42,0.00,0.00,0.00,9.21,0.00,0.00,0.00,0.21,0.00
914.46,1802.69,0.00,0.00,0.00,0.00,0.00,7.43,0.00,0.00,0.00,0.00,0.00
914.57,1804.04,0.00,3.50,6.30,3.02,0.00,7.86,0.00,3.19,0.00,1.48,0.00
914.68,1805.39,0.00,3.50,6.30,3.02,0.00,7.86,0.00,3.19,0.00,1.48,0.00
914.80,1806.73,0.00,7.13,13.69,5.31,0.00,5.05,2.98,3.19,0.00,1.48,0.00
914.91,1808.08,0.00,3.63,15.71,8.77,0.00,9.90,8.66,0.00,0.00,0.00,0.00
915.02,1809.43,0.00,7.17,25.29,8.77,0.00,14.83,8.66,0.00,2.66,1.04,2.80
915.13,1810.77,3.79,15.30,31.16,17.10,6.95,16.21,19.17,0.00,2.66,20.52,22.84
915.25,1812.12,19.87,26.74,44.90,25.64,16.18,15.48,16.54,0.00,2.66,43.22,36.21
915.36,1813.46,29.90,39.63,43.84,40.72,21.69,10.55,20.48,0.00,0.00,62.09,51.78
915.47,1814.80,30.98,34.86,45.09,43.46,14.74,4.54,14.02,0.00,0.00,50.29,49.35
915.58,1816.14,21.83,38.51,35.10,36.30,20.57,7.44,21.33,0.00,8.74,52.26,41.68
915.70,1817.48,16.11,27.94,32.21,28.57,19.83,7.44,19.72,0.00,11.13,41.34,23.30
915.81,1818.82,33.05,49.03,43.62,42.50,44.75,23.23,29.42,12.01,30.94,54.74,24.39
915.92,1820.16,26.12,33.94,31.55,34.65,29.69,17.21,26.42,12.01,23.98,31.47,18.69
916.03,1821.50,33.25,30.23,29.14,32.44,24.92,17.21,24.96,13.99,32.54,22.48,20.46
916.15,1822.83,18.47,4.63,11.16,22.01,12.79,13.83,21.92,13.52,16.85,2.86,13.85
916.26,1824.17,18.47,4.63,11.29,27.00,12.79,12.41,16.53,16.07,19.12,2.23,13.85
916.37,1825.50,10.67,3.68,17.93,27.21,24.51,24.93,29.10,18.54,11.37,9.53,12.08
916.48,1826.83,4.18,2.72,24.21,10.36,11.72,14.18,15.41,19.64,7.25,15.56,0.00
916.59,1828.17,6.30,6.88,29.03,16.43,11.90,21.32,24.82,22.59,3.20,14.79,0.00
916.71,1829.50,9.12,11.24,22.27,13.60,8.37,9.89,21.32,26.63,0.00,8.80,0.00
916.82,1830.83,8.57,10.70,22.94,13.92,17.23,23.55,21.32,13.98,0.00,1.31,0.00
916.93,1832.16,13.25,6.55,31.69,12.96,24.56,17.64,26.00,8.50,0.00,8.54,8.63
917.04,1833.49,16.69,14.55,44.20,23.43,27.98,32.16,28.42,8.43,8.40,16.19,22.76
917.15,1834.81,26.58,18.87,34.68,23.11,19.13,18.34,28.42,8.43,8.40,21.77,31.29
917.26,1836.14,32.32,30.25,44.47,34.22,24.52,26.18,26.46,16.63,8.40,31.41,39.91
917.38,1837.46,33.38,28.89,46.91,33.32,26.90,13.00,26.14,8.22,0.00,36.04,42.52
917.49,1838.79,33.65,32.41,65.55,39.41,28.76,11.70,26.14,8.22,0.00,30.46,48.34
917.60,1840.11,38.46,36.82,70.72,28.60,37.55,16.27,36.21,0.43,10.42,30.52,52.38
917.71,1841.43,35.36,42.32,72.30,28.88,35.78,16.95,32.37,0.43,10.42,23.02,43.51
917.82,1842.75,25.21,41.60,59.98,25.60,43.43,19.38,32.37,10.11,10.42,33.38,29.16
917.93,1844.07,16.30,35.65,37.41,15.19,27.85,6.59,18.36,22.54,7.67,17.08,13.16
918.04,1845.39,24.71,37.01,48.48,26.66,34.92,24.78,41.66,52.11,27.32,25.44,23.48
918.15,1846.71,24.71,28.91,36.79,23.86,25.41,22.14,41.66,43.69,27.32,15.08,23.48
918.27,1848.03,16.27,19.09,37.26,23.86,26.89,21.28,31.51,33.46,19.65,14.45,18.20
918.38,1849.34,3.96,14.43,29.92,18.29,19.58,14.77,25.39,14.42,0.00,12.45,16.15
918.49,1850.66,3.96,14.43,40.53,18.29,21.03,14.77,26.09,15.67,0.00,12.45,16.15
918.60,1851.97,15.10,15.60,43.36,23.35,18.58,16.58,42.65,27.10,0.19,15.08,21.65
918.71,1853.29,25.85,8.02,34.40,23.52,20.33,21.14,28.23,47.73,27.74,5.83,7.68
918.82,1854.60,25.85,8.02,23.79,23.52,18.88,21.14,27.53,46.43,27.74,5.83,7.68
918.93,1855.91,29.12,19.32,41.33,29.88,27.15,36.90,36.94,57.86,45.68,23.12,4.90
919.04,1857.22,14.41,12.46,33.18,11.43,13.42,18.30,34.66,40.60,18.13,19.91,2.72
919.15,1858.53,23.38,21.73,62.50,27.04,25.41,28.98,59.49,56.74,37.02,27.42,10.87
919.26,1859.84,11.04,14.11,53.07,23.14,18.41,16.47,43.59,48.18,18.89,7.79,8.15
919.37,1861.15,21.10,16.40,53.40,30.81,27.82,31.39,52.44,45.03,26.06,24.76,8.15
919.48,1862.45,12.13,7.13,25.03,16.99,18.23,20.72,33.93,28.84,7.16,21.89,0.00
919.59,1863.76,29.74,19.15,30.19,27.71,30.85,43.17,61.29,49.83,17.44,42.57,16.94
919.70,1865.06,19.68,16.86,23.76,23.20,21.44,32.71,45.72,56.90,10.28,25.61,16.94
919.81,1866.36,35.29,23.93,34.87,28.56,27.36,40.72,56.68,82.82,27.63,20.97,16.94
919.92,1867.67,23.62,10.36,25.73,18.69,16.70,25.24,36.05,65.48,28.16,7.07,4.59
920.03,1868.97,28.70,14.19,28.56,15.80,16.70,26.41,42.40,79.10,28.16,7.07,4.59
920.14,1870.27,13.08,7.12,16.50,8.64,8.39,18.40,27.04,79.69,10.81,7.07,4.59
920.25,1871.57,12.02,3.83,16.94,2.05,3.68,22.21,14.66,93.57,6.91,3.80,0.00
920.36,1872.87,15.94,4.89,30.35,5.79,9.40,27.68,22.59,88.41,11.91,3.80,0.00
920.47,1874.16,21.53,4.89,48.38,9.87,18.06,33.40,28.92,83.32,11.91,3.80,0.00
920.58,1875.46,16.41,4.89,37.07,12.90,14.38,25.50,29.78,67.08,7.24,0.00,0.00
920.69,1876.75,18.71,15.36,46.84,20.70,25.71,35.03,39.06,67.25,13.99,8.37,14.04
920.80,1878.05,13.67,15.36,39.25,16.62,23.36,41.22,42.64,57.72,13.99,8.37,14.04
920.91,1879.34,14.60,15.36,45.30,11.79,25.23,41.05,41.86,58.14,11.74,8.37,14.04
921.02,1880.63,6.84,0.00,22.32,0.00,14.84,19.68,20.04,48.53,13.71,0.00,0.00
921.13,1881.93,18.29,12.76,29.87,6.82,17.32,24.38,15.75,64.10,18.88,0.00,2.23
921.24,1883.22,18.83,12.76,38.17,7.48,21.89,29.83,40.21,59.07,28.04,8.05,7.24
921.35,1884.51,15.28,12.76,43.66,11.95,15.23,33.35,45.19,57.23,16.13,8.05,7.24
921.46,1885.79,13.56,11.93,49.68,17.42,17.21,29.23,58.69,44.57,25.41,21.21,15.25
921.57,1887.08,13.70,11.93,46.22,24.43,10.76,19.30,37.05,48.76,16.25,13.16,15.79
921.68,1888.37,20.33,11.93,52.95,29.64,12.92,20.92,48.61,54.79,19.91,22.21,18.34
921.79,1889.65,24.54,5.74,47.21,27.06,14.84,16.42,52.69,71.35,30.09,17.02,9.30
921.90,1890.94,29.17,6.30,36.56,19.40,19.82,13.11,58.18,73.97,31.64,17.02,3.74
922.01,1892.22,42.34,14.44,37.09,25.79,37.03,15.90,61.86,103.78,56.75,20.48,8.67
922.12,1893.50,27.87,8.70,18.83,16.08,24.35,7.94,44.84,98.88,32.13,12.50,7.47
922.23,1894.78,29.22,14.69,34.19,16.08,26.75,20.82,45.68,117.16,37.72,19.18,14.21
922.33,1896.06,13.99,9.11,40.30,7.75,15.24,20.90,38.93,88.51,16.73,6.94,6.73
922.44,1897.34,24.68,16.70,53.48,12.49,23.92,27.38,53.48,87.49,25.73,6.94,6.73
922.55,1898.62,31.63,10.15,55.41,25.43,29.93,29.32,57.56,75.65,38.23,10.90,6.80
922.66,1899.90,37.11,10.31,40.54,29.17,35.14,34.47,62.49,86.33,32.57,10.73,18.43
922.77,1901.18,40.01,7.58,48.42,29.33,33.11,38.71,67.50,93.40,36.00,16.84,30.77
922.88,1902.45,30.34,7.58,36.04,20.58,27.17,32.71,61.25,76.55,17.83,6.20,25.56
922.99,1903.72,26.75,10.04,41.40,19.26,29.98,33.14,62.42,64.44,27.41,18.34,20.12
923.09,1905.00,18.92,5.19,40.85,22.37,39.89,35.34,59.33,59.39,26.40,18.57,14.44
923.20,1906.27,14.06,8.25,46.27,29.80,39.10,39.52,56.54,85.30,33.68,26.14,19.40
923.31,1907.54,12.85,3.07,37.32,19.63,24.30,32.01,33.28,80.51,22.93,13.90,13.22
923.42,1908.81,11.17,3.07,25.55,25.25,14.04,28.04,23.65,78.89,19.37,11.66,6.56
923.53,1910.08,34.24,9.58,39.54,22.62,28.19,25.84,34.76,84.35,40.22,17.51,10.15
923.64,1911.35,33.41,9.58,46.27,22.62,33.77,19.75,38.72,82.54,47.47,17.51,10.15
923.74,1912.62,29.32,9.58,38.08,9.00,27.48,10.80,23.76,73.13,39.62,13.42,10.15
923.85,1913.88,19.77,9.83,24.41,10.43,21.69,14.99,26.22,47.24,30.47,11.01,0.00
923.96,1915.15,23.97,9.83,27.49,10.43,17.32,18.59,27.41,51.75,20.46,13.77,4.54
924.07,1916.41,23.97,12.14,40.64,10.43,18.66,20.23,39.91,59.00,20.46,14.38,4.54
924.18,1917.68,13.01,9.69,48.54,15.47,19.13,17.04,41.26,76.98,7.21,10.27,20.91
924.28,1918.94,4.41,14.35,38.52,15.47,19.36,18.61,43.36,84.69,7.21,7.52,16.37
924.39,1920.20,10.13,18.32,38.79,22.06,36.24,25.16,52.09,87.70,17.86,13.83,16.37
924.50,1921.46,11.54,17.27,26.04,14.49,25.09,19.03,45.11,71.33,30.95,7.46,0.68
924.61,1922.72,17.34,25.22,39.25,28.61,38.59,26.21,63.10,80.92,32.11,9.17,7.85
924.71,1923.98,11.61,18.94,26.53,22.02,23.85,18.01,43.84,74.91,22.57,2.24,7.85
924.82,1925.24,16.50,21.41,32.90,18.96,31.86,27.05,43.32,101.63,24.11,8.06,13.99
924.93,1926.49,12.71,8.80,22.22,7.21,21.84,15.74,32.43,89.98,33.28,6.36,9.78
925.04,1927.75,23.64,12.46,42.07,23.42,28.03,30.77,45.39,107.17,54.64,11.35,12.54
925.14,1929.00,18.79,10.89,41.67,21.96,24.31,18.42,47.43,89.43,55.08,9.80,10.63
925.25,1930.26,16.80,10.89,35.75,19.60,18.30,17.39,35.10,73.98,44.81,9.80,7.67
925.36,1931.51,22.78,21.85,45.16,21.66,30.75,24.56,50.62,80.05,55.07,16.44,25.93
925.47,1932.76,16.92,14.62,34.21,18.27,22.12,22.21,36.44,77.73,40.62,11.63,21.03
925.57,1934.01,16.92,14.62,46.47,22.96,32.57,27.79,56.67,93.49,51.91,17.64,22.06
925.68,1935.26,0.00,0.00,16.78,4.69,10.45,9.91,31.42,61.08,25.06,6.00,1.03
925.79,1936.51,11.38,10.43,32.72,11.77,20.88,23.19,42.13,62.31,34.18,6.00,8.36
925.89,1937.76,22.18,13.97,29.40,15.18,15.67,23.06,29.59,62.93,31.37,0.00,7.33
926.00,1939.00,22.18,13.97,37.82,17.29,18.71,29.68,31.45,68.95,41.63,0.00,7.33
926.11,1940.25,24.76,3.54,25.09,13.33,17.78,16.40,34.50,53.49,31.75,0.68,1.90
926.21,1941.49,18.76,0.00,27.78,5.23,13.27,10.95,40.62,53.75,42.61,1.14,2.54
926.32,1942.74,25.28,0.00,18.52,7.67,16.41,3.85,45.04,62.64,26.47,1.14,2.54
926.43,1943.98,23.79,6.68,23.02,8.65,17.41,18.73,59.32,88.71,21.49,3.09,0.63
926.53,1945.22,18.98,6.68,11.48,8.65,16.68,18.73,43.48,82.07,6.47,2.64,0.00
926.64,1946.46,12.46,6.68,15.71,6.15,16.85,19.36,37.91,76.94,17.27,2.64,0.00
926.75,1947.70,4.43,0.00,6.32,2.05,9.34,7.96,34.29,72.43,26.07,0.00,0.00
926.85,1948.94,4.43,0.00,6.45,2.05,9.34,10.23,34.29,76.43,33.39,0.00,0.00
926.96,1950.18,4.43,0.00,2.23,0.00,2.99,8.58,36.71,76.60,31.56,0.00,0.00
927.07,1951.41,4.77,0.00,0.84,2.76,0.00,6.91,8.43,65.40,32.03,0.00,0.00
927.17,1952.65,4.77,0.00,6.53,2.76,0.00,12.00,20.86,59.60,27.58,0.00,0.00
927.28,1953.88,4.77,0.00,6.53,2.76,0.00,9.17,12.54,52.76,21.09,2.09,0.00
927.39,1955.12,0.00,2.24,5.91,0.00,0.00,7.36,12.92,45.87,26.24,2.09,0.00
927.49,1956.35,7.20,11.97,8.82,6.36,7.54,0.72,6.60,44.93,26.01,5.71,5.54
927.60,1957.58,7.20,11.97,8.82,6.36,7.54,0.72,6.60,36.39,29.86,3.63,5.54
927.70,1958.81,7.94,10.51,8.82,6.36,7.54,0.72,19.21,34.37,25.90,3.63,5.54
927.81,1960.04,4.64,3.82,12.72,2.63,3.12,4.14,18.55,34.40,26.69,0.00,3.33
927.91,1961.27,5.78,3.82,12.72,2.63,3.56,4.14,24.46,27.13,22.21,0.00,7.50
928.02,1962.50,5.03,3.03,14.72,2.63,3.56,4.14,11.37,22.19,15.37,0.00,7.50
928.13,1963.72,19.64,7.63,8.17,7.17,9.40,14.17,26.27,23.42,17.04,9.57,15.22
928.23,1964.95,18.50,7.63,8.17,7.17,8.96,14.17,21.79,23.42,15.18,9.57,11.05
928.34,1966.17,23.98,8.83,11.66,14.96,8.96,14.17,30.19,26.68,17.90,11.15,14.29
928.44,1967.40,22.83,12.05,9.00,21.43,19.71,3.48,11.98,28.77,24.47,7.72,13.28
928.55,1968.62,25.48,12.05,9.00,21.43,22.15,3.48,10.54,28.77,24.47,7.72,13.56
928.65,1969.84,25.05,15.68,6.71,13.64,22.15,3.65,8.02,30.22,25.42,10.04,15.28
928.76,1971.06,14.81,4.83,5.93,3.38,4.50,0.17,5.88,16.85,19.22,3.90,5.24
928.86,1972.28,12.16,4.83,11.41,9.37,2.06,5.66,5.88,19.83,26.14,3.90,9.80
928.97,1973.50,7.11,0.00,8.22,9.37,2.06,5.50,0.00,9.58,22.76,0.00,4.84
929.07,1974.72,0.00,2.49,5.49,5.99,0.00,5.50,0.00,13.73,26.46,0.00,4.84
929.18,1975.94,1.91,7.61,0.00,0.00,0.00,0.00,0.00,10.76,24.68,0.00,0.00
929.28,1977.15,1.91,7.61,0.00,0.00,0.00,2.75,0.00,10.25,24.64,0.00,0.00
929.39,1978.37,1.91,5.12,0.00,0.34,0.00,2.75,0.00,1.60,14.23,0.00,0.00
929.49,1979.58,8.01,3.08,0.00,0.34,5.95,3.63,0.00,2.42,13.01,2.30,0.00
929.60,1980.79,14.34,3.08,0.00,0.34,5.95,0.89,0.00,2.42,7.08,2.30,2.14
929.70,1982.00,14.34,3.08,0.00,0.00,5.95,0.89,0.00,0.83,11.24,2.30,2.14
929.81,1983.22,6.32,0.00,0.00,0.00,0.00,0.00,1.76,0.00,18.91,1.57,3.58
929.91,1984.43,0.00,0.00,0.00,0.00,0.00,0.00,1.76,0.00,22.46,1.73,1.44
930.02,1985.63,4.46,1.49,0.00,0.91,0.57,0.00,3.59,0.09,24.73,1.73,3.93
930.12,1986.84,4.73,1.49,0.00,0.91,0.57,4.37,1.84,0.09,21.97,2.94,9.76
930.23,1988.05,9.14,4.69,1.13,8.18,0.57,6.75,4.58,0.09,32.18,4.80,17.48
930.33,1989.25,4.68,3.86,1.13,7.27,0.00,6.75,2.75,0.00,23.02,4.80,15.00
930.43,1990.46,13.84,4.86,4.15,15.63,7.31,6.57,10.13,0.88,48.49,9.30,15.42
930.54,1991.66,9.43,1.66,3.02,8.37,7.31,4.18,7.39,0.88,34.74,7.28,7.70
930.64,1992.87,9.43,1.22,3.02,8.37,7.31,4.18,7.39,0.88,47.58,8.23,12.46
930.75,1994.07,0.00,0.22,0.00,0.00,0.00,0.00,0.00,0.00,13.27,0.95,4.76
930.85,1995.27,0.00,4.97,0.00,0.00,0.00,0.00,0.00,0.00,15.79,1.23,13.55
930.96,1996.47,0.00,5.82,0.00,0.00,0.00,0.00,2.24,0.00,12.20,1.76,13.96
931.06,1997.67,0.00,8.86,0.00,0.00,0.00,0.00,2.24,0.00,15.36,1.76,14.18
931.16,1998.86,0.00,10.23,0.00,4.47,3.53,0.00,2.24,0.00,33.59,5.14,14.77
931.27,2000.06,0.00,9.16,0.00,4.47,3.53,0.00,0.00,0.00,29.90,3.66,9.59
931.37,2001.26,1.64,16.94,0.00,6.91,10.47,0.93,0.00,3.99,41.84,11.80,22.91
931.47,2002.45,1.64,10.82,0.00,2.43,6.94,0.93,0.00,3.99,29.97,8.15,13.53
931.58,2003.65,7.73,20.32,0.00,2.43,6.94,0.93,0.00,3.99,33.73,13.43,25.20
931.68,2004.84,6.09,9.50,0.00,0.00,0.00,0.00,0.00,0.00,27.90,5.28,13.10
931.78,2006.03,6.09,9.50,0.00,0.00,0.00,0.00,0.00,0.00,19.02,10.89,20.74
931.89,2007.22,0.00,0.00,0.00,0.00,0.00,0.00,0.00,0.00,9.27,8.38,11.04
931.99,2008.41,0.00,0.00,0.00,0.00,0.00,0.00,0.00,0.00,0.00,8.31,5.87
