WP-00790,,PMMA0.1ppm,PMMA0.5ppm,PMMA1ppm,PMMA5ppm,PMMA10pmm,PMMA50ppm,PMMA100ppm,PMMA200ppm
Wavelength,Wavenumber,Processed,Processed,Processed,Processed,Processed,Processed,Processed,Processed
810.54,400.6,0,0,0,11.54,4.58,49.37,184.48,301.15
810.68,402.75,0,0,0,0,4.58,44.07,153.71,310.17
810.82,404.91,0,0,0,0,0,36.75,118.06,270.47
810.96,407.06,0,0,0,0,0,47.09,109.87,276.71
811.1,409.21,0,0,0,0,0,40.76,111.03,253.79
811.24,411.36,0,0,0,0,0,33.56,100.88,286.38
811.38,413.51,0,0,0,0,0,39.84,104.97,285.73
811.53,415.66,0,0,0,0,0,127.06,111.2,345.38
811.67,417.81,0,0,0,0,0,184.64,98.46,373.91
811.81,419.96,0,0,0,0,0,225.51,64.42,370.66
811.95,422.11,0,0,0,0,0,205.21,46.64,330.85
812.09,424.25,0,0,0,0,0,190.66,52.67,326.04
812.23,426.4,0,0,0,0,0,219.76,103.08,367.48
812.38,428.54,0,0,0,0,0,253.51,108.2,393.49
812.52,430.68,0,0,0,0,0,287.47,110.26,409.98
812.66,432.82,0,0,0,0,0,309.67,115.59,420.28
812.8,434.97,0,0,0,0,0,318.44,118.2,437.74
812.94,437.11,0,0,0,0,0,290.34,86.79,397.92
813.08,439.24,0,0,0,0,0,240.73,28.36,311.83
813.22,441.38,0,0,0,0,0,169.94,0,200.8
813.36,443.52,0,0,0,0,0,141.31,0,154.85
813.51,445.65,0,0,0,0,0,141.09,0,203.2
813.65,447.79,0,0,0,0,0,216.49,50.14,286.75
813.79,449.92,0,0,0,0,0,269.2,55.59,357.18
813.93,452.05,0,0,0,0,0,288.67,55.59,322.6
814.07,454.19,0,0,0,0,0,272.79,5.45,261.91
814.21,456.32,0,0,0,0,0,275.37,0,205.88
814.35,458.45,0,0,0,0,0,287.73,0,220.21
814.49,460.57,0,0,0,0,0,246.22,0,223.89
814.64,462.7,0,0,0,0,0,184.07,0,152.82
814.78,464.83,0,0,0,0,0,141.52,0,89.22
814.92,466.95,0,0,0,0,0,178.68,0,69.89
815.06,469.08,0,0,0,0,0,266.34,0,135.6
815.2,471.2,0,0,0,0,0,295.62,0,164.48
815.34,473.32,0,0,0,0,0,314.75,0,201.43
815.48,475.45,0,0,0,0,0,349.18,0,244.88
815.62,477.57,0,0,0,0,0,431.38,0,350.29
815.76,479.69,0,0,0,0,0,457.33,0,361.34
815.91,481.8,0,0,0,0,0,412.96,0,300.92
816.05,483.92,0,0,0,4.19,0,303.36,0,144.45
816.19,486.04,0,0,0,4.19,0,165.34,0,50.11
816.33,488.15,0,0,0,32.72,0,117.9,0,2.88
816.47,490.27,0,0,0,52.83,0,165.37,0,74.13
816.61,492.38,0,0,0,70.81,0,329.89,0,178.91
816.75,494.49,0,0,0,54.53,0,384.34,0,234.14
816.89,496.61,0,0,0,41.01,0,436.07,0,242.51
817.03,498.72,0,0,0,43.79,0,492.31,6.32,286.9
817.17,500.83,0,0,0,87.33,0,645.51,57.27,446.11
817.31,502.93,0,0,0,142.63,0,708.01,66.14,548.79
817.46,505.04,0,0,0,128.02,0,661.83,59.83,453.63
817.6,507.15,0,0,0,72.22,0,446.85,8.87,236.31
817.74,509.25,0,0,0,6.15,0,312.76,0,54.01
817.88,511.36,0,0,0,0.04,0,256.11,0,0
818.02,513.46,0,0,0,0.04,0,369.81,0,88.29
818.16,515.56,0,0,0,20.98,0,437.97,0,167.25
818.3,517.66,0,0,0,48.38,15.72,524.93,9.86,295.5
818.44,519.76,0,0,0,85.8,16.39,565.37,9.86,328.15
818.58,521.86,0,0,0,143.4,16.39,603.41,9.86,357.56
818.72,523.96,0,0,0,179.43,1.64,552.16,0,333.18
818.86,526.06,0,0,0,187.13,15.82,543.19,0,340.23
819,528.16,0,0,0,178.7,38.26,552.06,0,328.29
819.14,530.25,0,0,0,215.6,37.3,584.56,0,322.45
819.28,532.35,0,3.04,0,272.5,51.21,552.69,0,270.41
819.42,534.44,0,3.04,0,312.17,41.51,524.91,0,290.93
819.57,536.53,0,25.48,0,341.4,47.57,501.66,0,287.81
819.71,538.62,0,27.71,0,362.18,36.21,452.96,0,255.71
819.85,540.71,0,33.67,0,341.51,51.69,457.48,0,228.97
819.99,542.8,0,34.2,34.92,339.63,98.9,547.45,24.32,295.83
820.13,544.89,0,115.21,95.02,448.75,177.07,748.1,117.2,488.17
820.27,546.98,0,169.03,168.76,533.21,257.18,941.43,227.84,715.34
820.41,549.06,0,215.78,235.91,602.79,319.7,1078.9,338.97,900.45
820.55,551.15,0,222.46,262.46,558.48,304.95,1140.51,368.97,993.51
820.69,553.23,0,234.5,289.19,533.41,288.04,1127.05,368.59,977.63
820.83,555.32,0,245.8,252,501.45,264.21,1047.08,314.75,909.37
820.97,557.4,0,227.68,228.2,429.29,277.44,957.28,279.44,812.41
821.11,559.48,0,225.27,198.6,406.03,224.19,856.42,220.76,708.19
821.25,561.56,0,221.78,191.4,372.23,216.02,812.08,207.29,629.94
821.39,563.64,0,211.87,235.94,380.56,196.92,809.25,190.36,624.01
821.53,565.72,0,235.32,233.67,420.45,243.34,829.06,235.41,659.5
821.67,567.8,0,220.81,218.92,398.59,221.61,811.85,241.77,649.42
821.81,569.87,0,228.43,179.47,445.42,230.52,765.73,238.24,581.23
821.95,571.95,0,205.41,171.22,383.16,192.28,698.6,174.02,472.47
822.09,574.02,0,221.76,181.49,402.81,210.57,664.13,118.13,400.16
822.23,576.09,0,233.69,154.18,306.6,182.61,598.22,51.03,340.86
822.37,578.17,41.95,231.2,151.62,309.52,176.73,501.21,18.61,217.24
822.51,580.24,41.95,181.73,98.42,274.36,96.39,285.98,0,99.25
822.65,582.31,41.95,117.4,57.78,274.89,40.49,108.45,0,0.39
822.79,584.38,0,105.1,0,222.68,0,0,0,0
822.93,586.45,0,138.7,0,221.28,5.57,0,0,0
823.07,588.51,0,198.67,0,238.47,8.87,3.45,0,0
823.21,590.58,0.8,217.54,24.12,281.47,30.71,78.79,0,42.05
823.35,592.64,0.8,196.77,35.59,291.06,84.11,272.56,2.1,143.06
823.49,594.71,0.8,188.8,35.59,323.36,149.17,480.18,43.23,331.92
823.63,596.77,0,165.74,83.07,344.14,235.32,683.42,119.7,557.84
823.77,598.83,6.43,170.26,122.98,368.41,273.23,743.62,186.38,692.48
823.91,600.89,39.58,152.35,133.73,356.5,278.24,769.78,215.29,752.85
824.05,602.95,69.63,134.57,120.73,344.3,229.9,712.14,227.67,676.18
824.19,605.01,71.67,98.48,92.61,269.7,179.44,663.58,197.72,595.03
824.33,607.07,38.52,75.3,106.93,253.26,176.42,639.01,194.69,527.95
824.47,609.13,10.65,61.03,49.01,220.98,210.17,660.09,213.56,582.61
824.61,611.18,16.32,59.99,53.54,241.87,219.02,716.84,282,666.7
824.75,613.24,23.95,39.87,56.17,223.58,211.98,751.92,331.36,723.87
824.89,615.29,21.77,24.31,55.48,189.12,199.38,730.67,334.63,708.14
825.03,617.35,7.62,14.2,27.7,204.61,194.66,692.89,319.26,667.28
825.17,619.4,10.4,3.27,0,173.04,177.17,627.89,264.59,588.3
825.31,621.45,10.4,0,0,173.31,107.79,587.25,202.5,472.77
825.45,623.5,10.98,0,0,102.87,58.63,464.42,125.77,324.11
825.59,625.55,0.59,0,0,56.67,26.04,383.07,64.08,213.36
825.73,627.6,35.77,0,0,65.35,48.56,318.76,48.97,150.38
825.87,629.64,72.35,0,0,101.65,102.64,347.93,103.23,211.31
826.01,631.69,95.78,0,31.4,177.04,152.73,419.05,145.3,275.91
826.15,633.73,95.59,3.58,86.44,210.81,216.49,487.11,181.86,369.21
826.29,635.78,94.53,3.58,110.59,225.65,240.93,537.12,191.9,406.86
826.43,637.82,141.6,24.07,150.07,240.55,288.39,587.42,278.43,485.53
826.57,639.86,155.01,20.49,160.78,214.42,295.75,644.24,303.33,512.46
826.7,641.9,150.44,20.49,197.72,200.26,328.01,674.24,327.94,571.98
826.84,643.94,134.22,0,204.91,182.05,326.84,644.1,297.6,538.43
826.98,645.98,151.58,0,183.89,185.04,301.14,525.05,259.52,446.7
827.12,648.02,152.07,0,164.9,154.77,245.79,359.98,170.61,274.68
827.26,650.06,112.47,0,105.7,82.67,164.24,173.35,72.35,115.35
827.4,652.09,81.56,0,65.08,49.57,111.27,55.92,15.18,35.14
827.54,654.13,113.34,0,26.04,24.91,95.55,10.26,0,0
827.68,656.16,161.16,0,24.92,24.91,120.07,35.95,0,0
827.82,658.2,178.11,0,26.83,0,150.29,40.63,0,0
827.96,660.23,155.98,0,80.87,0,154.32,43.9,0,0
828.1,662.26,123.77,0,86.06,0,142.49,12.18,0,0
828.24,664.29,117.82,0,119.06,0,130.46,34.25,14.43,4.93
828.38,666.32,112.01,0,133.09,0,165.14,104.01,61.04,11.34
828.52,668.34,145.24,0,151.04,0,180.74,133.01,82.81,11.34
828.65,670.37,133.4,0,118.48,0,166.16,102.03,68.38,6.41
828.79,672.4,180.82,0,112.06,0,146.06,29,21.77,0
828.93,674.42,189.27,0,114.58,0,174.22,3.91,0,0
829.07,676.45,218.33,0,152.91,0,212.87,3.91,32.47,0
829.21,678.47,193.87,0,167.95,0,258.9,3.91,32.47,0
829.35,680.49,168.79,0,166.93,0,210.52,0,32.47,0
829.49,682.51,138.09,0,181.84,0,183.08,0,0,0
829.63,684.53,158.65,0,197.24,0,161.14,27.31,52.71,15.65
829.77,686.55,156.94,0,242.24,14.09,234.46,41.77,104.79,18.05
829.91,688.57,162.83,0,252.74,14.09,264.62,41.77,104.79,18.05
830.04,690.58,158.21,0,226.3,17.9,262.49,14.46,66.62,2.39
830.18,692.6,179.2,0,195.01,9.35,209.86,0,16.08,0
830.32,694.61,198.8,0,184.9,9.35,210.4,0,16.08,0
830.46,696.63,185.46,0,198.72,5.55,165.22,0,1.54,0
830.6,698.64,186.5,0,207.5,7.25,196.32,0,4.45,0
830.74,700.65,208.27,0,262.22,18.23,205.71,0,54.97,0
830.88,702.66,211.65,0,303.78,19.68,242.6,0,83.98,0
831.02,704.67,201.43,0,341.96,12.43,224.11,0,100.02,0
831.16,706.68,182.71,0,318.54,1.45,212.35,0,49.51,0
831.29,708.69,166.84,0,335.18,0,230.66,0,27.94,0
831.43,710.69,170.8,10.59,319.89,0,245.04,0,38.24,0
831.57,712.7,185.05,10.59,333.45,5.67,246.6,0,59.6,0
831.71,714.7,180.81,10.59,318.74,5.67,200.56,0,52.16,0
831.85,716.71,188.31,10.51,358.66,5.67,152.16,0,21.36,0
831.99,718.71,168.76,27.53,338.43,0,142.61,0,0,0
832.13,720.71,211.84,29.35,340.39,0,150.24,0,0,0
832.26,722.71,184.44,50.22,336.09,28.74,199.62,0,21.74,0
832.4,724.71,216.43,100.11,384.76,50.85,210.64,0,48.78,0
832.54,726.71,203.17,143.68,389.06,53.64,238.3,0,78.78,0
832.68,728.71,232.54,164.17,431.22,35.03,211.15,0,65,0
832.82,730.7,203.65,160.35,467.02,12.92,191.64,0,40.98,0
832.96,732.7,203.4,197.76,474.01,28.94,172.66,0,10.98,0
833.1,734.69,194.11,205.76,399.54,18.82,167.21,0,3.02,0
833.23,736.69,223.23,208.12,382.71,43.68,189.08,0,0,0
833.37,738.68,213.43,198.16,343.52,24.86,178.26,0,0,0
833.51,740.67,203.61,213.45,402.86,24.86,206.64,0,0,0
833.65,742.66,188.19,200.1,395.52,0,167.01,0,0,0
833.79,744.65,189.31,196.88,457.94,0,176.48,0,0,0
833.93,746.64,167.4,195.91,470.9,0,139.15,0,0,0
834.06,748.63,141.13,218.52,490.74,0,147.7,0,9.4,0
834.2,750.61,109.61,219.16,489.89,18.13,133.58,0,9.4,0
834.34,752.6,120.07,232.71,462.26,18.13,152,0,17.07,0
834.48,754.58,126.51,221.51,436.83,18.13,141.31,0,28.59,0
834.62,756.57,148.59,216.23,411.96,0,119.5,0,28.59,0
834.75,758.55,157.21,199.75,400.19,0,66.46,0,20.92,0
834.89,760.53,166.92,260.63,399.74,29.11,71.76,0,0,0
835.03,762.51,170.5,280.66,383.74,29.11,47.07,0,4.01,0
835.17,764.49,171.4,313.26,389.29,37.07,86.04,0,18.81,0
835.31,766.47,186.61,299.46,377.39,45,94.56,0,18.81,0
835.44,768.45,179.58,310.35,382.83,70.1,95.85,0,14.8,0
835.58,770.42,171.21,286.49,375.83,68.39,65.61,0,0,0
835.72,772.4,146.05,280.11,385.28,33.86,27.49,0,27.88,0
835.86,774.37,191.54,279.65,409.28,37.63,63.27,0,37.79,0
836,776.34,236.46,348.56,482.3,105.81,57.06,0,37.79,0
836.13,778.32,275.49,334.16,525.32,144.06,84.19,0,26.42,0
836.27,780.29,263.39,377.58,565.13,150.17,95.78,0,22.27,0
836.41,782.26,245.73,350.69,504.61,75.74,120.4,0,25.06,0
836.55,784.23,246.28,347.95,508.56,56.12,85.8,0,8.55,0
836.69,786.19,267.83,325.81,504.74,24.81,37.14,0,2.79,0
836.82,788.16,314.59,327.47,522.05,26.65,18.59,0,32.22,0
836.96,790.13,320.57,372.29,522.82,5.5,31.17,0,72.59,0
837.1,792.09,301.99,386.8,509.61,32.67,75.42,0,85.67,0
837.24,794.06,269.41,355.58,515.65,30.83,79.28,0,53.46,0
837.37,796.02,247.61,327.39,513.37,30.83,67.49,0,13.09,0
837.51,797.98,214.02,301.69,483.23,0,23.24,0,0.01,0
837.65,799.94,184.66,318.14,522.55,0,7.74,0,5.06,0
837.79,801.9,162.63,321.51,517.13,0,20.83,0,9.73,0
837.92,803.86,179.15,322.71,586.85,0,42.67,0,40.91,0
838.06,805.82,192.57,355.39,584.04,0,54.38,0,63.77,0
838.2,807.78,191.33,408.33,596.81,0,49.02,0,75.64,0
838.34,809.73,203.53,450.65,591.29,0,27.18,0,44.46,0
838.47,811.69,166.18,443.01,614.8,0,13.24,0,16.54,0
838.61,813.64,179.95,448.75,671.35,0,11,0,0,0
838.75,815.6,169.61,453.31,695.04,0,28.1,0,0,0
838.89,817.55,248.39,472.25,741.77,0,24.77,0,0,0
839.02,819.5,257.74,457.35,778.66,0,49.56,0,29.32,0
839.16,821.45,257.09,468.71,810.48,10.73,54.29,0,51.86,0
839.3,823.4,218.79,462.68,774.22,10.73,54.29,0,57.73,0
839.43,825.35,232.72,479.8,753.46,10.73,31.78,0,36.87,0
839.57,827.29,213.99,509.53,761.63,2.2,26.88,0,25.02,0
839.71,829.24,188.28,508.2,765.74,2.2,26.88,0,19.14,0
839.85,831.18,182.69,496.25,756.57,12.99,23.65,0,21.44,0
839.98,833.13,165.22,464.01,688.11,10.79,6.72,0,10.75,0
840.12,835.07,185.43,489.39,709.59,10.79,19.84,0,10.75,0
840.26,837.01,198.78,535.48,699.13,0,37.67,0,32.34,0
840.39,838.95,219.46,526.84,748.94,0,56.23,0,32.34,0
840.53,840.89,263.5,542.81,813.37,0,43.11,0,32.34,0
840.67,842.83,240.12,505.62,831.97,0,37.37,0,7.22,0
840.81,844.77,286.52,530.14,899.62,25.38,33.69,0,7.22,0
840.94,846.71,278.06,526.39,839,34.7,51.27,0,16.51,0
841.08,848.64,295.06,573.03,861.78,92.99,62.07,0,9.79,0
841.22,850.58,248.08,598.94,857.51,111.86,68.82,0,9.79,0
841.35,852.51,213.57,615.58,898.64,120.21,78.66,0,1.24,0
841.49,854.44,228.85,608.94,861.84,124.69,66.9,0,0.74,0
841.63,856.37,260.49,603.25,809.66,131.2,64.77,0,0.74,0
841.76,858.31,308.27,610.96,793.55,206.86,42.05,0,4.82,0
841.9,860.23,284.06,609.94,834.4,186.21,26.64,0,20.68,0
842.04,862.16,281.55,590.21,839.88,178.59,7.14,0,31.49,0
842.17,864.09,255.4,578.43,772.32,128.67,2.44,0,26.67,0
842.31,866.02,255.16,528.82,725.95,108.35,0,0,10.81,0
842.45,867.94,234.5,501.72,667.76,65.2,0,0,0,0
842.58,869.87,208.98,458.69,586.99,23.29,0,0,3.79,0
842.72,871.79,175.93,447.05,502.3,1.49,0,0,3.79,0
842.86,873.71,156.02,432.14,451.02,1.49,0,0,3.79,0
842.99,875.64,109.03,407.74,419.6,0,0,0,0,0
843.13,877.56,98.18,398.08,392.59,0,0,0,0,0
843.27,879.48,71.24,348.26,332.79,0,0,0,0,0
843.4,881.39,74.01,288.4,328.96,0,0,0,0,0
843.54,883.31,58.14,216.5,285.1,0,0,0,0,0
843.68,885.23,71.07,190.66,249.67,0,0,0,0,0
843.81,887.14,56.26,170.01,167.78,0,0,0,0,0
843.95,889.06,41.49,149.32,81.92,0,0,0,0,0
844.08,890.97,17.3,91.47,39.88,0,0,0,0,0
844.22,892.88,33.48,100.59,54.48,0,0,0,0,0
844.36,894.8,51.36,115.01,73.35,0,0,0,0,0
844.49,896.71,67.06,140.83,58.37,0,0,0,0,0
844.63,898.62,82.34,110.84,37.94,0,0,0,0,0
844.77,900.52,76.44,93.59,22.61,0,0,0,0,0
844.9,902.43,63.47,84.86,31.82,0,0,0,0,0
845.04,904.34,68.42,78.32,75.24,0,0,0,0,0
845.17,906.24,113.85,40.77,127.78,0,0,0,0,0
845.31,908.15,168.88,54.83,175.86,0,0,0,0,0
845.45,910.05,162.5,35.42,176.15,0,0,0,2.14,0
845.58,911.95,187.16,77.06,201.12,0,0,0,12.29,0
845.72,913.86,159.53,76.92,225.74,0,0,0,30.79,0
845.85,915.76,181.38,87.19,244.48,0,0,0,47.29,0
845.99,917.66,161.27,84.1,253.89,0,0,0,37.14,0
846.13,919.55,172.43,99.88,283.19,0,0,0,18.64,0
846.26,921.45,149.63,116.96,274.49,0,0,0,11.81,0
846.4,923.35,100.65,116.79,275.24,0,0,0,15.15,0
846.53,925.24,53.6,105.82,247.55,0,0,0,26.03,0
846.67,927.14,48.03,137.26,249.98,0,0,0,14.22,0
846.81,929.03,97.85,132.69,209.75,0,0,0,12.65,0
846.94,930.92,115.6,130.31,149.09,0,0,0,1.77,0
847.08,932.81,102.17,93.02,103.88,0,0,0,7.16,0
847.21,934.7,37.67,97.27,85.25,0,0,0,5.39,0
847.35,936.59,57.88,101.16,55.29,0,0,0,32.44,0
847.48,938.48,62.81,92.37,51.34,0,0,0,51.95,0
847.62,940.37,56.97,61,19.03,0,0,0,56.5,0
847.75,942.25,17.66,43.17,38.45,0,0,0,44.43,0
847.89,944.14,13.17,62.43,34.01,0,0,0,32.85,0
848.03,946.02,51.77,99.46,48.2,0,0,0,44.42,0
848.16,947.91,57.6,76.61,32.35,0,0,0,29.43,0
848.3,949.79,51.37,64.93,60.08,0,0,0,33.75,0
848.43,951.67,22.97,38.69,74.28,0,0,0,32.22,0
848.57,953.55,58.73,64.18,106.28,0,0,0,33.21,0
848.7,955.43,52.19,60.02,90.97,0,0,0,15.57,0
848.84,957.31,48.49,111.29,78.14,13.32,0,0,23.72,8.33
848.97,959.18,6.5,116.89,60,21.74,0,0,25.24,42.5
849.11,961.06,31.58,108.81,42.55,21.74,0,0,29.43,76.78
849.24,962.94,48.59,66.94,45.36,8.42,0,0,6.7,111.9
849.38,964.81,48.59,39.39,27.92,0,0,0,4.19,126.16
849.51,966.68,32.48,30.41,18.36,0,0,0,0,91.87
849.65,968.55,12.09,3.54,0,0,0,0,0,48.43
849.78,970.43,12.09,0,0,0,0,0,0,0
849.92,972.3,3.12,0,0,0,0,0,0,0
850.05,974.16,17.22,0,0,0,0,0,0,17.54
850.19,976.03,21.43,0,0,0,0,0,0,70.7
850.32,977.9,21.43,0,0,0,0,18.94,0,130.97
850.46,979.76,4.21,0,0,0,0,70.27,5.91,218.96
850.59,981.63,0,0,0,0,0,147.17,8.43,280.77
850.73,983.49,25.93,0,0,0,0,181.32,29.14,337.18
850.86,985.36,25.93,0,0,0,0,238.44,26.26,363.51
851,987.22,40.29,0,0,0,0,263.99,32.31,369.55
851.13,989.08,25.49,0,0,0,0,339.84,11.59,369.19
851.27,990.94,25.49,0,0,0,0,367.78,9.39,367.2
851.4,992.8,28.59,0,0,0,0,391.15,0.82,360.59
851.54,994.66,20.08,0,0,20.63,0,379.38,27.84,400.79
851.67,996.51,39.02,0,0,42.89,0,390.04,53.55,414.37
851.81,998.37,49.85,0,0,42.89,0,425.56,77.61,433.78
851.94,1000.22,47.22,0,0,26.92,0,470.4,56.51,423.44
852.08,1002.08,28.28,0,0,4.66,0,495.55,49.58,416.38
852.21,1003.93,0,0,0,4.66,0,500.35,66.46,408.91
852.34,1005.78,8.91,0,0,0,0,524.57,69.27,396.49
852.48,1007.63,8.91,0,0,0,0,497.11,51.91,415.67
852.61,1009.48,8.91,0,0,0,0,472.64,10.97,377.44
852.75,1011.33,0,0,0,0,0,447.37,10.81,348.38
852.88,1013.18,0,0,0,0,0,442.3,16.69,295.14
853.02,1015.03,0,0,0,0,0,466.55,16.69,325.5
853.15,1016.87,0,0,0,0,0,479.24,12.32,333.24
853.29,1018.72,0,0,0,0,0,467.9,4.21,320.58
853.42,1020.56,0,0,0,0,0,411.89,4.21,263.52
853.55,1022.4,0,0,0,0,0,321.74,0,212.29
853.69,1024.24,0,0,0,0,0,239.15,0,122.62
853.82,1026.08,0,0,0,0,0,165.98,0,61.2
853.96,1027.92,0,0,0,0,0,82.47,0,0
854.09,1029.76,0,0,0,0,0,36.72,0,0
854.22,1031.6,0,0,0,0,0,0,0,0
854.36,1033.44,0,0,0,0,0,0,0,0
854.49,1035.27,0,0,0,0,0,85.88,0,22.34
854.63,1037.11,0,0,0,0,0,192.48,0,63.78
854.76,1038.94,0,0,0,0,0,321.22,0,156.38
854.89,1040.77,0,0,0,0,0,381.06,0,239.3
855.03,1042.6,0,0,0,0,0,414.56,5.81,326.16
855.16,1044.43,0,0,0,0,0,502.94,5.81,365.18
855.3,1046.26,0,0,0,0,0,557.42,5.81,374.58
855.43,1048.09,0,0,0,0,0,600.78,0,358.81
855.56,1049.92,0,0,0,0,0,599.34,0,407.21
855.7,1051.75,0,0,0,0,0,612.24,3.63,454.54
855.83,1053.57,0,0,0,0,0,645.12,3.63,504.14
855.96,1055.4,0,0,0,0,0,654.32,14.21,497.02
856.1,1057.22,0,0,0,0,0,655.19,15.7,534.5
856.23,1059.04,0,0,0,0,0,671.37,30.17,560.92
856.37,1060.86,0,0,0,0,0,698.44,19.59,581.84
856.5,1062.68,0,0,0,0,0,716.16,31.44,564.03
856.63,1064.5,0,0,0,0,0,741.21,32.44,568.83
856.77,1066.32,0,0,0,0,0,732.47,46.75,540.78
856.9,1068.14,0,0,0,0,0,718.06,38.28,531.35
857.03,1069.96,0,0,0,0,0,668.52,22.81,503.08
857.17,1071.77,0,0,0,0,0,689.64,15.21,502.41
857.3,1073.58,0,0,0,0,0,719.76,33.09,487.68
857.43,1075.4,0,0,0,0,0,777.97,35.62,485.67
857.57,1077.21,0,0,0,0,0,757.96,42.36,519.38
857.7,1079.02,0,0,0,0,0,770.04,24.38,533.48
857.83,1080.83,0,0,0,0,0,798.79,51.54,555.51
857.97,1082.64,0,0,0,0,0,831.19,41.86,563.15
858.1,1084.45,0,0,0,0,0,823.69,33.47,560.17
858.23,1086.26,0,0,0,0,0,801.3,3.77,564.91
858.36,1088.06,0,0,0,0,0,808.12,1,533.15
858.5,1089.87,0,0,0,0,0,815.49,1,554.88
858.63,1091.67,0,0,0,0,0,834.07,11.52,577.77
858.76,1093.48,0,0,0,0,0,865.08,42.43,604.05
858.9,1095.28,0,0,0,0,0,893.75,57.08,611.27
859.03,1097.08,0,0,0,0,0,858.64,78.52,561.31
859.16,1098.88,0,0,0,0,0,826.84,57.45,552.63
859.3,1100.68,0,0,0,0,0,785.38,67.53,531.88
859.43,1102.48,0,0,0,0,0,754.9,41.09,534.08
859.56,1104.27,0,0,0,0,0,720.74,30.26,512.55
859.69,1106.07,0,0,0,0,0,660.58,6.46,472.62
859.83,1107.86,0,0,0,0,0,639.85,4.26,488.74
859.96,1109.66,0,0,0,0,0,597.1,4.26,474.8
860.09,1111.45,0,0,0,0,0,642.8,6.48,512.58
860.22,1113.24,0,0,0,0,0,706.48,3.15,512.3
860.36,1115.03,0,0,0,0,0,751.81,6.85,509.62
860.49,1116.82,0,0,0,0,0,768.03,3.7,505.1
860.62,1118.61,0,0,0,0,0,712.23,5.45,483.18
860.75,1120.4,0,0,0,0,0,677.31,1.75,490.76
860.89,1122.19,0,0,0,0,0,695.6,1.75,492.5
861.02,1123.97,0,0,0,0,0,713.77,0,506.39
861.15,1125.76,0,0,0,0,0,746.25,4.11,488.89
861.28,1127.54,0,0,0,0,0,720.84,4.11,476.44
861.42,1129.33,0,0,0,0,0,716.75,12.1,493.26
861.55,1131.11,0,0,0,0,0,705.42,7.99,523.12
861.68,1132.89,0,0,0,29.02,0,733.18,62.35,562.7
861.81,1134.67,0,0,0,50.82,6.45,801.38,86.21,608.66
861.94,1136.45,0,0,0,50.82,7.67,812.12,99.55,633.44
862.08,1138.23,0,0,0,69.04,31.05,814.62,87.71,637.94
862.21,1140,0,0,0,118.87,31.3,802.11,85.68,582.37
862.34,1141.78,0,0,0,163.99,86.8,849.58,107.14,587.4
862.47,1143.55,0,0,0,176.52,87.32,896.82,87.53,577.82
862.6,1145.33,0,0,0,190.9,117.65,937.26,100.29,591.05
862.74,1147.1,0,0,0,173.47,78.12,919.57,138.08,655.44
862.87,1148.87,0,0,0,141.1,62.62,891.98,146.48,681.88
863,1150.64,0,0,0,184.25,41.93,848.92,147.24,711.8
863.13,1152.41,0,0,0,210.24,24.74,838.07,110.37,648.88
863.26,1154.18,0,0,0,239.76,29.66,837.09,126.55,630.12
863.4,1155.95,0,0,0,165.56,13.33,804.1,97.87,603.62
863.53,1157.72,0,0,0,195.44,39.51,793.19,92.12,608.83
863.66,1159.48,0,0,0,225.84,26.18,728.16,82.74,586.86
863.79,1161.25,0,0,0,203.31,66.74,734.55,79.95,566.27
863.92,1163.01,0,0,0,187.08,80.04,681.25,69.65,536.94
864.05,1164.77,0,0,0,167.69,139.5,709.82,61.05,559.76
864.19,1166.53,0,0,0,195.27,139.54,726.04,82.93,537.18
864.32,1168.3,0,0,0,212.26,159.28,765.68,82.4,535.65
864.45,1170.06,0,0,0,202.66,154.73,729.08,86.47,468.15
864.58,1171.81,0,0,0,233.57,180.65,705.01,67.57,478.14
864.71,1173.57,0,0,0,239.34,156.05,694.14,59.04,456.61
864.84,1175.33,0,0,0,292.96,144.27,707.46,29.22,464.24
864.97,1177.08,0,0,0,292.99,140.52,678.54,36.32,477.23
865.11,1178.84,0,0,0,277.43,136.15,668.71,44.01,493.27
865.24,1180.59,0,0,0,237.28,138.48,701.63,43.29,507.34
865.37,1182.34,0,0,0,285.65,139.96,729.42,28.94,488.9
865.5,1184.1,0,0,0,296.31,164.7,718.85,10.63,478.38
865.63,1185.85,0,0,0,299.84,183.26,671.47,9.13,419.01
865.76,1187.6,0,0,0,204.88,156.63,553.62,1.51,354.46
865.89,1189.35,0,0,0,153,101.64,449.52,1.51,224.28
866.02,1191.09,0,0,0,79.09,37.63,242.72,0,126.99
866.15,1192.84,0,0,0,34.7,8.46,116.28,0,33.51
866.29,1194.58,0,0,0,1.4,17.29,58.31,0,0
866.42,1196.33,0,0,0,29.27,51,172.32,0,0
866.55,1198.07,0,0,0,100.56,112.39,292.59,0,46.81
866.68,1199.82,0,0,0,127.36,167.05,386.98,0,143.16
866.81,1201.56,0,0,0,159.25,192.31,402.34,0,267.87
866.94,1203.3,0,0,0,98.11,185.17,445,21.59,307.74
867.07,1205.04,0,1.37,0,116.6,161.29,496.29,21.59,306.87
867.2,1206.78,0,1.37,0,67.83,170.46,519.66,21.59,302.36
867.33,1208.51,0,1.37,0,133.92,185.11,503.56,0,307.33
867.46,1210.25,0,2.36,0,210.87,248.92,490.97,14.53,334.77
867.59,1211.98,0,8.73,3.52,283.46,283.67,493.68,14.53,385.13
867.72,1213.72,0,60.79,64.54,356.34,311.68,557.36,53.88,444.75
867.85,1215.45,4.99,94.56,114.76,362.75,327.18,540.56,73.95,461.84
867.98,1217.18,4.99,108.18,167.17,426.46,331.94,568.71,79.27,443.84
868.12,1218.92,5.17,74.33,146.49,457.47,354.64,544.17,56.96,400.77
868.25,1220.65,0.19,60.22,186.61,507.34,346.83,560.14,44.34,403.17
868.38,1222.38,0.19,40.23,201.87,523.74,366.18,515.96,65.43,406.37
868.51,1224.1,0,41.38,208.04,504.76,352.46,510.74,76.99,435.82
868.64,1225.83,0,46.06,183.12,482.76,370.02,508.82,69.02,414.19
868.77,1227.56,0,47.44,146.01,498.95,337.06,518.41,42.62,371.03
868.9,1229.28,0,40.27,162.36,454.99,313.26,493.17,23.72,354.01
869.03,1231.01,31.86,13.58,161.19,435.23,293.95,496.12,39.18,350.78
869.16,1232.73,31.86,19.02,185.26,370.1,309.92,518.03,70.25,360.48
869.29,1234.45,31.86,14.54,187.14,369.83,316.37,476.11,93.54,343.97
869.42,1236.17,0,14.54,203.38,364.97,316.54,461.93,96.43,334.15
869.55,1237.9,8.26,7.72,213.98,346.86,287.09,415.81,95.23,361.7
869.68,1239.61,20.84,0,201.71,323.6,289.13,454.2,88.72,377.7
869.81,1241.33,39.65,0,168.03,295.65,282.44,453.88,68.36,372.29
869.94,1243.05,31.39,0,158.7,270.77,305.47,500.96,69.58,296.23
870.07,1244.77,44.6,0,137.63,269.53,299.1,473.99,67.94,283.08
870.2,1246.48,25.79,0,177.03,215.15,300.23,443.19,76.33,298.06
870.33,1248.2,36.85,0,195.34,252.07,290.29,397.34,67.19,291.62
870.46,1249.91,42.15,0,223.57,244.62,319.29,408.44,76.53,275.08
870.59,1251.62,62.92,0,211.61,296.7,299.12,430.04,79.56,235.34
870.72,1253.33,61.12,9.46,217.89,264.41,338.89,407.93,85.72,266.17
870.85,1255.04,63.61,9.46,230.87,275.87,337.37,433.21,70.47,284.69
870.98,1256.75,85.94,16.52,274.77,252.63,360.79,437.43,66.03,282.45
871.11,1258.46,106.11,7.06,284.91,251.69,335.48,434.6,40.39,264.11
871.24,1260.17,101.57,7.06,318.42,227.16,357.56,385.5,43.33,233.46
871.36,1261.87,77.76,2.12,311.74,216.83,375.79,368.22,24.35,254.93
871.49,1263.58,99.57,2.12,311.74,248.23,395.41,380.34,44.9,257.75
871.62,1265.28,84.78,2.12,308.23,257.16,384.86,389.95,40.15,223.03
871.75,1266.99,82.49,0,307.96,233.06,361.58,364.17,44.14,199.21
871.88,1268.69,53.49,15.12,313.72,224.03,377.35,398.77,46.43,220.4
872.01,1270.39,97.78,17.61,315.84,226.42,365.5,409.43,45.98,249.27
872.14,1272.09,95.02,17.61,339.66,305.88,389.04,421.14,94.77,250.48
872.27,1273.79,98.88,22.83,361.17,281.09,388.96,411.9,93.14,210.38
872.4,1275.49,70.48,60.46,364.49,283.49,394.37,383.48,120.2,200.06
872.53,1277.18,121.35,114.08,374.84,271.63,377.84,360.78,79.51,166.42
872.66,1278.88,131.51,128,367.55,253.18,344.69,281.12,62.73,115.12
872.79,1280.57,127.4,128.67,375.73,245.91,330.36,277.96,19.01,99.94
872.92,1282.27,106.36,109.43,372.72,224.51,327.53,250.95,6.91,83.54
873.05,1283.96,112.82,141.39,389.63,266.06,341.98,267.55,8.98,105.71
873.17,1285.65,113.45,101.54,423.79,327.25,345.69,269.74,21.49,95.44
873.3,1287.34,69.37,121.12,424.75,340.63,332.57,266.75,23.41,77.29
873.43,1289.03,45.69,136.34,463.41,410.41,335.83,252.14,29.22,69.14
873.56,1290.72,66.28,225.2,494.77,452.6,355.81,236.57,16.71,62.66
873.69,1292.41,126.83,253.59,505.04,519.09,423.06,242.6,25.57,76.75
873.82,1294.1,152,284.41,523.79,557.77,427.8,296.78,41.44,96.94
873.95,1295.78,146.67,313.76,524.46,568.41,437.15,268.22,48.67,83.7
874.08,1297.47,149.52,357.31,575.04,633.01,449.77,313.92,55.82,106.68
874.2,1299.15,155.42,370.94,614.43,606.8,479.55,280.1,33.98,106.77
874.33,1300.84,177.17,379.11,643.4,620.55,537.94,326.87,49.61,142.09
874.46,1302.52,184.86,410.26,672.73,654.71,576.38,301.68,56.15,127.07
874.59,1304.2,197.73,405.61,657.65,668.49,599.42,310.41,71.48,108.27
874.72,1305.88,197.44,418.49,714.82,655.91,578.4,296.39,92.95,115.7
874.85,1307.56,166.31,393.91,721.57,605.61,551.32,262.63,94.89,132.34
874.98,1309.24,145.47,405.3,739.35,569.06,550.29,240.91,98.4,149.65
875.1,1310.91,124.58,398.67,702.16,577.58,551.31,212.54,87.49,127.62
875.23,1312.59,120.08,384.46,676.77,523.28,543.82,203.32,84.26,148.7
875.36,1314.26,129.09,382.46,660.64,529.94,529.27,206.35,72.83,136
875.49,1315.94,110.48,381.88,633.64,481.78,532.88,197.19,39.41,132.74
875.62,1317.61,103.61,375.72,605.78,464.48,501.65,192.16,38.69,80.58
875.75,1319.28,94.35,367.2,596.28,454.24,479.8,144.49,30.87,56.75
875.87,1320.95,116.48,366.11,559.93,475.18,428.77,154.96,62.75,60.35
876,1322.62,118.89,394.33,570.59,477.19,408.13,125.12,58.52,62.95
876.13,1324.29,84.25,428.53,564.29,480.27,401.2,98.97,56.21,62.87
876.26,1325.96,38.25,403.16,593.12,421.19,361.1,39.29,38.24,24.86
876.39,1327.63,7.25,398.54,548.43,430.3,337.16,33.74,33.96,8.66
876.51,1329.29,0,359.79,504.98,373.36,315.48,32.77,30.48,0
876.64,1330.96,0,366.35,450.23,383.49,330.52,27.72,34.57,0
876.77,1332.62,0,354.11,469.06,353.57,344.83,5.59,20.63,0
876.9,1334.28,0,349.63,480.35,370.5,340.3,0,18,0
877.03,1335.95,7.54,375.57,511.79,367.27,338.26,0,3.25,0
877.15,1337.61,7.54,375.16,509.25,383.11,327.26,0,3.25,0
877.28,1339.27,7.54,386.28,481.96,385.9,340.87,0,3.4,0
877.41,1340.92,12.48,375.72,491.36,401.09,362.19,0,6.59,0
877.54,1342.58,24.08,395.14,498.79,408.34,350.22,0,22.33,11.14
877.66,1344.24,52.05,387.31,561.35,395.77,304.74,0,49.44,11.14
877.79,1345.89,56.38,393.91,575.05,356.04,276.08,0,43,11.14
877.92,1347.55,44.77,370.37,587.66,326.59,303.35,0,27.26,16.42
878.05,1349.2,17.43,360.7,559.85,329.1,334.56,3.97,24.3,16.42
878.17,1350.86,33.04,347.35,532.4,350.66,348.49,3.97,33.82,23.96
878.3,1352.51,56.35,344.64,534.64,336.29,341.45,3.97,45.66,7.54
878.43,1354.16,101.06,347.47,520.79,318.54,338.68,0,37.3,7.54
878.56,1355.81,68.65,345.49,509.52,260.73,319.51,0,28.74,0
878.68,1357.46,45.34,328.28,508.72,213.09,314.49,0,31.85,0
878.81,1359.1,0,332.82,470.05,197.29,286.96,0,27.32,4.35
878.94,1360.75,17.99,320.79,454.18,200.66,271.92,0,34.46,4.35
879.06,1362.4,17.99,288.17,434.11,230.2,251.7,0,19.5,4.35
879.19,1364.04,21.25,243.43,431.29,216.02,253.41,0,29.12,0
879.32,1365.68,3.26,162.89,373.71,195.11,213.38,0,43.19,0
879.45,1367.33,3.26,147.44,281.59,133.38,154.83,0,90.72,0
879.57,1368.97,0,146.19,293.05,71.88,110.22,0,117.93,0
879.7,1370.61,0,127.03,281.64,56.92,114.76,0,115.82,0
879.83,1372.25,16.9,113.29,312.04,40.79,164.11,0,105.05,0
879.95,1373.89,54.71,79.08,305,112.32,203.73,0,80.4,0
880.08,1375.53,85.68,88.86,307.65,82.91,225.39,0,81.99,0
880.21,1377.16,83.59,96.39,318.1,135.61,246.86,0,79.93,0
880.33,1378.8,61.1,65.57,236.91,91.7,255.37,0,56.34,0
880.46,1380.43,49.66,47.78,172.17,104.23,267.7,0,34.7,0
880.59,1382.07,53.61,36.14,59.9,40.14,207.17,0,5.22,0
880.71,1383.7,38.39,33.09,18.2,46.83,156.58,0,5.22,0
880.84,1385.33,36.44,51.68,48.19,70.89,139.35,0,5.22,0
880.97,1386.96,39.54,18.59,49.97,70.89,154.93,0,4.1,0
881.09,1388.59,53.69,18.59,80.54,36.6,156.33,0,4.1,0
881.22,1390.22,46.67,0,39.6,0.25,155.99,0,25.48,0
881.35,1391.85,51.37,0,30.7,0.25,120.46,0,35.51,0
881.47,1393.47,48.9,0,0,0.25,95.86,0,35.51,0
881.6,1395.1,38.33,0,0,0,34.72,0,14.13,0
881.73,1396.72,24.62,0,0,0,15.41,0,0,0
881.85,1398.35,12.84,0,0,0,0,0,0,0
881.98,1399.97,12.84,0,0,0,0,0,0,0
882.1,1401.59,0,0,0,0,0,0,0,0
882.23,1403.21,0,0,0,0,0,0,0,0
882.36,1404.83,0,0,0,0,0,0,0,0
882.48,1406.45,5.52,0,0,0,0,0,0,0
882.61,1408.07,5.52,0,0,0,0,0,0,0
882.73,1409.68,5.52,0,0,0,0,0,0,0
882.86,1411.3,0,0,0,0,0,0,0,0
882.99,1412.91,0,0,0,0,0,0,6.82,0
883.11,1414.53,0,0,0,0,0,0,15.44,0
883.24,1416.14,0,0,0,0,0,0,31.39,0
883.36,1417.75,0,0,0,0,0,0,43.65,0
883.49,1419.36,0,0,0,0,0,0,43.25,0
883.61,1420.97,0,0,0,0,0,0,45.3,0
883.74,1422.58,0,0,0,0,0,0,28.13,0
883.87,1424.19,17.15,0,4.89,0,6.74,0,43.74,0
883.99,1425.79,17.15,0,4.89,0,9.29,0,25.74,0
884.12,1427.4,54.18,0,24.27,0,17.93,0,53.81,0
884.24,1429,37.03,0,45.25,0,11.2,0,35.55,0
884.37,1430.6,55.1,3.58,51.73,0,8.8,0,47.8,0
884.49,1432.21,29.52,22.1,63.93,0,7.66,0,44.55,0
884.62,1433.81,42.7,22.1,105.47,0,7.66,0,46.86,0
884.74,1435.41,43.1,29.54,149.13,0,7.49,0,34.6,0
884.87,1437.01,31.65,14.17,158.01,0,0,0,19.36,0
884.99,1438.61,23.7,21.15,137.44,0,0,0,23.23,0
885.12,1440.2,8.67,38.62,127.22,0,0,0,32.57,0
885.24,1441.8,14.81,60.61,118.22,0,0,0,27.45,0
885.37,1443.4,28.09,64.8,94.77,0,0,0,18.44,0
885.49,1444.99,24.64,86.52,86.88,0,2.91,0,9.11,0
885.62,1446.58,18.5,116.2,89.66,0,2.91,0,2.74,0
885.74,1448.18,9.47,139.86,120.77,0,2.91,0,3.29,0
885.87,1449.77,9.47,149.04,124.43,0,0,0,14.74,0
885.99,1451.36,9.47,162.75,113.32,0,0,0,14.74,0
886.12,1452.95,15,222.42,126.86,0,16.03,0,29.41,0
886.24,1454.53,23.46,255.4,143.08,0,16.03,0,17.97,0
886.37,1456.12,65.29,277.69,188.95,0,23.28,0,17.97,0
886.49,1457.71,92.05,278.05,167.27,5.85,7.25,0,0,0
886.62,1459.29,110.63,276.27,196.47,5.85,7.25,0,0,0
886.74,1460.88,125.14,304.45,224.33,36.28,18.4,0,0,0
886.87,1462.46,176.02,321.05,245.63,34.21,20.59,0,8.54,0
886.99,1464.04,182.16,353.95,254.25,79.93,38.5,0,13.8,0
887.11,1465.62,195.12,435.37,267.09,108.43,40.67,0,41.64,0
887.24,1467.2,148.9,467.98,269.15,174.17,58.41,0,47.54,0
887.36,1468.78,186.04,483.67,307.31,152.35,64.59,0,57.78,0
887.49,1470.36,173.9,422.77,324.57,154.99,45.9,0,29.93,0
887.61,1471.94,191.01,455.5,391.15,139.97,28.54,0,39.05,0
887.74,1473.52,195.38,498.53,365.39,179.29,4.44,0,23.57,0
887.86,1475.09,171.12,494.97,322.4,153.73,14.2,0,23.57,0
887.98,1476.67,167.01,498.59,303.28,146.39,11.63,0,12.68,0
888.11,1478.24,113.72,470.07,292.38,168.94,11.63,0,12.68,0
888.23,1479.81,122.02,499.18,318.79,210.83,7.18,0,12.68,0
888.36,1481.38,119.13,484.48,344.41,238.61,44.84,0,13.57,0
888.48,1482.95,138.94,498.18,381.13,220.17,70.36,0,30.85,0
888.6,1484.52,127.23,482.07,359.73,189.61,63.17,0,30.85,0
888.73,1486.09,111.78,492.59,342.31,159.06,56.95,0,17.28,0
888.85,1487.66,104.7,487.84,282.98,110.61,31.43,0,0,0
888.98,1489.22,78.33,474.84,279.08,85.94,42.04,0,0,0
889.1,1490.79,66.76,434.02,263.38,59.81,10.61,0,0,0
889.22,1492.35,43.01,399.72,263.56,58.24,10.61,0,0,0
889.35,1493.92,67.95,392.82,269.16,35.57,0,0,0,0
889.47,1495.48,57.16,367.54,237.74,56.76,0,0,0,0
889.59,1497.04,68.84,350.79,264.19,41.17,0,0,0,0
889.72,1498.6,41.77,292.99,252.62,49.1,0,0,0,0
889.84,1500.16,23.05,300.26,249.13,9.65,0,0,0,0
889.96,1501.72,9.17,315.38,227.52,7.93,0,0,0,0
890.09,1503.27,26.31,334.9,193.99,0,0,0,0,0
890.21,1504.83,39.74,303.05,190.1,8.4,0,0,1.34,0
890.33,1506.38,58.84,281.6,219.97,8.4,0,0,2.7,0
890.46,1507.94,73.52,287.44,261.14,18.66,0,0,2.7,0
890.58,1509.49,114.46,290.23,281.96,10.27,0,0,10.75,0
890.7,1511.04,101.66,264.98,274.41,10.27,0,0,9.39,0
890.83,1512.59,109.22,257.13,288.61,7.53,0,0,9.39,0
890.95,1514.14,97.14,239.01,337.9,52.47,0,0,5.31,0
891.07,1515.69,126.65,262.18,355.16,71.95,0,0,19.74,0
891.2,1517.24,129.52,292.09,398.16,123.37,1.69,0,34.84,0
891.32,1518.79,151.53,318.16,419.36,125.32,1.69,0,40.41,0
891.44,1520.34,135.46,302.2,475.86,138.59,1.69,0,25.98,0
891.56,1521.88,157.2,298.74,484.21,135.38,16.55,0,42.54,0
891.69,1523.42,131.41,309.78,504.75,149.03,29.71,0,51.87,0
891.81,1524.97,161.88,334.45,514.6,201.66,29.71,0,79.29,0
891.93,1526.51,158.14,323.62,548.29,231.48,13.16,0,71.61,0
892.05,1528.05,193.33,339.08,558.96,224.27,15.04,0,77.47,0
892.18,1529.59,206.21,342.26,597.03,216.48,28.13,0,81.33,0
892.3,1531.13,193.79,337.51,600.84,180.43,28.13,0,77.18,0
892.42,1532.67,155.5,317.26,597.83,185.9,19.05,0,71.46,0
892.54,1534.2,146.24,290.73,604.9,126.79,11.05,0,51.74,0
892.67,1535.74,161.24,266.16,624.93,127.63,11.05,0,43.9,0
892.79,1537.28,153.03,254.76,633.14,105.33,5.09,0,23.54,0
892.91,1538.81,168.08,265.3,613.64,125,6.23,0,35.69,0
893.03,1540.34,157.26,305.68,590.32,136.85,6.23,0,24.27,0
893.16,1541.88,210.35,309,578.96,154.32,6.23,0,30.35,0
893.28,1543.41,201.25,314.49,578.78,218.31,10.05,0,22.91,0
893.4,1544.94,208.62,313.82,611.44,233.14,10.05,0,24.91,0
893.52,1546.47,214.68,348.54,665.5,278.38,39.88,0,32.9,0
893.64,1547.99,268.77,371.98,697.29,326.35,59.04,0,48.55,0
893.77,1549.52,320.1,419.02,717.37,385.28,92.64,0,107.74,0
893.89,1551.05,316.68,411.35,715.41,386.82,83.39,0,110.15,0
894.01,1552.57,322.84,413.28,737.06,341.32,76.44,0,100.43,0
894.13,1554.1,347.8,384.71,718.88,307.99,96.67,0,47.15,0
894.25,1555.62,399.57,419.64,743.21,297.83,118.41,0,49.64,0
894.38,1557.14,400.68,439.62,717.93,320.4,135.23,0,63.78,0
894.5,1558.66,402.05,462.55,735.26,348.92,111,0,68.47,0
894.62,1560.18,390.55,476.3,736.77,370.61,99.29,0,52.6,0
894.74,1561.7,392.95,468.32,730.89,369.9,110.2,0,47.93,0
894.86,1563.22,399.83,445.5,735.51,344.03,117.62,0,71.37,0
894.98,1564.74,419.95,413.62,689.4,320.44,98.32,0,95.69,0
895.11,1566.25,428.43,410.79,682.35,281.24,90.09,0,91.66,0
895.23,1567.77,403.81,401.57,645.91,248.3,70.48,0,55.84,0
895.35,1569.28,394.99,382.5,632.64,219.87,60.04,0,29.12,0
895.47,1570.79,396.53,369.82,620.75,219.14,18.33,0,1.47,0
895.59,1572.31,395.09,361.84,579.58,242.14,0.92,0,5.4,0
895.71,1573.82,391.56,346.8,547.68,213.73,0.04,0,4.71,0
895.83,1575.33,389.16,310.26,506.61,182.82,0,0,13.87,0
895.95,1576.84,421.45,300.75,495.25,130.95,0,0,15.42,0
896.08,1578.34,423.86,266.74,506.05,140.23,0,0,15.42,0
896.2,1579.85,398.08,251.21,461.01,84.62,0,0,6.27,0
896.32,1581.36,339.2,196.61,419.57,41.14,0,0,0,0
896.44,1582.86,308.56,201.62,377.4,3.44,0,0,0,0
896.56,1584.37,317.83,194.88,354.83,7.38,0,0,0,0
896.68,1585.87,318.78,204.86,380.97,7.38,0,0,0,0
896.8,1587.37,343.98,203.76,384.37,8.23,0,0,0,0
896.92,1588.87,319.75,198.93,398.04,21.34,0,0,0,0
897.04,1590.37,313.98,172.91,361.52,21.34,0,0,0,0
897.16,1591.87,286.78,128.15,283.6,17.04,0,0,0,0
897.28,1593.37,291.04,78.21,264.83,0,0,0,0,0
897.4,1594.86,319.99,59.64,229.09,0,0,0,0,0
897.52,1596.36,300.29,31.44,211.73,0,0,0,0,0
897.64,1597.86,320.6,32.94,149.73,0,0,0,0,0
897.76,1599.35,303.15,15.5,101.99,0,0,0,0,0
897.89,1600.84,319.05,14.34,103.95,0,0,0,0,0
898.01,1602.33,292.63,0,104.95,0,0,0,0,0
898.13,1603.83,266,0,95.75,0,0,0,0,0
898.25,1605.32,269.28,0,70.14,0,0,0,16.5,0
898.37,1606.8,277.91,0,57.56,0,0,0,24.91,0
898.49,1608.29,301.88,0,47.96,0,0,0,24.91,0
898.61,1609.78,307.54,0,20.96,0,0,0,8.41,0
898.73,1611.27,276.98,0,0,0,0,0,0,0
898.85,1612.75,229.77,0,0,0,0,0,0,0
898.97,1614.23,199.69,0,0,0,0,0,0,0
899.09,1615.72,184.62,0,0,0,0,0,0,0
899.21,1617.2,189.56,0,0,0,0,0,0,0
899.33,1618.68,147.96,0,0,0,0,0,0,0
899.45,1620.16,123.26,0,0,0,0,0,2.58,0
899.56,1621.64,110.35,0,0,0,0,0,16.9,0
899.68,1623.12,92.9,0,0,0,0,0,16.9,0
899.8,1624.59,97.12,0,0,0,0,0,14.32,0
899.92,1626.07,57.69,0,0,0,0,0,0,0
900.04,1627.54,40.94,0,0,0,0,0,0,0
900.16,1629.02,22.87,0,0,0,0,0,0,0
900.28,1630.49,21.19,0,0,0,0,0,0,0
900.4,1631.96,21.78,0,0,0,0,0,0,0
900.52,1633.43,21.07,0,0,0,0,0,0,0
900.64,1634.9,32.2,0,0,0,0,0,0,0
900.76,1636.37,31.6,0,0,0,0,0,0,0
900.88,1637.84,18.25,0,0,0,0,0,0,0
901,1639.31,7.12,0,0,0,0,0,0,0
901.12,1640.77,7.12,0,0,0,0,0,0,0
901.24,1642.24,0.13,0,0,0,0,0,0,0
901.35,1643.7,0.13,0,0,0,0,0,0,0
901.47,1645.17,9.05,0,0,0,0,0,0,0
901.59,1646.63,8.92,0,0,0,0,0,0,0
901.71,1648.09,8.92,0,0,0,0,0,0,0
901.83,1649.55,0,0,0,0,0,0,0,0
901.95,1651.01,8.43,0,0,0,0,0,0,0
902.07,1652.46,20.99,0,0,0,0,0,0,0
902.18,1653.92,20.99,0,0,0,0,0,0,0
902.3,1655.38,16.61,0,0,0,0,0,0,0
902.42,1656.83,14.46,0,0,0,0,0,0,0
902.54,1658.29,14.46,0,0,0,0,0,0,0
902.66,1659.74,10.41,0,0,0,0,0,35.91,0
902.78,1661.19,0,0,0,0,0,0,57.52,0
902.9,1662.64,0,0,0,0,0,0,86.05,0
903.01,1664.09,0,0,0,0,0,0,56.93,0
903.13,1665.54,0,0,0,0,0,0,64.67,0
903.25,1666.99,0,0,0,0,0,0,54.17,0
903.37,1668.44,0,0,0,0,0,0,60.77,0
903.49,1669.88,0,0,0,0,0,0,57.46,0
903.6,1671.33,0,0,0,0,0,0,55.57,0
903.72,1672.77,0,0,0,0,0,0,42.19,0
903.84,1674.21,0,0,0,0,0,0,16.15,0
903.96,1675.66,0,0,0,0,0,0,0,0
904.08,1677.1,0,0,0,0,0,0,0,0
904.19,1678.54,0,0,0,0,0,0,0,0
904.31,1679.97,0,0,0,0,0,0,0,0
904.43,1681.41,0,0,0,0,0,0,0,0
904.55,1682.85,0,0,0,0,0,0,0,0
904.66,1684.29,0,0,0,0,0,0,0,0
904.78,1685.72,0,0,0,0,0,0,0,0
904.9,1687.15,0,0,0,0,0,0,0,0
905.02,1688.59,0,0,0,0,0,0,0,0
905.13,1690.02,0,0,0,0,0,0,0,0
905.25,1691.45,0,0,0,0,0,0,0,0
905.37,1692.88,0,0,0,0,0,0,0,0
905.48,1694.31,0,0,0,0,0,6.59,8.64,32.55
905.6,1695.74,0,0,0,0,0,6.59,8.64,36.72
905.72,1697.16,0,0,0,0,0,9.93,11.93,55.49
905.84,1698.59,0,0,0,0,0,3.34,3.29,22.94
905.95,1700.01,0,0,0,0,0,3.34,3.29,18.77
906.07,1701.44,0,0,0,0,0,0,0,0
906.19,1702.86,0,0,0,0,0,8.35,0,0
906.3,1704.28,0,0,0,0,0,13.84,20.14,38.41
906.42,1705.7,0,0,0,0,0,60.89,81.11,100.5
906.54,1707.12,13.81,0,0,0,0,145.77,164.25,222.24
906.65,1708.54,13.81,0,0,0,0,241.77,229.85,305.98
906.77,1709.96,20.8,0,0,0,0,264.22,231.65,345.2
906.89,1711.38,6.99,0,0,0,0,189.46,185.99,293.9
907,1712.79,6.99,0,0,0,0,111.27,122.65,215.19
907.12,1714.21,0,0,0,0,0,41.77,66.72,138.18
907.24,1715.62,0,0,0,0,0,38.14,29.25,75.77
907.35,1717.04,0,0,0,0,0,33.73,6.85,35.27
907.47,1718.45,0,0,0,0,0,55.87,0,36.04
907.58,1719.86,0,0,0,0,0,53.47,0,54.61
907.7,1721.27,0,0,0,0,0,35.08,0,59.55
907.82,1722.68,0,0,0,0,0,12.95,0,34.48
907.93,1724.08,0,0,0,0,0,0.5,0,7.88
908.05,1725.49,0,0,0,0,0,0,0,0
908.16,1726.9,0,0,0,0,0,0,0,5.43
908.28,1728.3,0,0,0,0,0,22.12,0,34.23
908.4,1729.71,0,0,0,0,0,32.06,0,46.83
908.51,1731.11,0,0,0,0,0,32.06,0,41.4
908.63,1732.51,0,0,0,0,0,9.95,0,12.59
908.74,1733.91,0,0,0,0,0,0,0,0
908.86,1735.31,0,0,0,0,0,0,0,0
908.97,1736.71,0,0,0,0,0,0.31,0,32.91
909.09,1738.11,0,0,0,0,0,8.56,0,32.91
909.21,1739.51,0,0,0,0,0,23.26,0,32.91
909.32,1740.9,0,0,0,0,0,31.28,0,0
909.44,1742.3,0,0,0,0,0,33.51,0,9.23
909.55,1743.69,0,0,0,0,0,59.62,0,49.85
909.67,1745.08,0,0,0,0,0,79.5,0,75.28
909.78,1746.48,0,0,0,0,0,99.93,0,103.27
909.9,1747.87,0,0,0,0,0,99.12,2.41,111.39
910.01,1749.26,0,0,0,0,0,148.19,42,196.09
910.13,1750.65,0,0,0,0,11.76,273.81,126.76,311.69
910.24,1752.03,0,0,0,0,24.92,405.52,245.93,461.43
910.36,1753.42,0,0,0,18.28,57.22,499.55,327.52,527.86
910.47,1754.81,0,0,0,29.22,85.99,493.35,355.64,525.42
910.59,1756.19,0,0,0,29.22,84.33,463.02,315.08,454.55
910.7,1757.58,0,0,0,10.94,52.03,382.67,249.94,368.04
910.82,1758.96,0,0,0,26.02,32.86,332.09,188.33,307.66
910.93,1760.34,0,0,0,26.02,21.36,278.71,136.04,277.51
911.05,1761.72,0,0,0,26.02,41.46,279.32,114.83,255.72
911.16,1763.1,0,0,0,12.6,20.1,264.57,83.38,240.28
911.27,1764.48,0,0,0,12.6,20.1,259.48,63.69,221.85
911.39,1765.86,0,0,0,14.44,0,231.14,28.85,202.88
911.5,1767.24,0,0,0,1.84,0,187.22,9.03,149.38
911.62,1768.61,0,0,0,1.84,0,129.95,0,88.55
911.73,1769.99,0,0,0,0,0,91.44,0,41.85
911.85,1771.36,0,0,0,0,0,78.02,0,20.81
911.96,1772.73,0,0,0,15.67,0,109.46,0,46.8
912.07,1774.1,0,0,0,27.17,0,151.66,0,84.59
912.19,1775.48,0,0,0,65.11,4.72,201.05,0,148.08
912.3,1776.85,0,0,0,49.44,4.72,219.87,0,129.56
912.42,1778.21,0,0,0,100.86,12.59,247.33,0,156.72
912.53,1779.58,0,0,0,110.02,17.05,241.54,0,135.33
912.64,1780.95,0,0,0,132.05,17.05,220.83,0,134.74
912.76,1782.32,0,0,0,133.58,9.17,172.1,0,93.15
912.87,1783.68,0,0,0,116.63,0,124.89,0,51.04
912.99,1785.04,0,0,0,141.2,0,101.55,0,27.25
913.1,1786.41,0,0,0,139.18,20.89,104.62,0,26.58
913.21,1787.77,0,0,0,155.22,46.74,137.44,0,55.11
913.33,1789.13,0,0,0,159.22,47.19,147.9,0,70.57
913.44,1790.49,0,0,0,145.95,61.51,125.1,0,56.15
913.55,1791.85,0,3.56,0,169.08,77.6,144.72,0,62.84
913.67,1793.21,0,11.59,0,188.72,106.91,201.53,0,111.1
913.78,1794.57,0,46.42,0,220.65,136.87,336.31,59.57,237.03
913.89,1795.92,1.13,67.01,0,252.41,193.7,461.94,145.74,375.52
914.01,1797.28,4.95,103.19,25.85,294.68,250.75,577.76,264.93,507.58
914.12,1798.63,4.95,116.97,73.12,358.45,312,669.77,339.57,616.52
914.23,1799.98,3.82,136.01,106.64,364.05,317.46,715.3,382.52,670.03
914.35,1801.34,0,160.2,137.53,390.04,340.68,759.57,378.67,699.32
914.46,1802.69,0,156.42,145.41,396.98,312.89,730.14,354.58,649.61
914.57,1804.04,0,159.9,142.51,416.08,316.29,698.9,307.46,605.8
914.68,1805.39,0,121.19,103.71,404.23,282.79,623.06,261.55,533.1
914.8,1806.73,0,112.84,81.57,376.99,258.26,563.85,192.72,479.4
914.91,1808.08,0,89.97,52.53,353.13,223.16,481.39,131.09,413.82
915.02,1809.43,0,73.69,34.58,279.76,190.59,398.77,61.66,327.79
915.13,1810.77,0,54.33,1.58,249.21,169.88,329.33,20.37,216.99
915.25,1812.12,0,42.89,0,231.16,126.69,255.08,0,125.41
915.36,1813.46,0,29.58,0,221.48,131.93,218.23,0,73.61
915.47,1814.8,0,26.64,0,213.06,131.47,182.68,0,56.47
915.58,1816.14,0,25.72,0,248.58,157.98,208.75,0,80.67
915.7,1817.48,0,25.61,6.2,295.8,167.56,238.89,0,114.32
915.81,1818.82,0,28.63,19.08,366.39,194.23,296.43,0,195.4
915.92,1820.16,0,17.2,19.08,327.24,179.52,304.59,0,202.15
916.03,1821.5,0,21.93,20.2,335.34,188.12,325.05,0,214.57
916.15,1822.83,0,16.81,28.41,311.48,179.79,321.24,0,209.1
916.26,1824.17,0,16.81,47,341.66,202.87,327.16,0,231.06
916.37,1825.5,0,15.38,56.16,364.3,203.12,334.26,0,258.25
916.48,1826.83,0,22.76,56.41,337.65,185.79,330.09,4.6,258.88
916.59,1828.17,0,26.53,47.51,350.8,191.96,357.1,4.6,257.72
916.71,1829.5,0,41.5,65.26,321.2,211.1,355.06,4.6,255.57
916.82,1830.83,0,55.6,85.09,333.95,225.63,372.42,3.71,260.18
916.93,1832.16,0,84.49,107,334.74,235.9,364.17,3.71,278.57
917.04,1833.49,0,115.07,100.54,366.43,256.78,376.88,18.41,297.29
917.15,1834.81,0,138.99,84.05,380.7,297.29,363.54,14.7,275
917.26,1836.14,0,158.59,99.86,396.88,334.74,381.14,24.59,260.7
917.38,1837.46,0,132.87,125.97,401.97,331.82,362.04,9.89,230.4
917.49,1838.79,0,142.72,137.27,404.52,320.06,369.77,26.72,245.65
917.6,1840.11,0,166.47,157.75,427.53,309.8,377.67,47.67,264.11
917.71,1841.43,0,208.12,160.41,417.33,331.05,407.08,70.64,302.46
917.82,1842.75,0,202.56,183.14,403.15,335.69,451.21,80.1,323.24
917.93,1844.07,0,171.45,173.28,368.31,349.71,453.4,67.43,352.12
918.04,1845.39,0,187.24,197.6,431.93,343.57,488.43,79.07,382.22
918.15,1846.71,0,179.92,184.77,431.67,321.59,449.63,57.36,377.53
918.27,1848.03,0,180.72,174.01,428.41,292.99,442.89,41.85,336.95
918.38,1849.34,0,148.96,157.64,401.5,264.77,403.53,18.2,293.46
918.49,1850.66,0,142.66,146,407.26,269.28,399.57,13.62,267.41
918.6,1851.97,0,147.25,145.21,410.8,294.6,400.11,19.49,286.24
918.71,1853.29,0,165.29,142.48,397.67,311.97,400.37,31.22,296.83
918.82,1854.6,0,179.21,161.26,423.66,320.17,410.46,41.73,309.98
918.93,1855.91,0,206.7,211.21,436.43,326.52,430.05,67.09,318.99
919.04,1857.22,0,197.07,202.33,425.64,296.69,427.48,49.09,305.89
919.15,1858.53,0,166.44,229.4,433.07,318.46,443.18,48.18,311.44
919.26,1859.84,0,143.26,210.52,448.83,301.6,411.6,18.14,275.76
919.37,1861.15,0,120.18,228.37,461.92,331.78,399.4,18.63,254.17
919.48,1862.45,0,141.76,199.83,424.89,300.22,374.82,9.03,225.24
919.59,1863.76,0,144.01,209.9,419.07,313.91,395.51,23.7,246.63
919.7,1865.06,0,152.26,193.25,422.8,302.87,401.8,29.13,264
919.81,1866.36,0,136.6,215.98,442.86,326.19,403.15,29.13,295.48
919.92,1867.67,0,131.06,211.1,434.23,311.88,395.88,31.29,302.05
920.03,1868.97,0,148.39,227.37,430.71,322.71,424.78,42.43,336.16
920.14,1870.27,0,171.71,225.26,449.39,330.47,438.28,64.48,360.92
920.25,1871.57,0,186.7,240.41,462.95,348.47,445.71,72.13,373.34
920.36,1872.87,0,187.22,278.05,498.93,365.28,456.98,83.43,373.29
920.47,1874.16,0,183.74,305.3,492.79,376.67,475.52,98.49,371.57
920.58,1875.46,0,188.24,289.48,503.51,382.97,477.66,104.97,375.16
920.69,1876.75,25.33,212.62,294.81,496.99,398.75,498.29,137.76,388.29
920.8,1878.05,34.4,239.32,322.75,476.67,417.1,526.19,163.97,426.73
920.91,1879.34,41.45,260.9,361.83,454.44,422.59,560.58,206.5,466.39
921.02,1880.63,23.57,255.79,368.85,439.74,432.99,551.58,202.12,477.69
921.13,1881.93,54.21,270.11,363.57,488.35,435.74,550.62,199.6,479.42
921.24,1883.22,64.93,264.08,337.22,515.82,458.06,519.27,157.18,446.13
921.35,1884.51,57.49,260.58,310.68,509.04,433.18,467.74,114.73,402.71
921.46,1885.79,35.15,252.63,305.29,483.67,421.76,433.03,86.93,340.83
921.57,1887.08,17.39,232.65,307.5,472.5,378.91,398.58,64.56,309.6
921.68,1888.37,17.39,237.1,324.4,456.62,363.08,392.52,65.72,290.46
921.79,1889.65,14.18,220.64,308.34,470.05,334.92,385.83,60.08,296.74
921.9,1890.94,14.18,224.6,313.97,486.11,325.78,390.86,63.3,286.79
922.01,1892.22,22.88,227.75,328.75,537.58,365.09,404.7,70.85,306.37
922.12,1893.5,8.7,234.22,314.45,518.23,367.3,398.14,52.81,281.59
922.23,1894.78,8.7,252.67,323.4,504.4,381.41,397.18,59.87,300.47
922.33,1896.06,0,236.42,310.27,447.08,333.07,380.49,53.68,295.99
922.44,1897.34,0,242.92,330.83,436.06,325.08,350.84,49.03,295.26
922.55,1898.62,9.63,219.62,327.86,426.44,308.54,339.34,39.69,277.41
922.66,1899.9,9.63,219.51,316.69,438.89,305.11,318.32,18.16,245.09
922.77,1901.18,9.63,209.04,324.11,440.51,323.57,315.57,24.22,247.41
922.88,1902.45,0,216.87,309.43,416.31,335.26,307.42,14.71,250.38
922.99,1903.72,2.21,220.78,296.78,433.73,350.61,301.64,35.9,231.78
923.09,1905,16.17,218.56,290.59,445.22,341.08,297.67,45.57,217.37
923.2,1906.27,22.77,209.07,279.76,431.32,335.54,293.41,59.78,200.72
923.31,1907.54,20.56,203.78,280.72,374.48,317.44,293.64,64.3,219.6
923.42,1908.81,10.98,189.34,281.48,367.7,310.45,300.68,56.13,246.01
923.53,1910.08,50.37,235.08,305.37,412.31,317.89,323.88,71.28,277.95
923.64,1911.35,68.83,251.8,317.82,449.42,344.56,332.99,77.85,290.21
923.74,1912.62,96.82,267.92,316.96,435.15,350.21,343.15,96.62,297.89
923.85,1913.88,72.33,235.78,331.12,410.48,350.52,335.35,92.6,299.32
923.96,1915.15,60.48,209.82,317.06,385.2,326.27,343.69,96.22,299.95
924.07,1916.41,31.14,195.61,308.69,355.19,305.01,320.4,92.71,277.33
924.18,1917.68,16.55,195.35,290.21,340.35,283.95,291.04,95.96,240.68
924.28,1918.94,25.59,198.61,281.52,334.22,276.33,248.49,73.52,192.57
924.39,1920.2,37.71,190.49,261.39,327.91,282.58,210.2,48.84,157.1
924.5,1921.46,36.57,178.33,250.83,295.77,269.37,187.84,16.3,122.94
924.61,1922.72,39.28,192.58,255.28,303.89,273.81,199.51,15.25,139.2
924.71,1923.98,24.13,189.44,245.95,302.17,259.45,192.44,12.42,121.43
924.82,1925.24,34.88,179.82,249.41,292.82,266.52,194.18,23.4,122.52
924.93,1926.49,16.52,173.37,244.98,255.85,221.02,148.73,10.98,86.48
925.04,1927.75,16.52,168.99,254.89,243.48,210.16,150.65,10.98,85.52
925.14,1929,0,169.78,244.57,252.48,177.72,109.38,0,63.1
925.25,1930.26,0,135.53,220.15,255.63,194.81,101.37,0,67.31
925.36,1931.51,28.54,150.56,222.28,292.6,204.43,99.28,16.78,82.82
925.47,1932.76,41.58,146.43,219.19,287.6,219.81,116.34,16.78,82.87
925.57,1934.01,69.22,175.8,240.88,304.3,207.94,138.87,20.15,90.11
925.68,1935.26,64.91,173.13,235.78,263.82,182.93,113.32,3.37,55.33
925.79,1936.51,72.23,176.62,222.46,255.7,170.66,112.58,9.96,53.4
925.89,1937.76,44.59,144.17,217.47,234.5,162.7,62.12,6.59,38.22
926,1939,29.73,137.89,207.91,215.33,159.49,53.89,7.39,30.71
926.11,1940.25,18.94,119.22,209.24,198.97,136.13,42.25,3.41,25.7
926.21,1941.49,35.48,146.28,191.56,195.19,130.74,67.4,14.27,31.1
926.32,1942.74,45.17,132.5,187.65,200.78,127.1,94.93,35.81,62.24
926.43,1943.98,90.05,156.78,211.06,187.27,149.75,140.16,84.88,108.59
926.53,1945.22,73.51,156.44,221.13,152.68,161.7,169.42,123.49,147.02
926.64,1946.46,93.64,182.04,250.75,136.56,184.5,195.59,178.53,211.43
926.75,1947.7,106.29,192.03,232.01,155.35,212.26,207.47,223.44,255.58
926.85,1948.94,147.63,196.3,260.82,184.94,220.2,242.93,258.77,300.03
926.96,1950.18,155.09,203.83,250.84,194.67,201.66,251.98,262.87,292.12
927.07,1951.41,143.74,182.42,238.51,158.63,166.74,222.05,226.83,242.63
927.17,1952.65,122.35,157.16,200.6,124.94,141.89,160.27,177.11,171.66
927.28,1953.88,84.04,115.84,152.91,77.72,106.22,83.93,105.15,86
927.39,1955.12,32.24,88.57,137.19,54.73,65.51,28.08,47.4,33.13
927.49,1956.35,15.29,67.01,119.45,17.75,48.08,0,25.85,1.97
927.6,1957.58,17.86,36.99,112.7,5.33,33.4,0,16.34,0
927.7,1958.81,37.5,24.08,93.14,0,19.38,0,13.54,0
927.81,1960.04,55.66,11.88,72.9,0,0,0,0,0
927.91,1961.27,44.75,11.88,59.41,0,0,0,0,0
928.02,1962.5,36.16,2.98,45.01,0,0,0,0,0
928.13,1963.72,33.31,21.02,44.14,0,0,0,0,0
928.23,1964.95,38.57,21.02,36.47,0,0,0,0,0
928.34,1966.17,39.09,20.39,25.55,0,0,0,0,0
928.44,1967.4,54.56,0,11.71,0,0,0,0,0
928.55,1968.62,67.45,0,4.06,0,0,0,0,0
928.65,1969.84,52.29,0,2.12,0,0,0,0,0
928.76,1971.06,28.98,0,0,0,0,0,0,0
928.86,1972.28,37.63,0,0,0,0,0,0,0
928.97,1973.5,48.24,0,0,0,0,0,0,0
929.07,1974.72,43.26,0,0,0,0,0,0,0
929.18,1975.94,41.45,0,0,0,0,0,0,0
929.28,1977.15,75.16,0,20.29,0,0,0,6.19,0
929.39,1978.37,107.39,0,36.24,0,0,0,34.58,0
929.49,1979.58,134.69,0,43.96,0,0,0,73.03,0
929.6,1980.79,168.05,0,39.66,0,0,0,130.26,0
929.7,1982,203.49,9.14,23.71,0,0,0,147.91,0
929.81,1983.22,220.66,9.14,15.98,0,0,0,145.99,0
929.91,1984.43,193.02,9.14,0,0,0,0,97.61,0
930.02,1985.63,155,0,0,0,0,0,54.55,0
930.12,1986.84,120.71,0,0,0,0,0,18.01,0
930.23,1988.05,91.5,0,0,0,0,0,2.97,0
930.33,1989.25,56.37,0,0,0,0,0,0,0
930.43,1990.46,50.96,0,0,0,0,0,0,0
930.54,1991.66,49.06,0,0,0,0,0,0,0
930.64,1992.87,66.22,0,0,0,0,0,0,0
930.75,1994.07,41.46,0,0,0,0,0,0,0
930.85,1995.27,30.55,0,0,0,0,0,0,0
930.96,1996.47,41.38,0,0,0,0,0,0,0
931.06,1997.67,65.27,0,0,0,0,0,0,0
931.16,1998.86,95.79,0,0,0,0,0,0,0
931.27,2000.06,89.37,0,0,0,0,0,0,0
931.37,2001.26,80.69,0,0,0,0,0,0,0
931.47,2002.45,47.97,0,0,0,0,0,0,0
931.58,2003.65,49.76,0,0,0,0,0,0,0
931.68,2004.84,29.54,0,0,0,0,0,0,0
931.78,2006.03,36.47,0,0,0,0,0,0,0
931.89,2007.22,21.02,0,0,0,0,0,0,0
931.99,2008.41,23.73,0,0,0,0,0,0,0
