WP-00790,,PS0.1ppm,PS0.5ppm,PS1ppm,PS5ppm,PS10ppm,PS50ppm,PS100ppm,PS200ppm
Wavelength,Wavenumber,Processed,Processed,Processed,Processed,Processed,Processed,Processed,Processed
810.54,400.6,0,0,0,134.37,144.73,569.92,329.01,212.81
810.68,402.75,0,0,0,105.05,148.55,469.8,321.17,241.21
810.82,404.91,0,0,0,80.18,54.83,420.91,247.32,227.91
810.96,407.06,0,0,0,50.56,27.36,366.24,171.12,202.59
811.1,409.21,0,0,0,25.82,0,299.82,77.24,143.24
811.24,411.36,0,0,0,0,0,196.87,23.41,106.1
811.38,413.51,0,0,0,0,0,124.95,4.84,89.06
811.53,415.66,0,0,0,8.39,0,67.19,0,126.89
811.67,417.81,0,0,0,8.39,0,45.48,0,108.17
811.81,419.96,0,0,0,8.39,0,21.51,0,112.67
811.95,422.11,0,0,0,0,0,0,0,57.73
812.09,424.25,0,0,0,0,0,0,0,49.42
812.23,426.4,0,0,0,0,0,0,0,18.76
812.38,428.54,0,0,0,0,0,0,0,23.75
812.52,430.68,0,0,0,0,0,0,0,24.25
812.66,432.82,0,0,0,0,0,0,0,60.59
812.8,434.97,0,0,0,0,0,0,0,38.1
812.94,437.11,0,0,0,0,0,0,0,37.6
813.08,439.24,0,0,0,0,0,0,0,1.26
813.22,441.38,0,0,0,0,0,0,0,0
813.36,443.52,0,0,0,0,0,0,0,0
813.51,445.65,0,0,0,0,0,0,0,0
813.65,447.79,0,0,0,0,0,0,0,0
813.79,449.92,0,0,0,0,0,0,0,0
813.93,452.05,0,0,0,0,0,0,0,0
814.07,454.19,0,0,0,0,0,0,0,0
814.21,456.32,0,0,0,0,0,0,0,0
814.35,458.45,0,0,0,0,0,0,0,0
814.49,460.57,0,0,0,0,0,0,0,0
814.64,462.7,0,0,0,0,0,0,0,0
814.78,464.83,0,0,0,0,0,0,0,0
814.92,466.95,0,0,0,0,0,0,0,0
815.06,469.08,0,0,0,0,0,0,0,0
815.2,471.2,0,0,0,0,0,0,0,0
815.34,473.32,0,0,0,0,0,0,0,0
815.48,475.45,0,0,0,0,0,0,0,0
815.62,477.57,0,0,0,0,0,0,0,0
815.76,479.69,0,0,0,0,0,0,0,0
815.91,481.8,0,0,0,0,0,0,0,0
816.05,483.92,0,0,0,0,0,0,0,0
816.19,486.04,0,0,0,0,0,0,0,0
816.33,488.15,0,0,0,0,0,0,0,0
816.47,490.27,0,0,0,0,0,0,0,0
816.61,492.38,0,0,0,0,0,0,0,0
816.75,494.49,0,0,0,0,0,0,0,0
816.89,496.61,0,0,0,0,0,0,0,0
817.03,498.72,0,0,0,0,0,0,0,0
817.17,500.83,0,0,0,42.71,0,0,0,6.36
817.31,502.93,0,0,0,43.34,0,0,0,6.36
817.46,505.04,0,0,0,43.34,0,0,0,6.36
817.6,507.15,0,0,0,0.63,0,0,0,0
817.74,509.25,0,0,0,0,0,0,0,0
817.88,511.36,0,0,0,0,0,0,0,0
818.02,513.46,0,0,0,0,0,0,0,0
818.16,515.56,0,0,0,0,0,0,0,0
818.3,517.66,0,0,0,7.22,0,0,0,0
818.44,519.76,0,4.18,0,7.22,0,0,0,0
818.58,521.86,0,4.18,0,16.7,0,0,0,0
818.72,523.96,0,17.7,0,9.48,0,0,0,0
818.86,526.06,0,13.51,0,9.48,0,0,0,0
819,528.16,0,13.51,0,0,0,0,0,0
819.14,530.25,0,0,0,0,0,0,0,0
819.28,532.35,0,34.49,0,0,0,0,0,0
819.42,534.44,0,49.94,0,2.92,0,0,0,0
819.57,536.53,0,85.53,0,2.92,0,0,0,0
819.71,538.62,0,91.93,0,2.92,0,0,0,0
819.85,540.71,0,76.48,0,0,0,0,0,0
819.99,542.8,0,65.12,0,4.12,0,0,0,0
820.13,544.89,0,25.5,0,62.01,2.23,75.51,19.67,82.51
820.27,546.98,0,25.5,0,87.41,18.55,157.63,148.45,200.9
820.41,549.06,0,1.27,0,125.63,38.27,221.65,247.99,362.55
820.55,551.15,0,0,0,78.36,43,262.27,331.83,423.2
820.69,553.23,0,0,0,104.61,43.85,258.69,290.52,436.51
820.83,555.32,0,0,0,93.24,38.92,261.7,223.16,327.62
820.97,557.4,0,24.7,0,110.83,31.96,203.86,132.99,263.06
821.11,559.48,0,24.7,0,59.19,14.79,143.28,45.53,144.96
821.25,561.56,0,24.7,0,49.92,0,98.2,13.34,106.88
821.39,563.64,0,4.79,0,35.04,0,76.28,0,108.81
821.53,565.72,0,14.16,0,45.86,0,98.65,0,120.21
821.67,567.8,0,14.16,0,24.15,0,115.74,0,106.18
821.81,569.87,0,37.42,0,22.93,0,90.24,0,25.65
821.95,571.95,0,36.22,4.36,12.1,0,49.92,0,0.64
822.09,574.02,0,36.22,22.25,12.1,2.31,10.87,0,0
822.23,576.09,0,13,35.71,0,2.31,0,0,0
822.37,578.17,0,39.55,31.35,0,2.31,0,0,0
822.51,580.24,0,91.34,13.47,0,0,0,0,0
822.65,582.31,1.98,155.55,23.59,0,0,0,0,0
822.79,584.38,45.83,193.75,51.57,0,0,0,0,0
822.93,586.45,74.99,146.85,74,0,0,0,0,0
823.07,588.51,73.01,121.5,88.13,0,0,0,0,0
823.21,590.58,29.15,60.6,85.68,0,0.72,0,0,0
823.35,592.64,0,95.27,94.08,0,14.33,0,0,0
823.49,594.71,5.33,73.83,56.36,0,19.94,0,0,0
823.63,596.77,5.33,68.73,47.6,0,34.38,0,0,16.09
823.77,598.83,5.33,29.19,16.77,8.73,42.83,2.16,0,23.82
823.91,600.89,0,6.93,16.77,38.75,37.22,2.47,0,29.14
824.05,602.95,0,31.88,0,49.14,22.06,16.62,17.56,20.03
824.19,605.01,0,31.88,0,40.41,0,14.46,17.56,30.43
824.33,607.07,0,31.88,0,24.76,38.92,44.68,17.56,43.56
824.47,609.13,0,29,5.52,14.36,51.21,76.5,52.84,116.78
824.61,611.18,0,29,5.52,24.97,62.78,121.81,126.2,216.18
824.75,613.24,0,29,5.52,45.67,35.4,149.95,149.77,336.66
824.89,615.29,0,0,6.07,85.6,24.5,136.27,171.96,398.11
825.03,617.35,0,0,6.07,78.36,33.65,121.31,198.91,473.42
825.17,619.4,0,0,6.07,49.75,22.12,85.31,228.83,497.48
825.31,621.45,0,0,8.38,9.81,32.82,100.94,185.08,471.97
825.45,623.5,0,2.34,38.78,6.45,20.58,82.3,84.77,331.99
825.59,625.55,0,2.34,63.62,0,58.15,59.63,31.28,184.33
825.73,627.6,0,25.11,58.93,0,90.71,37.49,14.17,75.76
825.87,629.64,0,22.77,93.57,30.08,115.46,39.22,25.26,52.18
826.01,631.69,17.14,28.87,76.56,48.97,138.73,102.38,63.98,91.92
826.15,633.73,17.14,9.72,98.1,97.11,173.09,146.74,125.43,148.87
826.29,635.78,20,9.72,41.66,97.97,213.97,170.97,173.12,168.15
826.43,637.82,20.82,42.67,86.22,128.7,258.73,197.75,247.04,216.43
826.57,639.86,20.82,75.89,95.02,160.85,266.91,198.3,297.09,246.59
826.7,641.9,17.96,92.72,132.28,215.42,327.75,291.86,365.82,328.19
826.84,643.94,0,89.71,121.11,234.75,338.35,308.86,377.03,320.69
826.98,645.98,16.64,76.86,124.06,211.83,340.29,323.53,345.26,263.96
827.12,648.02,31.85,83.4,139.7,169.79,292.78,232.11,285.75,133.79
827.26,650.06,66.39,73.22,170.59,102.95,306.06,145.47,191.71,37.94
827.4,652.09,69.16,69.76,188.82,45.57,337.23,89.41,113.27,0
827.54,654.13,93.53,75.58,202.64,2.11,376.2,78.82,70.31,0
827.68,656.16,105.64,66.47,193.82,21.88,350.73,98.8,89.62,0
827.82,658.2,122.36,77.3,178.24,30.6,326.07,120.59,136.43,0
827.96,660.23,139.58,71.98,133.8,30.6,286.42,116.42,180.95,0
828.1,662.26,150.75,63.28,97.28,8.72,257.25,132.72,180.3,0
828.24,664.29,177.99,67.98,118.8,19.09,273,149.95,225.6,27.2
828.38,666.32,153.5,99.64,146.89,57.78,314.24,206.34,276.4,74.85
828.52,668.34,149.53,120.15,162.14,59.95,337.51,218.44,347.27,101.13
828.65,670.37,114.17,98.95,145.98,40.86,334.6,201.36,285.32,73.93
828.79,672.4,132.65,43.42,134.63,2.17,281.41,125.68,208.77,26.28
828.93,674.42,144.09,24.7,150.21,33.36,299.71,99.49,165.73,0
829.07,676.45,159.92,62.72,124.82,62.3,277.95,103.25,175.33,23.35
829.21,678.47,156.71,78.24,131.71,69.8,296.36,121.51,202.12,26.55
829.35,680.49,136,78.42,101.41,36.44,254.17,93.51,172.33,26.55
829.49,682.51,111.7,77.02,121.49,7.51,252.6,52.81,153.84,3.19
829.63,684.53,75.35,74.25,111.84,17.75,299.88,64.61,202.88,37.69
829.77,686.55,59.4,81.57,135.23,41.84,350.78,142.05,267.24,85.46
829.91,688.57,63.63,30.08,148.46,41.84,409.09,127.76,355.69,133.73
830.04,690.58,105.82,65.23,166.95,37.95,388.93,167.13,323.69,117.69
830.18,692.6,132.41,68.14,143.16,22.71,369.74,103.49,279.67,95.03
830.32,694.61,150.84,104.26,108.88,22.71,325.63,134.74,214.76,46.76
830.46,696.63,183.01,94.12,89.31,8.85,310.17,101.82,179.17,25.11
830.6,698.64,185.26,130.08,135.79,27.26,344.35,140.22,201.91,24.38
830.74,700.65,190.24,115.13,173.34,60.95,359.53,228.94,285.32,69.14
830.88,702.66,153.95,103.27,164.94,110.84,365.02,230.98,375.4,117.71
831.02,704.67,149.85,67.96,162.38,102.67,326.95,241.13,405.6,128.59
831.16,706.68,129.6,70.18,176.66,68.98,290.65,168.05,344.92,83.83
831.29,708.69,126.98,96.06,201.9,33.69,323.91,179.52,320.8,89.83
831.43,710.69,135.88,115.81,194.3,22.85,336.61,150.43,285.14,79.67
831.57,712.7,185.96,166.78,200.22,48.95,387.76,157.46,266.61,79.67
831.71,714.7,179.9,165.29,196.65,39.54,341.03,125.94,177.87,25.1
831.85,716.71,187.69,186.68,203.26,31.3,350.08,78.18,148.6,0
831.99,718.71,128.22,193.51,190.26,5.19,306.49,24.27,134.02,0
832.13,720.71,149.93,197.23,221.12,10.1,336.69,28.34,146.58,0
832.26,722.71,140.51,187.16,212.83,69.4,382.35,92.89,136.28,16.26
832.4,724.71,198.6,146.64,223.06,140.77,440.48,157.75,191.45,63.18
832.54,726.71,194.77,151.23,201.02,190.23,457.3,170.77,259.99,112.95
832.68,728.71,193.8,160.05,230.17,157.8,402.6,129.92,277.35,103.86
832.82,730.7,177.13,177.19,242.63,98.82,409.15,101.32,238.63,82.74
832.96,732.7,191.32,159.56,244.6,39.26,412.85,83.53,176.4,42.48
833.1,734.69,206.03,188.15,255.77,12.39,430.69,85.22,164.99,35.3
833.23,736.69,215.04,180.42,259.57,0,417.46,83.17,117.19,9.51
833.37,738.68,195.47,169.46,271.12,12.93,382.95,94.48,135.76,0
833.51,740.67,189.87,95.51,266.64,12.93,380.37,103.39,129.61,0
833.65,742.66,200.57,90.91,262.14,12.93,375.39,95.9,199.06,6.95
833.79,744.65,200.7,79.75,254.72,0,386.13,82.46,181.91,6.95
833.93,746.64,172.57,99.71,238.05,0,392.59,62.39,179.14,27.11
834.06,748.63,127.3,77.24,233.25,11.24,362.56,104.49,160.55,52.09
834.2,750.61,107.34,71.11,198.43,31.57,354.47,132.86,203.91,93.21
834.34,752.6,132.79,71.11,184.37,42.65,349.78,225.29,228.33,148.26
834.48,754.58,127,48.11,139.39,53.47,352.15,242.77,262.15,187.73
834.62,756.57,119.3,53.35,144.51,33.14,346.26,246.98,265.04,222.64
834.75,758.55,87.46,17.98,118.17,22.06,309.55,185.36,287.78,203.41
834.89,760.53,143.26,43.27,148.81,0,317.13,175.36,337.49,234.84
835.03,762.51,166.15,50.22,167.88,0,309.79,201.09,370.6,265.37
835.17,764.49,198.02,91.39,218.61,0,317.75,270.78,463.34,318.56
835.31,766.47,175.53,88.38,256.65,0.97,348.68,286.42,519.38,365.4
835.44,768.45,171.13,84.18,269.8,8.38,384.69,298.15,589.84,404.68
835.58,770.42,160.93,93.55,295.15,13.57,413.9,290.72,621.5,423.18
835.72,772.4,160.82,92.71,301.61,23,422.87,289.37,566.9,391.11
835.86,774.37,173.25,131.13,323.28,70.88,425.7,266.54,542.84,347.93
836,776.34,190.99,140.57,301.94,99.55,434.84,219.69,474.76,285.74
836.13,778.32,200.83,163.81,320.71,126.56,455.09,158.91,439.43,243.67
836.27,780.29,227.08,165.18,340.25,119.36,491.42,173.89,384.53,241.7
836.41,782.26,228.21,151.81,365.34,112.95,505.31,172.4,340.17,269.29
836.55,784.23,235.77,156.24,337.54,126.76,496.63,220.33,319.91,264
836.69,786.19,225.65,136.03,347.08,122.59,475.27,225.57,309.97,251.37
836.82,788.16,232.17,151.18,350.27,132.43,516.25,232.47,317.68,269.08
836.96,790.13,236.9,130.59,361.69,120.28,504.77,243.9,370.61,323.34
837.1,792.09,273.39,133.8,309.56,153.8,494.74,247.43,371.98,352.06
837.24,794.06,288.2,115.38,285.43,185.12,425.05,220.61,346.67,335.46
837.37,796.02,289.78,153.1,259.41,183.33,392.47,185.23,273.48,261.97
837.51,797.98,258.67,157.19,283.06,116.56,350.57,134.17,228.61,193.16
837.65,799.94,280.33,139.75,287.16,82.46,347.45,151.89,222.86,188.47
837.79,801.9,291.86,108.24,281.16,80.38,353.23,168.49,233.33,190.01
837.92,803.86,335.61,116.32,282.05,117.53,361.58,239.63,279.36,214.45
838.06,805.82,314.67,147.11,265.29,126.03,343.28,240.12,298.73,185.57
838.2,807.78,333.62,123.15,258.08,125.1,298.22,202.15,261,166.93
838.34,809.73,318.66,88.34,240,106.96,272.62,95.3,173.39,96.75
838.47,811.69,333.58,61.8,267.82,97.06,237.6,44.68,88.67,36.15
838.61,813.64,366.94,75.4,275.1,113.83,315.71,42.84,102.41,25.33
838.75,815.6,384.62,62.71,267.72,129.51,304.52,78.01,137.84,31.54
838.89,817.55,412.3,61.73,251.69,138.32,331.68,88.18,245.61,64.43
839.02,819.5,389.18,56.34,258.23,150.7,307.76,115.93,279.62,88.56
839.16,821.45,396.06,71.67,268.45,168.53,326.88,115.68,309.99,139.04
839.3,823.4,358.49,54.92,236.58,183.05,344.58,136.67,243.93,124.78
839.43,825.35,307.47,67.78,229.28,173.14,290.54,128.9,244.11,77.54
839.57,827.29,279.89,63.46,247.44,201.58,343.31,132.92,216.76,37.65
839.71,829.24,241.3,51.05,234.62,189.71,295.12,110.96,239.11,38.45
839.85,831.18,270.03,42.49,224.49,211.29,289.3,98.02,251.81,86.83
839.98,833.13,224.77,23.29,184.05,173.34,232.53,85.1,248.87,118.01
840.12,835.07,227.94,24.39,174.4,178.74,236.91,77.32,262.08,127.34
840.26,837.01,202.78,51.07,146.45,180.82,286.67,73.23,252.98,138.69
840.39,838.95,179.84,51.07,114.07,164.47,230.7,74.71,279.14,132.96
840.53,840.89,168,64.19,119.17,150.37,232.56,107.68,293.1,150.71
840.67,842.83,154.05,48.58,135.17,108.62,213.36,130.89,312.99,148.71
840.81,844.77,213.77,54.33,175.54,98.33,293.2,170.8,359.25,154.74
840.94,846.71,250.93,77.27,182.05,90.28,327.88,192.18,405,174.91
841.08,848.64,297.87,73.37,218.36,122.25,362.07,213.04,456.22,199.57
841.22,850.58,294.92,105.63,245.14,119.46,380.75,232.05,502.27,249.03
841.35,852.51,326.3,90.28,263.62,145.03,389.49,252.43,521.69,289.86
841.49,854.44,345.8,75.76,251.24,103.39,418.07,287.95,540.93,277.5
841.63,856.37,381.18,54.52,233.45,111.22,436.27,283.73,564.76,244.41
841.76,858.31,403.9,75.99,249.35,86.84,494.86,300.89,550.65,204.68
841.9,860.23,402.4,73.64,237.73,102.6,468.64,314.2,538.03,216.77
842.04,862.16,403.46,111.89,216.04,135.05,480.36,363.11,515.34,231.78
842.17,864.09,389.19,125.87,219.38,131.51,467.82,378.73,551.7,254.17
842.31,866.02,357.26,138.24,194.75,112.22,448.02,376.72,543.45,264.93
842.45,867.94,291,110,219.49,79.07,391.29,343.1,514.91,265.4
842.58,869.87,268.07,52.74,185.27,65.38,303.3,308.52,473.09,234.91
842.72,871.79,235.15,37.95,173.76,43.13,277.39,257.32,394.66,188.13
842.86,873.71,234.13,22.44,138.17,11.75,272.1,210.4,364.51,136.28
842.99,875.64,160.77,22.44,79.07,0,252.9,162.53,273.75,95.81
843.13,877.56,143.54,22.49,101.33,19.53,207.55,149.15,230.49,74.82
843.27,879.48,118.76,11.22,56.76,19.53,138.39,143.27,125.06,44.3
843.4,881.39,112.98,11.22,56.76,19.53,102.31,162.77,77.7,25.1
843.54,883.31,75,0,0,0,67.09,108.45,55.5,0
843.68,885.23,78.57,0,24.2,0,56.84,99.73,67.59,0
843.81,887.14,81.82,0,24.2,0,47.68,90.4,56.88,0
843.95,889.06,108.19,0,24.2,0,32.23,124.58,48.2,0
844.08,890.97,77.69,0,0,0,10.08,109.26,42.04,0
844.22,892.88,59.86,0,0,0,0,71.34,42.04,0
844.36,894.8,40.26,0,0,0,0,53.36,34.56,0
844.49,896.71,74.34,0,4.34,0,10.44,69.11,23.16,0
844.63,898.62,93.43,14.23,4.34,0,14.01,91.26,53.25,0
844.77,900.52,116.87,14.23,4.34,0,14.01,92.48,90.65,0
844.9,902.43,107.1,14.23,0,0,28.8,56.54,133.56,51.7
845.04,904.34,108.57,12.07,9.27,2.52,104.58,78.88,190.44,100.54
845.17,906.24,108.82,19.27,9.88,2.52,147.94,77.4,230.83,172.09
845.31,908.15,103.98,26.41,29.6,2.52,175.58,81.88,271.18,174.12
845.45,910.05,103.6,30.22,41.31,0,134.43,49.54,299.05,204.97
845.58,911.95,108.01,72.88,93.18,0,165.16,69.72,322.44,174.66
845.72,913.86,128.1,85.94,119.1,0,201.99,110.96,349.24,189.07
845.85,915.76,165.65,94.85,149.85,0,248.7,140.39,381.56,217.32
845.99,917.66,181.78,44.98,114.88,0,190.41,157.44,389.18,253.17
846.13,919.55,184.14,29.14,114.52,0,188.11,194.13,390.43,248.97
846.26,921.45,155.19,9.7,100.54,0,183.58,227.22,412.77,242.5
846.4,923.35,179.47,11.27,102.84,1.82,187.05,227.6,407.07,251.3
846.53,925.24,200.33,8.75,86.76,1.82,117.52,188.95,425.01,263.39
846.67,927.14,209.55,3.41,65.39,1.82,85.76,142.38,376.36,218.19
846.81,929.03,195.56,5.47,70.2,0,117.89,133.33,384.58,183.84
846.94,930.92,216.25,3.64,51.39,0,124.13,143.69,389.21,164.88
847.08,932.81,217.41,3.64,75.09,0,75.51,110.25,372.37,154.42
847.21,934.7,192.14,0,50.48,0,33.65,70.1,319.84,166.91
847.35,936.59,126.12,43.21,70.41,0,33.12,72.92,264.61,164.02
847.48,938.48,93.12,43.21,30.32,3.76,33.12,119.14,256.14,175.19
847.62,940.37,82.14,43.21,64.28,6.98,42.49,121.45,274.09,170.75
847.75,942.25,128.51,8.67,33.96,6.98,37.31,97.51,323.12,170.71
847.89,944.14,143.91,8.67,33.96,3.22,37.31,117.66,361.58,181.4
848.03,946.02,135.66,8.67,0,0,25.7,181.89,416.45,183.48
848.16,947.91,76.88,0,0,0,12.65,205.98,415.53,205.74
848.3,949.79,67.02,12.82,0,0,17.89,229.7,475.26,226.62
848.43,951.67,81.06,16.46,3.5,0,30.19,268.74,509.96,265.11
848.57,953.55,88.91,31.16,15.81,24.54,68.07,325.31,604.2,293.45
848.7,955.43,98.45,30.81,15.81,30.84,111.06,331.96,676.2,326.18
848.84,957.31,111.57,51.76,12.31,43.7,146.4,383.92,784.52,347.21
848.97,959.18,97.82,37.06,1.65,45.25,109.98,412.08,839.7,407.74
849.11,961.06,102.1,24.59,30.53,54.72,106.68,502.33,889.65,451.67
849.24,962.94,96.08,3.88,43.33,66.45,84.18,515.33,958.69,504.66
849.38,964.81,134.52,3.88,41.68,41.98,109.91,537.2,1024.26,508.17
849.51,966.68,110.1,30.22,12.8,31.55,71.55,529.27,1071.38,497.18
849.65,968.55,122.71,26.34,0,6.96,46.65,505.43,1040.6,466.27
849.78,970.43,108.24,26.34,0,5.34,14.11,494.9,1014.47,427.31
849.92,972.3,119.8,0,0,8.88,7.54,503.8,1039.43,445.75
850.05,974.16,93.27,0,0,18.31,0,513.01,1093.71,495.81
850.19,976.03,75.88,0,0,18.31,0,519.75,1178.21,571.38
850.32,977.9,64.19,0,0,28.06,0,527.59,1206.8,611.03
850.46,979.76,31.45,0,0,21.62,0,582.97,1234.93,692.18
850.59,981.63,29.38,0,0,21.62,0,652.55,1298.94,771.19
850.73,983.49,13.46,0,0,38.79,7.83,666,1356.5,847.37
850.86,985.36,17.19,0,37.75,55.23,63.81,645.65,1443.27,939.06
851,987.22,40.65,10.11,51.28,100.25,108.41,636.96,1467.02,1025.38
851.13,989.08,81.67,10.11,71.84,89.63,165.07,677.92,1475.44,1128.33
851.27,990.94,124.31,10.11,67.24,120.83,163.43,748.19,1494.51,1229.23
851.4,992.8,124.98,35.88,85.06,167.72,226.26,816.56,1529.35,1400.54
851.54,994.66,139.12,64.95,85.39,265.42,292.67,877.13,1637.74,1617.36
851.67,996.51,131.18,95.91,101.69,356.49,370.1,976.36,1770.78,1921.81
851.81,998.37,124.06,120.36,113.84,453.71,409.12,1093.13,1871.71,2251.44
851.94,1000.22,89.75,121.66,128.84,523.4,390.72,1184.11,1884.85,2497.92
852.08,1002.08,76.02,131.94,151.47,569.23,433.35,1146.4,1695.65,2410.69
852.21,1003.93,60.78,108.41,170.62,518.43,386.22,978.24,1320.99,2000.98
852.34,1005.78,39.92,113.51,170.74,423.1,356.8,704.73,854.67,1414.9
852.48,1007.63,15.22,105.14,116.37,314.15,214.96,464.1,460.56,865.66
852.61,1009.48,0,78.62,60.53,273.33,166.37,277.68,204,447.61
852.75,1011.33,0,80.08,24.52,262.78,87.81,149.43,66.49,213.85
852.88,1013.18,0,66.06,6.8,267.92,55.26,78.54,29.48,98.61
853.02,1015.03,0,55.79,0,220.43,22.76,46.41,26.09,54.74
853.15,1016.87,0,20.04,0,192.08,20.85,46.41,26.09,19.84
853.29,1018.72,0,1.2,0,171.32,20.85,25.31,0,0
853.42,1020.56,0,1.2,0,175.71,2.61,0,0,0
853.55,1022.4,0,0,0,180.68,0,0,0,0
853.69,1024.24,0,0,0,143.92,0,0,0,0
853.82,1026.08,0,16.43,0,136.4,0,0,0,0
853.96,1027.92,0,22.54,0,107.15,0,0,0,0
854.09,1029.76,0,22.54,0,80.98,0,0,0,0
854.22,1031.6,0,6.11,0,47.12,0,0,0,0
854.36,1033.44,0,0.33,0,13.04,0,0,0,0
854.49,1035.27,0,2.11,0,13.09,0,0,0,0
854.63,1037.11,0,2.11,0,0.04,0,0,0,0
854.76,1038.94,0,1.79,0,10.14,0,0,0,0
854.89,1040.77,0,0,0,10.09,0,0,0,0
855.03,1042.6,0,0,0,10.09,0,0,0,0
855.16,1044.43,0,0,0,0,0,0,0,0
855.3,1046.26,0,0,0,0,0,0,0,0
855.43,1048.09,0,0,0,0,0,0,0,0
855.56,1049.92,0,0,0,0,0,0,0,0
855.7,1051.75,0,0,0,0,0,0,0,0
855.83,1053.57,0,0,0,0,0,0,0,0
855.96,1055.4,0,0,0,0,0,0,0,0
856.1,1057.22,0,0,0,0,0,0,0,0
856.23,1059.04,0,0,0,0,0,0,0,0
856.37,1060.86,0,0,0,0,0,0,0,0
856.5,1062.68,0,0,0,0,0,0,0,0
856.63,1064.5,0,0,0,0,0,0,0,0
856.77,1066.32,0,0,0,0,0,0,0,0
856.9,1068.14,0,0,0,0,0,0,0,0
857.03,1069.96,0,0,0,0,0,0,0,0
857.17,1071.77,0,0,0,0,0,0,0,0
857.3,1073.58,0,0,0,1.52,0,0,0,0
857.43,1075.4,0,0,0,1.52,0,0,0,0
857.57,1077.21,0,0,0,1.52,0,0,0,0
857.7,1079.02,0,0,0,0,0,0,0,0
857.83,1080.83,0,0,0,0,0,0,0,0
857.97,1082.64,0,0,0,0,0,0,0,0
858.1,1084.45,0,0,0,0,0,0,0,0
858.23,1086.26,0,0,0,0,0,0,0,0
858.36,1088.06,0,0,0,0,0,0,0,0
858.5,1089.87,0,0,0,0,0,0,0,0
858.63,1091.67,0,13.19,0,0,0,0,0,0
858.76,1093.48,0,13.19,0,0,0,0,0,0
858.9,1095.28,0,13.19,0,0,0,0,0,0
859.03,1097.08,0,0,0,0,0,0,0,0
859.16,1098.88,0,0,0,0,0,0,0,0
859.3,1100.68,0,0,0,0,0,0,0,0
859.43,1102.48,0,0,0,0,0,0,0,0
859.56,1104.27,0,0,0,0,0,0,0,0
859.69,1106.07,0,0,0,0,0,0,0,0
859.83,1107.86,0,0,0,0,0,0,0,0
859.96,1109.66,0,0,0,0,0,0,0,0
860.09,1111.45,0,0,0,0,0,0,0,0
860.22,1113.24,0,0,0,0,0,0,0,0
860.36,1115.03,0,0,0,0,0,0,0,0
860.49,1116.82,0,0,0,0,0,0,0,0
860.62,1118.61,0,0,0,0,0,0,0,0
860.75,1120.4,0,0,0,0,0,0,0,0
860.89,1122.19,0,0,0,0,0,0,0,0
861.02,1123.97,0,0,0,0,0,0,0,0
861.15,1125.76,0,0,0,0,0,0,0,0
861.28,1127.54,0,0,0,0,0,0,0,0
861.42,1129.33,0,0,0,0,0,0,0,0
861.55,1131.11,0,0,0,0,0,0,0,0
861.68,1132.89,0,0,0,0,0,0,0,0
861.81,1134.67,0,0,0,0,0,0,0,0
861.94,1136.45,0,0,0,0,0,0,0,0
862.08,1138.23,0,0,0,0,0,0,0,0
862.21,1140,0,0,0,0,0,0,0,0
862.34,1141.78,0,0,0,0,0,0,0,0
862.47,1143.55,0,0,0,0,0,0,0,0
862.6,1145.33,0,0,0,0,0,0,0,0
862.74,1147.1,0,0,0,0,0,0,0,0
862.87,1148.87,0,0,0,0,0,0,0,0
863,1150.64,0,0,0,0,0,0,0,0
863.13,1152.41,0,0,0,0,0,0,0,7.55
863.26,1154.18,0,0,0,0,0,0,0,7.55
863.4,1155.95,0,0,0,0,0,0,0,7.55
863.53,1157.72,0,0,0,4.71,0,0,0,0.19
863.66,1159.48,0,0,0,4.71,0,0,0,0.42
863.79,1161.25,0,0,0,4.71,0,12.12,0,0.42
863.92,1163.01,0,0,0,0,0,17.77,0,0.23
864.05,1164.77,0,0,0,0,0,17.77,0,0
864.19,1166.53,0,0,0,0,0,12.31,0,0
864.32,1168.3,0,0,0,0,0,21.51,0,17.21
864.45,1170.06,0,0,0,0,0,21.51,0,31.49
864.58,1171.81,0,0,0,0,0,52.22,0,69.63
864.71,1173.57,0,0,0,0,0,76.7,9.14,71.68
864.84,1175.33,0,0,0,0,0,112.53,32.58,109.01
864.97,1177.08,0,0,0,0,0,90.97,80.47,164.97
865.11,1178.84,0,0,0,0,0,105.61,113.16,233.78
865.24,1180.59,0,0,0,0,0,92.34,134.61,282.32
865.37,1182.34,0,0,0,0,0,112.95,116.61,283.71
865.5,1184.1,0,0,0,0,0,77.09,92.5,276.95
865.63,1185.85,0,0,0,0,0,54.52,47.6,223.8
865.76,1187.6,0,0,0,0,0,23.96,17.7,174.28
865.89,1189.35,0,0,0,0,0,5.86,0,97.27
866.02,1191.09,0,0,0,0,0,5.86,0,50.26
866.15,1192.84,0,0,0,0,0,0,0,4.29
866.29,1194.58,0,0,0,0,0,0,0,0
866.42,1196.33,0,0,0,0,0,0,0,0
866.55,1198.07,0,0,0,0,0,0,0,9.98
866.68,1199.82,0,0,0,0,0,0,0,9.98
866.81,1201.56,0,5.89,0,0,0,0,0,9.98
866.94,1203.3,0,5.89,0,0,0,0,0,0
867.07,1205.04,0,5.89,0,0,0,0,0,0
867.2,1206.78,0,10.82,0,0,0,0,0,0
867.33,1208.51,0,10.82,0,0,0,0,0,0
867.46,1210.25,0,19.01,0,0,0,0,0,0
867.59,1211.98,0,9.28,0,0,0,0,0,0
867.72,1213.72,0,62.05,0,0,0,3.8,0,0
867.85,1215.45,0,85.58,0,10.87,0,12.91,0,0
867.98,1217.18,0,90.28,0,10.87,0,20.46,0,0
868.12,1218.92,0,37.51,0,10.87,0,16.66,0,0
868.25,1220.65,0,12.03,12.86,0,0,39.98,0,0
868.38,1222.38,0,25.18,12.86,0,0,32.42,0,0
868.51,1224.1,0,27.4,12.86,7.86,0,32.42,0,0
868.64,1225.83,0,21.17,0,12.06,0,0,0,0
868.77,1227.56,0,2.22,0,16.06,0,0,0,0
868.9,1229.28,0,0,0,8.2,0,0,0,0
869.03,1231.01,0,0,0,4,0,0,0,0
869.16,1232.73,0,4.34,0,0,0,0,0,0
869.29,1234.45,0,4.34,0,0,0,0,0,0
869.42,1236.17,21.07,4.34,0,0.14,0,0,0,0
869.55,1237.9,39.65,2.7,0,2.03,0,9.18,0,0
869.68,1239.61,39.65,15.67,0,15.02,0,9.18,0,0
869.81,1241.33,24.22,15.67,0,33.41,0,9.18,0,0
869.94,1243.05,5.65,12.97,0,33.83,0,0,0,0
870.07,1244.77,9.44,0,0,31.84,0,0,0,0
870.2,1246.48,13.41,0,15.84,23.43,7.07,0,0,0
870.33,1248.2,55.32,0,15.84,33.17,7.07,0.59,0,0
870.46,1249.91,95.09,0,25.08,22.18,7.07,0.59,10.14,1.62
870.59,1251.62,139.02,9.9,55.22,53.2,8.48,1.35,42,21.2
870.72,1253.33,138.23,20.05,80.2,55.7,33.09,15.51,128.84,52.64
870.85,1255.04,151.84,61.24,70.96,68.55,33.96,16.08,208.97,95.79
870.98,1256.75,159.28,66.7,73.69,57.11,25.48,55.18,303.31,155.45
871.11,1258.46,198.78,56.56,74.18,51.37,36.43,87.01,345.73,226.49
871.24,1260.17,230.46,32.93,131.98,38.52,59.96,157.7,443.01,300.37
871.36,1261.87,246.64,20.49,132.21,8.81,69.36,177.57,520.5,336.76
871.49,1263.58,258.32,45.9,125.3,0,59.37,192.97,597.85,377.97
871.62,1265.28,244.51,28.33,111.92,0,46.63,193.21,615.39,382.02
871.75,1266.99,252.97,25.41,99.19,0,54.9,185.08,581.91,401.02
871.88,1268.69,243.84,0,114.88,0,29.34,177.35,571.51,403.73
872.01,1270.39,253.76,19.82,95.32,0,46.87,127.7,519.2,376.17
872.14,1272.09,268.96,19.82,108.74,1.72,29.19,91.01,501.52,368.89
872.27,1273.79,279.34,34.98,105.35,4.73,37.95,46.83,415.38,294.44
872.4,1275.49,291.88,28.96,105.5,4.73,8.76,50.5,404.76,274.15
872.53,1277.18,276.71,54.66,129.96,26.76,21.7,48.13,336.11,202.14
872.66,1278.88,286.6,39.66,160.84,23.75,12.94,45.49,286.21,167.86
872.79,1280.57,300.1,33.29,190.03,27.38,50.68,24.81,204.62,109.18
872.92,1282.27,317.11,43.43,162.41,3.63,37.74,12.98,151.88,53.86
873.05,1283.96,327.29,81.07,164.33,25.97,39.67,14.33,129.33,28.84
873.17,1285.65,336.52,92.45,187,51.04,10.12,18.75,96.87,19.54
873.3,1287.34,341.49,56.62,216.75,51.04,64.07,18.05,65.73,20.43
873.43,1289.03,332.62,26.91,236.7,28.7,102.88,9.25,51.87,17.02
873.56,1290.72,338.93,25.04,221.52,3.41,129.27,0,49.53,10.14
873.69,1292.41,374.29,53.17,245.09,35.79,123.44,18.41,80.69,14.93
873.82,1294.1,389.83,67.87,248.86,54.91,87.52,25.28,90.95,5.69
873.95,1295.78,365.53,66.75,297.15,83.93,96.83,31.96,117.07,13.77
874.08,1297.47,335.74,72.8,319.98,75.53,90.7,23.73,135.38,39.72
874.2,1299.15,335.79,86.36,321,61.94,127.48,24.33,135.87,53.37
874.33,1300.84,350.12,96.53,326.66,51.48,89.93,27.55,142.99,56.42
874.46,1302.52,358.39,95.33,328.29,49.39,99.39,19.4,176.75,68.74
874.59,1304.2,353.06,71.52,366.01,70,77.64,16.63,220.91,70.12
874.72,1305.88,382.9,88.22,368.93,80.52,168.12,15.05,268.6,139.31
874.85,1307.56,369.14,55.24,338.93,58.63,187.71,13.03,309.69,139.56
874.98,1309.24,366.87,42.69,321.12,32.5,215.88,8.31,342.63,207.97
875.1,1310.91,330.22,39.57,299.63,14.66,169.38,4.91,345.53,190.64
875.23,1312.59,319.19,39.57,266.77,14.66,127.89,4.91,345.73,219.92
875.36,1314.26,284.99,42.39,206.1,16.58,81.62,10.31,389.45,202.36
875.49,1315.94,265.07,24.01,149.07,1.92,36.7,7.97,401.12,198.73
875.62,1317.61,238.66,24.01,127.57,2.14,27.34,7.97,412.98,183.93
875.75,1319.28,253.19,23.75,106.38,11.43,25.6,17.41,352.8,175.4
875.87,1320.95,208.79,28.55,74.93,14.76,20.2,14.85,277.35,127.24
876,1322.62,203.66,28.55,47.46,14.54,0,14.85,174.2,90.69
876.13,1324.29,167.7,25.99,49.85,3.36,0,0,114.89,33.36
876.26,1325.96,156.36,0,42.2,0.03,0,0,71.87,22.13
876.39,1327.63,123.3,0,35.87,0.03,0,0,74.48,15.6
876.51,1329.29,132.52,0,7.03,0,0,0,38.64,15.6
876.64,1330.96,124.35,0,31.97,0,0,0,35.82,15.6
876.77,1332.62,145.91,0,29.65,0,0,0,0,0
876.9,1334.28,105.86,1.41,45.55,0,0,0,0,0
877.03,1335.95,118.86,1.41,32.39,0,4.8,0,0,0
877.15,1337.61,121.82,1.41,45.54,0,4.8,0,0,0
877.28,1339.27,145.05,8.85,46.33,0,4.8,0,0,0
877.41,1340.92,204.23,8.85,103.41,0,0,0,0,0
877.54,1342.58,234.14,41.5,128.58,0,0,0,0,0
877.66,1344.24,272.65,32.65,161.05,0,5.34,0,23.95,0
877.79,1345.89,265.45,54.17,139.15,0,21.57,0,33.8,0
877.92,1347.55,264.97,22.9,125.33,0,52.6,0,33.8,0
878.05,1349.2,277.89,37.6,114.93,0,51.91,0,28.14,0
878.17,1350.86,272.19,39.1,119.6,0,35.68,0,54.54,0
878.3,1352.51,259.44,53.55,126.24,0,4.65,0,90.56,5.11
878.43,1354.16,226.74,45.39,117.96,0,26.5,0,88.64,5.11
878.56,1355.81,242.44,22.36,155.43,0,26.5,0,57.77,5.11
878.68,1357.46,254.97,13.75,143.08,0,26.5,0,59.08,0
878.81,1359.1,248.78,7.22,142.37,0,0,0,93.67,0
878.94,1360.75,191.53,11.41,57.95,0,23.41,0,88.28,0
879.06,1362.4,160.45,4.2,38.73,0,23.41,0,55.31,0
879.19,1364.04,151.1,4.2,35.25,0.42,23.41,0,4.36,0
879.32,1365.68,165.02,0,38.4,0.42,0,0,17.66,0
879.45,1367.33,171,0,35.06,0.42,0,0,13.3,0
879.57,1368.97,184.7,0,30.03,0,0,0,20.16,0
879.7,1370.61,171.46,0,30.08,0,0,0,6.86,0
879.83,1372.25,174.94,34.79,44.43,0,0,0,19.24,0
879.95,1373.89,161.81,64.72,49.96,0,0,0,51.22,0
880.08,1375.53,169.73,79.35,66.23,0,9.03,0,51.22,0
880.21,1377.16,168.94,67.37,110.47,0,12.14,0,51.87,0.2
880.33,1378.8,156.97,37.45,125.89,0,12.14,0,27.67,0.2
880.46,1380.43,161.95,46.9,169.61,0,11.71,0,27.67,0.2
880.59,1382.07,172.09,67.85,180.51,0,58.49,0,14.65,0
880.71,1383.7,193.96,100.96,192.82,0,58.49,0,0,0
880.84,1385.33,212.55,118.68,213.54,0,107.46,0,18.29,0
880.97,1386.96,190.96,105.56,204.44,9.51,57.57,0,29.74,0
881.09,1388.59,177.99,121.04,187.64,9.51,102.61,0,29.74,0
881.22,1390.22,117.52,86.68,168.69,9.51,94.31,0,47.01,4.89
881.35,1391.85,86.66,62.6,151.37,0,122.06,0,82.55,4.89
881.47,1393.47,50.63,14,155.56,0,77.02,0,127.97,18.12
881.6,1395.1,35.26,13.01,84.96,0,43.88,0,125.6,13.23
881.73,1396.72,14.17,14.29,41.9,0,16.13,0,143.18,42.72
881.85,1398.35,4.86,14.29,0,0,16.13,0,155.91,45.46
881.98,1399.97,4.86,7.83,0,0,0,0,136.46,55.26
882.1,1401.59,4.86,0,0,0,0,0,71.9,37.28
882.23,1403.21,0,0,0,0,0,0,13.75,21.31
882.36,1404.83,0,0,0,0,0,0,0,11.52
882.48,1406.45,0,0,0,0,0,0,0,0
882.61,1408.07,0,0,0,0,0,0,0,0
882.73,1409.68,0,0,0,0,0,0,0,0
882.86,1411.3,0,0,0,0,0,0,0,0
882.99,1412.91,0,0,0,0,0,0,0,0
883.11,1414.53,0,0,0,0,0,0,0,0
883.24,1416.14,0,0,0,0,0,0,0,0
883.36,1417.75,0,0,0,0,0,0,0,0
883.49,1419.36,0,0,0,0,0,0,0,0
883.61,1420.97,0,4.43,0,0,0,0,0,0
883.74,1422.58,0,4.43,0,0,0,0,0,0
883.87,1424.19,0,4.43,0,0,0,0,0,0
883.99,1425.79,0,0,0,0,0,0,0,0
884.12,1427.4,0,0.73,0,0,0,0,0,0
884.24,1429,0,0.73,0,0,0,0,0,0
884.37,1430.6,0,16.04,0,0,0,0,0,0
884.49,1432.21,0,19.64,0,3.69,0,0,0,0
884.62,1433.81,0,19.64,0,9.33,0,0,0,0
884.74,1435.41,0,7.88,0,18.16,0,0,0,0
884.87,1437.01,0.71,3.54,0,20.36,0,0,0,0
884.99,1438.61,0.71,3.54,5.95,38.59,0,0,0,7.54
885.12,1440.2,0.71,0,20.27,52.49,0,0,0,7.54
885.24,1441.8,0,0,20.27,70.86,0,0,0,11.03
885.37,1443.4,0,0,18.57,51.69,4.17,0,0,3.49
885.49,1444.99,0,0,4.25,51.31,4.17,0,0,3.49
885.62,1446.58,5.97,0,4.25,41.95,4.17,0,0,0
885.74,1448.18,5.97,0,0,37.25,0,0,0,0
885.87,1449.77,5.97,0,0,52.7,0,0,0,7.78
885.99,1451.36,0,0,0,49.27,0,0,0,7.78
886.12,1452.95,0,0,0,75.21,6.24,0,0,7.78
886.24,1454.53,0,0,0,63.48,6.24,0,0,0
886.37,1456.12,0,0,0,71.21,6.24,0,0,0
886.49,1457.71,0,6.95,0,52.62,8.27,0,0,0
886.62,1459.29,0,13.6,19,53.71,8.27,0,0,0
886.74,1460.88,18.86,52.62,19.75,56.82,48.11,3.22,0,0
886.87,1462.46,18.86,45.67,54.39,61.27,39.85,6.35,0,0
886.99,1464.04,18.86,44.72,35.39,52.63,63.58,14.07,0,0
887.11,1465.62,1.62,49.25,75.44,78.56,102.28,47.49,0,0
887.24,1467.2,12.52,96.68,74.21,79.83,157.34,65.59,9.09,0
887.36,1468.78,12.52,155.5,131.14,92.56,216.39,102.59,24.83,0
887.49,1470.36,10.9,165.7,139.25,63.86,190.19,108.6,55.67,0
887.61,1471.94,5.72,153.26,149.75,80.51,194.05,115.96,46.58,2.59
887.74,1473.52,5.72,146.09,108.53,84.28,152.53,110.56,34.67,14.45
887.86,1475.09,5.72,122.5,81.26,69.29,156.63,102.72,3.83,14.45
887.98,1476.67,0,156.28,82.71,58.31,154.12,113.56,32.13,30.91
888.11,1478.24,0,128.43,98.55,39.23,197.68,79.07,29.18,19.06
888.23,1479.81,0,144.06,109.56,50.61,170.75,103.37,35.86,24.23
888.36,1481.38,0,86.83,70.41,62.22,183.66,116.13,22.16,5.17
888.48,1482.95,0,89.3,64.31,65.07,155.97,151.9,64.48,18.24
888.6,1484.52,0,53.92,31.66,64.37,141.11,101.45,61.27,13.07
888.73,1486.09,0,65.35,25.45,69.02,114.76,88.12,82.19,22.84
888.85,1487.66,0,41.7,0,66.35,89.02,103.02,88.34,9.77
888.98,1489.22,0,31.29,0,81.13,118.35,133.93,105.18,15.03
889.1,1490.79,0,8.32,0,85.48,151.29,141.74,71.25,13.49
889.22,1492.35,0,0,0,92.4,157.62,115.55,63.68,13.49
889.35,1493.92,0,0,0,74.99,144.01,118.36,43.37,21.97
889.47,1495.48,0,7.45,0,67.82,114.24,123.96,83.27,39.57
889.59,1497.04,0,7.45,0,88.44,143.96,167.35,75.3,39.57
889.72,1498.6,0,7.45,0.66,123.17,185.19,183.18,121.86,29.41
889.84,1500.16,0,0,0.66,120.48,197.81,205.68,102.69,34.92
889.96,1501.72,0,22.61,0.66,138.46,218.26,207.97,146.64,75.37
890.09,1503.27,0,22.61,0,104.34,199.66,210.48,160.83,81.24
890.21,1504.83,0,36.13,0,104.78,209.44,223.66,193.36,110.44
890.33,1506.38,0,30.52,13.59,83.68,203.06,244.95,203.35,113.43
890.46,1507.94,0,30.52,13.59,83.37,228.73,294.24,216.02,141.76
890.58,1509.49,0,17,20.92,89.62,231.34,312.76,265.92,163.32
890.7,1511.04,0,0,49.99,64.88,246.56,319.84,297.38,191.11
890.83,1512.59,4.53,13.43,57.45,74.82,271.38,338.8,363.41,244.12
890.95,1514.14,18.53,24.5,84.51,77.98,319.93,373.77,416.78,253.81
891.07,1515.69,18.53,24.5,51.28,79.6,341.19,423.07,472.49,273.83
891.2,1517.24,23.75,15.87,74.88,114.9,399.28,491.48,555.32,307.64
891.32,1518.79,25.23,10.82,73.42,117.87,435.64,551.11,601.05,366.67
891.44,1520.34,49.67,55.62,108,123.96,496.72,572.07,661.45,406.04
891.56,1521.88,74.89,75.62,146.63,104.83,511.18,613.7,713.19,429.42
891.69,1523.42,87.36,89.55,163.87,96.27,547.25,623.55,820.82,447.69
891.81,1524.97,117.87,78.17,199.15,107.28,605.03,686.73,856.8,490.29
891.93,1526.51,156.97,62.7,219.03,102.73,585.74,664.79,916.33,536.12
892.05,1528.05,212.89,71.37,235.07,109.53,539.95,693.63,930.31,558.06
892.18,1529.59,224.94,79.84,224.27,118.22,469.65,690.58,977.74,573.45
892.3,1531.13,219.15,104.45,167.62,112.58,493.84,698.63,960.62,563.28
892.42,1532.67,182.05,135.75,182.36,109.62,532.4,667.68,950.17,578.79
892.54,1534.2,179.21,94.64,175.02,102.67,535.57,648.95,954.61,569.85
892.67,1535.74,166.96,116.1,212.62,112.16,525.33,633.43,944.27,547.46
892.79,1537.28,203.3,99.15,216.82,100.11,515.7,617.46,896.83,487.97
892.91,1538.81,257.11,121.33,242.84,105.17,497.22,613.93,843.16,453.59
893.03,1540.34,298.85,104.75,245.47,132.8,518.34,599.28,796.38,422.43
893.16,1541.88,304.17,78.09,269.68,161.54,529.72,634.18,801.49,429.15
893.28,1543.41,289.08,96.68,257.83,173.62,615.37,650.97,833.83,452.1
893.4,1544.94,308.14,116.73,274.14,179.04,672.17,676.85,873.93,491.5
893.52,1546.47,339,139.92,235.26,195.14,735.78,684.18,937.15,545.33
893.64,1547.99,342.01,150.58,292.87,196.23,776.55,710.6,1008.48,588.94
893.77,1549.52,383.04,183.92,331.19,221.34,820.03,770.02,1066.81,632.89
893.89,1551.05,396.55,204.74,376,249.67,868.99,791.54,1098.91,641.6
894.01,1552.57,446.42,222.57,417.84,263.22,895.98,795.04,1072.01,644.65
894.13,1554.1,481.33,204.1,481.72,250.12,927.02,788.54,1098.77,640.37
894.25,1555.62,507.82,235.2,539.54,244.91,970.65,845.59,1101.75,653.97
894.38,1557.14,536.44,224.43,534.17,288.36,1014.42,878.4,1154.17,657.67
894.5,1558.66,521.99,198.24,513.06,299.38,1002.13,880.42,1131.47,639.26
894.62,1560.18,534.23,168.74,477.33,292.29,980.2,847.43,1162.1,607.18
894.74,1561.7,510.5,204.26,491.3,268.99,953.64,856.76,1161.72,604.77
894.86,1563.22,503.8,223.8,486.97,284.46,986.12,885.74,1202.34,639.35
894.98,1564.74,495.35,206.25,540.57,287.83,981.52,915.27,1204.51,667.47
895.11,1566.25,529.81,151.95,548.44,303.31,974.17,915.67,1220.55,654.82
895.23,1567.77,537.63,138.99,574,290.45,923.53,899.4,1215.93,644.83
895.35,1569.28,552.7,148.28,550.83,306.83,881.48,898,1174.51,602.38
895.47,1570.79,535.8,143.59,504.69,308.65,868.12,893.58,1176.76,588.93
895.59,1572.31,540.26,131.58,482.92,327.81,862.47,899.48,1211,590.81
895.71,1573.82,518.85,124.04,494.63,324.63,859.95,899.48,1300,628.79
895.83,1575.33,502.14,143.85,488.04,318.57,839.47,902.8,1337.99,655.76
895.95,1576.84,493.45,139.68,451.49,336.74,838.36,915.1,1344.64,669.06
896.08,1578.34,501.57,132.3,448.09,301.46,831.05,897.5,1294.73,650.13
896.2,1579.85,492.15,124.72,446.16,293.29,836.55,874.99,1228.24,638.97
896.32,1581.36,503.42,135.83,485.27,242.57,809.74,847.8,1177.75,602.8
896.44,1582.86,504.94,144.51,463.96,285.74,766.85,828.82,1159.13,584.51
896.56,1584.37,529.37,138.42,464.58,277.03,683.88,799.7,1099.05,540.11
896.68,1585.87,511.72,136.91,447.12,286.42,690.5,790.46,1051.18,552.58
896.8,1587.37,499.75,172.76,462.03,279.81,743.14,781.53,1019.97,545.04
896.92,1588.87,471.47,191.95,497.3,284.77,766.81,761.58,977.74,540.16
897.04,1590.37,466.88,209.49,493.61,290.16,736.5,714.62,906.83,472.6
897.16,1591.87,467.21,197.94,493.83,277.78,698.78,667.52,822.46,432.92
897.28,1593.37,458.33,214.18,498.86,267.73,722.53,655.19,779.19,416.67
897.4,1594.86,452.02,189.66,486.48,277.57,726.19,620.05,739.79,405.64
897.52,1596.36,433.08,160.15,482.8,281.3,737.54,605.23,672.37,436.26
897.64,1597.86,445.93,154.44,443.59,320.36,726.36,593.17,674.71,485.98
897.76,1599.35,426.57,176.52,445.86,286.87,705.65,580.53,661.15,554.13
897.89,1600.84,447.46,218.51,441.71,272.71,690.19,565.42,651.46,581.82
898.01,1602.33,428.59,193.06,439.81,237.43,671.3,526.52,585.31,586.06
898.13,1603.83,412.85,183.08,438.39,243.27,630.55,515.04,547.92,541.4
898.25,1605.32,359.91,167.55,421.11,251.11,606.26,454.31,513.28,497.17
898.37,1606.8,341.1,139.49,393.63,247.83,603.77,409.34,457.4,415.37
898.49,1608.29,313.19,106.32,373.73,228.55,562.2,337.57,382.06,296.78
898.61,1609.78,325.19,81.06,348.09,195.27,504.86,303,274.59,149.4
898.73,1611.27,320.66,102.59,318.58,148.32,406.99,238.84,169.55,36.88
898.85,1612.75,290.58,98.58,297.54,106.15,393.25,187.11,65.83,3.78
898.97,1614.23,258.52,86.58,280.87,59.64,354.87,138.69,17.79,0
899.09,1615.72,215.92,54.7,281.33,34.12,352.61,104.69,0,0
899.21,1617.2,203.78,47.28,265.59,32.83,311.49,64.45,0,0
899.33,1618.68,180.22,15.9,242.1,59.2,314.27,62.06,0,0
899.45,1620.16,141.66,13.73,227.97,75.24,309.73,61.32,48.61,0
899.56,1621.64,124.24,9.35,228.31,92.49,298.33,118.33,62.37,0
899.68,1623.12,107.05,9.35,229.56,56.64,263.82,94.87,62.37,0
899.8,1624.59,126.43,38.44,225.06,66.55,232.56,96.28,13.76,0
899.92,1626.07,113.71,43.43,182.47,31.45,196.2,38.95,0,0
900.04,1627.54,91.9,54.7,165.79,31.45,185.42,22.3,0,0
900.16,1629.02,87.1,37.93,209.47,3.57,181.98,0,0,0
900.28,1630.49,107.2,63.73,227.39,3.57,233.78,0,0,0
900.4,1631.96,120.2,91.43,238.22,6.04,209.14,0,0,0
900.52,1633.43,93.33,73.48,186.52,18.37,179.97,0,0,0
900.64,1634.9,64.47,38.98,181.84,20.72,136.81,0,0,0
900.76,1636.37,53.17,26.37,162.41,18.26,163.55,0,0,0
900.88,1637.84,58.66,54.99,159.44,2.35,179.41,0,0,0
901,1639.31,107.17,105.51,162.82,1.89,208.96,0,0,0
901.12,1640.77,98.24,81.61,151.45,1.89,174.4,0,0,0
901.24,1642.24,83.54,73.93,139.65,11.64,149.41,0,0,0
901.35,1643.7,21.24,41.7,95.98,9.75,96.54,0,0,0
901.47,1645.17,7.36,57.38,69.22,10.37,103.91,0,0,0
901.59,1646.63,14.35,60.06,37.47,0.61,98.28,0,0,0
901.71,1648.09,15.08,66.42,29.41,0.61,98.66,0,0,0
901.83,1649.55,15.08,49.34,27.6,0,78.61,0,0,0
901.95,1651.01,0.73,25.72,24.79,0,70.24,0,0,0
902.07,1652.46,0,5.21,18.93,0,65.76,0,0,0
902.18,1653.92,0,5.16,9.83,0,41.05,0,0,0
902.3,1655.38,0,5.16,5.9,0,36.92,0,0,0
902.42,1656.83,0,1,5.9,0,22.31,0,0,0
902.54,1658.29,0,6.74,0,0,22.31,0,0,0
902.66,1659.74,0,6.74,0,0,0,0,0,0
902.78,1661.19,0,6.74,0,0,0,0,0,0
902.9,1662.64,0,0,0,0,0,0,0,0
903.01,1664.09,0,0,0,0,0,0,0,0
903.13,1665.54,0,0,0,0,0,0,0,0
903.25,1666.99,0,0,0,0,0,0,0,0
903.37,1668.44,0,0,0,0,0,0,0,0
903.49,1669.88,0,0,0,0,0,0,0,0
903.6,1671.33,0,0,0,0,0,0,0,0
903.72,1672.77,0,0,0,0,0,0,0,0
903.84,1674.21,0,0,0,0,0,0,0,0
903.96,1675.66,0,0,0,0,0,0,0,0
904.08,1677.1,0,0,0,0,0,0,0,0
904.19,1678.54,0,0,0,0,0,0,0,0
904.31,1679.97,0,0,0,0,0,0,0,0
904.43,1681.41,0,0,0,0,0,0,0,0
904.55,1682.85,0,0,0,0,0,0,0,0
904.66,1684.29,0,0,0,0,0,0,0,0
904.78,1685.72,0,0,0,0,0,0,0,0
904.9,1687.15,0,0,0,0,0,0,0,0
905.02,1688.59,0,20.22,0,0,0,0,0,0
905.13,1690.02,0,20.22,0,0,0,0,0,0
905.25,1691.45,0,20.22,0,0,0,0,0,0
905.37,1692.88,0,0,0,0,0,0,0,0
905.48,1694.31,0,13.85,0,0,0,0,0,0
905.6,1695.74,0,13.85,0,0,0,0,0,0
905.72,1697.16,0,19.36,0,0,0,0,0,0
905.84,1698.59,0,5.51,0,0,0,0,0,0
905.95,1700.01,0,5.51,0,0,0,0,0,0
906.07,1701.44,0,0,0,0,0,0,0,0
906.19,1702.86,0,0,0,0,0,0,0,0
906.3,1704.28,0,0,0,0,0,0,0,0
906.42,1705.7,0,0,0,0,0,0,0,0
906.54,1707.12,0,0,0,0,0,0,0,0
906.65,1708.54,0,0,0,0,0,0,0,0
906.77,1709.96,0,0,0,0,0,0,0,0
906.89,1711.38,0,0,0,0,0,0,0,0
907,1712.79,0,0,0,0,0,0,0,0
907.12,1714.21,0,0,0,0,0,0,0,0
907.24,1715.62,0,0,0,0,0,0,0,0
907.35,1717.04,0,0,0,0,0,0,0,0
907.47,1718.45,0,0,0,0,0,0,0,0
907.58,1719.86,0,0,0,0,0,0,0,0
907.7,1721.27,0,0,0,0,0,0,0,0
907.82,1722.68,0,0,0,0,0,0,0,0
907.93,1724.08,0,0,0,0,0,0,0,0
908.05,1725.49,0,4.79,0,0,0,0,0,0
908.16,1726.9,0,4.79,0,0,0,0,0,0
908.28,1728.3,0,4.79,0,0,0,0,0,0
908.4,1729.71,0,0,0,0,0,0,0,0
908.51,1731.11,0,0,0,0,0,0,0,0
908.63,1732.51,0,0,0,0,0,0,0,0
908.74,1733.91,0,0,0,0,0,0,0,0
908.86,1735.31,0,0,0,0,0,0,0,0
908.97,1736.71,0,0,0,0,0,0,0,0
909.09,1738.11,0,0,0,0,0,0,0,0
909.21,1739.51,0,0,0,0,0,0,0,0
909.32,1740.9,0,14.62,0,0,0,0,0,0
909.44,1742.3,0,14.62,0,0,0,0,0,0
909.55,1743.69,0,14.62,0,0,0,0,0,0
909.67,1745.08,0,0,0,0,0,0,0,0
909.78,1746.48,0,0,0,0,0,0,0,0
909.9,1747.87,0,0,0,0,0,0,0,0
910.01,1749.26,0,0,0,0,0,0,0,0
910.13,1750.65,0,0,0,0,0,0,0,0
910.24,1752.03,0,0,0,0,0,0,0,0
910.36,1753.42,0,0,0,0,0,0,0,0
910.47,1754.81,0,0,0,0,0,0,0,0
910.59,1756.19,0,0,0,0,0,0,0,0
910.7,1757.58,0,0,0,0,0,0,0,0
910.82,1758.96,0,0,0,0,0,0,0,0
910.93,1760.34,0,0,0,0,0,0,0,0
911.05,1761.72,0,0,0,0,0,0,0,0
911.16,1763.1,0,0,0,0,0,0,0,0
911.27,1764.48,0,0,0,0,0,0,0,0
911.39,1765.86,0,0,0,0,0,0,0,0
911.5,1767.24,0,0,0,0,0,0,0,0
911.62,1768.61,0,0,0,0,0,0,0,0
911.73,1769.99,0,0,0,0,0,0,0,0
911.85,1771.36,0,0,0,0,0,0,0,0
911.96,1772.73,0,0,0,0,0,0,0,0
912.07,1774.1,0,0,0,0,0,0,0,0
912.19,1775.48,0,19.84,0,0,0,0,0,0
912.3,1776.85,0,19.84,0,0,0,0,0,0
912.42,1778.21,0,19.84,0,0,0,0,0,0
912.53,1779.58,0,13.58,0,0,0,0,0,0
912.64,1780.95,0,13.58,0,0,0,0,0,0
912.76,1782.32,0,13.58,0,0,0,0,0,0
912.87,1783.68,0,0,0,0,0,0,0,0
912.99,1785.04,0,4.34,0,0,0,0,0,0
913.1,1786.41,0,9.4,0,0,0,0,0,0
913.21,1787.77,0,28.5,0,0,0,0,0,0
913.33,1789.13,0,24.15,0,0,0,0,0,0
913.44,1790.49,0,19.1,0,0,0,0,0,0
913.55,1791.85,0,0,0,0,0,0,0,0
913.67,1793.21,0,0,0,0,0,0,0,0
913.78,1794.57,0,0,0,0,0,0,0,0
913.89,1795.92,0,0,0,0,0,0,0,0
914.01,1797.28,0,0,0,0,0,0,0,5.63
914.12,1798.63,0,0,0,0,0,0,0,36.63
914.23,1799.98,0,0,0,0,0,0,0,51.86
914.35,1801.34,0,0,0,0,0,0,0,48.7
914.46,1802.69,0,0,0,0,0,0,0,49.05
914.57,1804.04,0,0,0,0,0,0,0,35.47
914.68,1805.39,0,0,0,0,0,0,0,33.96
914.8,1806.73,0,0,0,0,0,0,0,2.61
914.91,1808.08,0,0,0,0,0,0,0,0.95
915.02,1809.43,0,0,0,0,0,0,0,0
915.13,1810.77,0,0,0,0,0,0,0,0
915.25,1812.12,0.67,5.68,0,0,0,0,0,0
915.36,1813.46,0.67,5.68,0,0,0,0,0,0
915.47,1814.8,0.67,5.68,0,0,0,0,0,0
915.58,1816.14,0,0,0,0,0,0,0,0
915.7,1817.48,5.18,11.3,0,0,0,0,0,0
915.81,1818.82,5.18,11.35,0,0,0,0,0,0
915.92,1820.16,5.18,11.35,0,0,0,0,0,0
916.03,1821.5,0,0.05,0,0,0,0,0,0
916.15,1822.83,0,0,0,0,0,0,0,0
916.26,1824.17,0,0,0,0,0,0,0,0
916.37,1825.5,8.1,0,0,1.15,0,0,0,0
916.48,1826.83,8.1,0,0,1.15,0,0,0,0
916.59,1828.17,8.1,0,0,1.15,0,0,0,0
916.71,1829.5,0,0,0,0,0,0,0,0
916.82,1830.83,0,0,0,0,0,0,0,0
916.93,1832.16,0,0,0,0,0,0,0,0
917.04,1833.49,0,0,0,0,0,0,0,0
917.15,1834.81,0,0,0,0,0,0,0,0
917.26,1836.14,0,0,0,0,0,0,0,0
917.38,1837.46,7.06,0,0,0,0,0,0,0
917.49,1838.79,17.34,0,0,0,0,0,0,0
917.6,1840.11,17.34,0,0,2.85,0,0,0,0
917.71,1841.43,10.28,0,0,2.85,0,0,0,0
917.82,1842.75,0.07,0,0,2.85,0,0,0,0
917.93,1844.07,0.07,0,0,0,0,0,0,0
918.04,1845.39,19.89,0,34.96,22.04,0,4.14,5.46,30.37
918.15,1846.71,19.82,0,34.96,22.04,0,4.14,5.46,30.37
918.27,1848.03,19.82,0,34.96,22.04,0,4.14,5.46,30.37
918.38,1849.34,16.94,0,4.16,0,0,0,0,0
918.49,1850.66,18.51,0,4.16,0,0,0,0,5.39
918.6,1851.97,24.38,0,4.16,0,0,0,0,14.9
918.71,1853.29,8.46,0,0,18.7,0,0,9.43,37.05
918.82,1854.6,6.89,0,0,18.7,0,0,22.66,42.21
918.93,1855.91,21.99,9.75,0,37.65,0,0,31.79,72.1
919.04,1857.22,30.7,9.75,0,18.95,0,0,22.8,49.96
919.15,1858.53,51.87,21.46,0,27.68,0,0,9.57,54.31
919.26,1859.84,46.71,11.71,0,8.72,0,0,0.44,15.62
919.37,1861.15,55.95,11.71,0,10.18,0,0,0,15.62
919.48,1862.45,46.91,0,0,1.46,0,0,0,0.71
919.59,1863.76,54.15,0,6.32,11.05,0,0,10.67,20.1
919.7,1865.06,54.79,0,6.32,9.59,0,0,10.67,29.92
919.81,1866.36,53.49,0,6.32,9.59,0,0,17.77,55.12
919.92,1867.67,53.8,0,15.63,12.56,0,0,21.56,72.59
920.03,1868.97,52.5,0,15.63,17.2,0,0,58.46,98.79
920.14,1870.27,41.68,0,15.63,30.9,0,0,75.44,108.17
920.25,1871.57,33.49,0,3.49,28.56,0,0,97.36,113.49
920.36,1872.87,20.82,7.79,3.49,23.92,0,0,98.43,121.99
920.47,1874.16,20.82,7.79,3.49,10.21,0,10.91,74.34,112.89
920.58,1875.46,5.81,12.22,0,0,0,10.91,62.38,102.07
920.69,1876.75,24.41,4.43,0,10.46,0,35.31,57.68,101.21
920.8,1878.05,24.41,4.43,0,29.36,0,24.39,79.44,113.96
920.91,1879.34,24.24,0,0,35.38,0,28.09,85.16,118.22
921.02,1880.63,5.01,0,0,31.82,0,7.19,88.25,117.54
921.13,1881.93,19.02,4.44,10.62,20.89,0,25.01,97.61,132.15
921.24,1883.22,30.79,4.44,12.51,21.59,0,26.24,100.11,123.6
921.35,1884.51,35.05,4.44,24.45,14.71,0,22.75,69.99,98.44
921.46,1885.79,50.6,0,51.59,10.36,0,14.98,58.47,85.9
921.57,1887.08,62.19,0,60.8,10.63,19.73,12.28,42.99,78.09
921.68,1888.37,75.96,0,48.86,16.1,19.73,12.28,68.65,88.79
921.79,1889.65,68.44,16.21,35.66,25.98,19.73,19.82,90.03,82.22
921.9,1890.94,59.86,26.74,31.42,27.5,0,17.6,102.33,98.59
922.01,1892.22,85.56,56.81,38.81,52.76,13.09,37.96,129.89,122.59
922.12,1893.5,75.42,40.59,14.26,52.1,24.35,46.24,120.28,120.76
922.23,1894.78,97.99,41.29,14.23,65.85,24.35,70.3,134.7,121.32
922.33,1896.06,93.29,11.23,35.28,49.57,22.38,55.04,104.16,109.95
922.44,1897.34,106.41,12.72,62.3,36.73,11.12,36.3,104.1,105.41
922.55,1898.62,114.92,1.49,80.27,20.72,19.49,30.61,101.76,113.94
922.66,1899.9,111.37,21.1,74.86,16.56,8.41,45.54,117.67,106.08
922.77,1901.18,123.97,19.62,54.97,27.45,8.41,42.32,131.73,115.4
922.88,1902.45,105.52,19.62,34.71,21.2,0.04,30.04,111.39,73.67
922.99,1903.72,93.45,0,11.67,14.94,0,22.5,84.76,63.99
923.09,1905,81.87,12.37,13.33,22.43,0,41.13,72.6,63.83
923.2,1906.27,63.67,17.34,20.71,29.03,0,48.83,86.49,84.73
923.31,1907.54,58.74,17.34,20.71,37.22,0,47.48,84.64,80.91
923.42,1908.81,57.3,4.96,17.57,19.17,0,45.97,69.94,72.92
923.53,1910.08,91.8,0.16,44.06,34.3,16,74.08,98.83,79.23
923.64,1911.35,93.68,3.12,63.79,29.28,16,82.25,103.76,92.26
923.74,1912.62,90.83,3.12,61.63,28.96,19.65,72.71,132.95,95.57
923.85,1913.88,85.69,15.82,59.54,25.54,3.65,62.24,116.85,91.61
923.96,1915.15,84.6,12.87,42.85,34.54,3.65,52.16,144.12,98.38
924.07,1916.41,89.44,12.87,39.37,50,0,54.37,136.98,108.1
924.18,1917.68,91.21,10.31,14.26,56.81,28.89,59.87,124.11,120.1
924.28,1918.94,98.14,10.31,24.66,63.26,28.89,69.2,125.05,110.28
924.39,1920.2,96.12,10.31,41.21,60.56,43.04,75.94,136.03,94.18
924.5,1921.46,80.8,0,42.08,40.38,17.31,55.74,137.71,83.81
924.61,1922.72,72.75,1.9,54.9,39.05,28.12,56.5,132.66,88.06
924.71,1923.98,66.86,11.98,67.57,27.03,15.2,68.09,110.75,77.14
924.82,1925.24,87.34,11.98,86.3,36.41,35.01,88.42,126.55,77.29
924.93,1926.49,100.98,10.09,104.88,30.31,42.01,89.26,121.83,79.6
925.04,1927.75,123.1,0,97.96,50.85,72.86,93.94,115.6,101.76
925.14,1929,117.71,32.02,108.56,64.24,94.89,88.47,116.84,106.42
925.25,1930.26,103.25,32.02,86.1,51.81,83.88,79.28,110.35,93.36
925.36,1931.51,119.94,59.92,99.83,62.24,100.06,105.93,155.34,102.81
925.47,1932.76,94.78,27.9,67.06,37.52,73.08,101.1,161.14,89.43
925.57,1934.01,105,34.44,51.69,53.43,74.18,117.66,169.32,89.78
925.68,1935.26,73.03,31.55,45.16,30.64,54.45,74.74,131.31,69.3
925.79,1936.51,90.77,48.26,41.36,50.37,74.47,83.88,138.01,84.55
925.89,1937.76,98,47.68,34.34,45.51,90,89.86,127.85,91.96
926,1939,102.6,22.66,17.11,41.28,89.27,93.24,129.07,94.11
926.11,1940.25,90.01,22.72,24.72,25.34,76.72,93.8,98.1,73.09
926.21,1941.49,61.91,16.76,40.24,30.48,53.29,94.21,105.95,68.25
926.32,1942.74,48.84,16.76,38.42,46.8,35,92.68,123.5,84.46
926.43,1943.98,50.48,0,68.99,71.43,50.44,90.88,144.43,138.07
926.53,1945.22,47.16,0,53.48,60.01,104.68,104.49,158.05,167.74
926.64,1946.46,30.1,0,43.29,59.67,137.71,141.6,178.5,186.91
926.75,1947.7,8.34,0,28.27,40.74,162.92,159.56,183.75,189.59
926.85,1948.94,0,0,28.27,37.88,118.42,153.48,179.94,188.55
926.96,1950.18,0,0,43.16,29.2,75.89,138.35,180.05,179.79
927.07,1951.41,12.82,0,27.99,39.38,48.31,114.84,175.42,139.65
927.17,1952.65,34.29,3.15,31.75,79.08,104.91,121.18,189.27,132.01
927.28,1953.88,41.93,3.15,58.48,81.29,155.91,114.25,150.5,95.77
927.39,1955.12,33.01,14.65,70.05,70.36,162.44,116.17,149.87,92.69
927.49,1956.35,44.9,15.94,91.12,49.72,154.14,101.93,129.39,77.12
927.6,1957.58,49.26,19.54,49.25,39.6,164.36,79.21,150.73,63.06
927.7,1958.81,76.22,10.69,69.11,32.22,152.54,68.77,122.32,35.75
927.81,1960.04,66.32,20.71,97.47,8.42,139.56,53.52,109.07,24.14
927.91,1961.27,75.57,24.6,124.46,6.63,122.44,57.11,80.63,25.04
928.02,1962.5,62.74,48.15,90.27,8.13,149.27,47.65,83.45,32.4
928.13,1963.72,68.38,67.56,65.92,22.98,137.62,54.04,89.42,25.75
928.23,1964.95,60.28,64.63,38.94,20.69,146.59,54.4,71.65,20.72
928.34,1966.17,71.88,42.13,42.26,18.08,145.97,69.48,80.91,20.41
928.44,1967.4,75.4,32.94,36.19,15.88,195.3,72.52,72.1,7.06
928.55,1968.62,84.17,50.73,48.66,22.02,175.6,68.52,80.22,7.06
928.65,1969.84,77.53,47.05,55.15,18.78,178.52,55.48,71.6,9.93
928.76,1971.06,58.59,36.26,60.7,14.57,155.51,51.84,68.35,9.93
928.86,1972.28,47.57,29.45,70.54,14.44,193.45,62.49,80.69,21.38
928.97,1973.5,39.57,33.2,74.76,30.22,194.14,68.55,73.41,11.46
929.07,1974.72,44.83,47.8,84.59,25.12,199.12,77.56,93.05,29.93
929.18,1975.94,64.34,32.25,99.7,23.2,177.72,90.53,78.94,31.43
929.28,1977.15,64.43,38.15,105.43,12.57,176.28,104.46,79.44,43.08
929.39,1978.37,45.5,47.82,96.21,26.8,175.91,100.8,66.3,41.93
929.49,1979.58,15.08,66.38,77.71,34.87,212.28,117.2,90.53,48.83
929.6,1980.79,0,64.01,79.38,29.71,203.83,123.12,92.25,52.24
929.7,1982,0,43.41,62.44,14.6,173.45,115.77,86.67,48.37
929.81,1983.22,0,34.78,43.53,7.44,174.03,99.05,86.68,51.79
929.91,1984.43,0,38.48,13.8,7.77,192.9,92.96,92.29,36.73
930.02,1985.63,3.78,48.49,14.69,11.87,228.39,114.82,94.16,40.38
930.12,1986.84,3.78,38.55,24.1,7.38,216.51,96.98,95.62,17.1
930.23,1988.05,8.54,46.19,61.88,19.4,202.93,83.77,72.01,17.1
930.33,1989.25,4.76,24.15,63.6,12.86,175.96,49.51,59.32,0
930.43,1990.46,17.61,58.03,85.26,39.35,188.96,59.22,47.56,0
930.54,1991.66,12.85,56.18,65.75,31.14,201.14,74.44,48.95,0
930.64,1992.87,32.44,76.53,74.41,31.14,240.16,97.51,48.15,0
930.75,1994.07,26.58,70.43,85.9,4.14,239.37,88.1,22.51,0
930.85,1995.27,41.81,95.86,109.22,4.47,248.09,73.2,20.34,0
930.96,1996.47,23.89,115.17,111.37,14.59,257.32,57.48,25.99,0
931.06,1997.67,24.43,87.4,92.69,14.59,257.07,46.29,46.13,0
931.16,1998.86,22.56,72.22,75.61,11.24,282.44,45.38,49.19,0
931.27,2000.06,20.88,65.03,60.47,3.75,251.44,48.78,33.51,0
931.37,2001.26,15.61,103.55,73.06,8.07,265.84,55.91,12.66,0
931.47,2002.45,2.25,82.44,56.25,6.93,226.87,50,2.22,0
931.58,2003.65,6.29,77.09,72.49,7.21,235.97,50.83,4.21,0
931.68,2004.84,4.04,55.73,45.34,2.89,193.02,42.29,4.21,0
931.78,2006.03,4.04,79.34,61.8,2.89,198.37,35.38,4.21,0
931.89,2007.22,0,82.27,36.19,0,211.67,36.1,0,0
931.99,2008.41,0,106.75,2.77,0,246.51,66.01,0,0
