WP-00790,Wavenumber,PMMA200ppm-1,PMMA200ppm-2,PMMA200ppm-3,PMMA100ppm-1,PMMA100ppm-2,PMMA100ppm-3,PMMA50ppm-1,PMMA50ppm-2,PMMA50ppm-3,PMMA10ppm-1,PMMA10ppm-2,PMMA10ppm-3,PMMA5ppm-1,PMMA5ppm-2,PMMA5ppm-3
808.98,376.82,1975.66,2080.63,2006.55,1611.01,1690.37,1656.51,1103.62,1143.31,1150.04,585.78,542.12,496.72,543.42,534.59,499.38
809.12,378.99,1803.13,1849.54,1805.88,1484.41,1521.02,1557.1,989.35,1023.68,985.47,561.89,518.47,525.04,482.15,497.57,515.45
809.26,381.15,1661.27,1693.11,1666.17,1392.11,1378.63,1477.97,914.1,975.06,915.58,548.88,526.01,536.22,446.94,477.94,490.57
809.4,383.32,1554.34,1577.62,1572.68,1319.37,1336.42,1366.35,856.64,890.91,870.81,539.96,512.31,531.15,438.78,416,476.41
809.54,385.48,1448.88,1483.93,1460.28,1268.06,1269.29,1244.8,845.85,879.09,858.72,527.69,491.9,491.39,425.21,415.65,444.16
809.69,387.64,1399.78,1415.26,1406.85,1206.4,1235.43,1168.52,825.29,844.5,826.52,547.97,486.03,506.84,406.47,408.77,447.06
809.83,389.8,1373.35,1377.27,1375.04,1220.7,1185.52,1159.17,842.29,856.8,867.87,539.46,517.36,535.49,407.54,460.7,457.11
809.97,391.96,1374.7,1388.04,1348.95,1226.06,1196.97,1183.51,859.94,835.08,856.21,577.61,563.34,597.79,429.88,465.88,453.41
810.11,394.12,1370.47,1393.24,1351.58,1268.48,1220.77,1235.21,876.58,869.35,895.87,614.09,605.31,638.09,469.82,464.65,456.98
810.25,396.28,1348.88,1373.4,1335.46,1250.5,1171.15,1211.46,835.08,854.15,863.07,632.13,623.82,658.6,473.92,428.89,414.69
810.39,398.44,1287.25,1332.86,1284.59,1185.1,1104.75,1154.27,781.11,845.48,840.79,637.06,628.22,645.99,470.5,426.95,412.55
810.54,400.6,1166.79,1190.48,1165.84,1060.83,1028.45,1012.51,747.56,721.88,728.59,565.77,595.38,595.17,401.12,378.03,382.78
810.68,402.75,1061.37,1061.49,1048.09,909.57,962.13,915.72,738.29,659.58,646.02,560.17,574.89,555.35,346.67,364.7,351.6
810.82,404.91,941.54,921.08,940.21,836.19,851.01,811.12,681.54,591.45,572.96,506.47,509.95,481.09,331.72,314.84,319.24
810.96,407.06,868.52,828.47,801.77,759.24,752.61,697.58,567.52,543.39,493.29,466.56,422.46,439.95,332.47,294.69,273.58
811.1,409.21,738.83,733.54,721.62,698.94,657.84,629.64,468.43,476.93,432.23,400.67,341.99,386.83,321.49,279.12,253.85
811.24,411.36,614.82,643.94,649.43,617.59,612.67,559.31,414.96,420.75,388.77,364.48,322.86,372.72,264.44,237.81,218.71
811.38,413.51,507.68,586.88,636.07,591.09,594.64,521.46,445.3,420.38,399.81,373.87,366.64,342.86,268.21,255.64,217.39
811.53,415.66,513.75,574.69,629.54,590.42,586.42,494.4,429.13,432.16,407.32,399.17,388.66,334.24,288.14,252.95,259.22
811.67,417.81,516.78,595.14,636.94,576.68,553.78,464.58,415.87,434.2,420.76,380.51,361.37,325.32,287,293.85,255.64
811.81,419.96,485.21,538.98,570.03,487.64,439.48,431.1,313.98,349.26,340.89,318,309.55,269.54,241.24,253.78,230.43
811.95,422.11,381.25,430.77,434.36,364.18,343.39,340.16,245.66,291.23,258.93,209.2,247.76,203.46,202.41,201.3,148.48
812.09,424.25,272.78,310.38,267.47,261.5,250.74,275.32,177.8,217,160.77,143.99,200.9,109.64,150.73,130.96,94.69
812.23,426.4,199.68,258.03,222.25,196.5,185.4,227.78,141.29,183.78,146.95,115.94,150.51,83.97,132.44,108,94.27
812.38,428.54,181.39,219.14,202.79,195.59,148.81,245.65,134.23,136,129.58,119.16,120.06,74.9,78.63,93.85,99
812.52,430.68,208.33,217.5,258.53,147.23,165.73,261.37,166.38,158.12,172.1,161.43,105.64,120.87,102.09,147.95,124.99
812.66,432.83,186.16,194.74,219.79,187.72,179.49,261.25,187.43,148.78,158.84,155.43,98.61,127.56,111.49,181.65,121.91
812.8,434.97,112.45,140.19,155.12,114.04,125.86,159.3,156.24,108.88,169.68,128.37,69.03,89.13,126.71,152.82,86.65
812.94,437.11,35.9,50.34,56.91,84.19,52.42,74.16,68.9,32.64,78.98,49.09,38.57,35.91,77.98,71.93,46.67
813.08,439.24,0,0,0,0,0,0,14.8,0,45.85,8.45,0,0,30.37,2.06,4.08
813.22,441.38,0,0,0,0,0,0,0,0,0,0,0,0,0,0,0
813.36,443.52,0,0,0,0,0,0,0,0,0,0,0,0,0,0,0
813.51,445.65,0,0,0,0,0,0,0,0,0,0,0,0,0,0,0
813.65,447.79,0,0,0,0,0,0,0,0,0,0,0,0,0,0,0
813.79,449.92,0,0,0,0,0,0,0,0,0,0,0,0,0,0,0
813.93,452.05,0,0,0,0,0,0,0,0,0,0,0,0,0,0,0
814.07,454.19,0,0,0,0,0,0,0,0,0,0,0,0,0,0,0
814.21,456.32,0,0,0,0,0,0,0,0,0,0,0,0,0,0,0
814.35,458.45,0,0,0,0,0,0,0,0,0,0,0,0,0,0,0
814.49,460.57,0,0,0,0,0,0,0,0,0,0,0,0,0,0,0
814.64,462.7,0,0,0,0,0,0,0,0,0,0,0,0,0,0,0
814.78,464.83,0,0,0,0,0,0,0,0,0,0,0,0,0,0,0
814.92,466.95,0,0,0,0,0,0,0,0,0,0,0,0,0,0,0
815.06,469.08,0,0,0,0,0,0,0,0,0,0,0,0,0,0,0
815.2,471.2,0,0,0,0,0,0,0,0,0,0,0,0,0,0,0
815.34,473.32,0,0,0,0,0,0,0,0,0,0,0,0,0,0,0
815.48,475.45,0,0,0,0,0,0,0,0,0,0,0,0,0,0,0
815.62,477.57,0,0,0,0,0,0,0,0,0,0,0,0,0,0,0
815.76,479.69,0,0,0,0,0,0,0,0,0,0,0,0,0,0,0
815.91,481.8,0,0,0,0,0,0,0,0,0,0,0,0,0,0,0
816.05,483.92,0,0,0,0,0,0,0,0,0,0,0,0,0,0,0
816.19,486.04,0,0,0,0,0,0,0,0,0,0,0,0,0,0,0
816.33,488.15,0,0,0,0,0,0,0,0,0,0,0,0,0,0,0
816.47,490.27,0,0,0,0,0,0,0,0,0,0,0,0,0,0,0
816.61,492.38,0,0,0,0,0,0,0,0,0,0,0,0,0,0,0
816.75,494.49,0,0,0,0,0,0,0,0,0,0,0,0,0,0,0
816.89,496.61,0,0,0,0,0,0,0,0,0,0,0,0,0,0,0
817.03,498.72,0,0,0,0,0,0,0,0,0,0,0,0,0,0,0
817.17,500.83,0,0,0,0,0,0,0,0,0,0,0,8.72,0,6.1,0
817.31,502.93,0,0,0,0,0,0,0,0,0,0,0,8.72,0,6.1,0
817.46,505.04,0,0,0,0,0,0,0,0,0,0,0,8.72,0,6.1,0
817.6,507.15,0,0,0,0,0,0,0,0,0,0,0,0,0,0,0
817.74,509.25,0,0,0,0,0,0,0,0,0,0,0,0,0,0,0
817.88,511.36,0,0,0,0,0,0,0,0,0,0,0,0,0,0,0
818.02,513.46,0,0,0,0,0,0,0,0,0,0,0,0,0,0,0
818.16,515.56,0,0,0,0,0,0,0,0,0,0,0,0,0,0,0
818.3,517.66,0,0,0,0,0,0,0,0,0,0,0,0,0,0,0
818.44,519.77,0,0,0,0,0,0,0,0,0,0,0,0,0,0,0
818.58,521.86,0,0,0,0,0,0,0,0,0,0,0,0,0,0,0
818.72,523.96,0,0,0,0,0,0,0,0,0,0,0,0,0,0,0
818.86,526.06,0,0,0,0,0,0,0,0,0,0,0,0,0,0,0
819,528.16,0,0,0,0,0,0,0,0,0,0,0,0,0,0,0
819.14,530.25,0,0,0,0,0,0,0,0,0,0,0,0,0,0,0
819.28,532.35,0,0,0,0,0,0,0,0,0,0,0,0,0,0,0
819.42,534.44,0,0,0,0,0,0,0,0,0,0,0,0,0,0,0
819.57,536.53,0,0,0,0,0,0,0,0,0,0,0,0,0,0,0
819.71,538.62,0,0,0,0,0,0,0,0,0,0,0,0,0,0,0
819.85,540.71,0,0,0,0,0,0,0,0,0,0,0,0,0,0,0
819.99,542.8,0,0,0,0,0,0,0,0,0,0,0,0,0,0,0
820.13,544.89,27.68,19.1,18.32,0,25.49,13.96,41.14,34.85,26.99,55.46,53.11,49.75,47.85,41.71,43.69
820.27,546.98,181.86,149.23,157.78,129.9,139.49,159.44,186.64,169.07,138.04,166.42,141.37,171.28,147.31,131.02,122.34
820.41,549.06,364.93,330.77,307.41,294.63,284.72,304.48,360.49,322.66,263.52,292.15,296.41,296.21,255.02,238.91,200.6
820.55,551.15,511.68,521.1,483.04,445.68,429.83,445.92,509.35,414.57,395.87,370.27,402.18,358.54,299.56,313.77,248.87
820.69,553.23,505.9,551.22,484.79,449.06,427.05,430.81,500.22,385.15,404.56,369.93,399.14,359.05,278.39,319.24,257.09
820.83,555.32,396.12,437.02,412.53,347.43,322.92,343.35,380.32,290.64,345.83,282.01,300.53,294.66,239.06,273.55,248.14
820.97,557.4,221.69,227.59,234.27,196.39,152.33,219.22,227.65,168.35,218.67,180.84,174,211.36,183.23,171.03,179.71
821.11,559.48,73.29,67.34,93.07,63.11,41.1,88.85,101.32,63.55,106.18,70.23,115.68,126.27,108.02,76.25,101.89
821.25,561.56,0,0,15.69,15.78,0,31.27,63.44,29.73,59.47,49.26,77.33,68.82,79.54,41.41,50.79
821.39,563.64,3.86,67.04,28.04,50.51,22.92,39.4,103.45,59.8,64.33,68.72,81.42,90.47,103.9,61.74,67.54
821.53,565.72,3.86,105.66,28.04,70.55,34.19,60.49,160.68,103.29,84.07,109.25,83.6,133.22,135.44,110.12,96.47
821.67,567.8,3.86,105.66,28.04,54.77,34.19,60.49,144.61,81.59,64.04,104.69,73.66,131.85,109.26,82.76,98.01
821.81,569.87,0,38.63,0,20.04,11.27,21.09,67.27,47.05,27.02,58.67,45.6,81.43,48.33,49.5,57.74
821.95,571.95,0,0,0,0,0,0,0,3.55,0,18.13,16.51,1.73,13.72,1.12,19.77
822.09,574.02,0,0,0,0,0,0,0,0,0,5.86,8.37,0,0,1.12,0
822.23,576.09,0,0,0,0,0,0,0,0,0,0,0,0,0,0,0
822.37,578.17,0,0,0,0,0,0,0,0,0,0,0,0,0,0,0
822.51,580.24,0,0,0,0,0,0,0,0,0,0,0,0,0,0,0
822.65,582.31,0,0,0,0,0,0,0,0,0,0,0,0,0,0,0
822.79,584.38,0,0,0,0,0,0,0,0,0,0,0,0,0,0,0
822.93,586.45,0,0,0,0,0,0,0,0,0,0,0,0,0,0,0
823.07,588.51,0,0,0,0,0,0,0,0,0,0,0,0,0,0,0
823.21,590.58,0,0,0,0,0,0,0,0,0,0,0,0,0,0,0
823.35,592.64,0,0,0,0,0,0,0,0,0,0,0,0,0,0,0
823.49,594.71,0,0,0,0,0,0,0,0,0,0,0,0,0,0,0
823.63,596.77,0,13.8,26.08,13.92,58.31,36.81,28.67,58.34,39.81,17.77,6.01,26.9,0,0,27.34
823.77,598.83,34.27,81.59,59.16,95.49,104.64,132.64,83.28,136.32,95.65,61.42,9.88,45.63,8.93,0,37.58
823.91,600.89,109.07,123.82,136.35,156.5,164.77,236.94,160.6,198.05,152.95,93.04,42.35,59.95,15.52,32.74,39.17
824.05,602.95,163.1,131.37,133.59,244.7,134.38,255.56,173.28,176.85,177.55,88.49,46.39,60.26,15.52,52.44,25.42
824.19,605.01,128.83,63.58,100.51,163.13,97.88,170.74,118.67,106.84,131.67,44.84,42.52,41.53,6.59,52.44,15.17
824.33,607.07,63.36,21.35,38.43,162.68,98.83,94.71,101.29,105.91,154.87,23.79,20.05,59.34,9.04,52.49,13.59
824.47,609.13,100.9,111.93,106.34,220.9,203.79,181,212.2,181.28,235.37,105.32,78.83,117.06,106.68,90.84,68.72
824.61,611.18,275.23,256.87,292.58,411.9,405.51,337.07,364.67,307.73,394.95,226.45,183.02,223.33,205.8,183.34,145.27
824.75,613.24,474.09,434.6,457.16,571.11,596.45,532.7,494.85,433.03,494.05,374.48,306.96,333.56,314.8,266.94,263.42
824.89,615.29,565.84,473.08,534.61,605.2,654.94,577.2,530.53,494.18,535.34,384.99,366.72,338.6,315.32,311.73,271.33
825.03,617.35,521.24,465.21,479.72,586.62,606.08,600.69,561.51,510.3,529.92,363.09,357.06,338.9,294.8,303.81,277.2
825.17,619.4,375.07,337.79,371.26,534.79,494.65,491.94,493.56,432.15,456.9,272.23,272.44,252.9,237.02,243.3,211.82
825.31,621.45,201.33,187.46,227.56,400.73,385.64,381.95,410.34,323.74,348.63,197.73,202.86,218.94,194.32,166.2,187.17
825.45,623.5,71.6,50.38,96.21,228.32,223.84,191.38,234.63,198.84,217.53,100.39,108.33,126.79,135.13,96.62,110.38
825.59,625.55,9.56,0.08,24.98,60.37,83.25,76.24,112.48,90.88,110.95,32.66,59,70.44,74.87,40.73,57.62
825.73,627.6,0,0,0,0,0.9,0,31.12,25.64,33.02,18.28,0,20.27,19.42,15,10.54
825.87,629.64,0,0,0,9.39,46.79,48.04,57.05,41.38,31.24,36.18,9.89,33.03,12.24,18.09,26.42
826.01,631.69,0,0,0.75,65.15,90.63,98.14,115.88,98.99,145.75,60.22,50.67,70.76,54.62,40.97,35.1
826.15,633.73,37.72,27.78,21.64,157.37,178.29,215.06,182.6,186.57,232.28,116.54,108.43,112.95,134.91,70.06,82.81
826.29,635.78,104.88,91.27,83.21,251.55,249.85,280.32,258.16,279.95,294.13,172.68,160.81,147.63,185.41,117.83,104.04
826.43,637.82,255.92,252.57,245.47,421.13,401.49,443.65,416.44,440.73,392.05,271.21,243.91,252.37,261.65,200.34,194.01
826.57,639.86,410.77,454.21,462.03,580.33,583.75,590.27,550.33,603.12,555.59,378.35,341.95,369.71,314.86,292.82,253.96
826.7,641.9,548.23,611.81,610.54,741.16,730.63,747.18,694.84,697.13,725.74,446.76,435.59,455.33,379.71,377.93,365.87
826.84,643.94,608.2,615.92,610.89,728.16,777.35,765.94,657.85,708.65,747.39,464,448.07,442.12,350.74,385.57,369.98
826.98,645.98,524.56,452.43,426.96,594.56,624.8,660.42,548.58,610.89,659.77,345.3,378.94,376.63,278.19,321.95,297.5
827.12,648.02,319.93,231.34,216.88,330.16,359.57,390.21,303.47,398.96,419.99,200.96,223.02,229.14,150.61,170.98,142.83
827.26,650.06,108.92,65.93,53.52,117.82,117.37,158.03,123.35,169.07,185.91,61.15,86.66,99.89,60.95,57.96,40.07
827.4,652.09,0,0,0,0,0,0,8.63,16.85,23.46,0,0,0,0,0,0
827.54,654.13,0,0,0,0,0,0,0,0,0,0,0,0,0,0,0
827.68,656.16,0,0,0,0,0,0,0,0,0,0,0,0,0,0,0
827.82,658.2,0,0,0,0,0,0,0,0,0,0,0,0,0,0,0
827.96,660.23,0,0,0,0,0,0,0,0,0,0,0,0,0,0,0
828.1,662.26,0,0,0,0,0,0,0,12.67,0,0,5.76,9.94,0,0,12.78
828.24,664.29,5.52,0,0,31.28,67.67,43.79,48.85,82.93,40.59,62.83,42.13,41.49,20.44,14.59,22.57
828.38,666.32,93.06,56.73,84.57,154.49,204.63,178.56,184.77,207.32,154.69,141.52,90.31,101.53,80.07,48.02,85.58
828.52,668.34,132.03,83.85,96.5,212.73,271.3,250.72,236.5,241.26,249.06,181.16,132.67,125.21,133,78.4,89.79
828.65,670.37,126.51,83.85,96.5,181.45,203.63,206.93,187.64,171,208.47,118.33,96.3,93.66,112.56,63.81,80.01
828.79,672.4,38.97,27.12,11.93,58.24,66.67,72.16,51.73,46.61,94.37,39.64,48.11,33.62,52.93,30.38,17
828.93,674.42,0,0,0,0,0,0,29.5,32.26,11.83,0,25.91,27.75,19.88,5.27,0
829.07,676.45,18.31,0,0,59.29,78.15,79.71,105.5,94.76,98.29,7.89,54.8,49.49,48.8,5.27,39.77
829.21,678.47,18.31,0,0,89.13,78.15,109.7,125.54,141.72,117.25,7.89,71.55,49.49,55.98,5.27,39.77
829.35,680.49,18.31,0,0,89.13,78.15,109.7,96.05,109.46,105.42,7.89,45.65,21.74,36.1,0,39.77
829.49,682.51,0,0,0,38.48,17.59,47.86,28.22,89.52,36.3,0,16.75,0,7.18,0,0
829.63,684.53,120.05,93.97,50.39,154.75,182.66,176.94,153.65,179.86,148.45,73.2,100.4,75.58,56.68,56.64,62.65
829.77,686.55,238.48,235.63,161.09,367.52,363.77,348.37,307.64,332.06,290.53,146.82,182.51,184.55,110.47,113.39,130.1
829.91,688.57,318.71,297.41,231.19,479.05,480.38,437.06,387.72,406.38,381.32,165.62,226.1,240,148.15,128.67,156.48
830.04,690.58,318.19,266.51,245.81,479.71,421.47,394.88,361.95,347.85,378.61,152.62,175.33,209.58,153.58,131.72,149.68
830.18,692.6,244.36,165.95,171.77,366.06,309.24,300.39,277.9,251.36,320.28,96.71,101.65,121.91,140.44,118.2,98.63
830.32,694.61,164.13,104.18,101.68,260.42,182.03,193.83,189.65,160.26,249.66,77.9,58.06,66.45,102.77,102.92,72.26
830.46,696.63,44.6,41.11,36.67,126.14,94.84,86.38,113.01,83.87,160.75,33.5,8.43,21.3,40.65,43.22,16.41
830.6,698.64,124,110.48,96.89,165.75,172.55,146.5,154.63,136.74,193.78,70.41,61.24,78.45,53.01,37.87,42.87
830.74,700.65,336.8,317.43,271.19,392.72,362.95,362.4,361.2,286,360.85,179.39,149.14,199.91,108.09,132.12,118.17
830.88,702.66,565.92,468.36,492.1,616.36,552.36,575.89,501.92,446.96,500.63,257.16,255.6,277.93,173.45,213.98,193.8
831.02,704.67,599.44,528.53,561.12,669.79,556.56,561.17,524.11,490.08,520.9,250.79,236.8,266.49,170.53,207.35,203.65
831.16,706.68,527.18,447.26,529.03,591.78,502.67,470.69,453.24,438.13,426.11,172.74,200.66,183.36,171.92,132.71,154.48
831.29,708.69,463.47,459.55,474.17,537.67,473,433.45,431.3,415.45,367.92,130.02,170.83,164.89,187.3,93.71,149.63
831.43,710.69,461.21,389.95,419.43,486.68,463.79,451.99,427.51,376.6,375.88,144.83,175.55,164.3,199.22,126.93,145.32
831.57,712.7,389.16,328.25,330.91,456.25,419.48,444.11,397.65,354.67,399.44,144.97,189.25,150.36,175.79,112.46,156.33
831.71,714.7,265.21,203.32,186.5,372.61,317.96,344,323.61,289.57,366.16,117.32,124.51,96.97,113.23,96.53,122.88
831.85,716.71,164.82,147.61,112.98,317.52,223.66,328.47,279.5,245.73,308.81,69.32,111.41,30.55,77.32,40.26,91.75
831.99,718.71,120.08,139.56,90.79,211.44,153.37,260.94,222.1,182.6,175.45,38.25,45.95,6.16,44.28,35.12,54.6
832.13,720.71,132.55,162.07,112.15,204.25,167.98,255.31,204.29,190.74,159.74,68.35,68.62,7.19,32.46,24.6,31.56
832.26,722.71,274.46,296.35,270.28,330.5,335.04,319.8,283.64,304.37,268.19,138.33,93.18,77.8,60.17,96.62,81.05
832.4,724.71,573.02,535.29,465.08,618.42,596.43,558.63,472.7,520.04,501.4,271.6,253.32,234.6,164.22,210.7,195.76
832.54,726.71,798.57,699.89,630.87,801.68,764.83,730.8,616.79,666.76,647.94,338.12,336.09,335.4,259.46,282.93,264.46
832.68,728.71,805.89,691.92,624.11,801.05,761.67,734.41,625.71,663.29,609.63,326.87,342.41,326.75,279.59,288.02,286.03
832.82,730.7,647.63,568.06,538.11,662.86,650.29,616.48,521.45,546.65,511.15,255.84,225.29,201,216.92,235.33,206.82
832.96,732.7,510.03,464.86,440.77,525,475.59,480.21,437.56,407.39,405.37,167.25,126.61,137.69,155.69,156.41,126.71
833.1,734.69,441.97,427.2,339.64,474.36,374.43,408.17,379.27,350.73,310.53,121.99,93.93,130.05,81.75,86.15,68.25
833.23,736.69,379.33,340.3,276.62,413.83,302.73,312.58,325.13,272.89,245.18,59.76,79.14,129.3,51.38,55.77,41.68
833.37,738.68,325.34,307.73,247.92,379.96,302.02,288.99,230.36,250.43,246.87,46.51,60.5,86.66,19.45,67.15,42.87
833.51,740.67,286.34,289.15,258.21,298.75,305.98,272.73,196.31,215.34,257.61,38.03,82.28,64.48,45.98,91.31,30.16
833.65,742.66,290.54,313.78,277.7,280.1,291.16,346.7,230.52,255.19,258.29,68.43,59.06,71.63,72.47,85.12,36.79
833.79,744.65,334.6,341.61,297.75,289.66,308.57,342.89,277,278.31,229.23,62.29,110.14,82.13,100.29,103.93,60.73
833.93,746.64,344.43,321.2,306.56,300.66,302.08,345.19,266.3,246.58,235.66,65.06,83.83,92.52,104.99,122.62,74.56
834.06,748.63,383.23,424.79,379.69,366.99,401.59,401.82,306.64,300.9,292.8,109.94,143.63,103.03,135.46,179.41,142.83
834.2,750.61,481.79,499.46,498.58,485.76,555.87,501.57,372.47,358.04,364.43,214.72,160.66,148.11,145.81,232.76,177.32
834.34,752.6,649.77,634.57,632.57,651.3,716.27,640.76,535.78,488.68,470.89,333.39,251.26,223.42,219.38,260.65,258.35
834.48,754.58,740.73,673.65,720.88,744.49,741.32,640.61,540.81,509.02,508.06,372.19,255.98,257.18,237.05,265.99,251.16
834.62,756.57,734.67,690.39,718.51,753.35,739.04,686.47,615.89,559.08,526.61,334.11,307.82,283.74,267.82,245.1,261.07
834.75,758.55,696.25,705.44,677.45,682.87,694.43,634.32,528.34,507.19,524.54,242.48,292.12,239.09,231.37,214.98,197.09
834.89,760.53,692.48,674.14,635.72,659.04,688.14,681.5,566.83,512.01,526.85,204.98,327.87,254.56,275.36,233.64,208.55
835.03,762.51,728.01,672.16,642.63,657.88,659.18,667.02,503.04,509.21,529.21,237.6,266.76,257.83,290.79,251.4,236.45
835.17,764.49,714.85,688.16,668.53,686.37,668.56,677.87,537.3,539.8,511.95,275.68,256.77,257.89,312.99,283.61,256.13
835.31,766.47,691.12,690.91,619.52,693.96,657.7,668.16,517.71,515.54,509.19,279,246.01,239.86,256.41,280.04,242.36
835.44,768.45,655.91,674.54,571.39,677.44,622.73,648.33,490.72,472.22,487.69,223,251.95,229.51,202.16,239.8,208.59
835.58,770.42,606.57,641.7,551.13,735.46,594.98,639.73,471,477.17,474.8,220.35,227.56,250.84,187.24,223.56,202.48
835.72,772.4,645.53,648.17,599.18,725.15,622.56,629.79,470.34,490.84,474.63,218.83,238.64,242.98,211.43,246.43,196.49
835.86,774.37,677.47,706.96,655.56,775.15,721.8,691.18,537.38,544.56,504.18,251.11,306.19,277.58,269.39,306.74,215.27
836,776.34,768.83,750.17,673.69,728.59,750.15,699.35,561.25,553.77,557.88,239.96,363.64,288.09,295.58,325.28,245.61
836.13,778.32,757.94,755.8,694.58,741.81,763.6,707.96,548.95,602.48,574.08,252.39,352.01,304.18,272.99,295.04,248.5
836.27,780.29,780.14,769.2,751.9,743.46,752.83,726.68,545.48,610.69,602.78,282.39,342.95,330.51,291.95,300.36,276.61
836.41,782.26,805.97,782.9,795.87,829.1,799.72,847.06,576.72,673.61,605.19,335.86,359.36,331.98,317.69,331.45,288.84
836.55,784.23,854.34,859.14,842.71,862.28,826.83,914.67,614.91,672.81,657.55,372.36,400.79,373.48,360.76,335.55,335.74
836.69,786.2,891.9,900.91,888.09,876.02,839.5,899.49,636.03,663.95,653.85,362.87,391.25,354,373.17,332.99,334.64
836.82,788.16,927.77,933.33,959.45,894.41,859.15,902.98,665.53,638.15,682.87,389.86,396.85,437.99,376.36,334.87,368.32
836.96,790.13,973.06,936.17,997.57,901.91,872.25,895.91,731.54,657.5,679.72,398.76,426.03,422.89,379.1,348.98,335.89
837.1,792.09,989.1,958.77,971.12,890.18,861.13,944.62,724.04,645.36,694.4,433.24,450.12,440.72,364.4,345.31,335.02
837.24,794.06,951.11,948.69,896.65,787.77,835,836.33,657.59,625.94,632.14,350.19,406.02,360.35,320.82,286.43,287.6
837.37,796.02,910.99,869.13,836.39,764.25,806.42,789.26,545.42,604.13,560.15,314.5,330.95,352.34,281.24,267.22,242.18
837.51,797.98,868.06,796.12,766.66,697.61,713.4,684.75,506.86,570.94,499.12,260.84,239.24,302.7,223.99,202.34,193.77
837.65,799.94,935.33,825.63,832.81,757.52,741.93,716.13,534.25,535.35,525.69,280.88,250.56,311.09,244.09,243.14,197.69
837.79,801.9,1034.69,974.91,971.72,793.86,797.91,771.95,587.8,547.6,577.1,287.83,253.81,304.39,250.07,270.51,226.51
837.92,803.86,1241.35,1200.83,1193.95,999.54,984.88,933.77,673.74,665.58,686.56,356.59,361.86,389.51,327.84,355.98,298.12
838.06,805.82,1414.88,1421.28,1377.72,1147.76,1108.41,1115.48,741.63,802.5,786.64,405.05,396.27,417.67,369.95,361.14,312.73
838.2,807.78,1626.94,1576.61,1532.02,1277.87,1204.5,1220.75,800.13,880.37,828.01,422.55,421.39,464.18,368.39,331.97,357.01
838.34,809.73,1710.53,1684.47,1610.87,1294.86,1258.47,1259.58,813.91,846.52,783.98,377.74,361.21,402.74,295.51,265.47,304.64
838.47,811.69,1681.21,1648.09,1623.81,1239.63,1208.22,1221.18,754.19,765.52,710.8,337.85,298.62,351.55,189.86,200.53,238.16
838.61,813.64,1559.75,1569.92,1523.96,1168.95,1163.19,1147.35,689.76,667.12,645.23,310.66,272.73,275.4,159.22,167.28,185.69
838.75,815.6,1396.61,1400.72,1396.76,1084.6,1028.5,1011.85,642.05,624.46,612.06,291.62,296.65,244.06,185.69,166.14,189.67
838.89,817.55,1299.99,1298.07,1238.44,1016.14,1008.7,938.91,615.3,622.08,599.84,320.28,319.95,261.43,248.5,230.01,241.33
839.02,819.5,1231.13,1233.17,1182.55,966.79,982.68,905.09,654.05,663.88,659.79,357.87,386.5,339.39,311.22,295.12,286.55
839.16,821.45,1225.59,1197.59,1122.64,917.1,1008.33,961.27,619.52,660.41,662.47,431.94,429.21,397.16,320.71,375.68,298.9
839.3,823.4,1131.46,1094.77,1105.84,853.52,902.1,877.9,626.51,608.44,599.33,412.6,458.17,399.53,288.44,360.14,276.81
839.43,825.35,1003.43,991.37,983.13,776.72,797.65,787.98,565.01,530.66,502.7,394.18,414.4,353.17,259.41,326.5,250.95
839.57,827.29,898.6,936.19,936.63,756.14,711.42,713.3,587.12,530.49,505.03,345.81,387.33,327.51,289.38,308.2,288.44
839.71,829.24,902.19,912.43,883.57,751.67,714.65,731.06,587.75,578.5,523.86,351.7,323.52,277.78,317.91,327.81,317.16
839.85,831.18,954.87,934.77,932.94,761.99,765.66,771.94,609.22,622.03,591.54,323.18,326.65,293.65,374.02,381.32,331.45
839.98,833.13,987.87,921.09,933.63,749.97,823.67,745.17,598.75,633.29,576.63,293.14,315.6,299,357.25,364.61,313.86
840.12,835.07,989.96,956.51,922.43,773.07,849.81,734.51,594.47,600.06,558.89,267.71,334.47,346.95,354.37,330.15,332.51
840.26,837.01,991.25,962.14,911.1,779.73,835.5,743.43,586.48,564.8,531.45,316.31,336.06,353.62,323.84,296.03,346.5
840.39,838.95,954.08,909.31,860.65,719.28,781.77,724.24,568.44,519.16,531.63,299.96,281.69,327.33,321.33,265.6,329.84
840.53,840.89,945.34,860.25,872.31,671.94,723.15,711.5,526.59,549.7,555.99,283.2,235.59,303.97,303.72,278.4,286.09
840.67,842.83,851.59,838.84,863.96,687.95,658.55,663.12,493.81,510.65,515.76,191.6,188.31,284.77,263.56,227.99,271.46
840.81,844.77,820.15,812.42,846.61,693.63,637.95,653.07,444.43,513.67,486.94,191.49,178.18,269.39,227.2,222.38,241.95
840.94,846.71,831.47,848.1,826.69,687.76,666.81,631.49,459.57,445.54,485.96,255.65,218.33,257.95,241.74,234.34,266.68
841.08,848.64,957.9,861.22,875.21,677.02,732.47,668.37,510.56,480.6,515.84,341.74,274.08,275.78,300.85,299.87,277.65
841.22,850.58,1028.19,1006.55,995.28,749.5,800.02,752.82,570.85,522.29,577.02,404.54,312.87,326.32,340.64,366.08,286.97
841.35,852.51,1050.7,1043.43,1066.24,787.88,859.15,802.17,615.11,573.61,601.83,389.72,371.38,339.24,352.78,377.31,306.98
841.49,854.44,990.53,1058.29,1024.19,776.61,854.62,788.87,584.11,607.68,594.72,350.39,357.38,337.99,328.04,360.01,321.78
841.63,856.37,953.57,952.38,985.37,735.57,815.67,718.15,550.74,569.71,538.91,308.44,354.43,314.79,298.99,318.38,351.26
841.76,858.31,933.93,910.46,919.54,713.21,706.4,672.11,510.44,510.83,494.17,271.98,305.64,312.75,265.74,290.23,327.2
841.9,860.24,923.4,916.64,936.16,738.98,670.59,620.21,498.34,514.46,507.63,286.8,267.13,305.98,275.72,301.98,350.05
842.04,862.16,944.63,985.93,971.55,764.54,676.25,627.43,508.77,514.96,498.28,293.88,294.55,320.82,293.28,336.3,388.14
842.17,864.09,962.19,988.55,991.95,794.11,702.59,648.01,459.94,567.87,508.34,321.8,304.47,348.82,327.97,360.75,391.03
842.31,866.02,975.74,952.17,990.68,757.04,697.29,669.61,461.86,497.87,467.82,278.87,332.55,362.98,308.45,348.67,347.38
842.45,867.94,946.74,864.22,930.52,729.09,634.45,665.02,432.64,466.72,462.16,255.22,303.9,352.42,276.5,306.84,291.64
842.58,869.87,856.5,787.06,885.15,648.94,569.75,602.89,406.94,407.11,393.7,212.5,285.2,350.47,265.8,284.91,278.81
842.72,871.79,805.93,744.23,790.78,614.14,488.74,538.79,366.34,380.91,351.32,215.62,250.32,307.01,221.23,255.78,247.44
842.86,873.71,748.9,714.29,725.63,487.59,439.64,488.94,312.04,341.02,287.58,185.11,206.17,272.61,219.01,242.01,228.76
842.99,875.64,688.77,672.23,663.72,428.61,434.46,444.67,281.38,281.78,251.49,142.67,170.4,193.6,176.81,220.59,222.44
843.13,877.56,617.3,658.18,629.48,338.33,426.63,446.09,219.14,245.29,226.48,139.72,182.8,146.42,180.41,225.64,231.25
843.27,879.48,523.72,571.36,572.8,322.95,387.73,363.1,178.88,180.11,181.78,138.82,156.25,102.62,155.37,182.04,197.74
843.4,881.4,447.8,521.2,492.46,263.27,286.52,285.14,115.13,120.02,144.51,121.42,102.96,68.99,114.12,124.25,156.71
843.54,883.31,339.89,368.39,395.47,188.28,176.67,160.22,45.98,41.58,68.51,66.18,21.91,31.27,69.01,44.92,108.14
843.68,885.23,300.2,284.8,337.71,94.2,115.74,133.88,0,6.49,28.15,51.33,22.42,29.2,64.58,32.62,86.26
843.81,887.14,294.41,274.44,323.52,103.71,114.41,123.8,0,0,0,60.54,45.91,37.19,72.51,40.67,74.07
843.95,889.06,354.95,313.43,323.67,148.59,127.1,149.41,0,0,9.36,75.25,47.14,71.27,69.58,55.53,88.68
844.08,890.97,361.94,406.87,348.95,178.27,144.94,153.51,11.4,8.67,29.93,64.57,68.15,63.04,66.56,71.63,94.54
844.22,892.89,380.94,395.65,365.91,185.65,170.82,160.65,11.4,20.82,45.03,92.72,74.66,69.31,93.34,53.68,120.19
844.36,894.8,347.84,390.99,398.11,165.28,211.95,180.38,11.4,20.82,35.67,95.26,75.9,82.3,99.47,93.28,144.55
844.49,896.71,361.97,328.24,379.88,185.84,193.68,178.71,0,20.15,15.1,98.52,52.54,80.69,75.63,77.58,146.59
844.63,898.62,366.99,346.39,386.89,108.99,237.34,192.29,0,10.47,8.24,71.18,30.23,103.14,72.15,115.42,138.32
844.77,900.52,418.7,345.56,407.58,121.84,232.7,195.59,53.31,65.75,8.24,94.67,43.75,98.75,89.14,89.21,121.53
844.9,902.43,461.41,385.07,447.3,146.06,337.11,240.6,121.72,71.27,32.62,109.33,91.45,129.88,92.6,96.14,156.54
845.04,904.34,497.48,417.94,488.04,228.99,307.89,234.65,202.91,114.23,49.05,140.16,129.99,130.5,121.87,107.88,183.35
845.17,906.24,510.55,460.48,481.8,248.63,357.05,274.07,165.55,134.29,117.68,133.16,173.7,166.63,136.27,148.75,193.97
845.31,908.15,531.09,509.5,505.69,302.08,332.69,310.99,158.73,196.23,143.1,160.11,185.35,175.05,162.92,159.21,199.51
845.45,910.05,590.2,513.42,546.5,285.8,337.28,367.52,152.58,199.5,216.18,152.45,199.41,168.86,138.59,159.03,192.07
845.58,911.95,643.89,562.58,585.55,357.45,351.46,379.31,212.09,198.77,206.58,198.85,209.19,140.73,185.97,147.21,187.66
845.72,913.86,663.37,568.54,534.75,327.93,333.81,328.93,233.48,166.25,194.21,197.53,181.25,145.55,168.92,151.98,201.17
845.85,915.76,578.65,529.97,495.08,347.23,318.32,306.05,211.76,128.28,150.05,206.17,179.6,171.65,174.46,146.33,172.59
845.99,917.66,485.39,468.87,446.88,297.69,286.65,283.67,180.26,113.54,153.11,182.41,141.9,188.38,127.25,129.61,150.94
846.13,919.55,439.94,435.24,471.5,286.64,288.82,268.44,140.65,97.01,140.73,159.28,154.48,180.72,122.62,136.46,114.87
846.26,921.45,476.28,460.75,416.25,280.42,267.82,251.72,134.93,135.04,118.23,138.76,137.69,199.68,109.25,138.24,104.05
846.4,923.35,478.99,471.29,401.71,265.59,243.54,227.73,123.31,96.18,90.85,121.08,178.06,159.48,97.35,102.49,100.04
846.53,925.24,407.5,478.97,390.64,240.25,231.43,260.23,164.26,111.22,85.69,146.02,146.06,155.57,120.37,101.67,78.94
846.67,927.14,332.93,466.56,374.84,203.86,229.93,228.35,142.87,70.92,54.59,113.3,126.12,95.06,92.08,70.87,62.55
846.81,929.03,303.72,413.86,340.06,142.19,191.83,154.86,133.94,53.41,19.88,73.14,53.96,71.39,56.7,87.22,57.29
846.94,930.92,302.54,356.19,293,115.24,145.12,95.77,81.45,51.68,0,23.49,41.04,31.89,39.37,39.45,46.52
847.08,932.81,277.28,302.44,297.52,131.24,145.02,117.63,57.63,82.95,0,39.3,24.52,28.13,45.73,47.31,50.44
847.21,934.7,290.72,302.39,319.42,173.3,154.66,202.22,71.61,83.34,11.86,48.55,35.9,61.87,51.47,44.64,88.5
847.35,936.59,318.31,291.16,351.47,177.2,175.47,196.66,51.14,73.63,64.91,56.76,40.51,85.24,56.24,87.83,106.16
847.48,938.48,305.93,294.64,353.9,162.83,174.35,184.49,48.75,66.04,64.91,52.14,81.3,89.45,69.81,72.23,100.95
847.62,940.37,292.59,252.82,346.71,152.52,169.63,123.39,11.38,75.24,53.04,35.34,108.59,71.5,87.52,87.78,54.23
847.75,942.25,263.18,246.59,302.78,110.02,123.86,93.26,15.83,54.78,0,11.19,84.83,52.96,68.94,47.7,40.87
847.89,944.14,264.47,251.08,268.23,76.73,105.17,91.19,15.83,22.63,0,10.32,52.37,33.83,32.69,51.42,53.32
848.03,946.02,252.91,297.39,258.84,85.29,78.99,97.97,15.83,9.56,0,19.44,13.69,39.42,9.24,13.83,36.77
848.16,947.91,258.51,283.51,256.62,122.18,73.66,136.94,0,0,0,25.92,14.6,26.96,12.31,10.72,19.04
848.3,949.79,320.04,269.25,303.66,150.22,128.96,165.87,0,16.64,23.65,37.69,42.78,67.33,32.22,34,0
848.43,951.67,334.07,282.13,347.2,117.77,168.12,200.32,16.61,17.35,28.74,46.09,63.76,68.23,67.52,43.12,12.51
848.57,953.55,364.02,309.96,347.68,140.95,189.24,172.74,16.61,49.12,28.74,41.55,113.97,71.53,55.21,49.04,14.16
848.7,955.43,335.69,328.17,350.88,146.88,112.1,133.91,16.61,32.48,35.41,22.19,87.03,58.68,35.3,15.04,14.16
848.84,957.31,346.97,315.99,331.7,165.77,75.61,115.38,0,31.77,30.32,31.22,101.15,56.56,0,10.46,1.66
848.97,959.18,335.41,327.64,362.68,128.51,40.34,100.37,0,0,46.79,29.28,69.56,51.23,11.88,4.55,2.05
849.11,961.06,334.56,298.01,347.38,110.67,34.45,84.78,0,0,16.47,26.55,54.63,23.72,11.88,4.55,4.75
849.24,962.94,297.22,271.54,291.93,51.24,16.43,36.72,0,0,16.47,0,19.52,0,11.88,0,4.75
849.38,964.81,196.93,189.8,226.87,28.42,16.43,27.2,0,0,0,0,0,0,0,0,2.69
849.51,966.68,98.33,111.21,121.25,0,4.33,4.1,0,0,0,0,0,0,0,0,0
849.65,968.55,13.61,23.3,56.89,0,0,0,0,0,0,0,0,0,0,0,0
849.78,970.43,0,0,0,0,0,0,0,0,0,0,0,0,0,0,0
849.92,972.3,0,0,0,0,0,0,0,0,0,0,0,0,0,0,0
850.05,974.16,0,0,0,0,0,0,0,0,0,0,0,0,0,0,0
850.19,976.03,0,0,0,0,0,0,0,0,0,0,0,0,0,0,0
850.32,977.9,4.78,25.78,22.21,0,0,0,0,0,0,0,0,0,0,0,0
850.46,979.77,24.98,48.17,57.49,0,0,0,0,0,0,0,0,0,0,0,0
850.59,981.63,42.48,86.04,73.06,0,0,0,0,0,0,1.06,6.37,0,0,0,0
850.73,983.49,37.7,85.62,98.35,9.45,0,0,0,0,0,1.06,6.37,16.13,0,0,0
850.86,985.36,51.22,94.71,100.49,9.45,11.52,0,0,0,0,1.06,12.53,26.37,0,0,0
851,987.22,36.71,77.76,102.94,9.45,11.52,0,0,0,0,0,6.17,31.75,0,0,0
851.13,989.08,36.71,53,55.43,0,11.52,0,0,0,0,0,6.17,15.62,0,0,0
851.27,990.94,2.98,21.52,18.01,0,0,0,0,0,0,0,0,5.38,0,0,0
851.4,992.8,0,0.59,0,0,0,0,0,0,0,0,9.06,0,0,0,0
851.54,994.66,0,0,0,0,0,0,0,0,0,0,9.06,0,0,0,0
851.67,996.51,0,0,0,0,0,0,0,0,0,0,9.06,4.4,0,0,0
851.81,998.37,0,15.3,0,0,0,0,0,0,0,0,14.61,4.4,0,0,0
851.94,1000.22,0,15.3,0,0,0,0,0,0,0,0,14.61,4.4,0,0,0
852.08,1002.08,0,15.3,0,0,0,0,0,0,0,0,14.61,14.41,0,0,0
852.21,1003.93,0,0,0,0,0,0,0,0,0,4.07,0,14.41,0,0,0
852.34,1005.78,0,0,0,0,0,0,0,0,0,4.07,0,14.41,0,0,0
852.48,1007.63,0,0,0,0,0,0,0,0,0,4.07,0,0,0,0,0
852.61,1009.48,0,0,0,0,0,0,0,0,0,0,0,0,0,0,0
852.75,1011.33,0,0,0,0,0,0,0,0,0,0,0,0,0,0,0
852.88,1013.18,0,0,0,0,0,0,0,0,0,0,0,0,0,0,0
853.02,1015.03,0,0,0,0,0,0,0,0,0,0,0,0,0,0,0
853.15,1016.87,0,0,0,0,0,0,0,0,0,0,0,0,0,0,0
853.29,1018.72,0,0,0,0,0,0,0,0,0,0,0,0,0,0,0
853.42,1020.56,0,0,0,0,0,0,0,0,0,0,0,0,0,0,0
853.55,1022.4,0,0,0,0,0,0,0,0,0,0,0,0,0,0,0
853.69,1024.24,0,0,0,0,0,0,0,0,0,0,0,0,0,0,0
853.82,1026.08,0,0,0,0,0,0,0,0,0,0,0,0,0,0,0
853.96,1027.92,0,0,0,0,0,0,0,0,0,0,0,0,0,0,0
854.09,1029.76,0,0,0,0,0,0,0,0,0,0,0,0,0,0,0
854.22,1031.6,0,0,0,0,0,0,0,0,0,0,0,0,0,0,0
854.36,1033.44,0,0,0,0,0,0,0,0,0,0,0,0,0,0,0
854.49,1035.27,0,0,0,0,0,0,0,0,0,0,0,0,0,0,0
854.63,1037.11,0,0,0,0,0,0,0,0,0,0,0,0,0,0,0
854.76,1038.94,0,0,0,0,0,0,0,0,0,0,0,0,0,0,0
854.89,1040.77,0,0,0,0,0,0,0,0,0,0,0,0,0,0,0
855.03,1042.6,0,0,0,0,0,0,0,0,0,0,0,0,0,0,0
855.16,1044.43,0,0,0,0,0,0,0,0,0,0,0,0,0,0,0
855.3,1046.26,0,0,0,0,0,0,0,0,0,0,0,0,0,0,0
855.43,1048.09,0,0,0,0,0,0,0,0,0,0,0,0,0,0,0
855.56,1049.92,0,0,0,0,0,0,0,0,0,0,0,0,0,0,0
855.7,1051.75,0,0,0,0,0,0,0,0,0,0,0,0,0,0,0
855.83,1053.57,0,0,0,0,0,0,0,0,0,0,0,0,0,0,0
855.96,1055.4,0,0,0,0,0,0,0,0,0,0,0,0,0,0,0
856.1,1057.22,0,0,0,0,0,0,0,0,0,0,0,0,0,0,0
856.23,1059.04,0,0,0,0,0,0,0,0,0,0,0,0,0,0,0
856.37,1060.86,0,0,0,0,0,0,0,0,0,0,0,0,0,0,0
856.5,1062.68,0,0,0,0,0,0,0,0,0,0,0,0,0,0,0
856.63,1064.5,0,0,0,0,0,0,0,0,0,0,0,0,0,0,0
856.77,1066.32,0,0,0,0,0,0,0,0,0,0,0,0,0,0,0
856.9,1068.14,0,0,0,0,0,0,0,0,0,0,0,0,0,0,0
857.03,1069.96,0,0,0,0,0,0,0,0,0,0,0,0,0,0,0
857.17,1071.77,0,0,0,0,0,0,0,0,0,0,0,0,0,0,0
857.3,1073.59,0,0,0,0,0,0,0,0,0,0,0,0,0,0,0
857.43,1075.4,0,0,0,0,0,0,0,0,0,0,0,0,0,0,0
857.57,1077.21,0,0,0,0,0,0,0,0,0,0,0,0,0,0,0
857.7,1079.02,0,0,0,0,0,0,0,0,0,0,0,0,0,0,0
857.83,1080.83,0,0,0,0,0,0,0,0,0,0,0,0,0,0,0
857.97,1082.64,0,0,0,0,0,0,0,0,0,0,0,0,0,0,0
858.1,1084.45,0,0,0,0,0,0,0,0,0,0,0,0,0,0,0
858.23,1086.26,0,0,0,0,0,0,0,0,0,0,0,0,0,0,0
858.36,1088.06,0,0,0,0,0,0,0,0,0,0,0,0,0,0,0
858.5,1089.87,0,0,0,0,0,0,0,0,0,0,0,0,0,0,0
858.63,1091.67,0,0,0,0,0,0,0,0,0,0,0,0,0,0,0
858.76,1093.48,0,0,0,0,0,0,0,0,0,0,0,0,0,0,0
858.9,1095.28,0,0,0,0,0,0,0,0,0,0,0,0,0,0,0
859.03,1097.08,0,0,0,0,0,0,0,0,0,0,0,0,0,0,0
859.16,1098.88,0,0,0,0,0,0,0,0,0,0,0,0,0,0,0
859.3,1100.68,0,0,0,0,0,0,0,0,0,0,0,0,0,0,0
859.43,1102.48,0,0,0,0,0,0,0,0,0,0,0,0,0,0,0
859.56,1104.27,0,0,0,0,0,0,0,0,0,0,0,0,0,0,0
859.69,1106.07,0,0,0,0,0,0,0,0,0,0,0,0,0,0,0
859.83,1107.86,0,0,0,0,0,0,0,0,0,0,0,0,0,0,0
859.96,1109.66,0,0,0,0,0,0,0,0,0,0,0,0,0,0,0
860.09,1111.45,0,0,0,0,0,0,0,0,0,0,0,0,0,0,0
860.22,1113.24,0,0,0,0,0,0,0,0,0,0,0,0,0,0,0
860.36,1115.03,0,0,0,0,0,0,0,0,0,0,0,0,0,0,0
860.49,1116.82,0,0,0,0,0,0,0,0,0,0,0,0,0,0,0
860.62,1118.61,0,0,0,0,0,0,0,0,0,0,0,0,0,0,0
860.75,1120.4,0,0,0,0,0,0,0,0,0,0,0,0,0,0,0
860.89,1122.19,0,0,0,0,0,0,0,0,0,0,0,0,0,0,0
861.02,1123.97,0,0,0,0,0,0,0,0,0,0,0,0,0,0,0
861.15,1125.76,0,0,0,0,0,0,0,0,0,0,0,0,0,0,0
861.28,1127.54,0,0,0,0,0,0,0,0,0,0,0,0,0,0,0
861.42,1129.33,0,0,0,0,0,0,0,0,0,0,0,0,0,0,0
861.55,1131.11,0,0,0,0,0,0,0,0,0,0,0,0,0,0,0
861.68,1132.89,0,0,0,0,0,0,0,0,0,0,0,0,0,0,0
861.81,1134.67,0,0,0,0,0,0,0,0,0,0,0,0,0,0,0
861.94,1136.45,0,0,0,0,0,0,0,0,0,0,0,0,0,0,0
862.08,1138.23,0,0,0,0,0,0,0,0,0,0,0,0,0,0,0
862.21,1140,0,0,0,0,0,0,0,0,0,0,0,0,0,0,0
862.34,1141.78,0,0,0,0,0,0,0,0,0,0,0,0,0,0,0
862.47,1143.55,0,0,0,0,0,0,0,0,0,0,0,0,0,0,0
862.6,1145.33,0,0,0,0,0,0,0,0,0,12.7,0,0,0,0,0
862.74,1147.1,0,0,0,0,0,0,0,0,0,12.7,0,0,0,0,0
862.87,1148.87,0,0,0,0,0,0,0,0,0,12.7,0,0,0,0,0
863,1150.64,0,0,0,0,0,0,0,0,0,0,0,0,0,0,0
863.13,1152.41,0,0,0,0,0,0,0,0,0,0,0,0,0,0,0
863.26,1154.18,0,0,0,0,0,0,0,0,0,0,0,0,0,0,0
863.4,1155.95,0,0,0,0,0,0,0,0,0,0,0,0,0,0,0
863.53,1157.72,0,0,0,0,0,0,0,0,0,0,0,0,0,0,0
863.66,1159.48,0,0,0,0,0,0,0,0,0,0,0,0,0,0,0
863.79,1161.25,0,0,0,0,0,0,0,0,0,0,0,0,0,0,0
863.92,1163.01,0,0,0,0,0,0,0,0,0,0,0,0,0,0,0
864.05,1164.77,0,0,0,0,0,0,0,0,0,0,0,0,0,0,0
864.19,1166.54,0,0,0,0,0,0,0,0,0,0,0,0,0,0,0
864.32,1168.3,0,0,0,0,0,0,0,0,0,0,0,0,0,0,0
864.45,1170.06,0,0,0,0,0,0,0,0,0,0,0,0,0,0,0
864.58,1171.81,0,0,0,0,0,0,0,0,0,0,0,0,0,0,0
864.71,1173.57,0,0,0,0,0,0,0,0,0,0,0,0,0,0,0
864.84,1175.33,0,0,0,0,0,0,0,0,0,0,0,0,0,0,0
864.97,1177.08,0,0,0,0,0,0,0,0,0,0,0,0,0,0,0
865.11,1178.84,0,0,0,0,0,0,0,0,0,0,0,0,0,0,0
865.24,1180.59,0,0,0,0,0,0,0,0,0,0,0,0,0,0,0
865.37,1182.34,0,0,0,0,0,0,0,0,0,0,0,0,0,0,0
865.5,1184.1,0,0,0,0,0,0,0,0,0,0,0,0,0,0,0
865.63,1185.85,0,0,0,0,0,0,0,0,0,0,0,0,0,0,0
865.76,1187.6,0,0,0,0,0,0,0,0,0,0,0,0,0,0,0
865.89,1189.35,0,0,0,0,0,0,0,0,0,0,0,0,0,0,0
866.02,1191.09,0,0,0,0,0,0,0,0,0,0,0,0,0,0,0
866.15,1192.84,0,0,0,0,0,0,0,0,0,0,0,0,0,0,0
866.29,1194.59,0,0,0,0,0,0,0,0,0,0,0,0,0,0,0
866.42,1196.33,0,0,0,0,0,0,0,0,0,0,0,0,0,0,0
866.55,1198.07,0,0,0,0,0,0,0,0,0,0,0,0,0,0,0
866.68,1199.82,0,0,0,0,0,0,0,0,0,0,0,0,0,0,0
866.81,1201.56,0,0,0,0,0,0,0,0,0,0,0,0,0,0,0
866.94,1203.3,0,0,0,0,0,0,0,0,0,0,0,0,0,0,0
867.07,1205.04,0,0,0,0,0,0,0,0,0,0,0,0,0,0,0
867.2,1206.78,0,0,0,0,0,0,0,0,0,0,0,0,0,0,0
867.33,1208.51,0,0,0,0,0,0,0,0,0,0,0,0,0,0,0
867.46,1210.25,0,0,0,0,0,0,29.18,26.77,0,0,0,0,0,0,0
867.59,1211.98,0,0,0,0,0,0,29.18,26.77,0,16.52,0,0,0,0,0
867.72,1213.72,0,0,0,0,0,0,62.5,91.77,25.98,16.52,16.67,22.6,4.5,0,12.76
867.85,1215.45,0,0,0,0,0,0,72.63,104.67,27.65,16.52,16.67,22.6,4.5,0,12.76
867.98,1217.19,0,0,0,0,0,11.98,116.52,118.31,47.6,9.63,33.71,31.59,4.5,0,12.76
868.12,1218.92,0,0,0,0,0,11.98,106.28,54.84,31.12,9.63,17.04,9,0,0,0
868.25,1220.65,0,0,0,15.31,0,11.98,112.31,15.17,88.91,32.91,17.04,11.47,0,0,0
868.38,1222.38,0,0,0,15.31,0,0,111.6,38.56,97.29,23.31,0,2.47,0,0,0
868.51,1224.1,0,0,0,15.31,0,0,119.93,87.65,96.7,23.31,0,2.47,0,0,0
868.64,1225.83,0,0,0,0,0,0,85.86,87.65,51.38,0.03,0,0,0,0,0
868.77,1227.56,0,0,0,0,0,0,42.68,68.6,23.05,0,0,0,0,0,0
868.9,1229.28,0,0,0,0,0,0,31.81,54.15,22.58,0,0,0,0,0,0
869.03,1231.01,5.07,21.83,0,0,0,0,58.54,76.13,38.38,19.18,0,0,0,0,0
869.16,1232.73,14.44,44.09,1.95,26.05,0,14.08,88.8,108.09,70.59,27,0,17.89,0,0,3.1
869.29,1234.45,14.44,56.63,14.33,30.58,0,37.22,117.29,108.65,97.79,43.26,0,17.89,0,0,3.1
869.42,1236.18,14.15,64.44,28.96,30.58,3.76,49.25,125.59,148.7,133.82,24.09,0,21.95,0,4.74,3.1
869.55,1237.9,16.46,81.18,41.16,29.66,26.96,50.39,117.51,114.01,182.78,16.26,0,21,0,27.45,0
869.68,1239.61,59.09,75.4,56.5,55.59,56.99,45.37,132.57,136.81,196.55,11.49,0,35.53,0,30.18,0
869.81,1241.33,54.31,88.11,53,81.89,77.94,67.86,119.13,112.1,164.15,11.49,1.05,45.37,0,32.63,0
869.94,1243.05,42.63,83.41,79.09,93.63,98.84,57.31,141.63,164.66,137.01,29.92,7.48,28.42,0,9.91,0
870.07,1244.77,17.12,99.98,68.11,79.66,88.03,91.04,127.06,171.81,122.47,27.87,7.48,14.93,1.49,7.19,6.35
870.2,1246.48,53.5,70.37,76.95,97.87,93.07,98.62,192.99,233.79,156.42,47.33,40.33,9.5,21.8,14.71,10.2
870.33,1248.2,74.43,107.81,66.83,110.16,84.51,155.93,243.63,245.47,166.41,63.62,83.47,24.63,53.84,28.51,57.11
870.46,1249.91,97.84,144.62,100.09,121.86,139.69,155.65,242.65,223.21,206.11,82.85,95.04,51.75,58.14,28.51,51.09
870.59,1251.62,98.3,203.81,126.72,149.64,182.94,171.43,235.06,203.32,217.86,99.03,93.74,83.49,39.05,32.2,67.36
870.72,1253.33,116.36,143.94,108.61,146.71,205.82,147.84,183.07,199.37,212.87,84.38,61.6,93.39,24.79,23.06,31.79
870.85,1255.04,80.81,137.78,80.22,134.53,166.11,124.66,206.8,210.13,193.27,56.34,65.74,65.23,19.01,29.79,40.83
870.98,1256.75,77.64,91.67,65.21,86.42,110.8,69.55,159.91,193.6,163.04,21.24,33.14,34.36,29.99,12.88,20.72
871.11,1258.46,80.86,102.61,80.58,40.19,80.91,56.18,136.07,177.46,143.19,1.17,15.71,11.09,28.25,8.22,9.38
871.24,1260.17,118.03,56.49,87.88,66.47,89.97,47.77,144.84,205.25,149.61,17.86,18.57,37.33,28.25,2.42,0
871.36,1261.87,114.8,83.98,108.13,86.72,100.67,63.66,152.88,234.65,172.3,23.37,42.28,37.73,27.52,12.13,12.37
871.49,1263.58,160.29,127.85,138.42,135.25,108.45,120.95,196.98,239.42,222.7,58.08,71.71,63.07,52.74,48.15,13.21
871.62,1265.28,140.84,119.99,136.42,116.66,115.63,115.66,179.46,211.91,225.49,52.15,61.96,48.36,60.82,47.21,13.21
871.75,1266.99,168.67,137.86,104.37,121.04,107.79,140.99,221.88,195.01,238.88,46.1,38.24,61.81,66.49,58.31,24.21
871.88,1268.69,139.23,150.44,83.36,93.84,111.36,95.41,254.02,260.16,222.64,19.61,33.6,34.7,60.78,29.69,44.83
872.01,1270.39,163.95,204.65,110.19,119.51,139.78,139.34,274.66,257.8,197.57,8.23,24.78,23.17,60.79,30,44.83
872.14,1272.09,204.07,175.79,178.73,130.25,215.62,154.36,277.69,287.49,208.22,19.7,49.26,0,70.08,16.38,32.44
872.27,1273.79,195.25,131.66,193.33,153.75,193.87,169.79,269.43,232.56,213.91,11.47,40.88,0,36.32,27.05,10.99
872.4,1275.49,225.26,123.03,187.42,141.45,196.32,154.41,289.01,253.46,283.76,32.6,44.79,9.02,64.29,39.77,29.27
872.53,1277.18,186.78,103.9,138.35,112.68,169.29,123.88,293.09,258.52,253.77,32.16,30.53,9.02,51.32,49.55,41.61
872.66,1278.88,160.26,118.38,131.55,123.88,203.9,154.33,257.44,254.19,263.73,32.16,14.12,9.02,60.18,32.16,48.47
872.79,1280.57,115.12,135.92,150.48,129.51,166.6,156.52,225.85,282.25,218.39,11.03,16.96,0,40.66,22.72,30.19
872.92,1282.27,114.95,196.75,172.69,185.12,198.27,209.69,227.87,295.57,238,33.19,6.75,11.36,39.31,16.12,12.48
873.05,1283.96,152.05,221.53,209.17,233.37,217.91,229.5,326.5,341.18,260.55,57.59,16.88,48.33,47.12,58.02,27.61
873.17,1285.65,214.45,273.58,232.6,319.26,310.53,304.94,378.08,372.38,346.03,62.2,38.21,63.91,49.45,106.08,76.63
873.3,1287.34,281.8,275.59,244.98,319.47,307.45,328.69,404.59,393.87,383.79,50.52,38.21,57.43,50.6,99.98,89.09
873.43,1289.03,300.33,294.11,267.86,316.22,366.58,305.97,402.28,433.18,392.72,46.88,40.75,48.67,84.82,83.6,86.94
873.56,1290.72,298.7,280.47,298.91,317.17,348.9,338.78,381.13,439.99,399.47,70.64,41,58.96,91.43,56.28,79.52
873.69,1292.41,320.14,338.89,345.03,404.21,376.64,379.34,409.38,456.85,468.27,82,73.56,79.51,115.65,95.57,98.7
873.82,1294.1,435.76,412.15,405.98,474.46,407.92,471.43,443.79,500.21,527.9,112.74,104.8,86.79,129.6,129.59,120.94
873.95,1295.78,526.22,471.26,422.44,515.91,462.39,466.39,515.03,501.4,548.36,127.54,121.77,70.11,150.61,179.99,104.24
874.08,1297.47,557.2,526.55,488.07,524.23,496.4,496.88,587.45,504.09,566.99,153.05,127.44,95.82,195.67,192.45,121.26
874.2,1299.15,558.03,559.34,494.54,539.1,492.62,518.57,572.36,486.28,601.11,133.27,134.5,89.91,163.46,198.63,113.33
874.33,1300.84,535.26,596.2,541.74,566.72,512.92,600.01,576.34,543.85,594.95,123.44,129.17,115.94,164.53,170.43,96.35
874.46,1302.52,556.79,540.69,557.56,611,544.87,618.1,521.26,591.04,586.73,133.1,119.66,88.79,147.77,181.39,85.87
874.59,1304.2,525.06,530.57,565.44,621.04,598.24,572.94,545.57,643.27,535.23,117.03,90.75,101.91,167.29,177.96,125.66
874.72,1305.88,598.17,553.64,563.5,648.62,593.48,527.65,628.38,625.67,569.9,126.34,99.89,98.41,195.53,186.26,195.85
874.85,1307.56,583.14,560.55,508.73,580.75,575.26,494.56,643.03,584.91,529.06,90.04,121.08,104.3,160.83,179.61,205.76
874.98,1309.24,564.29,572.31,479.15,543.08,504.92,509.35,617.51,505.97,541.06,76.45,115.32,67.9,147.53,159.01,169.72
875.1,1310.91,509.29,500.92,447.4,489.62,457.77,439.66,546.49,500.87,531.88,61.57,80.27,59.54,130.94,130.81,137.73
875.23,1312.59,478.03,521.94,408.06,486.26,413.39,421.74,493.21,486.49,537.76,43.96,37.49,35.79,140.64,123.88,110.36
875.36,1314.26,538.85,475.35,412.45,479.01,440.76,372.9,506.31,536.17,528.03,49.96,63.65,44.63,143.28,104.9,113.93
875.49,1315.94,539.86,474.29,416.68,418.62,436.35,388.94,492.91,524.01,499.12,44.34,74.85,31.86,126.65,118.64,89.56
875.62,1317.61,496.72,473.07,443.43,421.45,416.47,385.52,522.36,534.35,466.38,33.76,85.43,41.47,104.74,85.43,81.57
875.75,1319.28,442.33,450.93,470.58,390.05,386.69,423.18,482.52,464.07,465.37,51.79,82.61,33.34,83.11,90.5,66.2
875.87,1320.95,407.9,459.75,463.02,433.97,380.56,412.17,439.64,438.74,423.62,30.3,82.62,22.75,50.64,81.07,72.99
876,1322.62,436.32,436.42,424.97,424.77,428.3,395.69,411.26,396.58,454.71,30.87,97.34,18.49,52.9,81.03,85.5
876.13,1324.29,431.83,437.16,379.33,461.34,436.14,412.3,431.27,385.14,462.19,30.36,65.32,48.5,83.11,56.93,108.28
876.26,1325.96,441.96,395.54,374.98,475.9,453.3,457.24,445.56,402.98,466.28,59.35,56.8,74.29,113.81,62.33,117.57
876.39,1327.63,437.85,357.65,381.7,457.23,432.56,454.27,472.58,418.54,429.42,66.6,42.87,85.72,160.8,67.67,112.46
876.51,1329.29,428.81,387.84,389.49,453.67,459.25,437.06,502.98,433.48,434.28,63.46,71.21,72.41,149.4,111.62,110.63
876.64,1330.96,444.52,430.45,402.02,457.2,458.36,455.28,512.79,449.48,466.53,50.91,119.49,91.71,160.27,150.18,113.74
876.77,1332.62,459.53,453.01,426.18,534.4,513.14,484.81,537.87,521.1,510.72,75.19,122.25,108.49,152.31,172.57,129.69
876.9,1334.28,473.07,388.43,404.85,547.14,507.45,510.56,526.45,546.21,501.74,64.18,110.05,112.98,162.08,190.02,147.02
877.03,1335.95,442.02,344.6,352.6,547.99,509.87,500.4,529.77,536.71,492.15,53.43,74.12,105.07,171.12,171.08,171.96
877.15,1337.61,427.5,311.61,334.86,520.39,454.49,500.78,486.92,479.71,486.73,41.73,91.9,93.53,167.89,165.18,191.28
877.28,1339.27,393.28,346.93,321.08,509.45,431.1,462.48,460.35,482.32,468.58,42.52,71.5,100.82,156.82,131.46,144.77
877.41,1340.92,433.48,386.33,344.05,517.61,477.15,493.61,492.17,491.32,507.82,67.57,57.36,89.37,157.03,101.67,146.54
877.54,1342.58,443.09,439.14,354.08,506.21,538.3,519.51,524.71,532.38,531.12,108.55,41.49,106.18,176.85,121.5,140.91
877.66,1344.24,527.01,436.25,407.09,563.14,639.77,581.73,598.88,557.05,572.02,156.68,102.43,141.81,204.17,161.48,178.11
877.79,1345.9,520.35,429.77,418.49,582.51,644,560.71,584.76,598.1,553.64,144.41,129.64,158.71,206.43,212.75,148.59
877.92,1347.55,556.21,434.15,435.76,611.43,665.45,587.23,602.82,549.32,545.1,105.86,125.56,138.31,180.08,196.73,145.12
878.05,1349.2,534.05,479.16,434.31,637.01,569.55,596.41,564.49,540.82,516.5,80.45,82.63,100.39,157.56,164.21,144.15
878.17,1350.86,512.74,487.04,432.39,598.81,535.53,621.8,567.34,518.49,511.4,86.08,79.4,88.19,144.77,151.74,145.22
878.3,1352.51,509.64,489.1,450.99,625.82,503.06,621.06,548.01,561.98,462.46,93.43,97.89,128.35,133.69,104.45,154.02
878.43,1354.16,472.62,491.24,427.99,594.28,527.36,587.42,507.08,525.87,465.58,101.7,121.3,130.44,169.23,89.31,161.76
878.56,1355.81,486.12,455.58,444.19,628.62,501.2,520.66,508.99,524.92,458.52,79.34,95.08,128.58,137.48,72.55,175.21
878.68,1357.46,475.38,463.99,430.12,601.07,485.14,467,496.95,520.36,509.52,65.58,80.46,99.97,148.68,124.93,185.27
878.81,1359.1,491.5,419.6,387.24,556.07,474.63,475.22,558.42,533.96,523.02,26.87,35.66,74.07,91.6,133.83,158.39
878.94,1360.75,437.16,412.4,354.89,543.29,486,479.31,508.06,489.73,530.35,65.52,50.78,54.87,118.57,127.78,143.55
879.06,1362.4,393.01,334.06,322.39,512.4,451.59,516.95,491.53,479.34,512.18,72.21,27.83,42.71,86.93,117.45,96.1
879.19,1364.04,353.16,316.02,319.18,549.5,479.83,502.25,399.61,440.22,480.61,88.05,27.83,52.37,103.79,104.95,101.48
879.32,1365.69,381.96,344.63,303.95,553.94,474.06,523.19,445.65,453.37,461.99,83.71,43.95,93.84,101.48,101.61,91.35
879.45,1367.33,405.29,386.09,349.23,602.59,525.17,544.02,490.18,460.02,449.53,88.08,61.9,101.02,136.88,100.32,112.94
879.57,1368.97,443.15,400.07,378.7,612.46,527.49,582.06,522.88,488.84,452.57,113.15,106.96,124.9,164.01,142.74,125.91
879.7,1370.61,465.32,410.03,432.81,617.99,561.15,620.75,533.53,486.6,433.89,130.03,97.3,131.59,162.63,159,158.71
879.83,1372.25,468.8,413.3,429.88,631.19,658.12,646.77,538.13,474.31,449.47,154.4,144.47,147.1,166.42,200.75,187.67
879.95,1373.89,473.15,453.09,472.47,631.61,640.98,652.33,559.89,524.84,508.89,149.14,185,139.64,164.92,206.55,206.01
880.08,1375.53,459.13,478.18,434.7,634.03,667.49,669.87,511.26,554.32,572.59,153.35,198.01,121,212.92,206.51,205.85
880.21,1377.16,470.65,455.81,440.45,671.99,591.88,613.3,469.14,549.96,568.11,162.61,191.06,117.72,226.98,209.18,194.4
880.33,1378.8,436.04,378.29,365.72,613.18,596.49,544.61,426.85,500.76,484.79,161.23,129.8,82.25,222.42,183.24,157
880.46,1380.43,363.17,281.52,271.74,559.15,541.2,482.01,403.28,438.95,409.86,117.45,125.48,51.26,172.13,168.24,145.55
880.59,1382.07,303.73,224.51,176.83,440.22,476.35,447.52,338.44,371.19,378.65,63.92,75.74,39.87,163.78,104.17,123.02
880.71,1383.7,265.49,171.35,145.12,400.84,436.71,428.23,359.09,325.93,369.93,25.15,98.04,42.75,142.48,89.15,114.22
880.84,1385.33,298.89,208.5,174.7,425.13,468.73,423.27,398.03,349.28,420.15,57.47,81.15,75.53,142.01,83.3,108.57
880.97,1386.96,344.71,257.07,232.36,467.2,494.51,465.75,458.68,351.34,414.43,63.38,121.51,61.24,112.15,111.71,126.86
881.09,1388.59,398.18,329.28,295.99,540.59,528.96,530.54,451.95,359.68,441.31,108.06,105.69,121.42,126.45,130.95,149.64
881.22,1390.22,423.84,317.01,325.48,581.54,534.62,556.55,427.71,335.18,379.68,97.49,124.23,124.64,141.8,122.57,156.14
881.35,1391.85,394.26,312.83,312.37,546.93,502.71,526.99,384.53,330.06,359.44,107.17,107.37,167.45,140.09,81.13,123.57
881.47,1393.47,388.1,249.73,282.35,518.09,473.91,490.53,338.41,311.33,343.57,123.77,115.09,133.51,119.65,67.95,115.61
881.6,1395.1,343.92,194.6,273.95,472.92,423.77,470.72,288.56,310.54,311.32,110.86,127.95,103.38,77.7,73.94,91.13
881.73,1396.72,281.27,139.34,217.42,465.63,401.5,424.46,281.87,302.24,268.56,109.64,124.18,74.28,88.81,81.3,111.04
881.85,1398.35,237.48,104.6,151.07,420.9,335.12,373.41,242.35,300.44,215.95,60.12,121.77,74.22,76.96,73.38,76.33
881.98,1399.97,212.67,78.5,73.18,345.49,314.06,333.35,238.1,246.57,214.96,37.24,64.27,60.46,67.61,41.62,51.1
882.1,1401.59,200.06,61.26,27.99,286.64,292.88,298.16,212.36,211.54,225.45,11.76,36.13,33.23,24.29,31.9,5.55
882.23,1403.21,124.65,68.22,6.98,249.34,287.24,310.19,241.1,191.99,165.1,0,26.59,4.18,3.24,5.9,0
882.36,1404.83,104.22,112.15,52.47,259.37,212.6,254.54,199.46,157.72,151.03,11,26.59,22.62,0,5.9,6.04
882.48,1406.45,135.76,155.05,103.06,279.73,225.61,277.54,237.76,167.71,103.89,18.78,43.92,36.37,13.07,0.16,28.6
882.61,1408.07,196.95,207.59,146.63,347.42,237.94,304.86,196.66,165.65,165.01,37.68,60.81,41.13,29.76,29.3,42.03
882.73,1409.68,272,206.99,171.05,388.66,335.83,358.39,265.39,197.74,183.97,34.83,82.23,61.05,67.84,53.3,59.42
882.86,1411.3,301.69,222.69,207.1,456.56,345.36,379.24,252.07,195.77,247.52,52.45,95.96,86.11,100.61,53.3,54.96
882.99,1412.91,344.81,241.48,222.23,473.24,392.33,333.86,295.12,192.84,236.79,33.55,69.6,90.09,108.3,44.57,52.44
883.11,1414.53,349.45,284.13,250.89,466.8,402.52,327.68,271.01,222.41,224.88,56.12,95.94,63.44,114.72,38.21,50.96
883.24,1416.14,380.52,317.86,286.95,433.8,441.47,354.27,255.27,234.02,227.68,30.72,127.2,49.03,71.06,75.52,50.42
883.36,1417.75,384.45,350.79,289.53,439.35,479.63,386.07,261.7,270.79,256.64,59.68,142.48,85.98,56.13,81.81,46.58
883.49,1419.36,393.69,353.35,282.42,453.89,484.11,410.52,306.4,263.16,334.86,43.34,137.57,105.08,25.68,106.92,38.57
883.61,1420.97,407.8,358.44,291.49,470.65,508.47,409.52,335.59,303.35,319.24,47.59,91.36,112.53,23.94,90.08,21.01
883.74,1422.58,433.65,345.27,369.3,445.18,496.93,430.61,348.83,318.59,326.67,38.86,87.39,120.23,31.48,79.84,26.98
883.87,1424.19,424.15,381.75,414.08,497.04,548.38,452.01,322.67,327.76,296.36,29.94,89.9,90.07,58.17,40.75,47.1
883.99,1425.79,390.85,406.75,403.71,531.45,548.7,503.96,318.34,346.09,332.2,59.04,110.43,54.04,58.57,24.38,47.1
884.12,1427.4,431.63,505.83,409.09,576.29,582.12,544.01,332.39,367.46,352.42,67.06,131.21,43.15,90.91,26.26,43.86
884.24,1429,488.5,528.33,439.2,543.91,582.3,532.81,367.48,404.87,351.68,107.34,124.9,69.51,59.18,41.08,12.22
884.37,1430.61,564.23,577.35,479.17,533.74,618.7,588.49,387.07,367.11,382.09,129.3,116.96,118.81,73.83,53.28,26.05
884.49,1432.21,593.82,605.56,527.66,570.45,629.97,580.71,374.81,396.16,399.66,111.96,107.37,118.89,51.52,62.52,45.16
884.62,1433.81,601.83,613.19,551.89,650.93,610.67,635.69,353.26,390.59,401.6,112.86,104.7,130.21,54.15,79.02,51.2
884.74,1435.41,610.26,646.89,609.53,696.85,616.13,617.76,348.76,423.72,366.25,88.02,103.61,124.46,81.38,62.78,61.51
884.87,1437.01,652.44,652.35,652.91,720.54,608.02,658.93,315.64,386.57,348.93,110.09,84.09,116.61,77.21,59.81,32.59
884.99,1438.61,729.93,697.1,718.92,699.88,657.9,688.75,347.11,420.01,374.55,95.3,98.38,105.57,89.19,69.33,60.65
885.12,1440.2,772.39,729.49,742.23,699.88,707.1,682.54,362.52,423.71,392.09,99.64,105.48,101.32,53.66,79.33,57.52
885.24,1441.8,839.27,773.29,737.94,653.31,774.39,705.43,416.3,422.45,411.01,120.89,139.15,104.66,57.39,90.6,64.15
885.37,1443.4,866,803.62,774.83,665.63,803.21,722.53,417.24,414.34,409.07,125.84,147.84,117.35,75.5,53.9,47.66
885.49,1444.99,904.04,828.91,826.69,713.26,784.69,777.27,440.77,434.82,424.4,124.26,157.67,113.18,96.77,62.36,54.99
885.62,1446.58,853.61,802.72,867.06,764.78,771.71,793.21,420.12,435.13,398.2,82.03,116.85,99.03,90.41,46.86,52.03
885.74,1448.18,834.15,836.5,858.73,773.94,737.38,764.14,386.07,415.69,409.26,55.61,94.17,86.35,83.2,52.17,75.22
885.87,1449.77,828.11,820.03,825.81,701.54,752.14,687.82,338.73,427.28,415.7,27.09,78.4,84.24,57.59,68.08,70.67
885.99,1451.36,835.48,835.96,828.95,717.24,715.32,667.59,348.75,428.25,416.5,27.83,79.54,94.04,43.92,69.25,98.38
886.12,1452.95,875.71,843.09,830.94,704.82,734.71,665.23,399.6,444.7,403.45,57.91,77.04,111.54,45.28,104.8,86.8
886.24,1454.53,889.24,862.84,868.23,739.04,712.08,728.51,404.7,409.07,395.32,96.47,99,116.16,96.79,96.83,91.36
886.37,1456.12,890.29,875.45,860.69,742.48,754.65,750.66,427.96,466.25,397.67,122.71,120.31,138.47,127.35,125.89,98.97
886.49,1457.71,845.43,852.13,823.23,751.68,719.31,770.89,421.25,430.14,368.72,116.54,132.87,148.7,135.5,121.22,82.84
886.62,1459.29,850.87,860.11,779.06,749.2,712.62,728.77,402.8,427.61,371.02,73.26,118.56,158.38,124.48,151.7,99.52
886.74,1460.88,902.72,850.83,790.96,757.14,719.35,732.74,393.72,381.45,410.69,58.13,146.49,178.98,135.38,159.76,133.8
886.87,1462.46,938.53,874.85,840.48,779.74,765.72,747.69,387.9,421.88,449.95,45.79,137.22,155.7,156.76,196.32,173.89
886.99,1464.04,976.65,879.83,883.29,783.32,813.41,764.94,436.34,461.23,471.46,86.15,170.42,174.89,170.3,174.35,202.13
887.11,1465.62,973.18,905.22,939.17,790.99,834.85,775.94,502.81,506.95,503,121.85,171.85,200.66,211.43,208.31,214.3
887.24,1467.21,991.23,915.79,930.22,797.53,803.15,769.14,546.09,539.8,490.02,163.58,219.97,203.11,239.93,174.31,239.83
887.36,1468.78,986.13,903.21,937.79,787.28,786.32,808.87,592.85,536.8,484.17,207.66,234.78,209.24,256.47,216.01,228.41
887.49,1470.36,936.67,899.26,873.98,775.34,742.47,795.57,557.2,526.05,437.91,219.53,227.72,158.84,222.16,191.52,220.13
887.61,1471.94,896.28,885.37,833.24,738.5,751.03,759.69,526.91,482.66,421.01,213.98,220.89,183.68,188.11,202.96,202.44
887.74,1473.52,811.86,823.45,771.11,706.97,693.9,698.78,498.22,448.19,379.03,208.23,195.2,180.31,170.55,185.21,209.9
887.86,1475.09,732.4,718.49,722.94,609.41,616.08,628.5,451.44,381.97,330.3,180.61,187.96,163.08,176.79,160.61,189.17
887.98,1476.67,656.01,660.6,724.5,551.28,564.01,629.64,438.02,352.77,350.26,176.23,166.97,186.41,184.3,205.93,192.37
888.11,1478.24,598.03,613.44,689.79,510.24,539.35,561.87,367.97,376.27,358.24,138.08,148.88,157.32,172.07,202.51,174.83
888.23,1479.81,613.46,637.69,675.81,511.95,558.44,584.5,378.27,372.13,346.25,154.85,170.7,166.46,183.1,233.69,207.2
888.36,1481.38,593.85,595.22,627.78,507.31,556.18,545.11,327.83,373.24,314.18,151.08,161.98,138.74,201.94,206.67,228.06
888.48,1482.95,616.2,615.38,608.37,514.64,556.88,573.34,353.98,349.26,294.01,153.77,156.39,165.8,224.6,212.8,253.06
888.6,1484.52,543.73,559.05,586.13,516.51,545.77,538.44,336.59,329.08,307.98,108.14,138.81,149.22,207.62,169.29,184.1
888.73,1486.09,529.11,574.57,577.4,571.57,559.86,543.72,339.34,307.37,295.09,108.86,138.24,148.98,186.35,154.15,165.17
888.85,1487.66,528.45,567.03,563.62,559.27,539.58,564.97,283.67,290.57,289.1,96.71,143.81,136.87,158.89,153.83,144.38
888.98,1489.22,560.53,556.9,543.22,540.39,539.37,540.3,274.36,278.12,280.47,111.8,130.94,159.67,166.36,167.09,165.19
889.1,1490.79,500.12,491.28,507.67,477.37,535.36,539.81,258.85,264.81,283.3,88.9,110.76,143.14,171.19,171.72,135.69
889.22,1492.35,444.44,417.72,432.51,488.76,463.76,481.06,235.37,217.85,279.49,63.25,100.14,150.19,191.94,140.6,138.45
889.35,1493.92,388.39,404.78,396.29,469.46,453.12,456.28,230.79,224.13,291.92,51.38,103.32,137.02,179.51,143.29,142.02
889.47,1495.48,425.96,406.79,441.02,441.13,416.78,425.12,217.13,214.66,250.92,80.64,100.95,169.99,131.23,143.13,170.73
889.59,1497.04,427.15,438.08,492.36,423.11,462.07,433.26,244.04,219.76,249.49,97.36,136.71,160.07,151.42,165.77,186.92
889.72,1498.6,457.41,454.11,509.42,411.49,401.77,424.81,184.64,232.2,191.75,117.32,136.71,172.39,167.53,180.34,186.36
889.84,1500.16,455.06,421.19,437.21,367.29,347.21,414.43,156.26,211,168.69,91.18,153.61,157.62,210.9,181.49,156.72
889.96,1501.72,436.45,396,429.38,349.84,319.39,386.45,103.9,191.15,139.65,134.28,145.07,187.07,191.86,183.56,143.66
890.09,1503.27,400.46,386.43,430.83,320.35,343.86,338.76,131.78,181.54,145.17,128.5,153.33,197.99,167.96,165.78,168.75
890.21,1504.83,378.42,419.8,435.89,339.82,394.96,321.03,170.57,209.83,192.27,161.51,197.71,203.36,181.54,171.8,230.65
890.33,1506.38,379.66,460.12,469.56,358.93,409.68,342.26,222.59,228.35,211.93,153.64,215.88,192.52,190.93,191.3,220.69
890.46,1507.94,389.19,445.39,455.83,382.34,410.03,394.1,233.52,221.12,199.5,187.57,222.17,198.8,203.46,208.6,221.53
890.58,1509.49,417.77,490.04,485.15,383.48,371.12,438.69,223.13,220.22,218.74,185.07,227.36,211.32,191.91,224.49,199.3
890.7,1511.04,449.09,483.09,462.53,378.37,372.94,456.67,198.76,239.68,202.66,197.46,224.78,226.4,196.61,222.63,202.65
890.83,1512.6,486.35,551.41,502.51,410.55,417.38,469.27,180.28,216.69,269.48,228.31,256.66,263.27,213.46,230.24,224.14
890.95,1514.15,500.56,557.67,509.76,456.36,419.78,436.16,172.71,195.94,263.87,258.62,251.33,280.93,212.11,224.99,243.76
891.07,1515.69,482.83,562.66,523.06,435.91,419.24,444.44,172.49,196.54,305.93,265.83,290.23,265.49,215.69,239.32,283.31
891.2,1517.24,460.6,529.14,490.51,412.63,387.88,423.23,211.05,219.58,265.11,253.38,282.8,248.06,257.62,242.02,262.88
891.32,1518.79,485.64,512.23,504.57,384.32,406.14,462.64,235.85,245.19,253.51,251.06,290.84,259.75,258.03,231.86,265.6
891.44,1520.34,483.86,537.82,486.79,347.18,392.9,413.55,241.43,213.59,182.37,266.07,265.54,260.78,233.8,217.72,221
891.56,1521.88,511.9,540.23,527.83,348.56,373.84,445.97,204.46,205.1,221.01,267.77,253.26,247.49,202.6,229.28,248.77
891.69,1523.42,498.12,500.8,503.35,332.78,353.62,405.55,128.28,161.39,214.1,251.81,233.31,211.2,208.1,214.19,223.56
891.81,1524.97,500.94,472.98,494.48,367.62,348.68,390.09,131,189.91,231.09,250.97,203.16,196.7,223.74,229.58,242.49
891.93,1526.51,497.92,474.32,473.09,388.63,379.24,340.79,124.83,204.88,198.85,245.13,212.68,213.55,235.73,213.32,212.45
892.05,1528.05,487.51,491.59,505.3,384.6,389.08,323.43,176.23,203.74,158.17,283.76,228.65,210.51,266.87,253.21,229.21
892.18,1529.59,502.59,520.03,566,378.08,401.09,322.58,158.74,173.38,162.94,275.05,240.63,233.48,278.7,259.78,266.33
892.3,1531.13,527.84,535.28,591.85,341.73,370.6,347.56,131.7,133.13,152.82,315.03,227.61,219.12,269.22,269.38,289.81
892.42,1532.67,537.91,558.69,560.18,341.55,381.28,343.03,139.43,169.66,177.8,290.01,194.94,254.77,234.1,241.67,303.65
892.54,1534.21,518.92,544.7,524.1,320.32,368.24,283.45,151.73,171.08,180.35,302.11,201.71,246.54,252.46,230.77,265.62
892.67,1535.74,480.09,517.86,518.51,228.25,289.69,230.36,172.8,144.94,166.33,254.55,190.5,235.31,234.17,213.22,252.95
892.79,1537.28,385.52,459.95,500.84,162.14,185.08,150.87,121.1,87.35,114.87,234.77,167.4,166.54,198.35,181.14,192.75
892.91,1538.81,409.33,441.42,502.2,150.75,179.53,163.77,85.72,72.76,76.4,226.56,147.86,159.66,171.78,176.97,198.79
893.03,1540.34,407.41,421.49,478.16,212.63,216.91,184.28,48.91,72.06,55.48,247.14,134.44,133.9,161.35,188.94,159.97
893.16,1541.88,509.31,459.7,513.26,254.02,260.12,253.94,81.53,101.46,98.67,296.72,163.36,189.47,195.94,202.92,203.17
893.28,1543.41,494.7,506.73,517.18,296.57,308.83,296.09,126.92,113.63,134.3,344.97,176.28,204.72,213.89,191.6,246.06
893.4,1544.94,522.68,574.69,558.01,332.39,373.14,327.18,208.21,157.68,176.81,366,226.32,245.42,258.97,196.08,282.09
893.52,1546.47,559.6,645.23,631.76,370.82,428.71,339.53,281.7,192.95,223.19,377.82,264.81,263.56,285.19,238.36,287.58
893.64,1547.99,629.66,675.93,709.99,409.75,408.78,389.04,320.3,224.66,276.35,387.65,313.64,287.38,289.1,287.32,254.42
893.77,1549.52,704.43,753.32,743.58,421.73,415.22,438.25,356.23,276.35,349.5,421.04,344.36,326.09,299.92,323.2,299.18
893.89,1551.05,725.35,790.53,713.31,440.53,395.82,470.29,320.6,270.48,340.74,433.43,330.08,337.14,321.43,321.76,307.63
894.01,1552.57,699.52,796.99,702.63,370.6,359.35,424.92,308.51,268.15,292.53,400.94,290.25,325.97,285.41,306.13,312.87
894.13,1554.1,686.07,768.82,665.63,358.71,329.25,333.92,245.74,187.15,223.64,373,253.65,304.36,269.63,286.06,282.35
894.25,1555.62,693.09,756.45,660.44,349.65,314.3,325.41,251.4,208.57,207.18,340.41,235.05,279.41,247.54,268.69,271.19
894.38,1557.14,777.04,757.67,666.5,351.86,346.28,327.82,218.95,203.2,197.93,316.26,254.89,305.92,280.91,278.78,301.5
894.5,1558.66,778.8,740.03,674.69,356.55,365.41,312.71,214.25,239.6,186.1,286.78,233.08,285.42,264.64,276.22,293.82
894.62,1560.18,751.14,706.64,656.13,271.18,328.8,261.52,161.1,178.2,163.48,247.76,228.37,266.71,252.83,271.79,267.94
894.74,1561.7,667.29,686.05,639.69,242.28,237.34,225.48,122.71,174.56,177.29,244.06,184.34,230,245.72,253.05,227.75
894.86,1563.22,635.7,679.38,665.5,200.99,146.13,227.36,88.19,162.12,157.3,251.82,199.75,204.74,241.06,244.77,233.02
894.98,1564.74,635.35,677.28,679.56,164.28,145.51,196.49,44.34,144.55,161.18,253.02,181.94,182.92,235.2,235.95,232.75
895.11,1566.25,628.47,614.32,647.74,136.39,122.04,174.1,28.45,91.41,102.49,200.22,152.13,129.1,208.7,191.15,216.83
895.23,1567.77,563.4,541.5,576.71,52.35,97.7,138.18,3.32,35.94,64.69,131.43,108.32,96.95,172.21,132.37,184.93
895.35,1569.28,459.25,457.58,496.93,37.79,42.96,87.28,3.32,16.93,11.43,84.08,83.62,57.25,108.86,123.05,166.83
895.47,1570.79,418.45,436.69,443.82,20.34,29.59,36.42,0,0,0,77.29,90.15,52.76,78.07,104.96,143.63
895.59,1572.31,447.56,470.03,467.96,51.44,43.12,30.69,31.26,0,0,101.61,122.12,84.73,82.75,146.34,159.22
895.71,1573.82,522.47,544.18,509.88,83.13,89.79,60.33,32.55,0,46.37,141.27,141.43,104.02,134.45,163.4,171.17
895.83,1575.33,545.18,608.11,555.59,106.21,107.57,116.43,76.01,21.88,52.31,171.59,169.73,129.32,172.17,190.48,190.46
895.95,1576.84,586.8,610.29,562.21,128.21,98.62,119.88,57.64,53.31,67.72,165.7,159.81,127.06,175.68,199.68,177.22
896.08,1578.34,546.32,540.36,510.72,96.53,46.7,90.23,56.35,53.31,21.35,114.91,141,108.24,139.65,153.35,147.1
896.2,1579.85,424.76,437.34,388.13,53.1,28.92,34.14,12.88,31.43,15.41,76.9,82.81,58.63,74.41,105.47,93.11
896.32,1581.36,263.54,261.67,248.54,0,0,0,0,0,0,28.97,23.99,10.92,27.23,33.17,34.44
896.44,1582.86,131,136.34,164.63,0,0,0,0,0,0,16.81,0.82,0,2.81,27.76,13.59
896.56,1584.37,118.58,77.46,134.51,0,0,0,0,0,0,11.25,0.82,19.97,2.12,22.7,23.42
896.68,1585.87,135.3,142.04,200.83,0,0,0,0,0,0,20.16,29.56,51.26,39.56,72.32,63.83
896.8,1587.37,214.79,242.4,287.93,0,0,0,0,0,4.83,41.51,44.21,79.98,103.85,103.28,84.69
896.92,1588.87,256.42,280.21,300.81,0,0,0,0,0,4.83,35.94,65.52,71.7,121.42,115.6,71.55
897.04,1590.37,210.16,215.81,225.8,0,0,0,0,0,4.83,34.37,35.96,46.09,96.73,89.26,40.1
897.16,1591.87,109.55,101.94,108.35,0,0,0,0,0,0,13.02,21.3,17.38,30.33,51.04,11.21
897.28,1593.37,32.19,31.43,55.1,0,0,0,0,0,0,7.34,0,5.68,26.01,45.39,8.96
897.4,1594.87,4.46,10.75,12.08,0,0,0,0,0,0,0,0,0,19.36,45.75,5.54
897.52,1596.36,24.02,29.94,1.46,0,0,0,0,0,0,29.08,0,22.7,38.33,58.57,49.13
897.64,1597.86,70.01,68.1,54.13,0,0,0,0,0,0,51.26,34.07,54.49,73.37,92.28,92.9
897.76,1599.35,96.72,98.1,89.88,0,0,0,0,0,0,70.88,38.9,71.36,67.26,78.79,109.62
897.89,1600.84,77.16,79.37,89.88,0,0,0,0,0,0,41.79,51.15,57.61,48.29,75.74,72.47
898.01,1602.33,26.71,30.46,37.21,0,0,0,0,0,0,19.61,17.07,40.64,4.36,38.82,28.71
898.13,1603.83,0,0.46,0.83,0,0,0,0,0,0,0,12.25,23.77,11.38,38.58,8.35
898.25,1605.32,20.1,3.71,7.22,0,0,0,0,0,0,10.99,17.49,39.34,32.96,53.56,24.56
898.37,1606.8,20.1,3.71,7.22,0,0,0,0,0,0,10.99,17.49,35.35,28.6,60.67,24.56
898.49,1608.29,20.1,3.71,6.39,0,0,0,0,0,0,10.99,17.49,35.35,21.57,50.78,22.65
898.61,1609.78,0,0,0,0,0,0,0,0,0,0,0,10.82,0,14.78,0
898.73,1611.27,0,0,0,0,0,0,0,0,0,0,0,0,0,0,0
898.85,1612.75,0,0,0,0,0,0,0,0,0,0,0,0,0,0,0
898.97,1614.23,0,0,0,0,0,0,0,0,0,0,0,0,0,0,0
899.09,1615.72,0,0,0,0,0,0,0,0,0,0,0,0,0,0,0
899.21,1617.2,0,0,0,0,0,0,0,0,0,0,0,0,0,0,0
899.33,1618.68,0,0,0,0,0,0,0,0,0,0,0,0,0,0,0
899.45,1620.16,0,0,0,0,0,0,0,0,0,5.71,0,6.41,0,0,0
899.56,1621.64,0,0,0,0,0,0,0,0,0,21.6,32.55,21.64,5.39,0,8.49
899.68,1623.12,0,0,0,0,0,0,0,0,0,21.6,32.55,21.64,5.39,0.93,8.49
899.8,1624.59,0,0,0,0,0,0,0,0,0,15.89,32.55,15.24,5.39,0.93,8.49
899.92,1626.07,0,0,0,0,0,0,0,0,0,0,0,0,0,0.93,0
900.04,1627.54,0,0,0,0,0,0,0,0,0,0,0,0,0,0,0
900.16,1629.02,0,0,0,0,0,0,0,0,0,0,0,0,0,0,0
900.28,1630.49,0,0,0,0,0,0,0,0,0,0,0,0,0,0,0
900.4,1631.96,0,0,0,0,0,0,0,0,0,0,0,0,0,0,0
900.52,1633.43,0,0,0,0,0,0,0,0,0,0,0,0,0,0,0
900.64,1634.9,0,0,0,0,0,0,0,0,0,0,0,0,0,0,0
900.76,1636.37,0,0,0,0,0,0,0,0,0,0,0,0,0,0,0
900.88,1637.84,0,0,0,0,0,0,0,0,0,0,0,0,0,0,0
901,1639.31,0,0,0,0,0,0,0,0,0,0,0,0,0,0,0
901.12,1640.77,0,0,0,0,0,0,0,0,0,0,0,0,0,0,0
901.24,1642.24,0,0,0,0,0,0,0,0,0,0,0,0,0,0,0
901.35,1643.7,0,0,0,0,0,0,0,0,0,0,0,0,0,0,0
901.47,1645.17,0,0,0,0,0,0,0,0,0,0,0,0,0,0,0
901.59,1646.63,0,0,0,0,0,0,0,0,0,0,0,0,0,0,0
901.71,1648.09,0,0,0,0,0,0,0,0,0,0,0,0,0,0,0
901.83,1649.55,0,0,0,0,0,0,0,0,0,0,0,0,0,0,0
901.95,1651.01,0,0,0,0,0,0,0,0,0,0,0,0,0,0,0
902.07,1652.46,0,0,0,0,0,0,0,0,0,0,0,0,0,0,0
902.18,1653.92,0,0,0,0,0,0,0,0,0,0,0,0,0,0,0
902.3,1655.38,0,0,0,0,0,0,0,0,0,0,0,0,0,0,0
902.42,1656.83,0,0,0,0,0,0,0,0,0,0,0,0,0,0,0
902.54,1658.29,0,0,0,0,0,0,0,0,0,0,0,0,0,0,0
902.66,1659.74,0,0,0,0,0,0,0,0,0,0,0,0,0,0,0
902.78,1661.19,0,0,0,0,0,0,0,0,0,0,0,0,0,0,0
902.9,1662.64,0,0,0,0,0,0,0,0,0,0,0,0,0,0,0
903.01,1664.09,0,0,0,0,0,0,0,0,0,0,0,0,0,0,0
903.13,1665.54,0,0,0,0,0,0,0,0,0,0,0,0,0,0,0
903.25,1666.99,0,0,0,0,0,0,0,0,0,0,0,0,0,0,0
903.37,1668.44,0,0,0,0,0,0,0,0,0,12.95,10.24,18.28,0,0,0
903.49,1669.88,0,0,0,0,0,0,0,0,0,41.06,46.63,36.37,0,0,0
903.6,1671.33,0,0,0,0,0,0,0,0,0,82.45,86.26,64.04,0,0,0
903.72,1672.77,0,0,0,0,0,0,0,0,0,77.16,108.56,58.35,0,0,0
903.84,1674.21,0,0,0,0,0,0,0,0,0,72.53,92.51,76.31,0,0,0
903.96,1675.66,0,0,0,0,0,0,0,0,0,31.14,66.67,54.15,0,0,0
904.08,1677.1,0,0,0,0,0,0,0,0,0,23.48,34.13,41.56,0,0,0
904.19,1678.54,0,0,0,0,0,0,0,0,0,0,13.79,5.51,0,0,0
904.31,1679.97,0,0,0,0,0,0,0,0,0,1.04,4.46,21.18,0,0,0
904.43,1681.41,0,0,0,0,0,0,0,0,0,9.21,38.35,35.47,0,0,0
904.55,1682.85,0,0,0,0,0,0,0,0,0,28.27,59.11,56.63,0,0,0
904.66,1684.29,0,0,0,0,0,0,0,0,0,47.3,76.39,43.58,0,0,0
904.78,1685.72,0,0,0,0,0,0,0,0,0,57.64,56.31,60.19,0,0,0
904.9,1687.15,0,0,0,0,0,0,0,0,0,38.58,35.55,39.03,0,0,0
905.02,1688.59,0,0,0,0,0,0,0,0,0,36.56,13.82,54.93,0,0,0
905.13,1690.02,0,0,0,0,0,0,0,0,0,18.05,0,24.04,0,0,0
905.25,1691.45,0,0,0,0,0,0,0,0,0,48.6,20.75,24.04,0,0,0
905.37,1692.88,0,0,0,0,0,0,0,0,0,40.19,20.75,12.89,0,0,0
905.48,1694.31,0,0,0,0,0,0,0,0,0,83.35,37.37,51.62,0,5.25,0
905.6,1695.74,0,0,0,0,0,0,0,0,0,87.57,57.84,78.27,0,5.25,0
905.72,1697.16,0,0,0,0,0,0,0,0,0,95.44,85.76,92.73,0,5.25,0
905.84,1698.59,0,0,0,0,0,0,0,0,0,52.28,69.13,54.01,0,0,0
905.95,1700.01,0,0,0,0,0,0,0,0,0,23.78,27.92,34.43,0,0,0
906.07,1701.44,0,0,0,0,0,0,0,0,0,6.27,0,7.08,0,0,0
906.19,1702.86,0,0,0,0,0,0,0,0,0,6.27,0,7.08,0,0,0
906.3,1704.28,0,0,0,0,0,0,0,0,0,0,0,0,0,0,0
906.42,1705.7,0,0,0,0,0,0,0,0,0,21.85,5.41,4.55,0,0,0
906.54,1707.12,0,0,0,0,0,0,0,0,0,45.93,32.03,25.32,0,0,0
906.65,1708.54,0,0,0,0,0,0,0,0,0,59.8,54.74,38.51,0,0,0
906.77,1709.96,0,0,0,0,0,0,0,0,0,37.95,49.33,33.96,0,0,0
906.89,1711.38,0,0,0,0,0,0,0,0,0,13.87,22.71,13.19,0,0,0
907,1712.79,0,0,0,0,0,0,0,0,0,0,0,0,0,0,0
907.12,1714.21,0,0,0,0,0,0,0,0,0,0,0,0,0,0,0
907.24,1715.62,0,0,0,0,0,0,0,0,0,0,0,0,0,0,0
907.35,1717.04,0,0,0,0,0,0,0,0,0,14.77,14.43,0,0,0,0
907.47,1718.45,0,0,0,0,0,0,0,0,0,22.95,26.22,23.67,0,0,0
907.58,1719.86,0,0,0,0,0,0,0,0,0,36.97,52.83,23.67,0,0,0
907.7,1721.27,0,0,0,0,0,0,0,0,0,22.19,38.41,23.67,0,0,0
907.82,1722.68,0,0,0,0,0,0,0,0,0,14.02,26.61,0,0,0,0
907.93,1724.09,0,0,0,0,0,0,0,0,0,0,0,0,0,0,0
908.05,1725.49,0,0,0,0,0,0,0,0,0,0,0,0,0,0,0
908.16,1726.9,0,0,0,0,0,0,0,0,0,0,0,0,0,0,0
908.28,1728.3,0,0,0,0,0,0,0,0,0,0,0,0,0,0,0
908.4,1729.71,0,0,0,0,0,0,0,0,0,0,0,0,0,0,0
908.51,1731.11,0,0,0,0,0,0,0,0,0,0,0,0,0,0,0
908.63,1732.51,0,0,0,0,0,0,0,0,0,0,0,0,0,0,0
908.74,1733.91,0,0,0,0,0,0,0,0,0,0,0,0,0,0,0
908.86,1735.31,0,0,0,0,0,0,0,0,0,0,0,0,0,0,0
908.97,1736.71,0,0,0,0,0,0,0,0,0,0,0,0,0,0,0
909.09,1738.11,0,0,0,0,0,0,0,0,0,0,0,0,0,0,0
909.21,1739.51,0,0,0,0,0,0,0,0,0,0,0,0,0,0,0
909.32,1740.9,0,0,0,0,0,0,0,0,0,0,0,0,0,0,0
909.44,1742.3,0,0,0,0,0,0,0,0,0,0,0,0,0,0,0
909.55,1743.69,0,0,0,0,0,0,0,0,0,0,0,0,0,0,0
909.67,1745.08,0,0,0,0,0,0,0,0,0,0,0,0,0,0,0
909.78,1746.48,0,0,0,0,0,0,0,0,0,0,0,0,0,0,0
909.9,1747.87,0,0,0,0,0,0,0,0,0,0,0,0,0,0,0
910.01,1749.26,0,0,0,0,0,0,0,0,0,0,0,0,0,0,0
910.13,1750.65,0,0,0,0,0,0,0,0,0,0,0,0,0,0,0
910.24,1752.03,0,0,0,0,0,0,0,0,0,0,0,0,0,0,0
910.36,1753.42,0,0,0,0,0,0,0,0,0,0,0,0,0,0,0
910.47,1754.81,0,0,0,0,0,0,0,0,0,0,0,0,0,0,0
910.59,1756.19,0,0,0,0,0,0,0,0,0,0,0,0,0,0,0
910.7,1757.58,0,0,0,0,0,0,0,0,0,0,0,0,0,0,0
910.82,1758.96,0,0,0,0,0,0,0,0,0,0,0,0,0,0,0
910.93,1760.34,0,0,0,0,0,0,0,0,0,0,0,0,0,0,0
911.05,1761.72,0,0,0,0,0,0,0,0,0,0,0,0,0,0,0
911.16,1763.1,0,0,0,0,0,0,0,0,0,0,0,3.35,0,0,0
911.27,1764.48,0,0,0,0,0,0,0,0,0,0,0,3.35,0,0,0
911.39,1765.86,0,0,0,0,0,0,0,0,0,0,0,3.35,0,0,0
911.5,1767.24,0,0,0,0,0,0,0,0,0,0,0,0,0,0,0
911.62,1768.61,0,0,0,0,0,0,0,0,0,0,0,0,0,0,0
911.73,1769.99,0,0,0,0,0,0,0,0,0,0,0,0,0,0,0
911.85,1771.36,0,0,0,0,0,0,0,0,0,0,0,0,0,0,0
911.96,1772.73,0,0,0,0,0,0,0,0,0,0,0,0,0,0,0
912.07,1774.11,0,0,0,0,0,0,0,0,0,0,0,0,0,0,0
912.19,1775.48,0,0,0,0,0,0,0,4.69,0,0,0,0,0,0,0
912.3,1776.85,0,0,0,0,0,0,0,4.69,0,0,0,0,0,0,0
912.42,1778.22,0,0,0,0,0,0,0,11.94,0,0,0,0,4.55,0,0
912.53,1779.58,0,0,0,0,0,0,0,7.26,0,0,0,0,4.55,0,0
912.64,1780.95,0,0,0,0,0,0,0,7.26,0,0,0,0,4.55,0,0
912.76,1782.32,0,0,0,0,0,0,0,0,0,0,0,0,0,0,0
912.87,1783.68,0,0,0,0,0,0,0,0,0,0,0,0,0,0,0
912.99,1785.05,0,0,0,0,0,0,0,0,0,0,0,0,0,0,0
913.1,1786.41,0,0,0,0,0,0,0,0,0,0,0,0,0,0,0
913.21,1787.77,0,0,0,0,0,0,0,0,0,0,0,0,0,0,0
913.33,1789.13,0,0,0,0,0,0,0,0,0,0,0,0,0,0,0
913.44,1790.49,0,0,0,0,0,0,0,0,0,0,0,0,0,0,0
913.55,1791.85,0,0,0,0,0,0,0,0,0,0,0,0,0,0,0
913.67,1793.21,0,0,0,0,0,0,0,0,0,0,0,0,0,0,0
913.78,1794.57,0,0,0,0,0,0,0,24.6,5.39,0,0,0,0,0,0
913.89,1795.92,0,0,0,4.84,18.03,0,33.41,51.88,5.39,0,0,2.46,0,2.9,0
914.01,1797.28,8.22,16.85,0.01,42.24,19.99,15.45,68.98,108.79,47.95,0,6.15,4.91,0,15.72,0
914.12,1798.63,23.98,41.99,43.35,101.91,47.95,71.76,138.12,113.83,103.42,13.14,14.71,4.91,0.05,23.22,28.18
914.23,1799.98,30.35,55.15,67.75,115.76,84.61,95.35,165.13,144.3,153.99,18.15,24.11,13.2,10.98,31.27,28.18
914.35,1801.34,32.07,43.44,80.16,111.7,114.03,154.72,183.25,141.53,171.33,35.68,17.96,17.67,43.43,38.17,41.87
914.46,1802.69,31.55,61.15,65.33,79.06,144.87,158.85,154.79,191.2,161.1,33.05,32.9,32.56,71.12,48.24,28.88
914.57,1804.04,49.34,59.18,71.48,121.4,139.69,176.29,173.98,204.51,160.53,36.5,23.5,31.98,87.21,66.38,44.57
914.68,1805.39,47.12,72.52,59.06,111.04,134.83,143.04,154.15,205.81,151.27,18.96,23.5,25.05,54.76,46.92,36.38
914.8,1806.73,41.32,46.96,30.55,97.1,99.71,84.54,156.07,171.54,153.77,8.45,0,10.16,47.42,37.98,21.18
914.91,1808.08,17.15,35.77,0,43.35,56.45,43.51,92.87,120.47,108.81,0,0,0,20.41,8.89,5.5
915.02,1809.43,9.44,17.29,0,20.38,29.94,1.94,59.01,65.01,58.17,0,0,0,20.41,8.63,0
915.13,1810.77,0,0,0,7.28,6.26,0,16.41,19.99,5.03,0,0,0,0,0,0
915.25,1812.12,0,0,0,0,0,0,0,0,0,0,0,0,0,0,0
915.36,1813.46,0,0,0,0,0,0,0,0,0,0,0,0,0,0,0
915.47,1814.8,0,0,0,0,0,0,0,0,0,0,0,0,0,0,0
915.58,1816.14,0,0,0,0,0,0,0.42,0,0,0,0,0,0,0,0
915.7,1817.48,0,0,0,0,0,0,35.11,21.72,11.25,0,0,0,0,0,0
915.81,1818.82,0,0,0,16.72,36.16,33.62,98.78,80.27,69.25,0,0,0.19,3.99,0,6.46
915.92,1820.16,0,0,0,31.61,47.88,49.02,138.86,122.81,106.51,0,0,0.19,3.99,0,6.46
916.03,1821.5,0,26.63,1.94,63.05,71.89,62.91,147.23,167.68,130.83,0,0,0.19,14.46,0,6.46
916.15,1822.83,13.16,45.92,13.93,96.04,75.08,51.73,147.24,184.52,146.45,0,0,0,10.47,29.36,2.67
916.26,1824.17,39.28,65.26,38.36,96.54,94.77,87.72,170.09,198.21,172.26,0,0,0,14.46,29.36,2.67
916.37,1825.5,65.54,98.18,83.11,120.98,112.08,133.32,210.56,196.19,193.03,0,0,0,18.99,32.38,18.3
916.48,1826.83,84.95,134.83,123.92,130.81,147.77,153.64,235.1,206.58,200.53,0,0,0,33.88,8.51,36.04
916.59,1828.17,82.52,162.32,128.9,172.13,181.96,176.13,236.82,230.48,207.89,0,0,0,29.89,30.01,44.77
916.71,1829.5,75.82,118.53,95.61,161.16,182.54,160.34,203.94,218.45,223.64,0,0,0,14.89,34.92,35.63
916.82,1830.83,65.17,62.59,67.05,139.57,156.49,141.6,159.45,192.48,159.46,0,0,0,0,29.43,18.66
916.93,1832.16,49.79,52.79,38.76,108.25,141.05,106.46,165.92,163.14,143.58,0,0,0,0,13.92,9.93
917.04,1833.49,39.69,72.27,29.41,105.85,143.54,86.59,150.66,156.74,118.97,0,0,0,6.26,5.98,3.44
917.15,1834.81,17.78,72.27,5.18,67.9,97.3,65.32,117.69,125.64,105.65,0,0,0,6.26,5.98,0
917.26,1836.14,9.45,35.24,4.06,42.52,50.65,26.58,54.99,108.14,57.62,0,0,0,6.26,0,0
917.38,1837.46,0,0,0,0,6.27,2.75,19.59,73.26,11.2,0,0,0,0,0,0
917.49,1838.79,0,0,0,0,3.52,0,23.45,46.33,9.39,0,0,0,0,0,0
917.6,1840.11,0,0,0,19.17,25.76,11.28,59.36,57.45,25.64,0,0,0,7.74,0,0
917.71,1841.43,13.75,22.7,20.57,33,66.25,55.83,102.19,93.85,57.83,0,0,0,7.74,0,0
917.82,1842.75,31.53,53.19,73.66,69.51,140.51,104.05,143.2,166.08,140.85,0,0,0,11.93,0,3.94
917.93,1844.07,88.95,114.07,116.55,105.82,195.07,161.92,176.81,211.92,207.82,0,8.8,0,18.81,19.59,24.54
918.04,1845.39,166.2,160.24,177.26,182.37,256.87,200.7,232.02,276.36,278.72,6.59,16.17,0.92,49.84,50.19,58.8
918.15,1846.71,190.82,166.44,184,203.6,234.36,228.51,255.95,279.51,268.01,6.59,16.17,0.92,49.94,69.33,54.86
918.27,1848.03,168.35,138.23,181.34,201.74,206.43,214.24,264.14,248.27,259.23,6.59,7.37,0.92,47.09,49.73,35.1
918.38,1849.35,125.13,144.93,148.93,172.79,161.42,201.87,242.59,212.63,208.06,0,0,0,29.96,32.41,3.72
918.49,1850.66,159.37,159.44,122.32,189.96,176.53,193.63,242.86,207.48,213.04,0,0,0,39.77,23.03,11.73
918.6,1851.97,225.86,216.19,154.63,211.37,211.21,269.64,261.73,256.26,242.95,25.98,2.64,0,63.3,39.92,51.35
918.71,1853.29,291.04,285.63,220.96,297.12,286.24,341.66,322.29,296.08,324.24,28.48,21.13,17.22,87.66,59.09,97.14
918.82,1854.6,327.34,345.19,302.43,363.99,349.73,392.13,360.34,341.38,377.67,31.72,29,26.19,95.96,77.2,127.87
918.93,1855.91,378.99,370.78,380.25,438.86,412.56,413.96,397.42,383.05,422.82,39.94,57.49,49.46,113.43,100.82,141.43
919.04,1857.22,375.1,341.16,372.2,408.85,405.84,372.9,363.65,385.87,403.78,37.44,39,32.24,106.16,88.37,118.6
919.15,1858.53,386.78,347.1,373.39,405.73,393.35,368.74,383.46,402.62,404.33,39.03,31.13,23.86,132.28,116.98,112.83
919.26,1859.84,349.14,349.39,347.26,386.27,342.87,330.59,365.63,381.73,375.58,4.84,20.18,10.68,104.22,116.75,74.55
919.37,1861.15,347.72,332.91,334.37,387.37,310.61,335.99,368.72,353.76,365.42,4.84,32.24,11.34,102.21,129.91,77.32
919.48,1862.45,308.42,305.22,318.93,335.57,289.79,327.84,323.62,328.6,321.06,0.31,32.24,10.74,57.48,100.01,69.37
919.59,1863.76,311.12,299.53,318.84,332.11,323.31,348.7,327.87,317.47,330.07,25.95,25.51,23.12,76.57,106.27,108.25
919.7,1865.06,315.49,323.84,353.42,322.96,362.82,380.21,336.81,356.37,338.45,45.34,30.97,41.35,87.48,100.36,106.29
919.81,1866.36,375.31,381.93,420.78,390.91,403.43,420.17,384.89,386.07,386.96,47.15,57.54,73,116,112.39,140.6
919.92,1867.67,416.01,438.58,457.37,434.41,443.93,445,417.54,427.02,411.38,58.7,81.7,95.93,125.24,105.14,139.63
920.03,1868.97,461.71,479.56,503.96,537.23,482.75,496.17,454.88,467.99,465.83,75.44,102.05,117.72,135.96,139.72,170.49
920.14,1870.27,483.4,515.86,522.88,565.36,526.9,518.65,484.9,478.98,485.3,117.7,118.92,121.03,156.84,141.79,171.18
920.25,1871.57,502.86,548.61,558.58,567.58,542.14,546.24,510.04,501.43,509.9,112.58,120.08,109.64,175.99,155.46,181.47
920.36,1872.87,516.53,561.56,545.83,523.34,544.25,530.36,520.76,506.46,510.08,115.87,119.32,112.99,191.85,151.18,185.82
920.47,1874.16,516.63,524.29,502.85,502.18,523.45,518.25,503.93,492.95,496.39,92.79,111.52,112.97,186.98,158.51,187.1
920.58,1875.46,478.38,473.67,451.87,488,480.97,476.79,470.45,446.13,437.04,80.9,91.91,98.81,141.27,144.33,173.87
920.69,1876.75,479.57,464.14,462.98,485.57,468.91,474.41,459.75,412.42,429.49,69.63,77.93,80.94,142.82,150.42,173.91
920.8,1878.05,447.73,478.26,448.75,493.11,435.5,494.69,453.73,407.73,402.95,69.88,48.8,55.59,142.86,145.34,156.11
920.91,1879.34,468.1,487.92,472.73,503.51,466.61,515.49,445.61,414.95,439.98,81.87,73.41,59.98,179.95,160.97,138.7
921.02,1880.63,454.88,480.01,460.47,521.98,475.47,519.04,452.26,426.28,436.13,88.15,91.31,56.67,165.96,153.54,129.55
921.13,1881.93,488.98,471.4,480.2,548.42,516.3,504.23,444.26,442.95,478.3,79.96,131.4,70.22,194.47,151.59,129.89
921.24,1883.22,489.6,461,466.79,559.37,496.32,486.28,441.14,446.85,446.69,74.16,102.9,46.83,173.68,138.03,155.62
921.35,1884.51,457.2,432.9,440.69,525.95,443.31,431.63,418.36,416.42,402.08,68.22,64.25,26.97,141.38,105.29,133.17
921.46,1885.79,416.43,405.43,403.91,467.49,413.6,409.28,401.58,401.67,364.48,67.13,36.45,25.96,107.23,98.71,115.54
921.57,1887.08,365.08,372.39,361.21,412.1,385.95,388.68,390.24,359.69,351.67,54.33,38.62,43.58,110.35,78.06,92.18
921.68,1888.37,383.35,382.64,366.82,411.32,451.94,401.36,393.23,361.05,373.18,45.72,62.63,59.05,130.29,98.24,109.64
921.79,1889.65,419.7,428.3,415.51,471.95,492.99,436.79,431.99,398.52,403.81,55.07,66.94,58.49,136.82,126.34,127.37
921.9,1890.94,486.13,485.04,481.94,524.63,536.11,469.61,462.86,464.43,451.89,56.71,82.88,59.22,142.28,151.72,130.03
922.01,1892.22,538.84,528.07,542.01,572.59,545.18,510.06,496.71,501.67,500.29,76.53,96.34,81.8,186.23,180.25,142.18
922.12,1893.5,547.52,536.4,551.05,565.17,541.87,509.13,500.56,483.57,515.02,92.21,95.31,84.91,183.99,171.6,162.49
922.23,1894.78,562.14,551.68,536.38,571.02,555.85,528.15,501.4,501.8,516.41,140.4,111.47,125.53,212.91,195.44,178.61
922.33,1896.06,539.17,551.03,523.78,549.26,537.55,541.23,504,497.8,513.24,155.22,98.59,112.45,185.41,180.54,163.67
922.44,1897.34,539.48,540.33,513.82,541.77,517.19,546.93,506.58,509.12,492.73,160.22,125.23,136.55,183.74,172.46,142.89
922.55,1898.62,512.19,522.7,536.25,535.99,517.23,542.68,510.93,501.87,500.66,136.84,127.17,121.95,166.32,162.32,145.7
922.66,1899.9,511.95,520.13,515.42,546.93,508.65,541.16,482.71,506.39,481.01,116.43,142.06,120.65,163.17,149.1,148.77
922.77,1901.18,510.66,525.84,501.54,536.8,516.67,540.57,484.13,485.9,478.03,108.2,113.47,102.19,189.5,145.04,160
922.88,1902.45,490.42,499.94,463.72,505.38,468.08,508.37,446.64,415.17,418.47,87.6,81.52,80.37,170.75,109.91,142.5
922.99,1903.73,456.8,455.98,440.52,469.22,449.42,478.11,460.13,370.09,401.23,86.85,60.41,63.4,170.49,100.6,132.14
923.09,1905,445.88,444.41,439.72,449.43,447.14,452.56,433.04,374.77,399.41,84.72,57.26,56.39,138.81,106.88,137.05
923.2,1906.27,449.69,444.89,435.63,446.35,465.57,442.73,442.04,397.54,405.69,84.89,67.41,49.01,142.06,129.09,137.55
923.31,1907.54,446.98,460.53,415.38,440.07,468.49,425.38,406.9,412.84,385.5,65.13,67.63,53.04,131.69,123.68,127.09
923.42,1908.81,433.21,428.45,414.08,426.05,473,411.63,402.4,390.13,360.3,69.88,65.7,43.92,142.12,111.08,106.79
923.53,1910.08,439.37,447.96,431.71,439.95,472.1,438.47,419.21,387.72,376.4,82.15,65.29,61.32,147.03,105.97,111.63
923.64,1911.35,448.13,439.4,451.95,438.44,462.46,446.24,418.32,373.95,385.15,105.93,67.73,66.57,148.76,117.67,138.29
923.74,1912.62,457.26,428.89,450.24,413.28,422.85,443.37,407.83,367.27,379.31,87.34,59.46,78.78,134.41,112.3,122.88
923.85,1913.88,468.87,401.53,435.35,397.92,387.05,424.99,385.88,375.45,371,82.82,48.6,74.39,139.42,122.31,113.85
923.96,1915.15,477.29,410.65,439.95,397.03,392.39,427.41,410.1,379.15,355.56,74.04,56.47,62.08,138.47,142.01,114.51
924.07,1916.41,467.42,450.47,461.6,463.82,413.43,446.87,419.74,394.6,389.86,100.55,83.98,56.74,156.45,147.31,141.1
924.18,1917.68,464.79,465.21,470.5,495.52,423.04,445.9,406.34,410.35,400.46,123.24,112,64.58,151.56,138.76,161.51
924.28,1918.94,445.31,441.1,464.89,497.35,411.79,419.07,392.45,415.29,399.25,106.67,104.09,70.49,141.38,117.25,151.29
924.39,1920.2,424.07,406.9,426.21,448.42,387.45,383.16,345.52,392.53,358.68,80.95,69.79,66.58,126,118.22,138.55
924.5,1921.46,389.08,385.29,377.78,398.05,373.35,356.15,348.22,350.73,329.4,53.08,48.25,46.53,109.77,108.33,126.29
924.61,1922.72,396.67,384.93,385.61,401.57,384.15,350.39,334.21,325.22,342.75,65.39,54.56,65.66,121.35,120.92,131.18
924.71,1923.98,429.28,400.59,403.13,426.11,397.31,354.31,375.26,326.79,348.18,62.65,89.74,72.08,126.18,121.11,134.99
924.82,1925.24,470.8,442.83,466.24,463.54,439.36,386.13,394.93,353.98,361.23,85.77,111.53,96.36,149.15,147.78,135.28
924.93,1926.49,477.9,468.31,459.94,468.19,416.65,399.86,392.89,359.46,354.9,82.39,103.83,99.15,135.26,139.25,126.72
925.04,1927.75,454,463.81,457.65,475.52,410.95,397.6,392.91,358.01,356.98,98.32,95.76,105.24,144.96,148.99,131.42
925.14,1929,407.68,453.22,411.29,441.06,384.14,400.91,367.54,321.18,364.35,93.42,93.2,108.18,137.47,128.87,131.26
925.25,1930.26,379.92,441.2,397.16,413.83,392.23,398.77,372.13,309.31,329.67,88.37,103.5,84.3,132.45,122.23,141.25
925.36,1931.51,404.4,461.41,436.95,401.47,417.21,416.2,381.32,327.05,348.61,99.5,139.98,106.94,134.57,123.07,160.71
925.47,1932.76,421.99,453.41,439.86,413.89,415.3,395.08,376.35,344.63,318.06,106.7,134.53,87.65,132.72,121.27,169.21
925.57,1934.01,452.7,471.86,468.23,417.41,417.5,413.41,366.54,358.72,342.35,133.3,144.81,107.11,157.9,136.51,161.41
925.68,1935.26,441.08,467.32,412.96,392.92,395.04,398.4,333.45,353.53,314.36,126.86,111.73,83.19,152.67,132.33,133.53
925.79,1936.51,459.24,460.89,402.14,375.2,398.34,377.5,320.2,337.51,313.21,107.16,110.05,95.67,145.45,145.53,131.35
925.89,1937.76,410.51,403.25,364.1,359.24,383.09,338.04,273.1,307.99,283.57,93.53,91.1,84.57,129.94,115.08,116.2
926,1939,350,336.83,335.3,324.81,349.71,312.13,231.61,275.42,259.53,56.77,83.34,86.97,98.89,95.45,121.87
926.11,1940.25,285.82,285.74,337.18,314.7,325.32,302.55,200.49,239.23,238.55,48.27,74.54,82.35,68.43,86.4,95.12
926.21,1941.49,313.96,302.98,329.05,322.24,308.59,294.29,232.76,261.42,259.29,46.07,82.7,111.01,54.55,106.94,105.29
926.32,1942.74,359.88,357.33,355.05,334.53,349.96,322.79,269.18,288.78,262.52,98.92,92.6,129.75,77.7,140.52,105.82
926.43,1943.98,427.12,430.34,391.04,370.8,387.31,367.62,325.31,348.52,299.47,136.41,127.79,162.45,129.76,175.01,138.94
926.53,1945.22,463.56,472.57,441.92,402.93,443.19,411.99,347.04,365.2,308.36,165.08,149.16,168.66,136.62,175.31,131.54
926.64,1946.46,488.22,493,481.03,448.58,449.61,441.89,365.7,371.47,330.85,161.93,179.05,174.73,161.95,179.41,150.61
926.75,1947.7,503.64,485.2,482.9,446.99,435.13,446.22,369.18,355.91,330.17,171.52,183.68,174.2,148.31,154.55,144.37
926.85,1948.94,479.93,468.61,457,441.58,414.5,442.09,351.24,335.27,323.42,158.96,183.49,178.19,167.8,185.49,170.28
926.96,1950.18,465.54,442.34,424.08,419.13,390.52,412.93,320.01,296.01,298.05,162.35,174.26,176.8,123.54,156.36,150.11
927.07,1951.41,414.45,390.71,390.16,380.32,388.17,380.08,263.48,262.46,269.38,145.7,153.98,150.38,105.86,145.14,139.18
927.17,1952.65,380.12,344.18,378.67,326.25,342.58,336.99,243.76,223.73,229.2,148.46,147.78,144.36,104.87,110.28,127.29
927.28,1953.88,325.44,301.63,347.17,284.8,284.28,312.86,216.41,203.03,220.73,118.5,116.54,115.97,109.46,96,114.31
927.39,1955.12,280.39,289.05,298.65,233.98,223.29,268.04,201.42,170.04,173.96,107.5,76.26,96.55,94.95,84.31,106.25
927.49,1956.35,262.42,258.23,247.23,221.89,203.37,248.96,171.9,137.86,153,89.57,55.05,52.52,73.81,61.98,95.22
927.6,1957.58,224.87,198.48,206.56,182.53,162.52,176.29,126.53,101.16,96.19,66.44,38.58,28.24,61.02,53.35,83.88
927.7,1958.81,178.06,124.83,176.99,150.23,131.41,118.7,79.62,72.27,71.86,31.98,39.84,9.32,42.66,24.93,61.23
927.81,1960.04,88.89,71.47,114.73,72.88,74.27,43.08,25.59,47.41,35.57,4.37,14.27,4.73,15.06,9.24,30.17
927.91,1961.27,54.45,57.86,65.22,27.6,49.57,12.06,8.5,18.88,25.08,4.37,13.9,16.22,0,0.36,11.56
928.02,1962.5,35.53,50.77,36.58,7.81,13.44,0,0,2.6,9.08,13.78,5.21,26.93,7.55,0.36,2.39
928.13,1963.72,64.8,79.53,69.13,41.52,24.04,30.12,19.21,1.71,32.09,32.82,13.33,44.78,26.39,16.63,0
928.23,1964.95,79.35,84.92,80.65,39.73,25.89,36.67,19.21,1.71,29.3,43.55,16.61,43.26,26.39,16.63,0
928.34,1966.18,64.6,78.16,63.9,36.62,25.89,36.67,19.21,1.71,29.3,39.95,33.58,42.59,31.52,21.89,1.23
928.44,1967.4,32.73,33.52,18.46,0,1.84,6.54,0,0,0,29.08,27.78,32,15.68,5.26,9.17
928.55,1968.62,1.81,10.46,0,0,0,0,0,0,0,18.35,19.29,20.5,15.68,5.26,9.17
928.65,1969.84,1.81,0,0,0,0,0,0,0,0,13.29,14.3,10.46,3,0,7.94
928.76,1971.06,0,0,0,0,0,0,0,0,0,6.74,11.98,0,0,0,0
928.86,1972.28,0,0,0,0,0,0,0,0,0,24.74,19.23,4.33,0,0,1.14
928.97,1973.5,0,0,0,0,0,0,0,0,0,19.62,7.25,6.23,0,0,3.4
929.07,1974.72,0,0,0,0,0,0,0,0,0,22.72,11.28,11.14,13.8,5.56,3.4
929.18,1975.94,0,0,0,0,0,0,0,0,0,10,7.64,12.71,13.8,14.3,14.21
929.28,1977.15,0,0,0,0,0,0,0,0,0,35.6,22.28,11.46,13.8,14.3,11.95
929.39,1978.37,0,0,0,0,0,0,0,0,0,44.01,21.78,11.51,0,8.74,13.6
929.49,1979.58,0,0,0,0,0,0,0,0,0,48.38,28.58,17.19,0,6.21,1.65
929.6,1980.79,0,0,0,0,0,0,0,0,0,29.16,18.78,42.93,0,6.21,1.65
929.7,1982.01,0,0,0,0,0,0,0,0,0,27.77,15.25,49.53,0,6.21,0
929.81,1983.22,0,0,0,0,0,0,0,0,0,18.12,14.04,58.87,0,0,0
929.91,1984.43,0,0,0,0,0,0,0,0,0,11.75,9.2,32.46,0,0,0
930.02,1985.63,0,0,0,0,0,0,0,0,0,0,13.59,20.91,0,0,0
930.12,1986.84,0,0,0,0,0,0,0,0,0,0,4.4,0,0,0,0
930.23,1988.05,0,0,0,0,0,0,0,0,0,0,13.71,4.99,0,0,0
930.33,1989.25,0,0,0,0,0,0,0,0,0,0,9.32,20.38,0,0,0
930.43,1990.46,0,0,0,0,0,0,0,0,0,16.1,27.5,22.71,0,0,0
930.54,1991.66,0,0,0,0,0,0,0,0,0,16.1,18.18,17.73,0,0,0
930.64,1992.87,0,0,0,0,0,0,0,0,0,26.92,24.84,5.97,0,0,0
930.75,1994.07,0,0,0,0,0,0,0,0,0,10.83,6.66,3.63,0,0,0
930.85,1995.27,0,0,0,0,0,0,0,0,0,10.83,6.66,3.63,0,0,0
930.96,1996.47,0,0,0,0,0,0,0,0,0,0,0,0,0,0,0
931.06,1997.67,0,0,0,0,0,0,0,0,0,0,0,0,0,0,0
931.16,1998.86,0,0,0,0,0,0,0,0,0,0,0,0,0,0,0
931.27,2000.06,0,0,0,0,0,0,0,0,0,0,0,0,0,0,0
931.37,2001.26,0,0,0,0,0,0,0,0,0,0,0,0,0,0,0
931.47,2002.45,0,0,0,0,0,0,0,0,0,0,0,0,0,0,0
931.58,2003.65,0,0,0,0,0,0,0,0,0,0,0,0,0,0,0
931.68,2004.84,0,0,0,0,0,0,0,0,0,0,0,0,0,0,0
931.78,2006.03,0,0,0,0,0,0,0,0,0,0,0,0,0,0,0
931.89,2007.22,0,0,0,0,0,0,0,0,0,0,0,0,0,0,0
931.99,2008.41,0,0,0,0,0,0,0,0,0,0,0,0,0,0,0
